"X","CHEM_ID","LIB_ID","COMP_ID","CHRO_LIB_ENTRY_ID","SUPER_PATHWAY","SUB_PATHWAY","PATHWAY_SORTORDER","TYPE","INCHIKEY","SMILES","CHEMICAL_NAME","PLOT_NAME","LIPID.SPECIES.LEVEL","LIPID.MOLECULAR.SPECIES.LEVEL","LIPID.SN.POSITION.LEVEL","CAS","CHEMSPIDER","HMDB","KEGG","PUBCHEM","PLATFORM","CHEMICAL_NAME_final","original_index","final_metabolite_id","metabolite_id_origin","Standardized name"
1,186,209,64334,237350,"Amino Acid","Tryptophan Metabolism",272,"NAMED","BYHJHXPTQMMKCA-UHFFFAOYSA-N","NC(C(O)=O)CC(C1=CC=CC=C1NC=O)=O","N-formylkynurenine","N-formylkynurenine",NA,NA,NA,"1022-31-7","886","HMDB0001200","C15605,C02406,C02700","910","Neg","n_formylkynurenine",17,"n_formylkynurenine","sample_cohort","N-Formylkynurenine"
1,186,209,64334,237350,"Amino Acid","Tryptophan Metabolism",272,"NAMED","BYHJHXPTQMMKCA-UHFFFAOYSA-N","NC(C(O)=O)CC(C1=CC=CC=C1NC=O)=O","N-formylkynurenine","N-formylkynurenine",NA,NA,NA,"1022-31-7","886","HMDB0001200","C15605,C02406,C02700","910","Neg","n_formylkynurenine",17,"n_formylkynurenine","sample_cohort","N-Formylkynurenine"
1,186,209,64334,237350,"Amino Acid","Tryptophan Metabolism",272,"NAMED","BYHJHXPTQMMKCA-UHFFFAOYSA-N","NC(C(O)=O)CC(C1=CC=CC=C1NC=O)=O","N-formylkynurenine","N-formylkynurenine",NA,NA,NA,"1022-31-7","886","HMDB0001200","C15605,C02406,C02700","910","Neg","n_formylkynurenine",17,"n_formylkynurenine","sample_cohort","N-Formylkynurenine"
1,186,209,64334,237350,"Amino Acid","Tryptophan Metabolism",272,"NAMED","BYHJHXPTQMMKCA-UHFFFAOYSA-N","NC(C(O)=O)CC(C1=CC=CC=C1NC=O)=O","N-formylkynurenine","N-formylkynurenine",NA,NA,NA,"1022-31-7","886","HMDB0001200","C15605,C02406,C02700","910","Neg","n_formylkynurenine",17,"n_formylkynurenine","sample_cohort","N-Formylkynurenine"
1,186,209,64334,237350,"Amino Acid","Tryptophan Metabolism",272,"NAMED","BYHJHXPTQMMKCA-UHFFFAOYSA-N","NC(C(O)=O)CC(C1=CC=CC=C1NC=O)=O","N-formylkynurenine","N-formylkynurenine",NA,NA,NA,"1022-31-7","886","HMDB0001200","C15605,C02406,C02700","910","Neg","n_formylkynurenine",17,"n_formylkynurenine","sample_cohort","N-Formylkynurenine"
1,186,209,64334,237350,"Amino Acid","Tryptophan Metabolism",272,"NAMED","BYHJHXPTQMMKCA-UHFFFAOYSA-N","NC(C(O)=O)CC(C1=CC=CC=C1NC=O)=O","N-formylkynurenine","N-formylkynurenine",NA,NA,NA,"1022-31-7","886","HMDB0001200","C15605,C02406,C02700","910","Neg","n_formylkynurenine",17,"n_formylkynurenine","sample_cohort","N-Formylkynurenine"
1,186,209,64334,237350,"Amino Acid","Tryptophan Metabolism",272,"NAMED","BYHJHXPTQMMKCA-UHFFFAOYSA-N","NC(C(O)=O)CC(C1=CC=CC=C1NC=O)=O","N-formylkynurenine","N-formylkynurenine",NA,NA,NA,"1022-31-7","886","HMDB0001200","C15605,C02406,C02700","910","Neg","n_formylkynurenine",17,"n_formylkynurenine","sample_cohort","N-Formylkynurenine"
1,186,209,64334,237350,"Amino Acid","Tryptophan Metabolism",272,"NAMED","BYHJHXPTQMMKCA-UHFFFAOYSA-N","NC(C(O)=O)CC(C1=CC=CC=C1NC=O)=O","N-formylkynurenine","N-formylkynurenine",NA,NA,NA,"1022-31-7","886","HMDB0001200","C15605,C02406,C02700","910","Neg","n_formylkynurenine",17,"n_formylkynurenine","sample_cohort","N-Formylkynurenine"
2,922,402,1759,211070,"Lipid","Dihydroceramides",3040,"NAMED","KZTJQXAANJHSCE-OIDHKYIRSA-N","CCCCCCCCCCCCCCCCCC(N[C@H]([C@H](O)CCCCCCCCCCCCCCC)CO)=O","N-stearoyl-sphinganine (d18:0/18:0)*","N-stearoyl-sphinganine (d18:0/18:0)*","CER 36:0;O2","CER 18:0; O2_18:0","CER 18:0; O2/18:0","2304-80-5","4446686","HMDB0011761",NA,"5283573","Pos Late","n_stearoyl_sphinganine_d18_0_18_0",125,"n_stearoyl_sphinganine_d18_0_18_0","sample_cohort","Cer 18:0;O2/18:0"
3,1224,400,18368,155661,"Amino Acid","Glutathione Metabolism",587,"NAMED","KDJVKDYFFTWHBO-UHFFFAOYSA-N","O=C(NCC(O)=O)C(N)CSSCC(N)C(NCC(O)=O)=O","cys-gly, oxidized","cys-gly, oxidized",NA,NA,NA,"7729-20-6","295316",NA,NA,"333293","Pos Early","cys_gly_oxidized",170,"cys_gly_oxidized","sample_cohort","CYS-GLY, oxidized"
4,1235,400,18245,155638,"Peptide","Gamma-glutamyl Amino Acid",654,"NAMED","PXVCMZCJAUJLJP-YUMQZZPRSA-N","O=C(O)[C@@H](N)CCC(N[C@@H](CC1=CNC=N1)C(O)=O)=O","gamma-glutamylhistidine","gamma-glutamylhistidine",NA,NA,NA,"37460-15-4","5380197","HMDB0029151",NA,"7017195","Pos Early","gamma_glutamylhistidine",173,"gamma_glutamylhistidine","sample_cohort","gamma-Glutamylhistidine"
4,1235,400,18245,155638,"Peptide","Gamma-glutamyl Amino Acid",654,"NAMED","PXVCMZCJAUJLJP-YUMQZZPRSA-N","O=C(O)[C@@H](N)CCC(N[C@@H](CC1=CNC=N1)C(O)=O)=O","gamma-glutamylhistidine","gamma-glutamylhistidine",NA,NA,NA,"37460-15-4","5380197","HMDB0029151",NA,"7017195","Pos Early","gamma_glutamylhistidine",173,"gamma_glutamylhistidine","sample_cohort","gamma-Glutamylhistidine"
4,1235,400,18245,155638,"Peptide","Gamma-glutamyl Amino Acid",654,"NAMED","PXVCMZCJAUJLJP-YUMQZZPRSA-N","O=C(O)[C@@H](N)CCC(N[C@@H](CC1=CNC=N1)C(O)=O)=O","gamma-glutamylhistidine","gamma-glutamylhistidine",NA,NA,NA,"37460-15-4","5380197","HMDB0029151",NA,"7017195","Pos Early","gamma_glutamylhistidine",173,"gamma_glutamylhistidine","sample_cohort","gamma-Glutamylhistidine"
5,2048,209,45721,145263,"Xenobiotics","Drug - Analgesics, Anesthetics",5421,"NAMED","DVPRQNKJGQEICH-JTQLQIEISA-N","O=C(C)NC1=CC(SC[C@@H](C(O)=O)NC(C)=O)=C(O)C=C1","3-(N-acetyl-cystein-S-yl) acetaminophen","3-(N-acetyl-cystein-S-yl) acetaminophen",NA,NA,NA,"52372-86-8","75765",NA,NA,"83967","Neg","3_n_acetyl_cystein_s_yl_acetaminophen",200,"3_n_acetyl_cystein_s_yl_acetaminophen","sample_cohort","3-(N-Acetyl-L-cystein-S-yl) acetaminophen"
6,100000579,400,22196,221338,"Xenobiotics","Drug - Neurological",5882,"NAMED","INGSNVSERUZOAK-UHFFFAOYSA-N","O=C(O)C(C1CCCCN1)C2=CC=CC=C2","ritalinic acid","ritalinic acid",NA,NA,NA,"19395-41-6","78360","HMDB0042008",NA,"86863","Pos Early","ritalinic acid",242,"ritalinic acid","sample_cohort","Ritalinic acid"
6,100000579,400,22196,221338,"Xenobiotics","Drug - Neurological",5882,"NAMED","INGSNVSERUZOAK-UHFFFAOYSA-N","O=C(O)C(C1CCCCN1)C2=CC=CC=C2","ritalinic acid","ritalinic acid",NA,NA,NA,"19395-41-6","78360","HMDB0042008",NA,"86863","Pos Early","ritalinic acid",242,"ritalinic acid","sample_cohort","Ritalinic acid"
6,100000579,400,22196,221338,"Xenobiotics","Drug - Neurological",5882,"NAMED","INGSNVSERUZOAK-UHFFFAOYSA-N","O=C(O)C(C1CCCCN1)C2=CC=CC=C2","ritalinic acid","ritalinic acid",NA,NA,NA,"19395-41-6","78360","HMDB0042008",NA,"86863","Pos Early","ritalinic acid",242,"ritalinic acid","sample_cohort","Ritalinic acid"
7,100000611,402,20458,164193,"Lipid","Lysoplasmalogen",2856,"NAMED","VLBPIWYTPAXCFJ-XMMPIXPASA-N","CCCCCCCCCCCCCCCCOC[C@]([H])(COP([O-])(OCC[N+](C)(C)C)=O)O","1-palmityl-GPC (O-16:0)","1-palmityl-GPC (O-16:0)","LPC O-16:0","LPC O-16:0","LPC O-16:0/0:0","52691-62-0","3845",NA,NA,"3983","Pos Late","1_palmityl_gpc_o_16_0",244,"1_palmityl_gpc_o_16_0","sample_cohort",NA
8,100000630,402,19260,161188,"Lipid","Lysophospholipid",2727,"NAMED","JZWNYZVVZXZRRH-YFKVPUFHSA-N","CCCCCCCC\C=C/CCCCCCCC(OC[C@]([H])(COP(O)(OC[C@]([NH3+])(C([O-])=O)[H])=O)O)=O","1-oleoyl-GPS (18:1)","1-oleoyl-GPS (18:1)","LPS 18:1","LPS 18:1","LPS 18:1/0:0","326589-90-6","7826049","HMDB0061694",NA,"85036846","Pos Late","1_oleoyl_gps_18_1",247,"1_oleoyl_gps_18_1","sample_cohort","LPS 18:1/0:0"
8,100000630,402,19260,161188,"Lipid","Lysophospholipid",2727,"NAMED","JZWNYZVVZXZRRH-YFKVPUFHSA-N","CCCCCCCC\C=C/CCCCCCCC(OC[C@]([H])(COP(O)(OC[C@]([NH3+])(C([O-])=O)[H])=O)O)=O","1-oleoyl-GPS (18:1)","1-oleoyl-GPS (18:1)","LPS 18:1","LPS 18:1","LPS 18:1/0:0","326589-90-6","7826049","HMDB0061694",NA,"85036846","Pos Late","1_oleoyl_gps_18_1",247,"1_oleoyl_gps_18_1","sample_cohort","LPS 18:1(9Z)/0:0"
8,100000630,402,19260,161188,"Lipid","Lysophospholipid",2727,"NAMED","JZWNYZVVZXZRRH-YFKVPUFHSA-N","CCCCCCCC\C=C/CCCCCCCC(OC[C@]([H])(COP(O)(OC[C@]([NH3+])(C([O-])=O)[H])=O)O)=O","1-oleoyl-GPS (18:1)","1-oleoyl-GPS (18:1)","LPS 18:1","LPS 18:1","LPS 18:1/0:0","326589-90-6","7826049","HMDB0061694",NA,"85036846","Pos Late","1_oleoyl_gps_18_1",247,"1_oleoyl_gps_18_1","sample_cohort","LPS 18:1(9Z)/0:0"
8,100000630,402,19260,161188,"Lipid","Lysophospholipid",2727,"NAMED","JZWNYZVVZXZRRH-YFKVPUFHSA-N","CCCCCCCC\C=C/CCCCCCCC(OC[C@]([H])(COP(O)(OC[C@]([NH3+])(C([O-])=O)[H])=O)O)=O","1-oleoyl-GPS (18:1)","1-oleoyl-GPS (18:1)","LPS 18:1","LPS 18:1","LPS 18:1/0:0","326589-90-6","7826049","HMDB0061694",NA,"85036846","Pos Late","1_oleoyl_gps_18_1",247,"1_oleoyl_gps_18_1","sample_cohort","LPS 18:1(9Z)/0:0"
8,100000630,402,19260,161188,"Lipid","Lysophospholipid",2727,"NAMED","JZWNYZVVZXZRRH-YFKVPUFHSA-N","CCCCCCCC\C=C/CCCCCCCC(OC[C@]([H])(COP(O)(OC[C@]([NH3+])(C([O-])=O)[H])=O)O)=O","1-oleoyl-GPS (18:1)","1-oleoyl-GPS (18:1)","LPS 18:1","LPS 18:1","LPS 18:1/0:0","326589-90-6","7826049","HMDB0061694",NA,"85036846","Pos Late","1_oleoyl_gps_18_1",247,"1_oleoyl_gps_18_1","sample_cohort","LPS 18:1(9Z)*"
8,100000630,402,19260,161188,"Lipid","Lysophospholipid",2727,"NAMED","JZWNYZVVZXZRRH-YFKVPUFHSA-N","CCCCCCCC\C=C/CCCCCCCC(OC[C@]([H])(COP(O)(OC[C@]([NH3+])(C([O-])=O)[H])=O)O)=O","1-oleoyl-GPS (18:1)","1-oleoyl-GPS (18:1)","LPS 18:1","LPS 18:1","LPS 18:1/0:0","326589-90-6","7826049","HMDB0061694",NA,"85036846","Pos Late","1_oleoyl_gps_18_1",247,"1_oleoyl_gps_18_1","sample_cohort","LPS 18:1(9Z)/0:0"
8,100000630,402,19260,161188,"Lipid","Lysophospholipid",2727,"NAMED","JZWNYZVVZXZRRH-YFKVPUFHSA-N","CCCCCCCC\C=C/CCCCCCCC(OC[C@]([H])(COP(O)(OC[C@]([NH3+])(C([O-])=O)[H])=O)O)=O","1-oleoyl-GPS (18:1)","1-oleoyl-GPS (18:1)","LPS 18:1","LPS 18:1","LPS 18:1/0:0","326589-90-6","7826049","HMDB0061694",NA,"85036846","Pos Late","1_oleoyl_gps_18_1",247,"1_oleoyl_gps_18_1","sample_cohort","LPS 18:1"
8,100000630,402,19260,161188,"Lipid","Lysophospholipid",2727,"NAMED","JZWNYZVVZXZRRH-YFKVPUFHSA-N","CCCCCCCC\C=C/CCCCCCCC(OC[C@]([H])(COP(O)(OC[C@]([NH3+])(C([O-])=O)[H])=O)O)=O","1-oleoyl-GPS (18:1)","1-oleoyl-GPS (18:1)","LPS 18:1","LPS 18:1","LPS 18:1/0:0","326589-90-6","7826049","HMDB0061694",NA,"85036846","Pos Late","1_oleoyl_gps_18_1",247,"1_oleoyl_gps_18_1","sample_cohort","LPS 18:1(9Z)*"
8,100000630,402,19260,161188,"Lipid","Lysophospholipid",2727,"NAMED","JZWNYZVVZXZRRH-YFKVPUFHSA-N","CCCCCCCC\C=C/CCCCCCCC(OC[C@]([H])(COP(O)(OC[C@]([NH3+])(C([O-])=O)[H])=O)O)=O","1-oleoyl-GPS (18:1)","1-oleoyl-GPS (18:1)","LPS 18:1","LPS 18:1","LPS 18:1/0:0","326589-90-6","7826049","HMDB0061694",NA,"85036846","Pos Late","1_oleoyl_gps_18_1",247,"1_oleoyl_gps_18_1","sample_cohort","LPS 18:1"
8,100000630,402,19260,161188,"Lipid","Lysophospholipid",2727,"NAMED","JZWNYZVVZXZRRH-YFKVPUFHSA-N","CCCCCCCC\C=C/CCCCCCCC(OC[C@]([H])(COP(O)(OC[C@]([NH3+])(C([O-])=O)[H])=O)O)=O","1-oleoyl-GPS (18:1)","1-oleoyl-GPS (18:1)","LPS 18:1","LPS 18:1","LPS 18:1/0:0","326589-90-6","7826049","HMDB0061694",NA,"85036846","Pos Late","1_oleoyl_gps_18_1",247,"1_oleoyl_gps_18_1","sample_cohort","LPS 18:1(9Z)*"
8,100000630,402,19260,161188,"Lipid","Lysophospholipid",2727,"NAMED","JZWNYZVVZXZRRH-YFKVPUFHSA-N","CCCCCCCC\C=C/CCCCCCCC(OC[C@]([H])(COP(O)(OC[C@]([NH3+])(C([O-])=O)[H])=O)O)=O","1-oleoyl-GPS (18:1)","1-oleoyl-GPS (18:1)","LPS 18:1","LPS 18:1","LPS 18:1/0:0","326589-90-6","7826049","HMDB0061694",NA,"85036846","Pos Late","1_oleoyl_gps_18_1",247,"1_oleoyl_gps_18_1","sample_cohort","LPS 18:1(9Z)/0:0"
8,100000630,402,19260,161188,"Lipid","Lysophospholipid",2727,"NAMED","JZWNYZVVZXZRRH-YFKVPUFHSA-N","CCCCCCCC\C=C/CCCCCCCC(OC[C@]([H])(COP(O)(OC[C@]([NH3+])(C([O-])=O)[H])=O)O)=O","1-oleoyl-GPS (18:1)","1-oleoyl-GPS (18:1)","LPS 18:1","LPS 18:1","LPS 18:1/0:0","326589-90-6","7826049","HMDB0061694",NA,"85036846","Pos Late","1_oleoyl_gps_18_1",247,"1_oleoyl_gps_18_1","sample_cohort","LPS 18:1"
8,100000630,402,19260,161188,"Lipid","Lysophospholipid",2727,"NAMED","JZWNYZVVZXZRRH-YFKVPUFHSA-N","CCCCCCCC\C=C/CCCCCCCC(OC[C@]([H])(COP(O)(OC[C@]([NH3+])(C([O-])=O)[H])=O)O)=O","1-oleoyl-GPS (18:1)","1-oleoyl-GPS (18:1)","LPS 18:1","LPS 18:1","LPS 18:1/0:0","326589-90-6","7826049","HMDB0061694",NA,"85036846","Pos Late","1_oleoyl_gps_18_1",247,"1_oleoyl_gps_18_1","sample_cohort","LPS 18:1"
8,100000630,402,19260,161188,"Lipid","Lysophospholipid",2727,"NAMED","JZWNYZVVZXZRRH-YFKVPUFHSA-N","CCCCCCCC\C=C/CCCCCCCC(OC[C@]([H])(COP(O)(OC[C@]([NH3+])(C([O-])=O)[H])=O)O)=O","1-oleoyl-GPS (18:1)","1-oleoyl-GPS (18:1)","LPS 18:1","LPS 18:1","LPS 18:1/0:0","326589-90-6","7826049","HMDB0061694",NA,"85036846","Pos Late","1_oleoyl_gps_18_1",247,"1_oleoyl_gps_18_1","sample_cohort","LPS 18:1/0:0"
9,100000852,305,20705,146916,"Xenobiotics","Food Component/Plant",4958,"NAMED","YPZMPEPLWKRVLD-UHFFFAOYSA-N","OC(C(O)C(O)C=O)C(O)C(O)CO","glucoheptose","glucoheptose",NA,NA,NA,"62475-58-5","20000338",NA,NA,"76599","Polar","glucoheptose",272,"glucoheptose","sample_cohort",NA
10,100000861,400,21132,155745,"Xenobiotics","Food Component/Plant",4810,"NAMED","GGOZGYRTNQBSSA-UHFFFAOYSA-N","OC1=NC=CC=C1O","2,3-dihydroxypyridine","2,3-dihydroxypyridine",NA,NA,NA,"16867-04-2","26153",NA,NA,"28115","Pos Early","2_3_dihydroxypyridine",273,"2_3_dihydroxypyridine","sample_cohort","2,3-Dihydroxypyridine"
11,100001040,209,27447,126071,"Lipid","Monoacylglycerol",2884,"NAMED","WECGLUPZRHILCT-HZJYTTRNSA-N","CCCCC/C=C\C/C=C\CCCCCCCC(OCC(O)CO)=O","1-linoleoylglycerol (18:2)","1-linoleoylglycerol (18:2)","MG 18:2","MG 18:2","MG 18:2/0:0/0:0","2277-28-3","4446589","HMDB0011568",NA,"5283469","Neg","1_linoleoylglycerol_18_2",291,"1_linoleoylglycerol_18_2","sample_cohort","MG 18:2(9Z,12Z)/0:0/0:0"
11,100001040,209,27447,126071,"Lipid","Monoacylglycerol",2884,"NAMED","WECGLUPZRHILCT-HZJYTTRNSA-N","CCCCC/C=C\C/C=C\CCCCCCCC(OCC(O)CO)=O","1-linoleoylglycerol (18:2)","1-linoleoylglycerol (18:2)","MG 18:2","MG 18:2","MG 18:2/0:0/0:0","2277-28-3","4446589","HMDB0011568",NA,"5283469","Neg","1_linoleoylglycerol_18_2",291,"1_linoleoylglycerol_18_2","sample_cohort","MG 18:2"
11,100001040,209,27447,126071,"Lipid","Monoacylglycerol",2884,"NAMED","WECGLUPZRHILCT-HZJYTTRNSA-N","CCCCC/C=C\C/C=C\CCCCCCCC(OCC(O)CO)=O","1-linoleoylglycerol (18:2)","1-linoleoylglycerol (18:2)","MG 18:2","MG 18:2","MG 18:2/0:0/0:0","2277-28-3","4446589","HMDB0011568",NA,"5283469","Neg","1_linoleoylglycerol_18_2",291,"1_linoleoylglycerol_18_2","sample_cohort","MG 18:2"
11,100001040,209,27447,126071,"Lipid","Monoacylglycerol",2884,"NAMED","WECGLUPZRHILCT-HZJYTTRNSA-N","CCCCC/C=C\C/C=C\CCCCCCCC(OCC(O)CO)=O","1-linoleoylglycerol (18:2)","1-linoleoylglycerol (18:2)","MG 18:2","MG 18:2","MG 18:2/0:0/0:0","2277-28-3","4446589","HMDB0011568",NA,"5283469","Neg","1_linoleoylglycerol_18_2",291,"1_linoleoylglycerol_18_2","sample_cohort","MG 18:2"
11,100001040,209,27447,126071,"Lipid","Monoacylglycerol",2884,"NAMED","WECGLUPZRHILCT-HZJYTTRNSA-N","CCCCC/C=C\C/C=C\CCCCCCCC(OCC(O)CO)=O","1-linoleoylglycerol (18:2)","1-linoleoylglycerol (18:2)","MG 18:2","MG 18:2","MG 18:2/0:0/0:0","2277-28-3","4446589","HMDB0011568",NA,"5283469","Neg","1_linoleoylglycerol_18_2",291,"1_linoleoylglycerol_18_2","sample_cohort","MG 18:2"
11,100001040,209,27447,126071,"Lipid","Monoacylglycerol",2884,"NAMED","WECGLUPZRHILCT-HZJYTTRNSA-N","CCCCC/C=C\C/C=C\CCCCCCCC(OCC(O)CO)=O","1-linoleoylglycerol (18:2)","1-linoleoylglycerol (18:2)","MG 18:2","MG 18:2","MG 18:2/0:0/0:0","2277-28-3","4446589","HMDB0011568",NA,"5283469","Neg","1_linoleoylglycerol_18_2",291,"1_linoleoylglycerol_18_2","sample_cohort","MG 18:2"
11,100001040,209,27447,126071,"Lipid","Monoacylglycerol",2884,"NAMED","WECGLUPZRHILCT-HZJYTTRNSA-N","CCCCC/C=C\C/C=C\CCCCCCCC(OCC(O)CO)=O","1-linoleoylglycerol (18:2)","1-linoleoylglycerol (18:2)","MG 18:2","MG 18:2","MG 18:2/0:0/0:0","2277-28-3","4446589","HMDB0011568",NA,"5283469","Neg","1_linoleoylglycerol_18_2",291,"1_linoleoylglycerol_18_2","sample_cohort","MG 18:2"
11,100001040,209,27447,126071,"Lipid","Monoacylglycerol",2884,"NAMED","WECGLUPZRHILCT-HZJYTTRNSA-N","CCCCC/C=C\C/C=C\CCCCCCCC(OCC(O)CO)=O","1-linoleoylglycerol (18:2)","1-linoleoylglycerol (18:2)","MG 18:2","MG 18:2","MG 18:2/0:0/0:0","2277-28-3","4446589","HMDB0011568",NA,"5283469","Neg","1_linoleoylglycerol_18_2",291,"1_linoleoylglycerol_18_2","sample_cohort","MG 18:2"
11,100001040,209,27447,126071,"Lipid","Monoacylglycerol",2884,"NAMED","WECGLUPZRHILCT-HZJYTTRNSA-N","CCCCC/C=C\C/C=C\CCCCCCCC(OCC(O)CO)=O","1-linoleoylglycerol (18:2)","1-linoleoylglycerol (18:2)","MG 18:2","MG 18:2","MG 18:2/0:0/0:0","2277-28-3","4446589","HMDB0011568",NA,"5283469","Neg","1_linoleoylglycerol_18_2",291,"1_linoleoylglycerol_18_2","sample_cohort","MG 18:2"
11,100001040,209,27447,126071,"Lipid","Monoacylglycerol",2884,"NAMED","WECGLUPZRHILCT-HZJYTTRNSA-N","CCCCC/C=C\C/C=C\CCCCCCCC(OCC(O)CO)=O","1-linoleoylglycerol (18:2)","1-linoleoylglycerol (18:2)","MG 18:2","MG 18:2","MG 18:2/0:0/0:0","2277-28-3","4446589","HMDB0011568",NA,"5283469","Neg","1_linoleoylglycerol_18_2",291,"1_linoleoylglycerol_18_2","sample_cohort","MG 18:2"
11,100001040,209,27447,126071,"Lipid","Monoacylglycerol",2884,"NAMED","WECGLUPZRHILCT-HZJYTTRNSA-N","CCCCC/C=C\C/C=C\CCCCCCCC(OCC(O)CO)=O","1-linoleoylglycerol (18:2)","1-linoleoylglycerol (18:2)","MG 18:2","MG 18:2","MG 18:2/0:0/0:0","2277-28-3","4446589","HMDB0011568",NA,"5283469","Neg","1_linoleoylglycerol_18_2",291,"1_linoleoylglycerol_18_2","sample_cohort","MG 18:2"
12,100001129,305,31539,146936,"Amino Acid","Glycine, Serine and Threonine Metabolism",23,"NAMED","FCXZBWSIAGGPCB-YFKPBYRVSA-N","N[C@H](C(O)=O)CCOC(C)=O","O-acetylhomoserine","O-acetylhomoserine",NA,NA,NA,"7540-67-2","388506","HMDB0029423","C01077","439389","Polar","o_acetylhomoserine",310,"o_acetylhomoserine","sample_cohort","O-Acetyl-homoserine"
12,100001129,305,31539,146936,"Amino Acid","Glycine, Serine and Threonine Metabolism",23,"NAMED","FCXZBWSIAGGPCB-YFKPBYRVSA-N","N[C@H](C(O)=O)CCOC(C)=O","O-acetylhomoserine","O-acetylhomoserine",NA,NA,NA,"7540-67-2","388506","HMDB0029423","C01077","439389","Polar","o_acetylhomoserine",310,"o_acetylhomoserine","sample_cohort","O-Acetyl-homoserine"
12,100001129,305,31539,146936,"Amino Acid","Glycine, Serine and Threonine Metabolism",23,"NAMED","FCXZBWSIAGGPCB-YFKPBYRVSA-N","N[C@H](C(O)=O)CCOC(C)=O","O-acetylhomoserine","O-acetylhomoserine",NA,NA,NA,"7540-67-2","388506","HMDB0029423","C01077","439389","Polar","o_acetylhomoserine",310,"o_acetylhomoserine","sample_cohort","O-Acetyl-homoserine"
12,100001129,305,31539,146936,"Amino Acid","Glycine, Serine and Threonine Metabolism",23,"NAMED","FCXZBWSIAGGPCB-YFKPBYRVSA-N","N[C@H](C(O)=O)CCOC(C)=O","O-acetylhomoserine","O-acetylhomoserine",NA,NA,NA,"7540-67-2","388506","HMDB0029423","C01077","439389","Polar","o_acetylhomoserine",310,"o_acetylhomoserine","sample_cohort","O-Acetyl-homoserine"
13,100001288,209,33992,151001,"Lipid","Corticosteroids",3342,"NAMED","AODPIQQILQLWGS-KXSFCWPUSA-N","OC1CC[C@]2(C)[C@@]3([H])[C@H](O)C[C@]4(C)[C@]([C@@](CO)=O)(O)CC[C@@]4([H])[C@]3([H])CCC2C1","tetrahydrocortisol","tetrahydrocortisol",NA,NA,NA,"53-02-1","21403102","HMDB0000949","C05472","5864","Neg","tetrahydrocortisol",351,"tetrahydrocortisol","sample_cohort","Tetrahydrocortisol"
13,100001288,209,33992,151001,"Lipid","Corticosteroids",3342,"NAMED","AODPIQQILQLWGS-KXSFCWPUSA-N","OC1CC[C@]2(C)[C@@]3([H])[C@H](O)C[C@]4(C)[C@]([C@@](CO)=O)(O)CC[C@@]4([H])[C@]3([H])CCC2C1","tetrahydrocortisol","tetrahydrocortisol",NA,NA,NA,"53-02-1","21403102","HMDB0000949","C05472","5864","Neg","tetrahydrocortisol",351,"tetrahydrocortisol","sample_cohort","Tetrahydrocortisol"
13,100001288,209,33992,151001,"Lipid","Corticosteroids",3342,"NAMED","AODPIQQILQLWGS-KXSFCWPUSA-N","OC1CC[C@]2(C)[C@@]3([H])[C@H](O)C[C@]4(C)[C@]([C@@](CO)=O)(O)CC[C@@]4([H])[C@]3([H])CCC2C1","tetrahydrocortisol","tetrahydrocortisol",NA,NA,NA,"53-02-1","21403102","HMDB0000949","C05472","5864","Neg","tetrahydrocortisol",351,"tetrahydrocortisol","sample_cohort","Taurochenodeoxycholic acid"
13,100001288,209,33992,151001,"Lipid","Corticosteroids",3342,"NAMED","AODPIQQILQLWGS-KXSFCWPUSA-N","OC1CC[C@]2(C)[C@@]3([H])[C@H](O)C[C@]4(C)[C@]([C@@](CO)=O)(O)CC[C@@]4([H])[C@]3([H])CCC2C1","tetrahydrocortisol","tetrahydrocortisol",NA,NA,NA,"53-02-1","21403102","HMDB0000949","C05472","5864","Neg","tetrahydrocortisol",351,"tetrahydrocortisol","sample_cohort","Taurochenodeoxycholic acid"
13,100001288,209,33992,151001,"Lipid","Corticosteroids",3342,"NAMED","AODPIQQILQLWGS-KXSFCWPUSA-N","OC1CC[C@]2(C)[C@@]3([H])[C@H](O)C[C@]4(C)[C@]([C@@](CO)=O)(O)CC[C@@]4([H])[C@]3([H])CCC2C1","tetrahydrocortisol","tetrahydrocortisol",NA,NA,NA,"53-02-1","21403102","HMDB0000949","C05472","5864","Neg","tetrahydrocortisol",351,"tetrahydrocortisol","sample_cohort","Taurochenodeoxycholic acid"
13,100001288,209,33992,151001,"Lipid","Corticosteroids",3342,"NAMED","AODPIQQILQLWGS-KXSFCWPUSA-N","OC1CC[C@]2(C)[C@@]3([H])[C@H](O)C[C@]4(C)[C@]([C@@](CO)=O)(O)CC[C@@]4([H])[C@]3([H])CCC2C1","tetrahydrocortisol","tetrahydrocortisol",NA,NA,NA,"53-02-1","21403102","HMDB0000949","C05472","5864","Neg","tetrahydrocortisol",351,"tetrahydrocortisol","sample_cohort","Taurochenodeoxycholic acid"
13,100001288,209,33992,151001,"Lipid","Corticosteroids",3342,"NAMED","AODPIQQILQLWGS-KXSFCWPUSA-N","OC1CC[C@]2(C)[C@@]3([H])[C@H](O)C[C@]4(C)[C@]([C@@](CO)=O)(O)CC[C@@]4([H])[C@]3([H])CCC2C1","tetrahydrocortisol","tetrahydrocortisol",NA,NA,NA,"53-02-1","21403102","HMDB0000949","C05472","5864","Neg","tetrahydrocortisol",351,"tetrahydrocortisol","sample_cohort","Tetrahydrocortisol"
13,100001288,209,33992,151001,"Lipid","Corticosteroids",3342,"NAMED","AODPIQQILQLWGS-KXSFCWPUSA-N","OC1CC[C@]2(C)[C@@]3([H])[C@H](O)C[C@]4(C)[C@]([C@@](CO)=O)(O)CC[C@@]4([H])[C@]3([H])CCC2C1","tetrahydrocortisol","tetrahydrocortisol",NA,NA,NA,"53-02-1","21403102","HMDB0000949","C05472","5864","Neg","tetrahydrocortisol",351,"tetrahydrocortisol","sample_cohort","Tetrahydrocortisol"
13,100001288,209,33992,151001,"Lipid","Corticosteroids",3342,"NAMED","AODPIQQILQLWGS-KXSFCWPUSA-N","OC1CC[C@]2(C)[C@@]3([H])[C@H](O)C[C@]4(C)[C@]([C@@](CO)=O)(O)CC[C@@]4([H])[C@]3([H])CCC2C1","tetrahydrocortisol","tetrahydrocortisol",NA,NA,NA,"53-02-1","21403102","HMDB0000949","C05472","5864","Neg","tetrahydrocortisol",351,"tetrahydrocortisol","sample_cohort","Tetrahydrocortisol"
13,100001288,209,33992,151001,"Lipid","Corticosteroids",3342,"NAMED","AODPIQQILQLWGS-KXSFCWPUSA-N","OC1CC[C@]2(C)[C@@]3([H])[C@H](O)C[C@]4(C)[C@]([C@@](CO)=O)(O)CC[C@@]4([H])[C@]3([H])CCC2C1","tetrahydrocortisol","tetrahydrocortisol",NA,NA,NA,"53-02-1","21403102","HMDB0000949","C05472","5864","Neg","tetrahydrocortisol",351,"tetrahydrocortisol","sample_cohort","Tetrahydrocortisol"
13,100001288,209,33992,151001,"Lipid","Corticosteroids",3342,"NAMED","AODPIQQILQLWGS-KXSFCWPUSA-N","OC1CC[C@]2(C)[C@@]3([H])[C@H](O)C[C@]4(C)[C@]([C@@](CO)=O)(O)CC[C@@]4([H])[C@]3([H])CCC2C1","tetrahydrocortisol","tetrahydrocortisol",NA,NA,NA,"53-02-1","21403102","HMDB0000949","C05472","5864","Neg","tetrahydrocortisol",351,"tetrahydrocortisol","sample_cohort","Tetrahydrocortisol"
14,100001322,209,57709,212497,"Peptide","Fibrinogen Cleavage Peptide",1175,"NAMED","JWICNZAGYSIBAR-UHFFFAOYSA-N","O=C(NC(CC(C)C)C(NC(C)C(NC(CCC(O)=O)C(NCC(NCC(NCC(NC(C(C)C)C(NC(CCCNC(N)=N)C(O)=O)=O)=O)=O)=O)=O)=O)=O)C(CC1=CC=CC=C1)NC(C(CC(O)=O)NC(CNC(C(CCC(O)=O)NC(CNC(C(CO)NC(C(CC(O)=O)NC(C(C)N)=O)=O)=O)=O)=O)=O)=O","fibrinopeptide A*","fibrinopeptide A*",NA,NA,NA,"25422-31-5","14654187",NA,NA,"25081464","Neg","fibrinopeptide a",362,"fibrinopeptide a","sample_cohort",NA
15,100001323,209,31548,147074,"Peptide","Fibrinogen Cleavage Peptide",1183,"NAMED","JAMFMQAPZKXSKC-UHFFFAOYSA-N","O=C(NC(CC(C)C)C(NC(C)C(NC(CCC(O)=O)C(NCC(NCC(NCC(NC(C(C)C)C(NC(CCCNC(N)=N)C(O)=O)=O)=O)=O)=O)=O)=O)=O)C(CC1=CC=CC=C1)NC(C(CC(O)=O)NC(CNC(C(CCC(O)=O)NC(CNC(C(CO)NC(C(CC(O)=O)N)=O)=O)=O)=O)=O)=O","fibrinopeptide A, des-ala(1)*","fibrinopeptide A, des-ala(1)*",NA,NA,NA,NA,"21403111",NA,NA,"132993922","Neg","fibrinopeptide a_des_ala",363,"fibrinopeptide a_des_ala","sample_cohort",NA
16,100001327,209,57711,212499,"Peptide","Polypeptide",1089,"NAMED","KUZSCKDYVGVVKC-PLNQFBRDSA-N","O=C(NC(CC(C)C)C(O)=O)C(CC(C)C)NC([C@H](CO)NC([C@H](C)NC([C@H](CO)NC([C@@H](CCC(O)=O)NC([C@@H](CC1=CNC2=C1C=CC=C2)NC([C@@H](CC3=CNC=N3)N)=O)=O)=O)=O)=O)=O","HWESASXX*","HWESASXX*",NA,NA,NA,NA,"21403115",NA,NA,"85328684","Neg","hwesasxx",364,"hwesasxx","sample_cohort",NA
17,100001330,209,62508,219817,"Peptide","Polypeptide",1088,"NAMED","WXNAHZWQHGJJCT-KXIUCKCTSA-N","NC(CC1=CNC=N1)C(N[C@H](C(NCC(N[C@H](C(NC(C)C(O)=O)=O)CC(C)C)=O)=O)CC(C)C)=O","HXGXA*","HXGXA*",NA,NA,NA,NA,"21403116",NA,NA,"132993924","Neg","hxgxa",365,"hxgxa","sample_cohort",NA
18,100001426,209,62924,220780,"Nucleotide","Pyrimidine Metabolism, Uracil containing",4279,"NAMED","YXNIEZJFCGTDKV-UHFFFAOYSA-N","OCC1C(O)C(O)C(N2C=CC(N(CCC(C(O)=O)N)C2=O)=O)O1","3-(3-amino-3-carboxypropyl)uridine*","3-(3-amino-3-carboxypropyl)uridine*",NA,NA,NA,"52745-94-5","149669",NA,NA,"171198","Neg","3_3_amino_3_carboxypropyl_uridine",393,"3_3_amino_3_carboxypropyl_uridine","sample_cohort","3-(3-amino-3-carboxypropyl)uridine"
19,100001454,209,62915,220767,"Lipid","Fatty Acid, Dicarboxylate",1710,"NAMED","FYVQCLGZFXHEGL-UHFFFAOYSA-N","O=C(O)CC(O)CCCCCCCCC(O)=O","3-hydroxydodecanedioate*","3-hydroxydodecanedioate*",NA,NA,NA,"34574-69-1","13628081","HMDB0000413",NA,"16663321","Neg","3_hydroxydodecanedioate",397,"3_hydroxydodecanedioate","sample_cohort","3-Hydroxy-dodecanedioic acid"
19,100001454,209,62915,220767,"Lipid","Fatty Acid, Dicarboxylate",1710,"NAMED","FYVQCLGZFXHEGL-UHFFFAOYSA-N","O=C(O)CC(O)CCCCCCCCC(O)=O","3-hydroxydodecanedioate*","3-hydroxydodecanedioate*",NA,NA,NA,"34574-69-1","13628081","HMDB0000413",NA,"16663321","Neg","3_hydroxydodecanedioate",397,"3_hydroxydodecanedioate","sample_cohort","3-Hydroxy-dodecanedioic acid"
19,100001454,209,62915,220767,"Lipid","Fatty Acid, Dicarboxylate",1710,"NAMED","FYVQCLGZFXHEGL-UHFFFAOYSA-N","O=C(O)CC(O)CCCCCCCCC(O)=O","3-hydroxydodecanedioate*","3-hydroxydodecanedioate*",NA,NA,NA,"34574-69-1","13628081","HMDB0000413",NA,"16663321","Neg","3_hydroxydodecanedioate",397,"3_hydroxydodecanedioate","sample_cohort","3-Hydroxy-dodecanedioic acid"
19,100001454,209,62915,220767,"Lipid","Fatty Acid, Dicarboxylate",1710,"NAMED","FYVQCLGZFXHEGL-UHFFFAOYSA-N","O=C(O)CC(O)CCCCCCCCC(O)=O","3-hydroxydodecanedioate*","3-hydroxydodecanedioate*",NA,NA,NA,"34574-69-1","13628081","HMDB0000413",NA,"16663321","Neg","3_hydroxydodecanedioate",397,"3_hydroxydodecanedioate","sample_cohort","3-Hydroxy-dodecanedioic acid"
19,100001454,209,62915,220767,"Lipid","Fatty Acid, Dicarboxylate",1710,"NAMED","FYVQCLGZFXHEGL-UHFFFAOYSA-N","O=C(O)CC(O)CCCCCCCCC(O)=O","3-hydroxydodecanedioate*","3-hydroxydodecanedioate*",NA,NA,NA,"34574-69-1","13628081","HMDB0000413",NA,"16663321","Neg","3_hydroxydodecanedioate",397,"3_hydroxydodecanedioate","sample_cohort","3-Hydroxy-dodecanedioic acid"
20,100001462,209,34437,126952,"Lipid","Lysophospholipid",2735,"NAMED","HFJVKBVEKQHVTO-OZAIVSQSSA-N","O=P(OCC(O)CO)(O)OC[C@H](O)COC(CCCCCCCCCCCCCCCCC)=O","1-stearoyl-GPG (18:0)","1-stearoyl-GPG (18:0)","LPG 18:0","LPG 18:0","LPG 18:0/0:0",NA,"21403138",NA,NA,NA,"Neg","1_stearoyl_gpg_18_0",400,"1_stearoyl_gpg_18_0","sample_cohort",NA
21,100001540,400,46225,157124,"Amino Acid","Glutamate Metabolism",72,"NAMED",NA,"O=C(C(CCC#N)N)O","2-amino-4-cyanobutanoate","2-amino-4-cyanobutanoate",NA,NA,NA,"2353-44-8",NA,NA,NA,NA,"Pos Early","2_amino_4_cyanobutanoate",409,"2_amino_4_cyanobutanoate","sample_cohort",NA
22,100001555,209,35255,213240,"Lipid","Lysophospholipid",2636,"NAMED","IQGPMZRCLCCXAG-VWLOTQADSA-N","OC[C@H](OC(CCCCCCCCCCCCCCCCC)=O)COP(OCC[N+](C)(C)C)([O-])=O","2-stearoyl-GPC (18:0)*","2-stearoyl-GPC* (18:0)*","LPC 18:0","LPC 18:0","LPC 0:0/18:0",NA,"8383879",NA,NA,"24779491","Neg","2_stearoyl_gpc_18_0",417,"2_stearoyl_gpc_18_0","sample_cohort",NA
23,100001557,209,35257,126982,"Lipid","Lysophospholipid",2641,"NAMED","LSUXCWJOIAWGOU-YMVLYFQPSA-N","OC[C@H](OC(CCCCCCC/C=C\C/C=C\CCCCC)=O)COP(OCC[N+](C)(C)C)([O-])=O","2-linoleoyl-GPC (18:2)*","2-linoleoyl-GPC (18:2)*","LPC 18:2","LPC 18:2","LPC 0:0/18:2",NA,"21403160","HMDB0061700",NA,"71768169","Neg","2_linoleoyl_gpc_18_2",419,"2_linoleoyl_gpc_18_2","sample_cohort","LPC 0:0/18:2(9Z,12Z)*"
23,100001557,209,35257,126982,"Lipid","Lysophospholipid",2641,"NAMED","LSUXCWJOIAWGOU-YMVLYFQPSA-N","OC[C@H](OC(CCCCCCC/C=C\C/C=C\CCCCC)=O)COP(OCC[N+](C)(C)C)([O-])=O","2-linoleoyl-GPC (18:2)*","2-linoleoyl-GPC (18:2)*","LPC 18:2","LPC 18:2","LPC 0:0/18:2",NA,"21403160","HMDB0061700",NA,"71768169","Neg","2_linoleoyl_gpc_18_2",419,"2_linoleoyl_gpc_18_2","sample_cohort","LPC 18:2(9Z,12Z)/0:0"
23,100001557,209,35257,126982,"Lipid","Lysophospholipid",2641,"NAMED","LSUXCWJOIAWGOU-YMVLYFQPSA-N","OC[C@H](OC(CCCCCCC/C=C\C/C=C\CCCCC)=O)COP(OCC[N+](C)(C)C)([O-])=O","2-linoleoyl-GPC (18:2)*","2-linoleoyl-GPC (18:2)*","LPC 18:2","LPC 18:2","LPC 0:0/18:2",NA,"21403160","HMDB0061700",NA,"71768169","Neg","2_linoleoyl_gpc_18_2",419,"2_linoleoyl_gpc_18_2","sample_cohort","LPC 18:2(9Z,12Z)/0:0"
23,100001557,209,35257,126982,"Lipid","Lysophospholipid",2641,"NAMED","LSUXCWJOIAWGOU-YMVLYFQPSA-N","OC[C@H](OC(CCCCCCC/C=C\C/C=C\CCCCC)=O)COP(OCC[N+](C)(C)C)([O-])=O","2-linoleoyl-GPC (18:2)*","2-linoleoyl-GPC (18:2)*","LPC 18:2","LPC 18:2","LPC 0:0/18:2",NA,"21403160","HMDB0061700",NA,"71768169","Neg","2_linoleoyl_gpc_18_2",419,"2_linoleoyl_gpc_18_2","sample_cohort","LPC 0:0/18:2(9Z,12Z)*"
23,100001557,209,35257,126982,"Lipid","Lysophospholipid",2641,"NAMED","LSUXCWJOIAWGOU-YMVLYFQPSA-N","OC[C@H](OC(CCCCCCC/C=C\C/C=C\CCCCC)=O)COP(OCC[N+](C)(C)C)([O-])=O","2-linoleoyl-GPC (18:2)*","2-linoleoyl-GPC (18:2)*","LPC 18:2","LPC 18:2","LPC 0:0/18:2",NA,"21403160","HMDB0061700",NA,"71768169","Neg","2_linoleoyl_gpc_18_2",419,"2_linoleoyl_gpc_18_2","sample_cohort","LPC 18:2(9Z,12Z)"
23,100001557,209,35257,126982,"Lipid","Lysophospholipid",2641,"NAMED","LSUXCWJOIAWGOU-YMVLYFQPSA-N","OC[C@H](OC(CCCCCCC/C=C\C/C=C\CCCCC)=O)COP(OCC[N+](C)(C)C)([O-])=O","2-linoleoyl-GPC (18:2)*","2-linoleoyl-GPC (18:2)*","LPC 18:2","LPC 18:2","LPC 0:0/18:2",NA,"21403160","HMDB0061700",NA,"71768169","Neg","2_linoleoyl_gpc_18_2",419,"2_linoleoyl_gpc_18_2","sample_cohort","LPC 18:2"
23,100001557,209,35257,126982,"Lipid","Lysophospholipid",2641,"NAMED","LSUXCWJOIAWGOU-YMVLYFQPSA-N","OC[C@H](OC(CCCCCCC/C=C\C/C=C\CCCCC)=O)COP(OCC[N+](C)(C)C)([O-])=O","2-linoleoyl-GPC (18:2)*","2-linoleoyl-GPC (18:2)*","LPC 18:2","LPC 18:2","LPC 0:0/18:2",NA,"21403160","HMDB0061700",NA,"71768169","Neg","2_linoleoyl_gpc_18_2",419,"2_linoleoyl_gpc_18_2","sample_cohort","LPC 18:2(9Z,12Z)"
23,100001557,209,35257,126982,"Lipid","Lysophospholipid",2641,"NAMED","LSUXCWJOIAWGOU-YMVLYFQPSA-N","OC[C@H](OC(CCCCCCC/C=C\C/C=C\CCCCC)=O)COP(OCC[N+](C)(C)C)([O-])=O","2-linoleoyl-GPC (18:2)*","2-linoleoyl-GPC (18:2)*","LPC 18:2","LPC 18:2","LPC 0:0/18:2",NA,"21403160","HMDB0061700",NA,"71768169","Neg","2_linoleoyl_gpc_18_2",419,"2_linoleoyl_gpc_18_2","sample_cohort","LPC 18:2"
23,100001557,209,35257,126982,"Lipid","Lysophospholipid",2641,"NAMED","LSUXCWJOIAWGOU-YMVLYFQPSA-N","OC[C@H](OC(CCCCCCC/C=C\C/C=C\CCCCC)=O)COP(OCC[N+](C)(C)C)([O-])=O","2-linoleoyl-GPC (18:2)*","2-linoleoyl-GPC (18:2)*","LPC 18:2","LPC 18:2","LPC 0:0/18:2",NA,"21403160","HMDB0061700",NA,"71768169","Neg","2_linoleoyl_gpc_18_2",419,"2_linoleoyl_gpc_18_2","sample_cohort","LPC 0:0/18:2(9Z,12Z)*"
23,100001557,209,35257,126982,"Lipid","Lysophospholipid",2641,"NAMED","LSUXCWJOIAWGOU-YMVLYFQPSA-N","OC[C@H](OC(CCCCCCC/C=C\C/C=C\CCCCC)=O)COP(OCC[N+](C)(C)C)([O-])=O","2-linoleoyl-GPC (18:2)*","2-linoleoyl-GPC (18:2)*","LPC 18:2","LPC 18:2","LPC 0:0/18:2",NA,"21403160","HMDB0061700",NA,"71768169","Neg","2_linoleoyl_gpc_18_2",419,"2_linoleoyl_gpc_18_2","sample_cohort","LPC 18:2(9Z,12Z)"
23,100001557,209,35257,126982,"Lipid","Lysophospholipid",2641,"NAMED","LSUXCWJOIAWGOU-YMVLYFQPSA-N","OC[C@H](OC(CCCCCCC/C=C\C/C=C\CCCCC)=O)COP(OCC[N+](C)(C)C)([O-])=O","2-linoleoyl-GPC (18:2)*","2-linoleoyl-GPC (18:2)*","LPC 18:2","LPC 18:2","LPC 0:0/18:2",NA,"21403160","HMDB0061700",NA,"71768169","Neg","2_linoleoyl_gpc_18_2",419,"2_linoleoyl_gpc_18_2","sample_cohort","LPC 18:2"
24,100001594,400,35433,156184,"Amino Acid","Leucine, Isoleucine and Valine Metabolism",370,"NAMED","IGLHHSKNBDXCEY-UHFFFAOYSA-N","[O-]C(CC(C[N+](C)(C)C)OC(CC(O)(C)C)=O)=O","beta-hydroxyisovaleroylcarnitine","beta-hydroxyisovaleroylcarnitine",NA,NA,NA,"99159-87-2","21403176",NA,NA,NA,"Pos Early","beta_hydroxyisovaleroylcarnitine",435,"beta_hydroxyisovaleroylcarnitine","sample_cohort",NA
25,100001651,209,45455,142789,"Lipid","Lysophospholipid",2696,"NAMED","NOVZJYYJYIFXJC-MZMPXXGTSA-N","OC[C@@H](OC(CCCCCCC\C=C/CCCCCCCC)=O)COP(OCC[NH3+])([O-])=O","2-oleoyl-GPE (18:1)*","2-oleoyl-GPE (18:1)*","LPE 18:1","LPE 18:1","LPE 0:0/18:1",NA,NA,"HMDB0011476",NA,NA,"Neg","2_oleoyl_gpe_18_1",450,"2_oleoyl_gpe_18_1","sample_cohort","LPE 0:0/18:1(9Z)"
25,100001651,209,45455,142789,"Lipid","Lysophospholipid",2696,"NAMED","NOVZJYYJYIFXJC-MZMPXXGTSA-N","OC[C@@H](OC(CCCCCCC\C=C/CCCCCCCC)=O)COP(OCC[NH3+])([O-])=O","2-oleoyl-GPE (18:1)*","2-oleoyl-GPE (18:1)*","LPE 18:1","LPE 18:1","LPE 0:0/18:1",NA,NA,"HMDB0011476",NA,NA,"Neg","2_oleoyl_gpe_18_1",450,"2_oleoyl_gpe_18_1","sample_cohort","LPE 0:0/18:1(9Z)"
25,100001651,209,45455,142789,"Lipid","Lysophospholipid",2696,"NAMED","NOVZJYYJYIFXJC-MZMPXXGTSA-N","OC[C@@H](OC(CCCCCCC\C=C/CCCCCCCC)=O)COP(OCC[NH3+])([O-])=O","2-oleoyl-GPE (18:1)*","2-oleoyl-GPE (18:1)*","LPE 18:1","LPE 18:1","LPE 0:0/18:1",NA,NA,"HMDB0011476",NA,NA,"Neg","2_oleoyl_gpe_18_1",450,"2_oleoyl_gpe_18_1","sample_cohort","LPE 0:0/18:1"
25,100001651,209,45455,142789,"Lipid","Lysophospholipid",2696,"NAMED","NOVZJYYJYIFXJC-MZMPXXGTSA-N","OC[C@@H](OC(CCCCCCC\C=C/CCCCCCCC)=O)COP(OCC[NH3+])([O-])=O","2-oleoyl-GPE (18:1)*","2-oleoyl-GPE (18:1)*","LPE 18:1","LPE 18:1","LPE 0:0/18:1",NA,NA,"HMDB0011476",NA,NA,"Neg","2_oleoyl_gpe_18_1",450,"2_oleoyl_gpe_18_1","sample_cohort","LPE 18:1"
25,100001651,209,45455,142789,"Lipid","Lysophospholipid",2696,"NAMED","NOVZJYYJYIFXJC-MZMPXXGTSA-N","OC[C@@H](OC(CCCCCCC\C=C/CCCCCCCC)=O)COP(OCC[NH3+])([O-])=O","2-oleoyl-GPE (18:1)*","2-oleoyl-GPE (18:1)*","LPE 18:1","LPE 18:1","LPE 0:0/18:1",NA,NA,"HMDB0011476",NA,NA,"Neg","2_oleoyl_gpe_18_1",450,"2_oleoyl_gpe_18_1","sample_cohort","LPE 18:1"
25,100001651,209,45455,142789,"Lipid","Lysophospholipid",2696,"NAMED","NOVZJYYJYIFXJC-MZMPXXGTSA-N","OC[C@@H](OC(CCCCCCC\C=C/CCCCCCCC)=O)COP(OCC[NH3+])([O-])=O","2-oleoyl-GPE (18:1)*","2-oleoyl-GPE (18:1)*","LPE 18:1","LPE 18:1","LPE 0:0/18:1",NA,NA,"HMDB0011476",NA,NA,"Neg","2_oleoyl_gpe_18_1",450,"2_oleoyl_gpe_18_1","sample_cohort","LPE 18:1"
25,100001651,209,45455,142789,"Lipid","Lysophospholipid",2696,"NAMED","NOVZJYYJYIFXJC-MZMPXXGTSA-N","OC[C@@H](OC(CCCCCCC\C=C/CCCCCCCC)=O)COP(OCC[NH3+])([O-])=O","2-oleoyl-GPE (18:1)*","2-oleoyl-GPE (18:1)*","LPE 18:1","LPE 18:1","LPE 0:0/18:1",NA,NA,"HMDB0011476",NA,NA,"Neg","2_oleoyl_gpe_18_1",450,"2_oleoyl_gpe_18_1","sample_cohort","LPE 0:0/18:1"
25,100001651,209,45455,142789,"Lipid","Lysophospholipid",2696,"NAMED","NOVZJYYJYIFXJC-MZMPXXGTSA-N","OC[C@@H](OC(CCCCCCC\C=C/CCCCCCCC)=O)COP(OCC[NH3+])([O-])=O","2-oleoyl-GPE (18:1)*","2-oleoyl-GPE (18:1)*","LPE 18:1","LPE 18:1","LPE 0:0/18:1",NA,NA,"HMDB0011476",NA,NA,"Neg","2_oleoyl_gpe_18_1",450,"2_oleoyl_gpe_18_1","sample_cohort","LPE 18:1"
25,100001651,209,45455,142789,"Lipid","Lysophospholipid",2696,"NAMED","NOVZJYYJYIFXJC-MZMPXXGTSA-N","OC[C@@H](OC(CCCCCCC\C=C/CCCCCCCC)=O)COP(OCC[NH3+])([O-])=O","2-oleoyl-GPE (18:1)*","2-oleoyl-GPE (18:1)*","LPE 18:1","LPE 18:1","LPE 0:0/18:1",NA,NA,"HMDB0011476",NA,NA,"Neg","2_oleoyl_gpe_18_1",450,"2_oleoyl_gpe_18_1","sample_cohort","LPE 18:1"
25,100001651,209,45455,142789,"Lipid","Lysophospholipid",2696,"NAMED","NOVZJYYJYIFXJC-MZMPXXGTSA-N","OC[C@@H](OC(CCCCCCC\C=C/CCCCCCCC)=O)COP(OCC[NH3+])([O-])=O","2-oleoyl-GPE (18:1)*","2-oleoyl-GPE (18:1)*","LPE 18:1","LPE 18:1","LPE 0:0/18:1",NA,NA,"HMDB0011476",NA,NA,"Neg","2_oleoyl_gpe_18_1",450,"2_oleoyl_gpe_18_1","sample_cohort","LPE 0:0/18:1"
25,100001651,209,45455,142789,"Lipid","Lysophospholipid",2696,"NAMED","NOVZJYYJYIFXJC-MZMPXXGTSA-N","OC[C@@H](OC(CCCCCCC\C=C/CCCCCCCC)=O)COP(OCC[NH3+])([O-])=O","2-oleoyl-GPE (18:1)*","2-oleoyl-GPE (18:1)*","LPE 18:1","LPE 18:1","LPE 0:0/18:1",NA,NA,"HMDB0011476",NA,NA,"Neg","2_oleoyl_gpe_18_1",450,"2_oleoyl_gpe_18_1","sample_cohort","LPE 18:1"
25,100001651,209,45455,142789,"Lipid","Lysophospholipid",2696,"NAMED","NOVZJYYJYIFXJC-MZMPXXGTSA-N","OC[C@@H](OC(CCCCCCC\C=C/CCCCCCCC)=O)COP(OCC[NH3+])([O-])=O","2-oleoyl-GPE (18:1)*","2-oleoyl-GPE (18:1)*","LPE 18:1","LPE 18:1","LPE 0:0/18:1",NA,NA,"HMDB0011476",NA,NA,"Neg","2_oleoyl_gpe_18_1",450,"2_oleoyl_gpe_18_1","sample_cohort","LPE 18:1"
25,100001651,209,45455,142789,"Lipid","Lysophospholipid",2696,"NAMED","NOVZJYYJYIFXJC-MZMPXXGTSA-N","OC[C@@H](OC(CCCCCCC\C=C/CCCCCCCC)=O)COP(OCC[NH3+])([O-])=O","2-oleoyl-GPE (18:1)*","2-oleoyl-GPE (18:1)*","LPE 18:1","LPE 18:1","LPE 0:0/18:1",NA,NA,"HMDB0011476",NA,NA,"Neg","2_oleoyl_gpe_18_1",450,"2_oleoyl_gpe_18_1","sample_cohort","PE 0:0/18:1(9Z)*"
25,100001651,209,45455,142789,"Lipid","Lysophospholipid",2696,"NAMED","NOVZJYYJYIFXJC-MZMPXXGTSA-N","OC[C@@H](OC(CCCCCCC\C=C/CCCCCCCC)=O)COP(OCC[NH3+])([O-])=O","2-oleoyl-GPE (18:1)*","2-oleoyl-GPE (18:1)*","LPE 18:1","LPE 18:1","LPE 0:0/18:1",NA,NA,"HMDB0011476",NA,NA,"Neg","2_oleoyl_gpe_18_1",450,"2_oleoyl_gpe_18_1","sample_cohort","LPE 18:1"
26,100001674,209,32815,142522,"Lipid","Lysophospholipid",2711,"NAMED","YWOCITMXHHTBAW-XSQXPFHXSA-N","OC[C@](OC(CCC\C=C/C\C=C/C/C=C\C/C=C\CCCCC)=O)([H])COP(OCCN)(O)=O","2-arachidonoyl-GPE (20:4)*","2-arachidonoyl-GPE (20:4)*","LPE 20:4","LPE 20:4","LPE 0:0/20:4",NA,NA,"HMDB0011487",NA,"53480936","Neg","2_arachidonoyl_gpe_20_4",458,"2_arachidonoyl_gpe_20_4","sample_cohort","LPE 0:0/20:4(5Z,8Z,11Z,14Z)"
26,100001674,209,32815,142522,"Lipid","Lysophospholipid",2711,"NAMED","YWOCITMXHHTBAW-XSQXPFHXSA-N","OC[C@](OC(CCC\C=C/C\C=C/C/C=C\C/C=C\CCCCC)=O)([H])COP(OCCN)(O)=O","2-arachidonoyl-GPE (20:4)*","2-arachidonoyl-GPE (20:4)*","LPE 20:4","LPE 20:4","LPE 0:0/20:4",NA,NA,"HMDB0011487",NA,"53480936","Neg","2_arachidonoyl_gpe_20_4",458,"2_arachidonoyl_gpe_20_4","sample_cohort","LPE 0:0/20:4(5Z,8Z,11Z,14Z)"
26,100001674,209,32815,142522,"Lipid","Lysophospholipid",2711,"NAMED","YWOCITMXHHTBAW-XSQXPFHXSA-N","OC[C@](OC(CCC\C=C/C\C=C/C/C=C\C/C=C\CCCCC)=O)([H])COP(OCCN)(O)=O","2-arachidonoyl-GPE (20:4)*","2-arachidonoyl-GPE (20:4)*","LPE 20:4","LPE 20:4","LPE 0:0/20:4",NA,NA,"HMDB0011487",NA,"53480936","Neg","2_arachidonoyl_gpe_20_4",458,"2_arachidonoyl_gpe_20_4","sample_cohort","LPE 0:0/20:4(5Z,8Z,11Z,14Z)"
26,100001674,209,32815,142522,"Lipid","Lysophospholipid",2711,"NAMED","YWOCITMXHHTBAW-XSQXPFHXSA-N","OC[C@](OC(CCC\C=C/C\C=C/C/C=C\C/C=C\CCCCC)=O)([H])COP(OCCN)(O)=O","2-arachidonoyl-GPE (20:4)*","2-arachidonoyl-GPE (20:4)*","LPE 20:4","LPE 20:4","LPE 0:0/20:4",NA,NA,"HMDB0011487",NA,"53480936","Neg","2_arachidonoyl_gpe_20_4",458,"2_arachidonoyl_gpe_20_4","sample_cohort","LPE 0:0/20:4(5Z,8Z,11Z,14Z)"
26,100001674,209,32815,142522,"Lipid","Lysophospholipid",2711,"NAMED","YWOCITMXHHTBAW-XSQXPFHXSA-N","OC[C@](OC(CCC\C=C/C\C=C/C/C=C\C/C=C\CCCCC)=O)([H])COP(OCCN)(O)=O","2-arachidonoyl-GPE (20:4)*","2-arachidonoyl-GPE (20:4)*","LPE 20:4","LPE 20:4","LPE 0:0/20:4",NA,NA,"HMDB0011487",NA,"53480936","Neg","2_arachidonoyl_gpe_20_4",458,"2_arachidonoyl_gpe_20_4","sample_cohort","LPE 0:0/20:4(5Z,8Z,11Z,14Z)"
26,100001674,209,32815,142522,"Lipid","Lysophospholipid",2711,"NAMED","YWOCITMXHHTBAW-XSQXPFHXSA-N","OC[C@](OC(CCC\C=C/C\C=C/C/C=C\C/C=C\CCCCC)=O)([H])COP(OCCN)(O)=O","2-arachidonoyl-GPE (20:4)*","2-arachidonoyl-GPE (20:4)*","LPE 20:4","LPE 20:4","LPE 0:0/20:4",NA,NA,"HMDB0011487",NA,"53480936","Neg","2_arachidonoyl_gpe_20_4",458,"2_arachidonoyl_gpe_20_4","sample_cohort","LPE 0:0/20:4(5Z,8Z,11Z,14Z)"
26,100001674,209,32815,142522,"Lipid","Lysophospholipid",2711,"NAMED","YWOCITMXHHTBAW-XSQXPFHXSA-N","OC[C@](OC(CCC\C=C/C\C=C/C/C=C\C/C=C\CCCCC)=O)([H])COP(OCCN)(O)=O","2-arachidonoyl-GPE (20:4)*","2-arachidonoyl-GPE (20:4)*","LPE 20:4","LPE 20:4","LPE 0:0/20:4",NA,NA,"HMDB0011487",NA,"53480936","Neg","2_arachidonoyl_gpe_20_4",458,"2_arachidonoyl_gpe_20_4","sample_cohort","PE 0:0/20:4(5Z,8Z,11Z,14Z)"
26,100001674,209,32815,142522,"Lipid","Lysophospholipid",2711,"NAMED","YWOCITMXHHTBAW-XSQXPFHXSA-N","OC[C@](OC(CCC\C=C/C\C=C/C/C=C\C/C=C\CCCCC)=O)([H])COP(OCCN)(O)=O","2-arachidonoyl-GPE (20:4)*","2-arachidonoyl-GPE (20:4)*","LPE 20:4","LPE 20:4","LPE 0:0/20:4",NA,NA,"HMDB0011487",NA,"53480936","Neg","2_arachidonoyl_gpe_20_4",458,"2_arachidonoyl_gpe_20_4","sample_cohort","LPE 0:0/20:4"
26,100001674,209,32815,142522,"Lipid","Lysophospholipid",2711,"NAMED","YWOCITMXHHTBAW-XSQXPFHXSA-N","OC[C@](OC(CCC\C=C/C\C=C/C/C=C\C/C=C\CCCCC)=O)([H])COP(OCCN)(O)=O","2-arachidonoyl-GPE (20:4)*","2-arachidonoyl-GPE (20:4)*","LPE 20:4","LPE 20:4","LPE 0:0/20:4",NA,NA,"HMDB0011487",NA,"53480936","Neg","2_arachidonoyl_gpe_20_4",458,"2_arachidonoyl_gpe_20_4","sample_cohort","LPE 20:4"
26,100001674,209,32815,142522,"Lipid","Lysophospholipid",2711,"NAMED","YWOCITMXHHTBAW-XSQXPFHXSA-N","OC[C@](OC(CCC\C=C/C\C=C/C/C=C\C/C=C\CCCCC)=O)([H])COP(OCCN)(O)=O","2-arachidonoyl-GPE (20:4)*","2-arachidonoyl-GPE (20:4)*","LPE 20:4","LPE 20:4","LPE 0:0/20:4",NA,NA,"HMDB0011487",NA,"53480936","Neg","2_arachidonoyl_gpe_20_4",458,"2_arachidonoyl_gpe_20_4","sample_cohort","LPE 20:4"
26,100001674,209,32815,142522,"Lipid","Lysophospholipid",2711,"NAMED","YWOCITMXHHTBAW-XSQXPFHXSA-N","OC[C@](OC(CCC\C=C/C\C=C/C/C=C\C/C=C\CCCCC)=O)([H])COP(OCCN)(O)=O","2-arachidonoyl-GPE (20:4)*","2-arachidonoyl-GPE (20:4)*","LPE 20:4","LPE 20:4","LPE 0:0/20:4",NA,NA,"HMDB0011487",NA,"53480936","Neg","2_arachidonoyl_gpe_20_4",458,"2_arachidonoyl_gpe_20_4","sample_cohort","LPE 0:0/20:4"
26,100001674,209,32815,142522,"Lipid","Lysophospholipid",2711,"NAMED","YWOCITMXHHTBAW-XSQXPFHXSA-N","OC[C@](OC(CCC\C=C/C\C=C/C/C=C\C/C=C\CCCCC)=O)([H])COP(OCCN)(O)=O","2-arachidonoyl-GPE (20:4)*","2-arachidonoyl-GPE (20:4)*","LPE 20:4","LPE 20:4","LPE 0:0/20:4",NA,NA,"HMDB0011487",NA,"53480936","Neg","2_arachidonoyl_gpe_20_4",458,"2_arachidonoyl_gpe_20_4","sample_cohort","LPE 20:4"
26,100001674,209,32815,142522,"Lipid","Lysophospholipid",2711,"NAMED","YWOCITMXHHTBAW-XSQXPFHXSA-N","OC[C@](OC(CCC\C=C/C\C=C/C/C=C\C/C=C\CCCCC)=O)([H])COP(OCCN)(O)=O","2-arachidonoyl-GPE (20:4)*","2-arachidonoyl-GPE (20:4)*","LPE 20:4","LPE 20:4","LPE 0:0/20:4",NA,NA,"HMDB0011487",NA,"53480936","Neg","2_arachidonoyl_gpe_20_4",458,"2_arachidonoyl_gpe_20_4","sample_cohort","LPE 20:4"
26,100001674,209,32815,142522,"Lipid","Lysophospholipid",2711,"NAMED","YWOCITMXHHTBAW-XSQXPFHXSA-N","OC[C@](OC(CCC\C=C/C\C=C/C/C=C\C/C=C\CCCCC)=O)([H])COP(OCCN)(O)=O","2-arachidonoyl-GPE (20:4)*","2-arachidonoyl-GPE (20:4)*","LPE 20:4","LPE 20:4","LPE 0:0/20:4",NA,NA,"HMDB0011487",NA,"53480936","Neg","2_arachidonoyl_gpe_20_4",458,"2_arachidonoyl_gpe_20_4","sample_cohort","LPE 0:0/20:4"
26,100001674,209,32815,142522,"Lipid","Lysophospholipid",2711,"NAMED","YWOCITMXHHTBAW-XSQXPFHXSA-N","OC[C@](OC(CCC\C=C/C\C=C/C/C=C\C/C=C\CCCCC)=O)([H])COP(OCCN)(O)=O","2-arachidonoyl-GPE (20:4)*","2-arachidonoyl-GPE (20:4)*","LPE 20:4","LPE 20:4","LPE 0:0/20:4",NA,NA,"HMDB0011487",NA,"53480936","Neg","2_arachidonoyl_gpe_20_4",458,"2_arachidonoyl_gpe_20_4","sample_cohort","LPE 20:4"
26,100001674,209,32815,142522,"Lipid","Lysophospholipid",2711,"NAMED","YWOCITMXHHTBAW-XSQXPFHXSA-N","OC[C@](OC(CCC\C=C/C\C=C/C/C=C\C/C=C\CCCCC)=O)([H])COP(OCCN)(O)=O","2-arachidonoyl-GPE (20:4)*","2-arachidonoyl-GPE (20:4)*","LPE 20:4","LPE 20:4","LPE 0:0/20:4",NA,NA,"HMDB0011487",NA,"53480936","Neg","2_arachidonoyl_gpe_20_4",458,"2_arachidonoyl_gpe_20_4","sample_cohort","LPE 20:4"
26,100001674,209,32815,142522,"Lipid","Lysophospholipid",2711,"NAMED","YWOCITMXHHTBAW-XSQXPFHXSA-N","OC[C@](OC(CCC\C=C/C\C=C/C/C=C\C/C=C\CCCCC)=O)([H])COP(OCCN)(O)=O","2-arachidonoyl-GPE (20:4)*","2-arachidonoyl-GPE (20:4)*","LPE 20:4","LPE 20:4","LPE 0:0/20:4",NA,NA,"HMDB0011487",NA,"53480936","Neg","2_arachidonoyl_gpe_20_4",458,"2_arachidonoyl_gpe_20_4","sample_cohort","LPE 0:0/20:4"
26,100001674,209,32815,142522,"Lipid","Lysophospholipid",2711,"NAMED","YWOCITMXHHTBAW-XSQXPFHXSA-N","OC[C@](OC(CCC\C=C/C\C=C/C/C=C\C/C=C\CCCCC)=O)([H])COP(OCCN)(O)=O","2-arachidonoyl-GPE (20:4)*","2-arachidonoyl-GPE (20:4)*","LPE 20:4","LPE 20:4","LPE 0:0/20:4",NA,NA,"HMDB0011487",NA,"53480936","Neg","2_arachidonoyl_gpe_20_4",458,"2_arachidonoyl_gpe_20_4","sample_cohort","LPE 20:4"
26,100001674,209,32815,142522,"Lipid","Lysophospholipid",2711,"NAMED","YWOCITMXHHTBAW-XSQXPFHXSA-N","OC[C@](OC(CCC\C=C/C\C=C/C/C=C\C/C=C\CCCCC)=O)([H])COP(OCCN)(O)=O","2-arachidonoyl-GPE (20:4)*","2-arachidonoyl-GPE (20:4)*","LPE 20:4","LPE 20:4","LPE 0:0/20:4",NA,NA,"HMDB0011487",NA,"53480936","Neg","2_arachidonoyl_gpe_20_4",458,"2_arachidonoyl_gpe_20_4","sample_cohort","LPE 20:4"
26,100001674,209,32815,142522,"Lipid","Lysophospholipid",2711,"NAMED","YWOCITMXHHTBAW-XSQXPFHXSA-N","OC[C@](OC(CCC\C=C/C\C=C/C/C=C\C/C=C\CCCCC)=O)([H])COP(OCCN)(O)=O","2-arachidonoyl-GPE (20:4)*","2-arachidonoyl-GPE (20:4)*","LPE 20:4","LPE 20:4","LPE 0:0/20:4",NA,NA,"HMDB0011487",NA,"53480936","Neg","2_arachidonoyl_gpe_20_4",458,"2_arachidonoyl_gpe_20_4","sample_cohort","LPE 0:0/20:4(5Z,8Z,11Z,14Z)"
26,100001674,209,32815,142522,"Lipid","Lysophospholipid",2711,"NAMED","YWOCITMXHHTBAW-XSQXPFHXSA-N","OC[C@](OC(CCC\C=C/C\C=C/C/C=C\C/C=C\CCCCC)=O)([H])COP(OCCN)(O)=O","2-arachidonoyl-GPE (20:4)*","2-arachidonoyl-GPE (20:4)*","LPE 20:4","LPE 20:4","LPE 0:0/20:4",NA,NA,"HMDB0011487",NA,"53480936","Neg","2_arachidonoyl_gpe_20_4",458,"2_arachidonoyl_gpe_20_4","sample_cohort","LPE 20:4"
26,100001674,209,32815,142522,"Lipid","Lysophospholipid",2711,"NAMED","YWOCITMXHHTBAW-XSQXPFHXSA-N","OC[C@](OC(CCC\C=C/C\C=C/C/C=C\C/C=C\CCCCC)=O)([H])COP(OCCN)(O)=O","2-arachidonoyl-GPE (20:4)*","2-arachidonoyl-GPE (20:4)*","LPE 20:4","LPE 20:4","LPE 0:0/20:4",NA,NA,"HMDB0011487",NA,"53480936","Neg","2_arachidonoyl_gpe_20_4",458,"2_arachidonoyl_gpe_20_4","sample_cohort","LPE 20:4"
27,100001768,400,36713,156246,"Carbohydrate","Advanced Glycation End-product",1454,"NAMED","NUXSIDPKKIEIMI-UHFFFAOYSA-N","OC(CNCCCCC(C(O)=O)N)=O","N6-carboxymethyllysine","N6-carboxymethyllysine",NA,NA,NA,"5746-04-3","11217184","HMDB0240347",NA,"123800","Pos Early","n6_carboxymethyllysine",470,"n6_carboxymethyllysine","sample_cohort","N(6)-Carboxymethyl-lysine"
27,100001768,400,36713,156246,"Carbohydrate","Advanced Glycation End-product",1454,"NAMED","NUXSIDPKKIEIMI-UHFFFAOYSA-N","OC(CNCCCCC(C(O)=O)N)=O","N6-carboxymethyllysine","N6-carboxymethyllysine",NA,NA,NA,"5746-04-3","11217184","HMDB0240347",NA,"123800","Pos Early","n6_carboxymethyllysine",470,"n6_carboxymethyllysine","sample_cohort","N(6)-Carboxymethyl-lysine"
27,100001768,400,36713,156246,"Carbohydrate","Advanced Glycation End-product",1454,"NAMED","NUXSIDPKKIEIMI-UHFFFAOYSA-N","OC(CNCCCCC(C(O)=O)N)=O","N6-carboxymethyllysine","N6-carboxymethyllysine",NA,NA,NA,"5746-04-3","11217184","HMDB0240347",NA,"123800","Pos Early","n6_carboxymethyllysine",470,"n6_carboxymethyllysine","sample_cohort","N(6)-Carboxymethyl-lysine"
27,100001768,400,36713,156246,"Carbohydrate","Advanced Glycation End-product",1454,"NAMED","NUXSIDPKKIEIMI-UHFFFAOYSA-N","OC(CNCCCCC(C(O)=O)N)=O","N6-carboxymethyllysine","N6-carboxymethyllysine",NA,NA,NA,"5746-04-3","11217184","HMDB0240347",NA,"123800","Pos Early","n6_carboxymethyllysine",470,"n6_carboxymethyllysine","sample_cohort","N(6)-Carboxymethyl-lysine"
27,100001768,400,36713,156246,"Carbohydrate","Advanced Glycation End-product",1454,"NAMED","NUXSIDPKKIEIMI-UHFFFAOYSA-N","OC(CNCCCCC(C(O)=O)N)=O","N6-carboxymethyllysine","N6-carboxymethyllysine",NA,NA,NA,"5746-04-3","11217184","HMDB0240347",NA,"123800","Pos Early","n6_carboxymethyllysine",470,"n6_carboxymethyllysine","sample_cohort","N(6)-Carboxymethyl-lysine"
27,100001768,400,36713,156246,"Carbohydrate","Advanced Glycation End-product",1454,"NAMED","NUXSIDPKKIEIMI-UHFFFAOYSA-N","OC(CNCCCCC(C(O)=O)N)=O","N6-carboxymethyllysine","N6-carboxymethyllysine",NA,NA,NA,"5746-04-3","11217184","HMDB0240347",NA,"123800","Pos Early","n6_carboxymethyllysine",470,"n6_carboxymethyllysine","sample_cohort","N(6)-Carboxymethyl-lysine"
27,100001768,400,36713,156246,"Carbohydrate","Advanced Glycation End-product",1454,"NAMED","NUXSIDPKKIEIMI-UHFFFAOYSA-N","OC(CNCCCCC(C(O)=O)N)=O","N6-carboxymethyllysine","N6-carboxymethyllysine",NA,NA,NA,"5746-04-3","11217184","HMDB0240347",NA,"123800","Pos Early","n6_carboxymethyllysine",470,"n6_carboxymethyllysine","sample_cohort","N(6)-Carboxymethyl-lysine"
27,100001768,400,36713,156246,"Carbohydrate","Advanced Glycation End-product",1454,"NAMED","NUXSIDPKKIEIMI-UHFFFAOYSA-N","OC(CNCCCCC(C(O)=O)N)=O","N6-carboxymethyllysine","N6-carboxymethyllysine",NA,NA,NA,"5746-04-3","11217184","HMDB0240347",NA,"123800","Pos Early","n6_carboxymethyllysine",470,"n6_carboxymethyllysine","sample_cohort","N(6)-Carboxymethyl-lysine"
28,100001774,209,36842,143826,"Lipid","Sterol",3246,"NAMED","GYJSAWZGYQXRBS-OSLQQXMWSA-N","O=C(C(CCC[C@@H]([C@@H]1CC[C@@H]2[C@@H]3[C@H]([C@@]4(C)C(C[C@@H](CC4)O)=C[C@H]3O)CC[C@]21C)C)C)O","3beta,7beta-dihydroxy-5-cholestenoate","3beta,7beta-dihydroxy-5-cholestenoate",NA,NA,NA,"1246298-66-7",NA,NA,NA,NA,"Neg","3beta_7beta_dihydroxy_5_cholestenoate",471,"3beta_7beta_dihydroxy_5_cholestenoate","sample_cohort",NA
29,100001777,209,36602,146821,"Lipid","Lysophospholipid",2747,"NAMED","UGDOFRYHDCDVHD-JCASDCETSA-N","[H]C(C(O)(C(O)([C@](O)1[H])[H])[H])([C@@](OP(O)(OC[C@@]([H])(COC(CCCCCCC/C=C\CCCCCCCC)=O)O)=O)([C@]1(O)[H])[H])O","1-oleoyl-GPI (18:1)","1-oleoyl-GPI (18:1)","LPI 18:1","LPI 18:1","LPI 18:1/0:0",NA,NA,"HMDB0061693",NA,"86289645","Neg","1_oleoyl_gpi_18_1",473,"1_oleoyl_gpi_18_1","sample_cohort","LPI 18:1(9Z)/0:0"
29,100001777,209,36602,146821,"Lipid","Lysophospholipid",2747,"NAMED","UGDOFRYHDCDVHD-JCASDCETSA-N","[H]C(C(O)(C(O)([C@](O)1[H])[H])[H])([C@@](OP(O)(OC[C@@]([H])(COC(CCCCCCC/C=C\CCCCCCCC)=O)O)=O)([C@]1(O)[H])[H])O","1-oleoyl-GPI (18:1)","1-oleoyl-GPI (18:1)","LPI 18:1","LPI 18:1","LPI 18:1/0:0",NA,NA,"HMDB0061693",NA,"86289645","Neg","1_oleoyl_gpi_18_1",473,"1_oleoyl_gpi_18_1","sample_cohort","LPI 18:1(9Z)/0:0"
29,100001777,209,36602,146821,"Lipid","Lysophospholipid",2747,"NAMED","UGDOFRYHDCDVHD-JCASDCETSA-N","[H]C(C(O)(C(O)([C@](O)1[H])[H])[H])([C@@](OP(O)(OC[C@@]([H])(COC(CCCCCCC/C=C\CCCCCCCC)=O)O)=O)([C@]1(O)[H])[H])O","1-oleoyl-GPI (18:1)","1-oleoyl-GPI (18:1)","LPI 18:1","LPI 18:1","LPI 18:1/0:0",NA,NA,"HMDB0061693",NA,"86289645","Neg","1_oleoyl_gpi_18_1",473,"1_oleoyl_gpi_18_1","sample_cohort","LPI 18:1(9Z)/0:0"
29,100001777,209,36602,146821,"Lipid","Lysophospholipid",2747,"NAMED","UGDOFRYHDCDVHD-JCASDCETSA-N","[H]C(C(O)(C(O)([C@](O)1[H])[H])[H])([C@@](OP(O)(OC[C@@]([H])(COC(CCCCCCC/C=C\CCCCCCCC)=O)O)=O)([C@]1(O)[H])[H])O","1-oleoyl-GPI (18:1)","1-oleoyl-GPI (18:1)","LPI 18:1","LPI 18:1","LPI 18:1/0:0",NA,NA,"HMDB0061693",NA,"86289645","Neg","1_oleoyl_gpi_18_1",473,"1_oleoyl_gpi_18_1","sample_cohort","LPI 18:1(9Z)/0:0"
29,100001777,209,36602,146821,"Lipid","Lysophospholipid",2747,"NAMED","UGDOFRYHDCDVHD-JCASDCETSA-N","[H]C(C(O)(C(O)([C@](O)1[H])[H])[H])([C@@](OP(O)(OC[C@@]([H])(COC(CCCCCCC/C=C\CCCCCCCC)=O)O)=O)([C@]1(O)[H])[H])O","1-oleoyl-GPI (18:1)","1-oleoyl-GPI (18:1)","LPI 18:1","LPI 18:1","LPI 18:1/0:0",NA,NA,"HMDB0061693",NA,"86289645","Neg","1_oleoyl_gpi_18_1",473,"1_oleoyl_gpi_18_1","sample_cohort","LPI 18:1/0:0"
29,100001777,209,36602,146821,"Lipid","Lysophospholipid",2747,"NAMED","UGDOFRYHDCDVHD-JCASDCETSA-N","[H]C(C(O)(C(O)([C@](O)1[H])[H])[H])([C@@](OP(O)(OC[C@@]([H])(COC(CCCCCCC/C=C\CCCCCCCC)=O)O)=O)([C@]1(O)[H])[H])O","1-oleoyl-GPI (18:1)","1-oleoyl-GPI (18:1)","LPI 18:1","LPI 18:1","LPI 18:1/0:0",NA,NA,"HMDB0061693",NA,"86289645","Neg","1_oleoyl_gpi_18_1",473,"1_oleoyl_gpi_18_1","sample_cohort","LPI 18:1/0:0"
29,100001777,209,36602,146821,"Lipid","Lysophospholipid",2747,"NAMED","UGDOFRYHDCDVHD-JCASDCETSA-N","[H]C(C(O)(C(O)([C@](O)1[H])[H])[H])([C@@](OP(O)(OC[C@@]([H])(COC(CCCCCCC/C=C\CCCCCCCC)=O)O)=O)([C@]1(O)[H])[H])O","1-oleoyl-GPI (18:1)","1-oleoyl-GPI (18:1)","LPI 18:1","LPI 18:1","LPI 18:1/0:0",NA,NA,"HMDB0061693",NA,"86289645","Neg","1_oleoyl_gpi_18_1",473,"1_oleoyl_gpi_18_1","sample_cohort","LPI 18:1(9Z)*"
29,100001777,209,36602,146821,"Lipid","Lysophospholipid",2747,"NAMED","UGDOFRYHDCDVHD-JCASDCETSA-N","[H]C(C(O)(C(O)([C@](O)1[H])[H])[H])([C@@](OP(O)(OC[C@@]([H])(COC(CCCCCCC/C=C\CCCCCCCC)=O)O)=O)([C@]1(O)[H])[H])O","1-oleoyl-GPI (18:1)","1-oleoyl-GPI (18:1)","LPI 18:1","LPI 18:1","LPI 18:1/0:0",NA,NA,"HMDB0061693",NA,"86289645","Neg","1_oleoyl_gpi_18_1",473,"1_oleoyl_gpi_18_1","sample_cohort","LPI 18:1(9Z)/0:0"
29,100001777,209,36602,146821,"Lipid","Lysophospholipid",2747,"NAMED","UGDOFRYHDCDVHD-JCASDCETSA-N","[H]C(C(O)(C(O)([C@](O)1[H])[H])[H])([C@@](OP(O)(OC[C@@]([H])(COC(CCCCCCC/C=C\CCCCCCCC)=O)O)=O)([C@]1(O)[H])[H])O","1-oleoyl-GPI (18:1)","1-oleoyl-GPI (18:1)","LPI 18:1","LPI 18:1","LPI 18:1/0:0",NA,NA,"HMDB0061693",NA,"86289645","Neg","1_oleoyl_gpi_18_1",473,"1_oleoyl_gpi_18_1","sample_cohort","LPI 18:1"
29,100001777,209,36602,146821,"Lipid","Lysophospholipid",2747,"NAMED","UGDOFRYHDCDVHD-JCASDCETSA-N","[H]C(C(O)(C(O)([C@](O)1[H])[H])[H])([C@@](OP(O)(OC[C@@]([H])(COC(CCCCCCC/C=C\CCCCCCCC)=O)O)=O)([C@]1(O)[H])[H])O","1-oleoyl-GPI (18:1)","1-oleoyl-GPI (18:1)","LPI 18:1","LPI 18:1","LPI 18:1/0:0",NA,NA,"HMDB0061693",NA,"86289645","Neg","1_oleoyl_gpi_18_1",473,"1_oleoyl_gpi_18_1","sample_cohort","LPI 18:1(9Z)*"
29,100001777,209,36602,146821,"Lipid","Lysophospholipid",2747,"NAMED","UGDOFRYHDCDVHD-JCASDCETSA-N","[H]C(C(O)(C(O)([C@](O)1[H])[H])[H])([C@@](OP(O)(OC[C@@]([H])(COC(CCCCCCC/C=C\CCCCCCCC)=O)O)=O)([C@]1(O)[H])[H])O","1-oleoyl-GPI (18:1)","1-oleoyl-GPI (18:1)","LPI 18:1","LPI 18:1","LPI 18:1/0:0",NA,NA,"HMDB0061693",NA,"86289645","Neg","1_oleoyl_gpi_18_1",473,"1_oleoyl_gpi_18_1","sample_cohort","LPI 18:1"
29,100001777,209,36602,146821,"Lipid","Lysophospholipid",2747,"NAMED","UGDOFRYHDCDVHD-JCASDCETSA-N","[H]C(C(O)(C(O)([C@](O)1[H])[H])[H])([C@@](OP(O)(OC[C@@]([H])(COC(CCCCCCC/C=C\CCCCCCCC)=O)O)=O)([C@]1(O)[H])[H])O","1-oleoyl-GPI (18:1)","1-oleoyl-GPI (18:1)","LPI 18:1","LPI 18:1","LPI 18:1/0:0",NA,NA,"HMDB0061693",NA,"86289645","Neg","1_oleoyl_gpi_18_1",473,"1_oleoyl_gpi_18_1","sample_cohort","LPI 18:1"
30,100001778,209,36594,146822,"Lipid","Lysophospholipid",2749,"NAMED","SAHCQBPGXQFTRA-WNOZMNFTSA-N","[H]C(C(O)(C(O)([C@](O)1[H])[H])[H])([C@@](OP(O)(OC[C@@]([H])(COC(CCCCCCC/C=C\C/C=C\CCCCC)=O)O)=O)([C@]1(O)[H])[H])O","1-linoleoyl-GPI (18:2)*","1-linoleoyl-GPI* (18:2)*","LPI 18:2","LPI 18:2","LPI 18:2/0:0",NA,NA,"HMDB0240597",NA,"11124828","Neg","1_linoleoyl_gpi_18_2",474,"1_linoleoyl_gpi_18_2","sample_cohort","LPI 18:2(9Z,12Z)/0:0"
30,100001778,209,36594,146822,"Lipid","Lysophospholipid",2749,"NAMED","SAHCQBPGXQFTRA-WNOZMNFTSA-N","[H]C(C(O)(C(O)([C@](O)1[H])[H])[H])([C@@](OP(O)(OC[C@@]([H])(COC(CCCCCCC/C=C\C/C=C\CCCCC)=O)O)=O)([C@]1(O)[H])[H])O","1-linoleoyl-GPI (18:2)*","1-linoleoyl-GPI* (18:2)*","LPI 18:2","LPI 18:2","LPI 18:2/0:0",NA,NA,"HMDB0240597",NA,"11124828","Neg","1_linoleoyl_gpi_18_2",474,"1_linoleoyl_gpi_18_2","sample_cohort","LPI 18:2/0:0"
30,100001778,209,36594,146822,"Lipid","Lysophospholipid",2749,"NAMED","SAHCQBPGXQFTRA-WNOZMNFTSA-N","[H]C(C(O)(C(O)([C@](O)1[H])[H])[H])([C@@](OP(O)(OC[C@@]([H])(COC(CCCCCCC/C=C\C/C=C\CCCCC)=O)O)=O)([C@]1(O)[H])[H])O","1-linoleoyl-GPI (18:2)*","1-linoleoyl-GPI* (18:2)*","LPI 18:2","LPI 18:2","LPI 18:2/0:0",NA,NA,"HMDB0240597",NA,"11124828","Neg","1_linoleoyl_gpi_18_2",474,"1_linoleoyl_gpi_18_2","sample_cohort","LPI 18:2(9Z,12Z)/0:0"
30,100001778,209,36594,146822,"Lipid","Lysophospholipid",2749,"NAMED","SAHCQBPGXQFTRA-WNOZMNFTSA-N","[H]C(C(O)(C(O)([C@](O)1[H])[H])[H])([C@@](OP(O)(OC[C@@]([H])(COC(CCCCCCC/C=C\C/C=C\CCCCC)=O)O)=O)([C@]1(O)[H])[H])O","1-linoleoyl-GPI (18:2)*","1-linoleoyl-GPI* (18:2)*","LPI 18:2","LPI 18:2","LPI 18:2/0:0",NA,NA,"HMDB0240597",NA,"11124828","Neg","1_linoleoyl_gpi_18_2",474,"1_linoleoyl_gpi_18_2","sample_cohort","LPI 18:2(9Z,12Z)/0:0"
30,100001778,209,36594,146822,"Lipid","Lysophospholipid",2749,"NAMED","SAHCQBPGXQFTRA-WNOZMNFTSA-N","[H]C(C(O)(C(O)([C@](O)1[H])[H])[H])([C@@](OP(O)(OC[C@@]([H])(COC(CCCCCCC/C=C\C/C=C\CCCCC)=O)O)=O)([C@]1(O)[H])[H])O","1-linoleoyl-GPI (18:2)*","1-linoleoyl-GPI* (18:2)*","LPI 18:2","LPI 18:2","LPI 18:2/0:0",NA,NA,"HMDB0240597",NA,"11124828","Neg","1_linoleoyl_gpi_18_2",474,"1_linoleoyl_gpi_18_2","sample_cohort","LPI 18:2/0:0"
30,100001778,209,36594,146822,"Lipid","Lysophospholipid",2749,"NAMED","SAHCQBPGXQFTRA-WNOZMNFTSA-N","[H]C(C(O)(C(O)([C@](O)1[H])[H])[H])([C@@](OP(O)(OC[C@@]([H])(COC(CCCCCCC/C=C\C/C=C\CCCCC)=O)O)=O)([C@]1(O)[H])[H])O","1-linoleoyl-GPI (18:2)*","1-linoleoyl-GPI* (18:2)*","LPI 18:2","LPI 18:2","LPI 18:2/0:0",NA,NA,"HMDB0240597",NA,"11124828","Neg","1_linoleoyl_gpi_18_2",474,"1_linoleoyl_gpi_18_2","sample_cohort","LPI 18:2(9Z,12Z)*"
30,100001778,209,36594,146822,"Lipid","Lysophospholipid",2749,"NAMED","SAHCQBPGXQFTRA-WNOZMNFTSA-N","[H]C(C(O)(C(O)([C@](O)1[H])[H])[H])([C@@](OP(O)(OC[C@@]([H])(COC(CCCCCCC/C=C\C/C=C\CCCCC)=O)O)=O)([C@]1(O)[H])[H])O","1-linoleoyl-GPI (18:2)*","1-linoleoyl-GPI* (18:2)*","LPI 18:2","LPI 18:2","LPI 18:2/0:0",NA,NA,"HMDB0240597",NA,"11124828","Neg","1_linoleoyl_gpi_18_2",474,"1_linoleoyl_gpi_18_2","sample_cohort","LPI 18:2"
30,100001778,209,36594,146822,"Lipid","Lysophospholipid",2749,"NAMED","SAHCQBPGXQFTRA-WNOZMNFTSA-N","[H]C(C(O)(C(O)([C@](O)1[H])[H])[H])([C@@](OP(O)(OC[C@@]([H])(COC(CCCCCCC/C=C\C/C=C\CCCCC)=O)O)=O)([C@]1(O)[H])[H])O","1-linoleoyl-GPI (18:2)*","1-linoleoyl-GPI* (18:2)*","LPI 18:2","LPI 18:2","LPI 18:2/0:0",NA,NA,"HMDB0240597",NA,"11124828","Neg","1_linoleoyl_gpi_18_2",474,"1_linoleoyl_gpi_18_2","sample_cohort","LPI 18:2(9Z,12Z)*"
30,100001778,209,36594,146822,"Lipid","Lysophospholipid",2749,"NAMED","SAHCQBPGXQFTRA-WNOZMNFTSA-N","[H]C(C(O)(C(O)([C@](O)1[H])[H])[H])([C@@](OP(O)(OC[C@@]([H])(COC(CCCCCCC/C=C\C/C=C\CCCCC)=O)O)=O)([C@]1(O)[H])[H])O","1-linoleoyl-GPI (18:2)*","1-linoleoyl-GPI* (18:2)*","LPI 18:2","LPI 18:2","LPI 18:2/0:0",NA,NA,"HMDB0240597",NA,"11124828","Neg","1_linoleoyl_gpi_18_2",474,"1_linoleoyl_gpi_18_2","sample_cohort","LPI 18:2"
30,100001778,209,36594,146822,"Lipid","Lysophospholipid",2749,"NAMED","SAHCQBPGXQFTRA-WNOZMNFTSA-N","[H]C(C(O)(C(O)([C@](O)1[H])[H])[H])([C@@](OP(O)(OC[C@@]([H])(COC(CCCCCCC/C=C\C/C=C\CCCCC)=O)O)=O)([C@]1(O)[H])[H])O","1-linoleoyl-GPI (18:2)*","1-linoleoyl-GPI* (18:2)*","LPI 18:2","LPI 18:2","LPI 18:2/0:0",NA,NA,"HMDB0240597",NA,"11124828","Neg","1_linoleoyl_gpi_18_2",474,"1_linoleoyl_gpi_18_2","sample_cohort","LPI 18:2"
31,100001784,402,34565,158671,"Lipid","Lysophospholipid",2688,"NAMED","DSOWUEHXZJUNID-FPLPWBNLSA-N","O=P(OCCN)(O)OCC(O)COC(CCCCCCC/C=C\CCCCCC)=O","1-palmitoleoyl-GPE (16:1)*","1-palmitoleoyl-GPE (16:1)*","LPE 16:1","LPE 16:1","LPE 16:1/0:0",NA,NA,"HMDB0011474",NA,"53480923","Pos Late","1_palmitoleoyl_gpe_16_1",475,"1_palmitoleoyl_gpe_16_1","sample_cohort","LPE 0:0/16:1(9Z)"
31,100001784,402,34565,158671,"Lipid","Lysophospholipid",2688,"NAMED","DSOWUEHXZJUNID-FPLPWBNLSA-N","O=P(OCCN)(O)OCC(O)COC(CCCCCCC/C=C\CCCCCC)=O","1-palmitoleoyl-GPE (16:1)*","1-palmitoleoyl-GPE (16:1)*","LPE 16:1","LPE 16:1","LPE 16:1/0:0",NA,NA,"HMDB0011474",NA,"53480923","Pos Late","1_palmitoleoyl_gpe_16_1",475,"1_palmitoleoyl_gpe_16_1","sample_cohort","LPE 0:0/16:1(9Z)"
31,100001784,402,34565,158671,"Lipid","Lysophospholipid",2688,"NAMED","DSOWUEHXZJUNID-FPLPWBNLSA-N","O=P(OCCN)(O)OCC(O)COC(CCCCCCC/C=C\CCCCCC)=O","1-palmitoleoyl-GPE (16:1)*","1-palmitoleoyl-GPE (16:1)*","LPE 16:1","LPE 16:1","LPE 16:1/0:0",NA,NA,"HMDB0011474",NA,"53480923","Pos Late","1_palmitoleoyl_gpe_16_1",475,"1_palmitoleoyl_gpe_16_1","sample_cohort","LPE 0:0/16:1"
31,100001784,402,34565,158671,"Lipid","Lysophospholipid",2688,"NAMED","DSOWUEHXZJUNID-FPLPWBNLSA-N","O=P(OCCN)(O)OCC(O)COC(CCCCCCC/C=C\CCCCCC)=O","1-palmitoleoyl-GPE (16:1)*","1-palmitoleoyl-GPE (16:1)*","LPE 16:1","LPE 16:1","LPE 16:1/0:0",NA,NA,"HMDB0011474",NA,"53480923","Pos Late","1_palmitoleoyl_gpe_16_1",475,"1_palmitoleoyl_gpe_16_1","sample_cohort","LPE 16:1"
31,100001784,402,34565,158671,"Lipid","Lysophospholipid",2688,"NAMED","DSOWUEHXZJUNID-FPLPWBNLSA-N","O=P(OCCN)(O)OCC(O)COC(CCCCCCC/C=C\CCCCCC)=O","1-palmitoleoyl-GPE (16:1)*","1-palmitoleoyl-GPE (16:1)*","LPE 16:1","LPE 16:1","LPE 16:1/0:0",NA,NA,"HMDB0011474",NA,"53480923","Pos Late","1_palmitoleoyl_gpe_16_1",475,"1_palmitoleoyl_gpe_16_1","sample_cohort","LPE 16:1"
31,100001784,402,34565,158671,"Lipid","Lysophospholipid",2688,"NAMED","DSOWUEHXZJUNID-FPLPWBNLSA-N","O=P(OCCN)(O)OCC(O)COC(CCCCCCC/C=C\CCCCCC)=O","1-palmitoleoyl-GPE (16:1)*","1-palmitoleoyl-GPE (16:1)*","LPE 16:1","LPE 16:1","LPE 16:1/0:0",NA,NA,"HMDB0011474",NA,"53480923","Pos Late","1_palmitoleoyl_gpe_16_1",475,"1_palmitoleoyl_gpe_16_1","sample_cohort","LPE 0:0/16:1"
31,100001784,402,34565,158671,"Lipid","Lysophospholipid",2688,"NAMED","DSOWUEHXZJUNID-FPLPWBNLSA-N","O=P(OCCN)(O)OCC(O)COC(CCCCCCC/C=C\CCCCCC)=O","1-palmitoleoyl-GPE (16:1)*","1-palmitoleoyl-GPE (16:1)*","LPE 16:1","LPE 16:1","LPE 16:1/0:0",NA,NA,"HMDB0011474",NA,"53480923","Pos Late","1_palmitoleoyl_gpe_16_1",475,"1_palmitoleoyl_gpe_16_1","sample_cohort","LPE 16:1"
31,100001784,402,34565,158671,"Lipid","Lysophospholipid",2688,"NAMED","DSOWUEHXZJUNID-FPLPWBNLSA-N","O=P(OCCN)(O)OCC(O)COC(CCCCCCC/C=C\CCCCCC)=O","1-palmitoleoyl-GPE (16:1)*","1-palmitoleoyl-GPE (16:1)*","LPE 16:1","LPE 16:1","LPE 16:1/0:0",NA,NA,"HMDB0011474",NA,"53480923","Pos Late","1_palmitoleoyl_gpe_16_1",475,"1_palmitoleoyl_gpe_16_1","sample_cohort","LPE 0:0/16:1"
31,100001784,402,34565,158671,"Lipid","Lysophospholipid",2688,"NAMED","DSOWUEHXZJUNID-FPLPWBNLSA-N","O=P(OCCN)(O)OCC(O)COC(CCCCCCC/C=C\CCCCCC)=O","1-palmitoleoyl-GPE (16:1)*","1-palmitoleoyl-GPE (16:1)*","LPE 16:1","LPE 16:1","LPE 16:1/0:0",NA,NA,"HMDB0011474",NA,"53480923","Pos Late","1_palmitoleoyl_gpe_16_1",475,"1_palmitoleoyl_gpe_16_1","sample_cohort","LPE 16:1"
31,100001784,402,34565,158671,"Lipid","Lysophospholipid",2688,"NAMED","DSOWUEHXZJUNID-FPLPWBNLSA-N","O=P(OCCN)(O)OCC(O)COC(CCCCCCC/C=C\CCCCCC)=O","1-palmitoleoyl-GPE (16:1)*","1-palmitoleoyl-GPE (16:1)*","LPE 16:1","LPE 16:1","LPE 16:1/0:0",NA,NA,"HMDB0011474",NA,"53480923","Pos Late","1_palmitoleoyl_gpe_16_1",475,"1_palmitoleoyl_gpe_16_1","sample_cohort","PE 0:0/16:1(9Z)*"
31,100001784,402,34565,158671,"Lipid","Lysophospholipid",2688,"NAMED","DSOWUEHXZJUNID-FPLPWBNLSA-N","O=P(OCCN)(O)OCC(O)COC(CCCCCCC/C=C\CCCCCC)=O","1-palmitoleoyl-GPE (16:1)*","1-palmitoleoyl-GPE (16:1)*","LPE 16:1","LPE 16:1","LPE 16:1/0:0",NA,NA,"HMDB0011474",NA,"53480923","Pos Late","1_palmitoleoyl_gpe_16_1",475,"1_palmitoleoyl_gpe_16_1","sample_cohort","LPE 0:0/16:1(9Z)"
31,100001784,402,34565,158671,"Lipid","Lysophospholipid",2688,"NAMED","DSOWUEHXZJUNID-FPLPWBNLSA-N","O=P(OCCN)(O)OCC(O)COC(CCCCCCC/C=C\CCCCCC)=O","1-palmitoleoyl-GPE (16:1)*","1-palmitoleoyl-GPE (16:1)*","LPE 16:1","LPE 16:1","LPE 16:1/0:0",NA,NA,"HMDB0011474",NA,"53480923","Pos Late","1_palmitoleoyl_gpe_16_1",475,"1_palmitoleoyl_gpe_16_1","sample_cohort","LPE 16:1"
32,100001795,209,33161,153167,"Xenobiotics","Drug - Analgesics, Anesthetics",5426,"NAMED","GDCCQRYSPGZVPX-UHFFFAOYSA-N","CC(NC1=C(OC)C=C(OC2OC(C(O)=O)C(O)C(O)C2O)C=C1)=O","2-methoxyacetaminophen glucuronide*","2-methoxyacetaminophen glucuronide*",NA,NA,NA,NA,"52083351","HMDB0240215",NA,"121596203","Neg","2_methoxyacetaminophen glucuronide",482,"2_methoxyacetaminophen glucuronide","sample_cohort","2-Methoxyacetaminophen glucuronide"
32,100001795,209,33161,153167,"Xenobiotics","Drug - Analgesics, Anesthetics",5426,"NAMED","GDCCQRYSPGZVPX-UHFFFAOYSA-N","CC(NC1=C(OC)C=C(OC2OC(C(O)=O)C(O)C(O)C2O)C=C1)=O","2-methoxyacetaminophen glucuronide*","2-methoxyacetaminophen glucuronide*",NA,NA,NA,NA,"52083351","HMDB0240215",NA,"121596203","Neg","2_methoxyacetaminophen glucuronide",482,"2_methoxyacetaminophen glucuronide","sample_cohort","2-Methoxyacetaminophen glucuronide"
33,100001797,400,34365,156081,"Xenobiotics","Drug - Analgesics, Anesthetics",5427,"NAMED","LLHICPSCVFRWDT-UHFFFAOYSA-N","CC(NC1=CC=C(O)C(SCC(C(O)=O)N)=C1)=O","3-(cystein-S-yl)acetaminophen*","3-(cystein-S-yl)acetaminophen*",NA,NA,NA,"53446-10-9","4403253","HMDB0240217",NA,"171264","Pos Early","3_cystein_s_yl_acetaminophen",483,"3_cystein_s_yl_acetaminophen","sample_cohort","3-(Cystein-S-yl)acetaminophen"
33,100001797,400,34365,156081,"Xenobiotics","Drug - Analgesics, Anesthetics",5427,"NAMED","LLHICPSCVFRWDT-UHFFFAOYSA-N","CC(NC1=CC=C(O)C(SCC(C(O)=O)N)=C1)=O","3-(cystein-S-yl)acetaminophen*","3-(cystein-S-yl)acetaminophen*",NA,NA,NA,"53446-10-9","4403253","HMDB0240217",NA,"171264","Pos Early","3_cystein_s_yl_acetaminophen",483,"3_cystein_s_yl_acetaminophen","sample_cohort","3-(Cystein-S-yl)acetaminophen"
34,100001882,402,52234,164199,"Lipid","Hexosylceramides (HCER)",3087,"NAMED","YMYQEDCYNANIPI-OQRGLTFYSA-N","OC1C(CO)OC(OC[C@H](NC(CCCCCCCCCCCCCCCCC)=O)[C@H](O)/C=C/CCCCCCCCCCCCC)C(O)C1O","glycosyl-N-stearoyl-sphingosine (d18:1/18:0)","glycosyl-N-stearoyl-sphingosine (d18:1/18:0)","HexCer 36:1;O2","HexCer 18:1;O2_18:0","HexCer 18:1;O2/18:0",NA,NA,NA,NA,NA,"Pos Late","glycosyl_n_stearoyl_sphingosine_d18_1_18_0",494,"glycosyl_n_stearoyl_sphingosine_d18_1_18_0","sample_cohort",NA
35,100001925,400,37104,156323,"Peptide","Dipeptide",779,"NAMED","SZJNCZMRZAUNQT-IUCAKERBSA-N","O=C(N[C@H]1CC(C)C)[C@H]2N(CCC2)C1=O","cyclo(leu-pro)","cyclo(leu-pro)",NA,NA,NA,"2873-36-1","5428292","HMDB0034276",NA,"7074739","Pos Early","cyclo_leu_pro",495,"cyclo_leu_pro","sample_cohort","L,L-Cyclo(leucylprolyl)"
35,100001925,400,37104,156323,"Peptide","Dipeptide",779,"NAMED","SZJNCZMRZAUNQT-IUCAKERBSA-N","O=C(N[C@H]1CC(C)C)[C@H]2N(CCC2)C1=O","cyclo(leu-pro)","cyclo(leu-pro)",NA,NA,NA,"2873-36-1","5428292","HMDB0034276",NA,"7074739","Pos Early","cyclo_leu_pro",495,"cyclo_leu_pro","sample_cohort","Cyclo(Leu-Pro)"
35,100001925,400,37104,156323,"Peptide","Dipeptide",779,"NAMED","SZJNCZMRZAUNQT-IUCAKERBSA-N","O=C(N[C@H]1CC(C)C)[C@H]2N(CCC2)C1=O","cyclo(leu-pro)","cyclo(leu-pro)",NA,NA,NA,"2873-36-1","5428292","HMDB0034276",NA,"7074739","Pos Early","cyclo_leu_pro",495,"cyclo_leu_pro","sample_cohort","Cyclo(Leu-Pro)"
35,100001925,400,37104,156323,"Peptide","Dipeptide",779,"NAMED","SZJNCZMRZAUNQT-IUCAKERBSA-N","O=C(N[C@H]1CC(C)C)[C@H]2N(CCC2)C1=O","cyclo(leu-pro)","cyclo(leu-pro)",NA,NA,NA,"2873-36-1","5428292","HMDB0034276",NA,"7074739","Pos Early","cyclo_leu_pro",495,"cyclo_leu_pro","sample_cohort","Cyclo(Leu-Pro)"
35,100001925,400,37104,156323,"Peptide","Dipeptide",779,"NAMED","SZJNCZMRZAUNQT-IUCAKERBSA-N","O=C(N[C@H]1CC(C)C)[C@H]2N(CCC2)C1=O","cyclo(leu-pro)","cyclo(leu-pro)",NA,NA,NA,"2873-36-1","5428292","HMDB0034276",NA,"7074739","Pos Early","cyclo_leu_pro",495,"cyclo_leu_pro","sample_cohort","Cyclo(Leu-Pro)"
35,100001925,400,37104,156323,"Peptide","Dipeptide",779,"NAMED","SZJNCZMRZAUNQT-IUCAKERBSA-N","O=C(N[C@H]1CC(C)C)[C@H]2N(CCC2)C1=O","cyclo(leu-pro)","cyclo(leu-pro)",NA,NA,NA,"2873-36-1","5428292","HMDB0034276",NA,"7074739","Pos Early","cyclo_leu_pro",495,"cyclo_leu_pro","sample_cohort","L,L-Cyclo(leucylprolyl)"
35,100001925,400,37104,156323,"Peptide","Dipeptide",779,"NAMED","SZJNCZMRZAUNQT-IUCAKERBSA-N","O=C(N[C@H]1CC(C)C)[C@H]2N(CCC2)C1=O","cyclo(leu-pro)","cyclo(leu-pro)",NA,NA,NA,"2873-36-1","5428292","HMDB0034276",NA,"7074739","Pos Early","cyclo_leu_pro",495,"cyclo_leu_pro","sample_cohort","Cyclo(Leu-Pro)"
36,100001956,400,37431,156358,"Amino Acid","Urea cycle; Arginine and Proline Metabolism",526,"NAMED","CWLQUGTUXBXTLF-UHFFFAOYSA-N","O=C(O)C1N(C)CCC1","N-methylproline","N-methylproline",NA,NA,NA,"475-11-6","541","HMDB0094696",NA,"643474","Pos Early","n_methylproline",500,"n_methylproline","sample_cohort","N-Methyl-proline"
36,100001956,400,37431,156358,"Amino Acid","Urea cycle; Arginine and Proline Metabolism",526,"NAMED","CWLQUGTUXBXTLF-UHFFFAOYSA-N","O=C(O)C1N(C)CCC1","N-methylproline","N-methylproline",NA,NA,NA,"475-11-6","541","HMDB0094696",NA,"643474","Pos Early","n_methylproline",500,"n_methylproline","sample_cohort","N-Methyl-proline"
36,100001956,400,37431,156358,"Amino Acid","Urea cycle; Arginine and Proline Metabolism",526,"NAMED","CWLQUGTUXBXTLF-UHFFFAOYSA-N","O=C(O)C1N(C)CCC1","N-methylproline","N-methylproline",NA,NA,NA,"475-11-6","541","HMDB0094696",NA,"643474","Pos Early","n_methylproline",500,"n_methylproline","sample_cohort","N-Methyl-proline"
36,100001956,400,37431,156358,"Amino Acid","Urea cycle; Arginine and Proline Metabolism",526,"NAMED","CWLQUGTUXBXTLF-UHFFFAOYSA-N","O=C(O)C1N(C)CCC1","N-methylproline","N-methylproline",NA,NA,NA,"475-11-6","541","HMDB0094696",NA,"643474","Pos Early","n_methylproline",500,"n_methylproline","sample_cohort","N-Methyl-proline"
36,100001956,400,37431,156358,"Amino Acid","Urea cycle; Arginine and Proline Metabolism",526,"NAMED","CWLQUGTUXBXTLF-UHFFFAOYSA-N","O=C(O)C1N(C)CCC1","N-methylproline","N-methylproline",NA,NA,NA,"475-11-6","541","HMDB0094696",NA,"643474","Pos Early","n_methylproline",500,"n_methylproline","sample_cohort","N-Methyl-proline"
36,100001956,400,37431,156358,"Amino Acid","Urea cycle; Arginine and Proline Metabolism",526,"NAMED","CWLQUGTUXBXTLF-UHFFFAOYSA-N","O=C(O)C1N(C)CCC1","N-methylproline","N-methylproline",NA,NA,NA,"475-11-6","541","HMDB0094696",NA,"643474","Pos Early","n_methylproline",500,"n_methylproline","sample_cohort","N-Methyl-proline"
36,100001956,400,37431,156358,"Amino Acid","Urea cycle; Arginine and Proline Metabolism",526,"NAMED","CWLQUGTUXBXTLF-UHFFFAOYSA-N","O=C(O)C1N(C)CCC1","N-methylproline","N-methylproline",NA,NA,NA,"475-11-6","541","HMDB0094696",NA,"643474","Pos Early","n_methylproline",500,"n_methylproline","sample_cohort","N-Methyl-proline"
37,100001988,209,37198,144254,"Lipid","Progestin Steroids",3313,"NAMED","LSQGWMYMIHQKSA-VNCHAANSSA-N","C[C@@]12[C@](CCC3C2CC[C@@]4(C)C3CCC4C(OS(=O)(O)=O)C)([H])C[C@@H](OS(=O)(O)=O)CC1","5alpha-pregnan-3beta,20alpha-diol disulfate","5alpha-pregnan-3beta,20alpha-diol disulfate",NA,NA,NA,NA,NA,"HMDB0094650",NA,"118703093","Neg","5alpha_pregnan_3beta_20alpha_diol disulfate",503,"5alpha_pregnan_3beta_20alpha_diol disulfate","sample_cohort","5alpha-Pregnan-3beta,20alpha-diol disulfate"
37,100001988,209,37198,144254,"Lipid","Progestin Steroids",3313,"NAMED","LSQGWMYMIHQKSA-VNCHAANSSA-N","C[C@@]12[C@](CCC3C2CC[C@@]4(C)C3CCC4C(OS(=O)(O)=O)C)([H])C[C@@H](OS(=O)(O)=O)CC1","5alpha-pregnan-3beta,20alpha-diol disulfate","5alpha-pregnan-3beta,20alpha-diol disulfate",NA,NA,NA,NA,NA,"HMDB0094650",NA,"118703093","Neg","5alpha_pregnan_3beta_20alpha_diol disulfate",503,"5alpha_pregnan_3beta_20alpha_diol disulfate","sample_cohort","5alpha-Pregnan-3beta,20alpha-diol disulfate"
37,100001988,209,37198,144254,"Lipid","Progestin Steroids",3313,"NAMED","LSQGWMYMIHQKSA-VNCHAANSSA-N","C[C@@]12[C@](CCC3C2CC[C@@]4(C)C3CCC4C(OS(=O)(O)=O)C)([H])C[C@@H](OS(=O)(O)=O)CC1","5alpha-pregnan-3beta,20alpha-diol disulfate","5alpha-pregnan-3beta,20alpha-diol disulfate",NA,NA,NA,NA,NA,"HMDB0094650",NA,"118703093","Neg","5alpha_pregnan_3beta_20alpha_diol disulfate",503,"5alpha_pregnan_3beta_20alpha_diol disulfate","sample_cohort","5alpha-Pregnan-3beta,20alpha-diol disulfate"
38,100001993,209,32562,149820,"Lipid","Pregnenolone Steroids",3293,"NAMED","RKYCGXFEFAPXIP-BWUXAKENSA-N","C[C@@]12C(CCC3C2CC[C@@]4(C)C3CCC4C(OS(=O)(O)=O)C)=CC(OS(=O)(O)=O)CC1","pregnenediol disulfate (C21H34O8S2)*","pregnen-diol disulfate*",NA,NA,NA,NA,NA,NA,NA,NA,"Neg","pregnenediol disulfate_c21h34o8s2",507,"pregnenediol disulfate_c21h34o8s2","sample_cohort",NA
39,100002003,209,37174,144212,"Lipid","Pregnenolone Steroids",3283,"NAMED","YNTXPDSHGMGJJG-WGKOQXAXSA-N","C[C@@]1([C@H]2[C@@](COS(=O)(O)=O)=O)[C@](CC2)([H])[C@@](CC=C3[C@@]4(CC[C@H](O)C3)C)([H])[C@@]4([H])CC1","21-hydroxypregnenolone monosulfate (1)","21-hydroxypregnenolone monosulfate (1)",NA,NA,NA,"88378-34-1","152343",NA,NA,"174681","Neg","21_hydroxypregnenolone monosulfate",510,"21_hydroxypregnenolone monosulfate","sample_cohort",NA
40,100002007,209,37182,144256,"Lipid","Androgenic Steroids",3392,"NAMED","JHFAETDERBWUOO-SKIFDASYSA-N","O=S(O[C@H]1C2(C)C(CC1)C(CCC3C4(C)CC[C@@H](OS(=O)(O)=O)C3)C4CC2)(O)=O","5alpha-androstan-3alpha,17alpha-diol disulfate","5alpha-androstan-3alpha,17alpha-diol disulfate",NA,NA,NA,NA,NA,NA,NA,NA,"Neg","5alpha_androstan_3alpha_17alpha_diol disulfate",511,"5alpha_androstan_3alpha_17alpha_diol disulfate","sample_cohort",NA
41,100002008,209,37183,144260,"Lipid","Androgenic Steroids",3391,"NAMED","LERFMBCTNMFXCT-SKIFDASYSA-N","O[C@H]1C2(C)C(CC1)C(CCC3C4(C)CC[C@@H](OS(=O)(O)=O)C3)C4CC2","5alpha-androstan-3alpha,17alpha-diol monosulfate","5alpha-androstan-3alpha,17alpha-diol monosulfate",NA,NA,NA,NA,NA,"HMDB0000412",NA,NA,"Neg","5alpha_androstan_3alpha_17alpha_diol monosulfate",512,"5alpha_androstan_3alpha_17alpha_diol monosulfate","sample_cohort","3alpha-Androstanediol"
41,100002008,209,37183,144260,"Lipid","Androgenic Steroids",3391,"NAMED","LERFMBCTNMFXCT-SKIFDASYSA-N","O[C@H]1C2(C)C(CC1)C(CCC3C4(C)CC[C@@H](OS(=O)(O)=O)C3)C4CC2","5alpha-androstan-3alpha,17alpha-diol monosulfate","5alpha-androstan-3alpha,17alpha-diol monosulfate",NA,NA,NA,NA,NA,"HMDB0000412",NA,NA,"Neg","5alpha_androstan_3alpha_17alpha_diol monosulfate",512,"5alpha_androstan_3alpha_17alpha_diol monosulfate","sample_cohort","5alpha-Androstane-3beta,17beta-diol"
41,100002008,209,37183,144260,"Lipid","Androgenic Steroids",3391,"NAMED","LERFMBCTNMFXCT-SKIFDASYSA-N","O[C@H]1C2(C)C(CC1)C(CCC3C4(C)CC[C@@H](OS(=O)(O)=O)C3)C4CC2","5alpha-androstan-3alpha,17alpha-diol monosulfate","5alpha-androstan-3alpha,17alpha-diol monosulfate",NA,NA,NA,NA,NA,"HMDB0000412",NA,NA,"Neg","5alpha_androstan_3alpha_17alpha_diol monosulfate",512,"5alpha_androstan_3alpha_17alpha_diol monosulfate","sample_cohort","3alpha-Androstanediol"
41,100002008,209,37183,144260,"Lipid","Androgenic Steroids",3391,"NAMED","LERFMBCTNMFXCT-SKIFDASYSA-N","O[C@H]1C2(C)C(CC1)C(CCC3C4(C)CC[C@@H](OS(=O)(O)=O)C3)C4CC2","5alpha-androstan-3alpha,17alpha-diol monosulfate","5alpha-androstan-3alpha,17alpha-diol monosulfate",NA,NA,NA,NA,NA,"HMDB0000412",NA,NA,"Neg","5alpha_androstan_3alpha_17alpha_diol monosulfate",512,"5alpha_androstan_3alpha_17alpha_diol monosulfate","sample_cohort","3alpha-Androstanediol"
41,100002008,209,37183,144260,"Lipid","Androgenic Steroids",3391,"NAMED","LERFMBCTNMFXCT-SKIFDASYSA-N","O[C@H]1C2(C)C(CC1)C(CCC3C4(C)CC[C@@H](OS(=O)(O)=O)C3)C4CC2","5alpha-androstan-3alpha,17alpha-diol monosulfate","5alpha-androstan-3alpha,17alpha-diol monosulfate",NA,NA,NA,NA,NA,"HMDB0000412",NA,NA,"Neg","5alpha_androstan_3alpha_17alpha_diol monosulfate",512,"5alpha_androstan_3alpha_17alpha_diol monosulfate","sample_cohort","5alpha-Androstane-3beta,17beta-diol"
41,100002008,209,37183,144260,"Lipid","Androgenic Steroids",3391,"NAMED","LERFMBCTNMFXCT-SKIFDASYSA-N","O[C@H]1C2(C)C(CC1)C(CCC3C4(C)CC[C@@H](OS(=O)(O)=O)C3)C4CC2","5alpha-androstan-3alpha,17alpha-diol monosulfate","5alpha-androstan-3alpha,17alpha-diol monosulfate",NA,NA,NA,NA,NA,"HMDB0000412",NA,NA,"Neg","5alpha_androstan_3alpha_17alpha_diol monosulfate",512,"5alpha_androstan_3alpha_17alpha_diol monosulfate","sample_cohort","3alpha-Androstanediol"
41,100002008,209,37183,144260,"Lipid","Androgenic Steroids",3391,"NAMED","LERFMBCTNMFXCT-SKIFDASYSA-N","O[C@H]1C2(C)C(CC1)C(CCC3C4(C)CC[C@@H](OS(=O)(O)=O)C3)C4CC2","5alpha-androstan-3alpha,17alpha-diol monosulfate","5alpha-androstan-3alpha,17alpha-diol monosulfate",NA,NA,NA,NA,NA,"HMDB0000412",NA,NA,"Neg","5alpha_androstan_3alpha_17alpha_diol monosulfate",512,"5alpha_androstan_3alpha_17alpha_diol monosulfate","sample_cohort","3alpha-Androstanediol"
41,100002008,209,37183,144260,"Lipid","Androgenic Steroids",3391,"NAMED","LERFMBCTNMFXCT-SKIFDASYSA-N","O[C@H]1C2(C)C(CC1)C(CCC3C4(C)CC[C@@H](OS(=O)(O)=O)C3)C4CC2","5alpha-androstan-3alpha,17alpha-diol monosulfate","5alpha-androstan-3alpha,17alpha-diol monosulfate",NA,NA,NA,NA,NA,"HMDB0000412",NA,NA,"Neg","5alpha_androstan_3alpha_17alpha_diol monosulfate",512,"5alpha_androstan_3alpha_17alpha_diol monosulfate","sample_cohort","3alpha-Androstanediol"
42,100002009,209,37196,144279,"Lipid","Progestin Steroids",3304,"NAMED","NOGKXXMAHGCQBS-VNCHAANSSA-N","O[C@H]1CC[C@@]2(C)[C@](CCC3C2CC[C@@]4(C)C3CCC4C(C)OS(=O)(O)=O)([H])C1","5alpha-pregnan-3beta,20beta-diol monosulfate (1)","5alpha-pregnan-3beta,20beta-diol monosulfate (1)",NA,NA,NA,NA,NA,"HMDB0240580",NA,NA,"Neg","5alpha_pregnan_3beta_20beta_diol monosulfate",513,"5alpha_pregnan_3beta_20beta_diol monosulfate","sample_cohort",NA
43,100002013,209,37199,144282,"Lipid","Progestin Steroids",3306,"NAMED","NOGKXXMAHGCQBS-MHACIFFSSA-N","O[C@H]1CC[C@@]2(C)[C@](CCC3C2CC[C@@]4(C)C3CCC4[C@](C)([H])OS(=O)(O)=O)([H])C1","5alpha-pregnan-3beta,20alpha-diol monosulfate (1)","5alpha-pregnan-3beta,20alpha-diol monosulfate (1)",NA,NA,NA,NA,NA,NA,NA,NA,"Neg","5alpha_pregnan_3beta_20alpha_diol monosulfate",514,"5alpha_pregnan_3beta_20alpha_diol monosulfate","sample_cohort",NA
44,100002014,209,37200,144283,"Lipid","Progestin Steroids",3307,"NAMED","ZIVKBPVUJZDVBI-MHACIFFSSA-N","C[C@@]12[C@](CCC3C2CC[C@@]4(C)C3CCC4[C@](C)([H])O)([H])C[C@@H](OS(=O)(O)=O)CC1","5alpha-pregnan-3beta,20alpha-diol monosulfate (2)","5alpha-pregnan-3beta,20alpha-diol monosulfate (2)",NA,NA,NA,NA,NA,NA,NA,NA,"Neg","5alpha_pregnan_3beta_20alpha_diol monosulfate",515,"5alpha_pregnan_3beta_20alpha_diol monosulfate","sample_cohort",NA
45,100002015,209,46172,144285,"Lipid","Progestin Steroids",3314,"NAMED","LSQGWMYMIHQKSA-UHFFFAOYSA-N","CC(OS(=O)(O)=O)C1CCC2C3CCC4CC(OS(=O)(O)=O)CCC4(C)C3CCC21C","5alpha-pregnan-diol disulfate","5alpha-pregnan-diol disulfate",NA,NA,NA,NA,"4302261","HMDB0240581,HMDB0240582",NA,"3082277,5127902","Neg","5alpha_pregnan_diol disulfate",516,"5alpha_pregnan_diol disulfate","sample_cohort",NA
46,100002017,209,37184,144264,"Lipid","Androgenic Steroids",3413,"NAMED","JHFAETDERBWUOO-ILBJSTGGSA-N","C[C@@]12[C@](CCC3C2CC[C@@]4(C)C3CC[C@@H]4OS(=O)(O)=O)([H])C[C@H](OS(=O)(O)=O)CC1","5alpha-androstan-3alpha,17beta-diol disulfate","5alpha-androstan-3alpha,17beta-diol disulfate",NA,NA,NA,NA,NA,"HMDB0094682",NA,"56639109","Neg","5alpha_androstan_3alpha_17beta_diol disulfate",517,"5alpha_androstan_3alpha_17beta_diol disulfate","sample_cohort","5alpha-Androstan-3alpha,17beta-diol disulfate"
46,100002017,209,37184,144264,"Lipid","Androgenic Steroids",3413,"NAMED","JHFAETDERBWUOO-ILBJSTGGSA-N","C[C@@]12[C@](CCC3C2CC[C@@]4(C)C3CC[C@@H]4OS(=O)(O)=O)([H])C[C@H](OS(=O)(O)=O)CC1","5alpha-androstan-3alpha,17beta-diol disulfate","5alpha-androstan-3alpha,17beta-diol disulfate",NA,NA,NA,NA,NA,"HMDB0094682",NA,"56639109","Neg","5alpha_androstan_3alpha_17beta_diol disulfate",517,"5alpha_androstan_3alpha_17beta_diol disulfate","sample_cohort","5alpha-Androstan-3alpha,17beta-diol disulfate"
46,100002017,209,37184,144264,"Lipid","Androgenic Steroids",3413,"NAMED","JHFAETDERBWUOO-ILBJSTGGSA-N","C[C@@]12[C@](CCC3C2CC[C@@]4(C)C3CC[C@@H]4OS(=O)(O)=O)([H])C[C@H](OS(=O)(O)=O)CC1","5alpha-androstan-3alpha,17beta-diol disulfate","5alpha-androstan-3alpha,17beta-diol disulfate",NA,NA,NA,NA,NA,"HMDB0094682",NA,"56639109","Neg","5alpha_androstan_3alpha_17beta_diol disulfate",517,"5alpha_androstan_3alpha_17beta_diol disulfate","sample_cohort","5alpha-Androstan-3alpha,17beta-diol disulfate"
46,100002017,209,37184,144264,"Lipid","Androgenic Steroids",3413,"NAMED","JHFAETDERBWUOO-ILBJSTGGSA-N","C[C@@]12[C@](CCC3C2CC[C@@]4(C)C3CC[C@@H]4OS(=O)(O)=O)([H])C[C@H](OS(=O)(O)=O)CC1","5alpha-androstan-3alpha,17beta-diol disulfate","5alpha-androstan-3alpha,17beta-diol disulfate",NA,NA,NA,NA,NA,"HMDB0094682",NA,"56639109","Neg","5alpha_androstan_3alpha_17beta_diol disulfate",517,"5alpha_androstan_3alpha_17beta_diol disulfate","sample_cohort","5alpha-Androstan-3alpha,17beta-diol disulfate"
46,100002017,209,37184,144264,"Lipid","Androgenic Steroids",3413,"NAMED","JHFAETDERBWUOO-ILBJSTGGSA-N","C[C@@]12[C@](CCC3C2CC[C@@]4(C)C3CC[C@@H]4OS(=O)(O)=O)([H])C[C@H](OS(=O)(O)=O)CC1","5alpha-androstan-3alpha,17beta-diol disulfate","5alpha-androstan-3alpha,17beta-diol disulfate",NA,NA,NA,NA,NA,"HMDB0094682",NA,"56639109","Neg","5alpha_androstan_3alpha_17beta_diol disulfate",517,"5alpha_androstan_3alpha_17beta_diol disulfate","sample_cohort","5alpha-Androstan-3alpha,17beta-diol disulfate"
46,100002017,209,37184,144264,"Lipid","Androgenic Steroids",3413,"NAMED","JHFAETDERBWUOO-ILBJSTGGSA-N","C[C@@]12[C@](CCC3C2CC[C@@]4(C)C3CC[C@@H]4OS(=O)(O)=O)([H])C[C@H](OS(=O)(O)=O)CC1","5alpha-androstan-3alpha,17beta-diol disulfate","5alpha-androstan-3alpha,17beta-diol disulfate",NA,NA,NA,NA,NA,"HMDB0094682",NA,"56639109","Neg","5alpha_androstan_3alpha_17beta_diol disulfate",517,"5alpha_androstan_3alpha_17beta_diol disulfate","sample_cohort","5alpha-Androstan-3alpha,17beta-diol disulfate"
46,100002017,209,37184,144264,"Lipid","Androgenic Steroids",3413,"NAMED","JHFAETDERBWUOO-ILBJSTGGSA-N","C[C@@]12[C@](CCC3C2CC[C@@]4(C)C3CC[C@@H]4OS(=O)(O)=O)([H])C[C@H](OS(=O)(O)=O)CC1","5alpha-androstan-3alpha,17beta-diol disulfate","5alpha-androstan-3alpha,17beta-diol disulfate",NA,NA,NA,NA,NA,"HMDB0094682",NA,"56639109","Neg","5alpha_androstan_3alpha_17beta_diol disulfate",517,"5alpha_androstan_3alpha_17beta_diol disulfate","sample_cohort","5alpha-Androstan-3alpha,17beta-diol disulfate"
47,100002018,209,37186,144270,"Lipid","Androgenic Steroids",3411,"NAMED","LERFMBCTNMFXCT-ILBJSTGGSA-N","C[C@@]12[C@](CCC3C2CC[C@@]4(C)C3CC[C@@H]4O)([H])C[C@H](OS(=O)(O)=O)CC1","5alpha-androstan-3alpha,17beta-diol monosulfate (1)","5alpha-androstan-3alpha,17beta-diol monosulfate (1)",NA,NA,NA,NA,NA,NA,NA,"121596226,121596225","Neg","5alpha_androstan_3alpha_17beta_diol monosulfate",518,"5alpha_androstan_3alpha_17beta_diol monosulfate","sample_cohort",NA
48,100002021,209,37187,144291,"Lipid","Androgenic Steroids",3422,"NAMED","JHFAETDERBWUOO-ILSMVHKQSA-N","O=S(O[C@@H]1CCC2C3CC[C@@]4([H])C[C@@H](OS(=O)(O)=O)CC[C@]4(C)C3CC[C@@]21C)(O)=O","5alpha-androstan-3beta,17alpha-diol disulfate","5alpha-androstan-3beta,17alpha-diol disulfate",NA,NA,NA,NA,NA,"HMDB0094682",NA,"56639109","Neg","5alpha_androstan_3beta_17alpha_diol disulfate",519,"5alpha_androstan_3beta_17alpha_diol disulfate","sample_cohort","5alpha-Androstan-3alpha,17beta-diol disulfate"
49,100002024,209,37192,144276,"Lipid","Androgenic Steroids",3418,"NAMED","KWYNDVHEQWYGIL-ARKAXQQOSA-N","O[C@H]1CC[C@@]2(C)[C@](CCC3C2CC[C@@]4(C)C3CC[C@@H]4OS(=O)(O)=O)([H])C1","5alpha-androstan-3beta,17beta-diol monosulfate (2)","5alpha-androstan-3beta,17beta-diol monosulfate (2)",NA,NA,NA,NA,NA,NA,NA,NA,"Neg","5alpha_androstan_3beta_17beta_diol monosulfate",520,"5alpha_androstan_3beta_17beta_diol monosulfate","sample_cohort",NA
50,100002026,209,37207,144213,"Lipid","Androgenic Steroids",3400,"NAMED","VPDALJSLCNNODJ-BVKUPEMCSA-N","O[C@@H]1CCC2C3CCC4=C[C@H](OS(=O)(O)=O)CC[C@]4(C)C3CC[C@@]21C","androstenediol (3alpha, 17alpha) monosulfate (2)","androstenediol (3alpha, 17alpha) monosulfate (2)",NA,NA,NA,NA,NA,NA,NA,NA,"Neg","androstenediol_3alpha_17alpha_monosulfate",521,"androstenediol_3alpha_17alpha_monosulfate","sample_cohort",NA
51,100002027,209,37209,144214,"Lipid","Androgenic Steroids",3401,"NAMED","VPDALJSLCNNODJ-IUIQAQCZSA-N","O[C@@H]1CCC2C3CCC4=CC(OS(=O)(O)=O)CC[C@]4(C)C3CC[C@@]21C","androstenediol (3alpha, 17alpha) monosulfate (3)","androstenediol (3alpha, 17alpha) monosulfate (3)",NA,NA,NA,NA,NA,NA,NA,NA,"Neg","androstenediol_3alpha_17alpha_monosulfate",522,"androstenediol_3alpha_17alpha_monosulfate","sample_cohort",NA
52,100002035,209,37480,212653,"Lipid","Progestin Steroids",3303,"NAMED","MENQCIVHHONJLU-PSLKZVIBSA-N","C[C@@]12C(CCC2C(C)=O)C3CC[C@@]4([H])C[C@@H](OS(=O)(O)=O)CC[C@]4(C)C3CC1","5alpha-pregnan-3beta-ol,20-one sulfate","5alpha-pregnan-3beta-ol,20-one sulfate",NA,NA,NA,"7730-00-9",NA,NA,NA,NA,"Neg","5alpha_pregnan_3beta_ol_20_one sulfate",525,"5alpha_pregnan_3beta_ol_20_one sulfate","sample_cohort",NA
53,100002060,402,44633,159616,"Lipid","Lysophospholipid",2721,"NAMED","XEVRBOQZSXWGQO-FJXNLOIUSA-N","NCCOP(OC[C@](O)([H])COC(CC\C=C/C/C=C\C/C=C\C/C=C\C/C=C\C/C=C\CC)=O)(O)=O","1-docosahexaenoyl-GPE (22:6)*","1-docosahexaenoyl-GPE (22:6)*","LPE 22:6","LPE 22:6","LPE 22:6/0:0",NA,NA,NA,NA,NA,"Pos Late","1_docosahexaenoyl_gpe_22_6",527,"1_docosahexaenoyl_gpe_22_6","sample_cohort",NA
54,100002061,209,34258,144195,"Lipid","Lysophospholipid",2722,"NAMED","TWBVHOYVCUOMJY-PAUXXPOVSA-N","OC[C@](OC(CC\C=C/C/C=C\C/C=C\C/C=C\C/C=C\C/C=C\CC)=O)([H])COP(OCCN)(O)=O","2-docosahexaenoyl-GPE (22:6)*","2-docosahexaenoyl-GPE (22:6)*","LPE 22:6","LPE 22:6","LPE 0:0/22:6",NA,NA,"HMDB0011496",NA,NA,"Neg","2_docosahexaenoyl_gpe_22_6",528,"2_docosahexaenoyl_gpe_22_6","sample_cohort","LPE 0:0/22:6(4Z,7Z,10Z,13Z,16Z,19Z)"
54,100002061,209,34258,144195,"Lipid","Lysophospholipid",2722,"NAMED","TWBVHOYVCUOMJY-PAUXXPOVSA-N","OC[C@](OC(CC\C=C/C/C=C\C/C=C\C/C=C\C/C=C\C/C=C\CC)=O)([H])COP(OCCN)(O)=O","2-docosahexaenoyl-GPE (22:6)*","2-docosahexaenoyl-GPE (22:6)*","LPE 22:6","LPE 22:6","LPE 0:0/22:6",NA,NA,"HMDB0011496",NA,NA,"Neg","2_docosahexaenoyl_gpe_22_6",528,"2_docosahexaenoyl_gpe_22_6","sample_cohort","LPE 0:0/22:6(4Z,7Z,10Z,13Z,16Z,19Z)"
54,100002061,209,34258,144195,"Lipid","Lysophospholipid",2722,"NAMED","TWBVHOYVCUOMJY-PAUXXPOVSA-N","OC[C@](OC(CC\C=C/C/C=C\C/C=C\C/C=C\C/C=C\C/C=C\CC)=O)([H])COP(OCCN)(O)=O","2-docosahexaenoyl-GPE (22:6)*","2-docosahexaenoyl-GPE (22:6)*","LPE 22:6","LPE 22:6","LPE 0:0/22:6",NA,NA,"HMDB0011496",NA,NA,"Neg","2_docosahexaenoyl_gpe_22_6",528,"2_docosahexaenoyl_gpe_22_6","sample_cohort","LPE 0:0/22:6(4Z,7Z,10Z,13Z,16Z,19Z)"
54,100002061,209,34258,144195,"Lipid","Lysophospholipid",2722,"NAMED","TWBVHOYVCUOMJY-PAUXXPOVSA-N","OC[C@](OC(CC\C=C/C/C=C\C/C=C\C/C=C\C/C=C\C/C=C\CC)=O)([H])COP(OCCN)(O)=O","2-docosahexaenoyl-GPE (22:6)*","2-docosahexaenoyl-GPE (22:6)*","LPE 22:6","LPE 22:6","LPE 0:0/22:6",NA,NA,"HMDB0011496",NA,NA,"Neg","2_docosahexaenoyl_gpe_22_6",528,"2_docosahexaenoyl_gpe_22_6","sample_cohort","LPE 0:0/22:6(4Z,7Z,10Z,13Z,16Z,19Z)"
54,100002061,209,34258,144195,"Lipid","Lysophospholipid",2722,"NAMED","TWBVHOYVCUOMJY-PAUXXPOVSA-N","OC[C@](OC(CC\C=C/C/C=C\C/C=C\C/C=C\C/C=C\C/C=C\CC)=O)([H])COP(OCCN)(O)=O","2-docosahexaenoyl-GPE (22:6)*","2-docosahexaenoyl-GPE (22:6)*","LPE 22:6","LPE 22:6","LPE 0:0/22:6",NA,NA,"HMDB0011496",NA,NA,"Neg","2_docosahexaenoyl_gpe_22_6",528,"2_docosahexaenoyl_gpe_22_6","sample_cohort","LPE 0:0/22:6(4Z,7Z,10Z,13Z,16Z,19Z)"
54,100002061,209,34258,144195,"Lipid","Lysophospholipid",2722,"NAMED","TWBVHOYVCUOMJY-PAUXXPOVSA-N","OC[C@](OC(CC\C=C/C/C=C\C/C=C\C/C=C\C/C=C\C/C=C\CC)=O)([H])COP(OCCN)(O)=O","2-docosahexaenoyl-GPE (22:6)*","2-docosahexaenoyl-GPE (22:6)*","LPE 22:6","LPE 22:6","LPE 0:0/22:6",NA,NA,"HMDB0011496",NA,NA,"Neg","2_docosahexaenoyl_gpe_22_6",528,"2_docosahexaenoyl_gpe_22_6","sample_cohort","PE 0:0/22:6(4Z,7Z,10Z,13Z,16Z,19Z)*"
54,100002061,209,34258,144195,"Lipid","Lysophospholipid",2722,"NAMED","TWBVHOYVCUOMJY-PAUXXPOVSA-N","OC[C@](OC(CC\C=C/C/C=C\C/C=C\C/C=C\C/C=C\C/C=C\CC)=O)([H])COP(OCCN)(O)=O","2-docosahexaenoyl-GPE (22:6)*","2-docosahexaenoyl-GPE (22:6)*","LPE 22:6","LPE 22:6","LPE 0:0/22:6",NA,NA,"HMDB0011496",NA,NA,"Neg","2_docosahexaenoyl_gpe_22_6",528,"2_docosahexaenoyl_gpe_22_6","sample_cohort","LPE 0:0/22:6"
54,100002061,209,34258,144195,"Lipid","Lysophospholipid",2722,"NAMED","TWBVHOYVCUOMJY-PAUXXPOVSA-N","OC[C@](OC(CC\C=C/C/C=C\C/C=C\C/C=C\C/C=C\C/C=C\CC)=O)([H])COP(OCCN)(O)=O","2-docosahexaenoyl-GPE (22:6)*","2-docosahexaenoyl-GPE (22:6)*","LPE 22:6","LPE 22:6","LPE 0:0/22:6",NA,NA,"HMDB0011496",NA,NA,"Neg","2_docosahexaenoyl_gpe_22_6",528,"2_docosahexaenoyl_gpe_22_6","sample_cohort","LPE 22:6"
54,100002061,209,34258,144195,"Lipid","Lysophospholipid",2722,"NAMED","TWBVHOYVCUOMJY-PAUXXPOVSA-N","OC[C@](OC(CC\C=C/C/C=C\C/C=C\C/C=C\C/C=C\C/C=C\CC)=O)([H])COP(OCCN)(O)=O","2-docosahexaenoyl-GPE (22:6)*","2-docosahexaenoyl-GPE (22:6)*","LPE 22:6","LPE 22:6","LPE 0:0/22:6",NA,NA,"HMDB0011496",NA,NA,"Neg","2_docosahexaenoyl_gpe_22_6",528,"2_docosahexaenoyl_gpe_22_6","sample_cohort","LPE 22:6"
54,100002061,209,34258,144195,"Lipid","Lysophospholipid",2722,"NAMED","TWBVHOYVCUOMJY-PAUXXPOVSA-N","OC[C@](OC(CC\C=C/C/C=C\C/C=C\C/C=C\C/C=C\C/C=C\CC)=O)([H])COP(OCCN)(O)=O","2-docosahexaenoyl-GPE (22:6)*","2-docosahexaenoyl-GPE (22:6)*","LPE 22:6","LPE 22:6","LPE 0:0/22:6",NA,NA,"HMDB0011496",NA,NA,"Neg","2_docosahexaenoyl_gpe_22_6",528,"2_docosahexaenoyl_gpe_22_6","sample_cohort","LPE 0:0/22:6"
54,100002061,209,34258,144195,"Lipid","Lysophospholipid",2722,"NAMED","TWBVHOYVCUOMJY-PAUXXPOVSA-N","OC[C@](OC(CC\C=C/C/C=C\C/C=C\C/C=C\C/C=C\C/C=C\CC)=O)([H])COP(OCCN)(O)=O","2-docosahexaenoyl-GPE (22:6)*","2-docosahexaenoyl-GPE (22:6)*","LPE 22:6","LPE 22:6","LPE 0:0/22:6",NA,NA,"HMDB0011496",NA,NA,"Neg","2_docosahexaenoyl_gpe_22_6",528,"2_docosahexaenoyl_gpe_22_6","sample_cohort","LPE 22:6"
54,100002061,209,34258,144195,"Lipid","Lysophospholipid",2722,"NAMED","TWBVHOYVCUOMJY-PAUXXPOVSA-N","OC[C@](OC(CC\C=C/C/C=C\C/C=C\C/C=C\C/C=C\C/C=C\CC)=O)([H])COP(OCCN)(O)=O","2-docosahexaenoyl-GPE (22:6)*","2-docosahexaenoyl-GPE (22:6)*","LPE 22:6","LPE 22:6","LPE 0:0/22:6",NA,NA,"HMDB0011496",NA,NA,"Neg","2_docosahexaenoyl_gpe_22_6",528,"2_docosahexaenoyl_gpe_22_6","sample_cohort","LPE 0:0/22:6"
54,100002061,209,34258,144195,"Lipid","Lysophospholipid",2722,"NAMED","TWBVHOYVCUOMJY-PAUXXPOVSA-N","OC[C@](OC(CC\C=C/C/C=C\C/C=C\C/C=C\C/C=C\C/C=C\CC)=O)([H])COP(OCCN)(O)=O","2-docosahexaenoyl-GPE (22:6)*","2-docosahexaenoyl-GPE (22:6)*","LPE 22:6","LPE 22:6","LPE 0:0/22:6",NA,NA,"HMDB0011496",NA,NA,"Neg","2_docosahexaenoyl_gpe_22_6",528,"2_docosahexaenoyl_gpe_22_6","sample_cohort","LPE 22:6"
54,100002061,209,34258,144195,"Lipid","Lysophospholipid",2722,"NAMED","TWBVHOYVCUOMJY-PAUXXPOVSA-N","OC[C@](OC(CC\C=C/C/C=C\C/C=C\C/C=C\C/C=C\C/C=C\CC)=O)([H])COP(OCCN)(O)=O","2-docosahexaenoyl-GPE (22:6)*","2-docosahexaenoyl-GPE (22:6)*","LPE 22:6","LPE 22:6","LPE 0:0/22:6",NA,NA,"HMDB0011496",NA,NA,"Neg","2_docosahexaenoyl_gpe_22_6",528,"2_docosahexaenoyl_gpe_22_6","sample_cohort","LPE 22:6"
55,100002102,209,37432,127667,"Nucleotide","Pyrimidine Metabolism, Uracil containing",4276,"NAMED","LJLLAWRMBZNPMO-UHFFFAOYSA-N","CC(NCCC(O)=O)=O","N-acetyl-beta-alanine","N-acetyl-beta-alanine",NA,NA,NA,"3025-95-4","68881","HMDB0061880","C01073","76406","Neg","n_acetyl_beta_alanine",532,"n_acetyl_beta_alanine","sample_cohort","N-Acetyl-beta-alanine"
55,100002102,209,37432,127667,"Nucleotide","Pyrimidine Metabolism, Uracil containing",4276,"NAMED","LJLLAWRMBZNPMO-UHFFFAOYSA-N","CC(NCCC(O)=O)=O","N-acetyl-beta-alanine","N-acetyl-beta-alanine",NA,NA,NA,"3025-95-4","68881","HMDB0061880","C01073","76406","Neg","n_acetyl_beta_alanine",532,"n_acetyl_beta_alanine","sample_cohort","N-Acetyl-beta-alanine"
55,100002102,209,37432,127667,"Nucleotide","Pyrimidine Metabolism, Uracil containing",4276,"NAMED","LJLLAWRMBZNPMO-UHFFFAOYSA-N","CC(NCCC(O)=O)=O","N-acetyl-beta-alanine","N-acetyl-beta-alanine",NA,NA,NA,"3025-95-4","68881","HMDB0061880","C01073","76406","Neg","n_acetyl_beta_alanine",532,"n_acetyl_beta_alanine","sample_cohort","N-Acetyl-beta-alanine"
55,100002102,209,37432,127667,"Nucleotide","Pyrimidine Metabolism, Uracil containing",4276,"NAMED","LJLLAWRMBZNPMO-UHFFFAOYSA-N","CC(NCCC(O)=O)=O","N-acetyl-beta-alanine","N-acetyl-beta-alanine",NA,NA,NA,"3025-95-4","68881","HMDB0061880","C01073","76406","Neg","n_acetyl_beta_alanine",532,"n_acetyl_beta_alanine","sample_cohort","N-Acetyl-beta-alanine"
56,100002126,209,38168,143871,"Lipid","Androgenic Steroids",3372,"NAMED","ALBNSVAJDFJRKQ-UAFBDMIJSA-N","O=C1[C@H](O)CC2C3CC=C4C[C@@H](OS(=O)(O)=O)CC[C@]4(C)C3CC[C@@]21C","16alpha-hydroxy DHEA 3-sulfate","16alpha-hydroxy DHEA 3-sulfate",NA,NA,NA,NA,NA,"HMDB0062544",NA,"20848950","Neg","16alpha_hydroxy dhea 3_sulfate",536,"16alpha_hydroxy dhea 3_sulfate","sample_cohort","3beta,16alpha-Dihydroxyandrostenone 3-sulfate"
56,100002126,209,38168,143871,"Lipid","Androgenic Steroids",3372,"NAMED","ALBNSVAJDFJRKQ-UAFBDMIJSA-N","O=C1[C@H](O)CC2C3CC=C4C[C@@H](OS(=O)(O)=O)CC[C@]4(C)C3CC[C@@]21C","16alpha-hydroxy DHEA 3-sulfate","16alpha-hydroxy DHEA 3-sulfate",NA,NA,NA,NA,NA,"HMDB0062544",NA,"20848950","Neg","16alpha_hydroxy dhea 3_sulfate",536,"16alpha_hydroxy dhea 3_sulfate","sample_cohort","3beta,16alpha-Dihydroxyandrostenone 3-sulfate"
56,100002126,209,38168,143871,"Lipid","Androgenic Steroids",3372,"NAMED","ALBNSVAJDFJRKQ-UAFBDMIJSA-N","O=C1[C@H](O)CC2C3CC=C4C[C@@H](OS(=O)(O)=O)CC[C@]4(C)C3CC[C@@]21C","16alpha-hydroxy DHEA 3-sulfate","16alpha-hydroxy DHEA 3-sulfate",NA,NA,NA,NA,NA,"HMDB0062544",NA,"20848950","Neg","16alpha_hydroxy dhea 3_sulfate",536,"16alpha_hydroxy dhea 3_sulfate","sample_cohort","3beta,16alpha-Dihydroxyandrostenone 3-sulfate"
56,100002126,209,38168,143871,"Lipid","Androgenic Steroids",3372,"NAMED","ALBNSVAJDFJRKQ-UAFBDMIJSA-N","O=C1[C@H](O)CC2C3CC=C4C[C@@H](OS(=O)(O)=O)CC[C@]4(C)C3CC[C@@]21C","16alpha-hydroxy DHEA 3-sulfate","16alpha-hydroxy DHEA 3-sulfate",NA,NA,NA,NA,NA,"HMDB0062544",NA,"20848950","Neg","16alpha_hydroxy dhea 3_sulfate",536,"16alpha_hydroxy dhea 3_sulfate","sample_cohort","3beta,16alpha-Dihydroxyandrostenone 3-sulfate"
56,100002126,209,38168,143871,"Lipid","Androgenic Steroids",3372,"NAMED","ALBNSVAJDFJRKQ-UAFBDMIJSA-N","O=C1[C@H](O)CC2C3CC=C4C[C@@H](OS(=O)(O)=O)CC[C@]4(C)C3CC[C@@]21C","16alpha-hydroxy DHEA 3-sulfate","16alpha-hydroxy DHEA 3-sulfate",NA,NA,NA,NA,NA,"HMDB0062544",NA,"20848950","Neg","16alpha_hydroxy dhea 3_sulfate",536,"16alpha_hydroxy dhea 3_sulfate","sample_cohort","3beta,16alpha-Dihydroxyandrostenone 3-sulfate"
57,100002171,402,37419,211147,"Lipid","Lysophospholipid",2692,"NAMED","RVNBVQKDPQVSOY-NRFANRHFSA-N","O=P(OCCN)(O)OC[C@@H](O)COC(CCCCCCCCCCCCCCCC)=O","1-margaroyl-GPE (17:0)*","1-margaroyl-GPE (17:0)*","LPE 17:0","LPE 17:0","LPE 17:0/0:0",NA,NA,"HMDB0061691",NA,"52925149","Pos Late","1_margaroyl_gpe_17_0",542,"1_margaroyl_gpe_17_0","sample_cohort","LPE 17:0/0:0"
57,100002171,402,37419,211147,"Lipid","Lysophospholipid",2692,"NAMED","RVNBVQKDPQVSOY-NRFANRHFSA-N","O=P(OCCN)(O)OC[C@@H](O)COC(CCCCCCCCCCCCCCCC)=O","1-margaroyl-GPE (17:0)*","1-margaroyl-GPE (17:0)*","LPE 17:0","LPE 17:0","LPE 17:0/0:0",NA,NA,"HMDB0061691",NA,"52925149","Pos Late","1_margaroyl_gpe_17_0",542,"1_margaroyl_gpe_17_0","sample_cohort","LPE 17:0/0:0"
57,100002171,402,37419,211147,"Lipid","Lysophospholipid",2692,"NAMED","RVNBVQKDPQVSOY-NRFANRHFSA-N","O=P(OCCN)(O)OC[C@@H](O)COC(CCCCCCCCCCCCCCCC)=O","1-margaroyl-GPE (17:0)*","1-margaroyl-GPE (17:0)*","LPE 17:0","LPE 17:0","LPE 17:0/0:0",NA,NA,"HMDB0061691",NA,"52925149","Pos Late","1_margaroyl_gpe_17_0",542,"1_margaroyl_gpe_17_0","sample_cohort","LPE 17:0"
57,100002171,402,37419,211147,"Lipid","Lysophospholipid",2692,"NAMED","RVNBVQKDPQVSOY-NRFANRHFSA-N","O=P(OCCN)(O)OC[C@@H](O)COC(CCCCCCCCCCCCCCCC)=O","1-margaroyl-GPE (17:0)*","1-margaroyl-GPE (17:0)*","LPE 17:0","LPE 17:0","LPE 17:0/0:0",NA,NA,"HMDB0061691",NA,"52925149","Pos Late","1_margaroyl_gpe_17_0",542,"1_margaroyl_gpe_17_0","sample_cohort","LPE 17:0"
58,100002199,209,62919,220775,"Lipid","Fatty Acid, Dicarboxylate",1713,"NAMED","LGDMAFABHAIORE-DUXPYHPUSA-N","O=C(O)CCCCCC/C=C/CCCC(O)=O","tridecenedioate (C13:1-DC)*","tridecenedioate (C13:1-DC)*",NA,NA,NA,NA,NA,NA,NA,NA,"Neg","tridecenedioate_c13_1_dc",545,"tridecenedioate_c13_1_dc","sample_cohort",NA
59,100002284,305,62950,220825,"Lipid","Fatty Acid, Dihydroxy",2056,"NAMED","LOUGYXZSURQALL-GBXIJSLDSA-N","C[C@@H](O)[C@H](O)C(O)=O","2S,3R-dihydroxybutyrate","2S,3R-dihydroxybutyrate",NA,NA,NA,"5057-93-2","9139682","HMDB0002453",NA,"10964471","Polar","2s_3r_dihydroxybutyrate",551,"2s_3r_dihydroxybutyrate","sample_cohort","4-Deoxythreonic acid"
59,100002284,305,62950,220825,"Lipid","Fatty Acid, Dihydroxy",2056,"NAMED","LOUGYXZSURQALL-GBXIJSLDSA-N","C[C@@H](O)[C@H](O)C(O)=O","2S,3R-dihydroxybutyrate","2S,3R-dihydroxybutyrate",NA,NA,NA,"5057-93-2","9139682","HMDB0002453",NA,"10964471","Polar","2s_3r_dihydroxybutyrate",551,"2s_3r_dihydroxybutyrate","sample_cohort","4-Deoxythreonic acid"
59,100002284,305,62950,220825,"Lipid","Fatty Acid, Dihydroxy",2056,"NAMED","LOUGYXZSURQALL-GBXIJSLDSA-N","C[C@@H](O)[C@H](O)C(O)=O","2S,3R-dihydroxybutyrate","2S,3R-dihydroxybutyrate",NA,NA,NA,"5057-93-2","9139682","HMDB0002453",NA,"10964471","Polar","2s_3r_dihydroxybutyrate",551,"2s_3r_dihydroxybutyrate","sample_cohort","4-Deoxythreonic acid"
60,100002344,209,38293,141840,"Lipid","Fatty Acid, Branched",1660,"NAMED","ZOCYQVNGROEVLU-UHFFFAOYSA-N","CC(C)CCCCCCCCCCCC(O)=O","(12 or 13)-methylmyristate (a15:0 or i15:0)","(12 or 13)-methylmyristate (a15:0 or i15:0)",NA,NA,NA,"2485-71-4","133106","HMDB0061707",NA,"151014","Neg","12 or 13_methylmyristate_a15_0 or i15_0",554,"12 or 13_methylmyristate_a15_0 or i15_0","sample_cohort","Isopentadecylic acid"
60,100002344,209,38293,141840,"Lipid","Fatty Acid, Branched",1660,"NAMED","ZOCYQVNGROEVLU-UHFFFAOYSA-N","CC(C)CCCCCCCCCCCC(O)=O","(12 or 13)-methylmyristate (a15:0 or i15:0)","(12 or 13)-methylmyristate (a15:0 or i15:0)",NA,NA,NA,"2485-71-4","133106","HMDB0061707",NA,"151014","Neg","12 or 13_methylmyristate_a15_0 or i15_0",554,"12 or 13_methylmyristate_a15_0 or i15_0","sample_cohort","Isopentadecylic acid"
60,100002344,209,38293,141840,"Lipid","Fatty Acid, Branched",1660,"NAMED","ZOCYQVNGROEVLU-UHFFFAOYSA-N","CC(C)CCCCCCCCCCCC(O)=O","(12 or 13)-methylmyristate (a15:0 or i15:0)","(12 or 13)-methylmyristate (a15:0 or i15:0)",NA,NA,NA,"2485-71-4","133106","HMDB0061707",NA,"151014","Neg","12 or 13_methylmyristate_a15_0 or i15_0",554,"12 or 13_methylmyristate_a15_0 or i15_0","sample_cohort","Isopentadecylic acid"
60,100002344,209,38293,141840,"Lipid","Fatty Acid, Branched",1660,"NAMED","ZOCYQVNGROEVLU-UHFFFAOYSA-N","CC(C)CCCCCCCCCCCC(O)=O","(12 or 13)-methylmyristate (a15:0 or i15:0)","(12 or 13)-methylmyristate (a15:0 or i15:0)",NA,NA,NA,"2485-71-4","133106","HMDB0061707",NA,"151014","Neg","12 or 13_methylmyristate_a15_0 or i15_0",554,"12 or 13_methylmyristate_a15_0 or i15_0","sample_cohort","Isopentadecylic acid"
60,100002344,209,38293,141840,"Lipid","Fatty Acid, Branched",1660,"NAMED","ZOCYQVNGROEVLU-UHFFFAOYSA-N","CC(C)CCCCCCCCCCCC(O)=O","(12 or 13)-methylmyristate (a15:0 or i15:0)","(12 or 13)-methylmyristate (a15:0 or i15:0)",NA,NA,NA,"2485-71-4","133106","HMDB0061707",NA,"151014","Neg","12 or 13_methylmyristate_a15_0 or i15_0",554,"12 or 13_methylmyristate_a15_0 or i15_0","sample_cohort","Isopentadecylic acid"
60,100002344,209,38293,141840,"Lipid","Fatty Acid, Branched",1660,"NAMED","ZOCYQVNGROEVLU-UHFFFAOYSA-N","CC(C)CCCCCCCCCCCC(O)=O","(12 or 13)-methylmyristate (a15:0 or i15:0)","(12 or 13)-methylmyristate (a15:0 or i15:0)",NA,NA,NA,"2485-71-4","133106","HMDB0061707",NA,"151014","Neg","12 or 13_methylmyristate_a15_0 or i15_0",554,"12 or 13_methylmyristate_a15_0 or i15_0","sample_cohort","Isopentadecylic acid"
60,100002344,209,38293,141840,"Lipid","Fatty Acid, Branched",1660,"NAMED","ZOCYQVNGROEVLU-UHFFFAOYSA-N","CC(C)CCCCCCCCCCCC(O)=O","(12 or 13)-methylmyristate (a15:0 or i15:0)","(12 or 13)-methylmyristate (a15:0 or i15:0)",NA,NA,NA,"2485-71-4","133106","HMDB0061707",NA,"151014","Neg","12 or 13_methylmyristate_a15_0 or i15_0",554,"12 or 13_methylmyristate_a15_0 or i15_0","sample_cohort","Isopentadecylic acid"
60,100002344,209,38293,141840,"Lipid","Fatty Acid, Branched",1660,"NAMED","ZOCYQVNGROEVLU-UHFFFAOYSA-N","CC(C)CCCCCCCCCCCC(O)=O","(12 or 13)-methylmyristate (a15:0 or i15:0)","(12 or 13)-methylmyristate (a15:0 or i15:0)",NA,NA,NA,"2485-71-4","133106","HMDB0061707",NA,"151014","Neg","12 or 13_methylmyristate_a15_0 or i15_0",554,"12 or 13_methylmyristate_a15_0 or i15_0","sample_cohort","Isopentadecylic acid"
60,100002344,209,38293,141840,"Lipid","Fatty Acid, Branched",1660,"NAMED","ZOCYQVNGROEVLU-UHFFFAOYSA-N","CC(C)CCCCCCCCCCCC(O)=O","(12 or 13)-methylmyristate (a15:0 or i15:0)","(12 or 13)-methylmyristate (a15:0 or i15:0)",NA,NA,NA,"2485-71-4","133106","HMDB0061707",NA,"151014","Neg","12 or 13_methylmyristate_a15_0 or i15_0",554,"12 or 13_methylmyristate_a15_0 or i15_0","sample_cohort","Isopentadecylic acid"
60,100002344,209,38293,141840,"Lipid","Fatty Acid, Branched",1660,"NAMED","ZOCYQVNGROEVLU-UHFFFAOYSA-N","CC(C)CCCCCCCCCCCC(O)=O","(12 or 13)-methylmyristate (a15:0 or i15:0)","(12 or 13)-methylmyristate (a15:0 or i15:0)",NA,NA,NA,"2485-71-4","133106","HMDB0061707",NA,"151014","Neg","12 or 13_methylmyristate_a15_0 or i15_0",554,"12 or 13_methylmyristate_a15_0 or i15_0","sample_cohort","Pentadecylic acid"
61,100002367,305,63109,221751,"Lipid","Fatty Acid, Dihydroxy",2057,"NAMED","LOUGYXZSURQALL-PWNYCUMCSA-N","OC([C@H](O)[C@H](O)C)=O","2R,3R-dihydroxybutyrate","2R,3R-dihydroxybutyrate",NA,NA,NA,"759-06-8","17215960","HMDB0000498",NA,"13120901","Polar","2r_3r_dihydroxybutyrate",556,"2r_3r_dihydroxybutyrate","sample_cohort","4-Deoxyerythronic acid"
61,100002367,305,63109,221751,"Lipid","Fatty Acid, Dihydroxy",2057,"NAMED","LOUGYXZSURQALL-PWNYCUMCSA-N","OC([C@H](O)[C@H](O)C)=O","2R,3R-dihydroxybutyrate","2R,3R-dihydroxybutyrate",NA,NA,NA,"759-06-8","17215960","HMDB0000498",NA,"13120901","Polar","2r_3r_dihydroxybutyrate",556,"2r_3r_dihydroxybutyrate","sample_cohort","4-Deoxyerythronic acid"
61,100002367,305,63109,221751,"Lipid","Fatty Acid, Dihydroxy",2057,"NAMED","LOUGYXZSURQALL-PWNYCUMCSA-N","OC([C@H](O)[C@H](O)C)=O","2R,3R-dihydroxybutyrate","2R,3R-dihydroxybutyrate",NA,NA,NA,"759-06-8","17215960","HMDB0000498",NA,"13120901","Polar","2r_3r_dihydroxybutyrate",556,"2r_3r_dihydroxybutyrate","sample_cohort","4-Deoxyerythronic acid"
61,100002367,305,63109,221751,"Lipid","Fatty Acid, Dihydroxy",2057,"NAMED","LOUGYXZSURQALL-PWNYCUMCSA-N","OC([C@H](O)[C@H](O)C)=O","2R,3R-dihydroxybutyrate","2R,3R-dihydroxybutyrate",NA,NA,NA,"759-06-8","17215960","HMDB0000498",NA,"13120901","Polar","2r_3r_dihydroxybutyrate",556,"2r_3r_dihydroxybutyrate","sample_cohort","2,3-Dihydroxybutanoic acid"
61,100002367,305,63109,221751,"Lipid","Fatty Acid, Dihydroxy",2057,"NAMED","LOUGYXZSURQALL-PWNYCUMCSA-N","OC([C@H](O)[C@H](O)C)=O","2R,3R-dihydroxybutyrate","2R,3R-dihydroxybutyrate",NA,NA,NA,"759-06-8","17215960","HMDB0000498",NA,"13120901","Polar","2r_3r_dihydroxybutyrate",556,"2r_3r_dihydroxybutyrate","sample_cohort","4-Deoxyerythronic acid"
61,100002367,305,63109,221751,"Lipid","Fatty Acid, Dihydroxy",2057,"NAMED","LOUGYXZSURQALL-PWNYCUMCSA-N","OC([C@H](O)[C@H](O)C)=O","2R,3R-dihydroxybutyrate","2R,3R-dihydroxybutyrate",NA,NA,NA,"759-06-8","17215960","HMDB0000498",NA,"13120901","Polar","2r_3r_dihydroxybutyrate",556,"2r_3r_dihydroxybutyrate","sample_cohort","4-Deoxyerythronic acid"
61,100002367,305,63109,221751,"Lipid","Fatty Acid, Dihydroxy",2057,"NAMED","LOUGYXZSURQALL-PWNYCUMCSA-N","OC([C@H](O)[C@H](O)C)=O","2R,3R-dihydroxybutyrate","2R,3R-dihydroxybutyrate",NA,NA,NA,"759-06-8","17215960","HMDB0000498",NA,"13120901","Polar","2r_3r_dihydroxybutyrate",556,"2r_3r_dihydroxybutyrate","sample_cohort","gamma-Butyrolactone"
61,100002367,305,63109,221751,"Lipid","Fatty Acid, Dihydroxy",2057,"NAMED","LOUGYXZSURQALL-PWNYCUMCSA-N","OC([C@H](O)[C@H](O)C)=O","2R,3R-dihydroxybutyrate","2R,3R-dihydroxybutyrate",NA,NA,NA,"759-06-8","17215960","HMDB0000498",NA,"13120901","Polar","2r_3r_dihydroxybutyrate",556,"2r_3r_dihydroxybutyrate","sample_cohort","2,3-Dihydroxybutanoic acid"
62,100002390,209,43592,152936,"Xenobiotics","Chemical",6256,"NAMED","JOXIMZWYDAKGHI-UHFFFAOYSA-N","CC1=CC=C(S(O)(=O)=O)C=C1","4-methylbenzenesulfonate","4-methylbenzenesulfonate",NA,NA,NA,"104-15-4","5876","HMDB0059933","C06677","85570","Neg","4_methylbenzenesulfonate",558,"4_methylbenzenesulfonate","sample_cohort","Toluene-4-sulfonic acid"
62,100002390,209,43592,152936,"Xenobiotics","Chemical",6256,"NAMED","JOXIMZWYDAKGHI-UHFFFAOYSA-N","CC1=CC=C(S(O)(=O)=O)C=C1","4-methylbenzenesulfonate","4-methylbenzenesulfonate",NA,NA,NA,"104-15-4","5876","HMDB0059933","C06677","85570","Neg","4_methylbenzenesulfonate",558,"4_methylbenzenesulfonate","sample_cohort","Toluene-4-sulfonic acid"
62,100002390,209,43592,152936,"Xenobiotics","Chemical",6256,"NAMED","JOXIMZWYDAKGHI-UHFFFAOYSA-N","CC1=CC=C(S(O)(=O)=O)C=C1","4-methylbenzenesulfonate","4-methylbenzenesulfonate",NA,NA,NA,"104-15-4","5876","HMDB0059933","C06677","85570","Neg","4_methylbenzenesulfonate",558,"4_methylbenzenesulfonate","sample_cohort","Toluene-4-sulfonic acid"
62,100002390,209,43592,152936,"Xenobiotics","Chemical",6256,"NAMED","JOXIMZWYDAKGHI-UHFFFAOYSA-N","CC1=CC=C(S(O)(=O)=O)C=C1","4-methylbenzenesulfonate","4-methylbenzenesulfonate",NA,NA,NA,"104-15-4","5876","HMDB0059933","C06677","85570","Neg","4_methylbenzenesulfonate",558,"4_methylbenzenesulfonate","sample_cohort","Toluene-4-sulfonic acid"
62,100002390,209,43592,152936,"Xenobiotics","Chemical",6256,"NAMED","JOXIMZWYDAKGHI-UHFFFAOYSA-N","CC1=CC=C(S(O)(=O)=O)C=C1","4-methylbenzenesulfonate","4-methylbenzenesulfonate",NA,NA,NA,"104-15-4","5876","HMDB0059933","C06677","85570","Neg","4_methylbenzenesulfonate",558,"4_methylbenzenesulfonate","sample_cohort","Toluene-4-sulfonic acid"
62,100002390,209,43592,152936,"Xenobiotics","Chemical",6256,"NAMED","JOXIMZWYDAKGHI-UHFFFAOYSA-N","CC1=CC=C(S(O)(=O)=O)C=C1","4-methylbenzenesulfonate","4-methylbenzenesulfonate",NA,NA,NA,"104-15-4","5876","HMDB0059933","C06677","85570","Neg","4_methylbenzenesulfonate",558,"4_methylbenzenesulfonate","sample_cohort","Toluene-4-sulfonic acid"
62,100002390,209,43592,152936,"Xenobiotics","Chemical",6256,"NAMED","JOXIMZWYDAKGHI-UHFFFAOYSA-N","CC1=CC=C(S(O)(=O)=O)C=C1","4-methylbenzenesulfonate","4-methylbenzenesulfonate",NA,NA,NA,"104-15-4","5876","HMDB0059933","C06677","85570","Neg","4_methylbenzenesulfonate",558,"4_methylbenzenesulfonate","sample_cohort","Toluene-4-sulfonic acid"
62,100002390,209,43592,152936,"Xenobiotics","Chemical",6256,"NAMED","JOXIMZWYDAKGHI-UHFFFAOYSA-N","CC1=CC=C(S(O)(=O)=O)C=C1","4-methylbenzenesulfonate","4-methylbenzenesulfonate",NA,NA,NA,"104-15-4","5876","HMDB0059933","C06677","85570","Neg","4_methylbenzenesulfonate",558,"4_methylbenzenesulfonate","sample_cohort","Toluene-4-sulfonic acid"
62,100002390,209,43592,152936,"Xenobiotics","Chemical",6256,"NAMED","JOXIMZWYDAKGHI-UHFFFAOYSA-N","CC1=CC=C(S(O)(=O)=O)C=C1","4-methylbenzenesulfonate","4-methylbenzenesulfonate",NA,NA,NA,"104-15-4","5876","HMDB0059933","C06677","85570","Neg","4_methylbenzenesulfonate",558,"4_methylbenzenesulfonate","sample_cohort","Toluene-4-sulfonic acid"
62,100002390,209,43592,152936,"Xenobiotics","Chemical",6256,"NAMED","JOXIMZWYDAKGHI-UHFFFAOYSA-N","CC1=CC=C(S(O)(=O)=O)C=C1","4-methylbenzenesulfonate","4-methylbenzenesulfonate",NA,NA,NA,"104-15-4","5876","HMDB0059933","C06677","85570","Neg","4_methylbenzenesulfonate",558,"4_methylbenzenesulfonate","sample_cohort","Toluene-4-sulfonic acid"
62,100002390,209,43592,152936,"Xenobiotics","Chemical",6256,"NAMED","JOXIMZWYDAKGHI-UHFFFAOYSA-N","CC1=CC=C(S(O)(=O)=O)C=C1","4-methylbenzenesulfonate","4-methylbenzenesulfonate",NA,NA,NA,"104-15-4","5876","HMDB0059933","C06677","85570","Neg","4_methylbenzenesulfonate",558,"4_methylbenzenesulfonate","sample_cohort","Toluene-4-sulfonic acid"
62,100002390,209,43592,152936,"Xenobiotics","Chemical",6256,"NAMED","JOXIMZWYDAKGHI-UHFFFAOYSA-N","CC1=CC=C(S(O)(=O)=O)C=C1","4-methylbenzenesulfonate","4-methylbenzenesulfonate",NA,NA,NA,"104-15-4","5876","HMDB0059933","C06677","85570","Neg","4_methylbenzenesulfonate",558,"4_methylbenzenesulfonate","sample_cohort","Toluene-4-sulfonic acid"
62,100002390,209,43592,152936,"Xenobiotics","Chemical",6256,"NAMED","JOXIMZWYDAKGHI-UHFFFAOYSA-N","CC1=CC=C(S(O)(=O)=O)C=C1","4-methylbenzenesulfonate","4-methylbenzenesulfonate",NA,NA,NA,"104-15-4","5876","HMDB0059933","C06677","85570","Neg","4_methylbenzenesulfonate",558,"4_methylbenzenesulfonate","sample_cohort","Toluene-4-sulfonic acid"
62,100002390,209,43592,152936,"Xenobiotics","Chemical",6256,"NAMED","JOXIMZWYDAKGHI-UHFFFAOYSA-N","CC1=CC=C(S(O)(=O)=O)C=C1","4-methylbenzenesulfonate","4-methylbenzenesulfonate",NA,NA,NA,"104-15-4","5876","HMDB0059933","C06677","85570","Neg","4_methylbenzenesulfonate",558,"4_methylbenzenesulfonate","sample_cohort","Toluene-4-sulfonic acid"
62,100002390,209,43592,152936,"Xenobiotics","Chemical",6256,"NAMED","JOXIMZWYDAKGHI-UHFFFAOYSA-N","CC1=CC=C(S(O)(=O)=O)C=C1","4-methylbenzenesulfonate","4-methylbenzenesulfonate",NA,NA,NA,"104-15-4","5876","HMDB0059933","C06677","85570","Neg","4_methylbenzenesulfonate",558,"4_methylbenzenesulfonate","sample_cohort","Toluene-4-sulfonic acid"
62,100002390,209,43592,152936,"Xenobiotics","Chemical",6256,"NAMED","JOXIMZWYDAKGHI-UHFFFAOYSA-N","CC1=CC=C(S(O)(=O)=O)C=C1","4-methylbenzenesulfonate","4-methylbenzenesulfonate",NA,NA,NA,"104-15-4","5876","HMDB0059933","C06677","85570","Neg","4_methylbenzenesulfonate",558,"4_methylbenzenesulfonate","sample_cohort","Toluene-4-sulfonic acid"
63,100002394,209,38140,153530,"Xenobiotics","Drug - Other",6034,"NAMED","SJJCQDRGABAVBB-UHFFFAOYSA-N","OC1=C(C(O)=O)C=CC2=C1C=CC=C2","1-hydroxy-2-naphthalenecarboxylate","1-hydroxy-2-naphthalenecarboxylate",NA,NA,NA,"86-48-6","6583",NA,"C03203","54675865","Neg","1_hydroxy_2_naphthalenecarboxylate",559,"1_hydroxy_2_naphthalenecarboxylate","sample_cohort","1-Hydroxy-2-naphthoic acid"
64,100002455,305,57594,211402,"Xenobiotics","Food Component/Plant",4949,"NAMED","SKCKOFZKJLZSFA-UHFFFAOYSA-N","CC(O)C(O)C(O)C(O)CO","fucitol","fucitol",NA,NA,NA,"13074-06-1","3311",NA,NA,"445724","Polar","fucitol",564,"fucitol","sample_cohort","Fucitol"
64,100002455,305,57594,211402,"Xenobiotics","Food Component/Plant",4949,"NAMED","SKCKOFZKJLZSFA-UHFFFAOYSA-N","CC(O)C(O)C(O)C(O)CO","fucitol","fucitol",NA,NA,NA,"13074-06-1","3311",NA,NA,"445724","Polar","fucitol",564,"fucitol","sample_cohort","Fucitol"
65,100002462,400,43582,208402,"Amino Acid","Lysine Metabolism",123,"NAMED","OWGKYELXGFKIHH-MYLOADSESA-N","O[C@@H]1[C@@H](O)[C@@H](O)[C@@H](CO)OC1OC(CCC(N)C(O)=O)CN","5-(galactosylhydroxy)-lysine","5-(galactosylhydroxy)-lysine",NA,NA,NA,"32448-36-5",NA,NA,NA,"66995551","Pos Early","5_galactosylhydroxy_lysine",566,"5_galactosylhydroxy_lysine","sample_cohort",NA
66,100002613,209,63061,221678,"Cofactors and Vitamins","Pantothenate and CoA Metabolism",4371,"NAMED","OTOIIPJYVQJATP-BYPYZUCNSA-N","OC([C@H](O)C(C)(C)CO)=O","pantoate","pantoate",NA,NA,NA,"470-29-1","388387","HMDB0240389","C00522","5289105","Neg","pantoate",574,"pantoate","sample_cohort","(R)-Pantoic acid"
66,100002613,209,63061,221678,"Cofactors and Vitamins","Pantothenate and CoA Metabolism",4371,"NAMED","OTOIIPJYVQJATP-BYPYZUCNSA-N","OC([C@H](O)C(C)(C)CO)=O","pantoate","pantoate",NA,NA,NA,"470-29-1","388387","HMDB0240389","C00522","5289105","Neg","pantoate",574,"pantoate","sample_cohort","(R)-Pantoic acid"
66,100002613,209,63061,221678,"Cofactors and Vitamins","Pantothenate and CoA Metabolism",4371,"NAMED","OTOIIPJYVQJATP-BYPYZUCNSA-N","OC([C@H](O)C(C)(C)CO)=O","pantoate","pantoate",NA,NA,NA,"470-29-1","388387","HMDB0240389","C00522","5289105","Neg","pantoate",574,"pantoate","sample_cohort","(R)-Pantoic acid"
66,100002613,209,63061,221678,"Cofactors and Vitamins","Pantothenate and CoA Metabolism",4371,"NAMED","OTOIIPJYVQJATP-BYPYZUCNSA-N","OC([C@H](O)C(C)(C)CO)=O","pantoate","pantoate",NA,NA,NA,"470-29-1","388387","HMDB0240389","C00522","5289105","Neg","pantoate",574,"pantoate","sample_cohort","(R)-Pantoic acid"
66,100002613,209,63061,221678,"Cofactors and Vitamins","Pantothenate and CoA Metabolism",4371,"NAMED","OTOIIPJYVQJATP-BYPYZUCNSA-N","OC([C@H](O)C(C)(C)CO)=O","pantoate","pantoate",NA,NA,NA,"470-29-1","388387","HMDB0240389","C00522","5289105","Neg","pantoate",574,"pantoate","sample_cohort","(R)-Pantoic acid"
66,100002613,209,63061,221678,"Cofactors and Vitamins","Pantothenate and CoA Metabolism",4371,"NAMED","OTOIIPJYVQJATP-BYPYZUCNSA-N","OC([C@H](O)C(C)(C)CO)=O","pantoate","pantoate",NA,NA,NA,"470-29-1","388387","HMDB0240389","C00522","5289105","Neg","pantoate",574,"pantoate","sample_cohort","(R)-Pantoic acid"
67,100002679,400,38754,156574,"Amino Acid","Glutamate Metabolism",55,"NAMED","UHBYWPGGCSDKFX-UHFFFAOYSA-N","OC(C(C(O)=O)CC(C(O)=O)N)=O","gamma-carboxyglutamate","gamma-carboxyglutamate",NA,NA,NA,"56271-99-9","37241","HMDB0041900",NA,"40772","Pos Early","gamma_carboxyglutamate",575,"gamma_carboxyglutamate","sample_cohort","gamma-Carboxy-glutamic acid"
67,100002679,400,38754,156574,"Amino Acid","Glutamate Metabolism",55,"NAMED","UHBYWPGGCSDKFX-UHFFFAOYSA-N","OC(C(C(O)=O)CC(C(O)=O)N)=O","gamma-carboxyglutamate","gamma-carboxyglutamate",NA,NA,NA,"56271-99-9","37241","HMDB0041900",NA,"40772","Pos Early","gamma_carboxyglutamate",575,"gamma_carboxyglutamate","sample_cohort","gamma-Carboxy-glutamic acid"
67,100002679,400,38754,156574,"Amino Acid","Glutamate Metabolism",55,"NAMED","UHBYWPGGCSDKFX-UHFFFAOYSA-N","OC(C(C(O)=O)CC(C(O)=O)N)=O","gamma-carboxyglutamate","gamma-carboxyglutamate",NA,NA,NA,"56271-99-9","37241","HMDB0041900",NA,"40772","Pos Early","gamma_carboxyglutamate",575,"gamma_carboxyglutamate","sample_cohort","gamma-Carboxy-glutamic acid"
67,100002679,400,38754,156574,"Amino Acid","Glutamate Metabolism",55,"NAMED","UHBYWPGGCSDKFX-UHFFFAOYSA-N","OC(C(C(O)=O)CC(C(O)=O)N)=O","gamma-carboxyglutamate","gamma-carboxyglutamate",NA,NA,NA,"56271-99-9","37241","HMDB0041900",NA,"40772","Pos Early","gamma_carboxyglutamate",575,"gamma_carboxyglutamate","sample_cohort","gamma-Carboxy-glutamic acid"
67,100002679,400,38754,156574,"Amino Acid","Glutamate Metabolism",55,"NAMED","UHBYWPGGCSDKFX-UHFFFAOYSA-N","OC(C(C(O)=O)CC(C(O)=O)N)=O","gamma-carboxyglutamate","gamma-carboxyglutamate",NA,NA,NA,"56271-99-9","37241","HMDB0041900",NA,"40772","Pos Early","gamma_carboxyglutamate",575,"gamma_carboxyglutamate","sample_cohort","gamma-Carboxy-glutamic acid"
67,100002679,400,38754,156574,"Amino Acid","Glutamate Metabolism",55,"NAMED","UHBYWPGGCSDKFX-UHFFFAOYSA-N","OC(C(C(O)=O)CC(C(O)=O)N)=O","gamma-carboxyglutamate","gamma-carboxyglutamate",NA,NA,NA,"56271-99-9","37241","HMDB0041900",NA,"40772","Pos Early","gamma_carboxyglutamate",575,"gamma_carboxyglutamate","sample_cohort","gamma-Carboxy-glutamic acid"
68,100002796,209,62873,220667,"Lipid","Medium Chain Fatty Acid",1518,"NAMED","XKZKQTCECFWKBN-SREVYHEPSA-N","OC(CC\C=C/CCCCC)=O","cis-4-decenoate (10:1n6)*","cis-4-decenoate (10:1n6)*",NA,NA,NA,"505-90-8","4471776","HMDB0004980",NA,"5282726","Neg","cis_4_decenoate_10_1n6",585,"cis_4_decenoate_10_1n6","sample_cohort","4Z-Decenoic acid"
68,100002796,209,62873,220667,"Lipid","Medium Chain Fatty Acid",1518,"NAMED","XKZKQTCECFWKBN-SREVYHEPSA-N","OC(CC\C=C/CCCCC)=O","cis-4-decenoate (10:1n6)*","cis-4-decenoate (10:1n6)*",NA,NA,NA,"505-90-8","4471776","HMDB0004980",NA,"5282726","Neg","cis_4_decenoate_10_1n6",585,"cis_4_decenoate_10_1n6","sample_cohort","4Z-Decenoic acid"
68,100002796,209,62873,220667,"Lipid","Medium Chain Fatty Acid",1518,"NAMED","XKZKQTCECFWKBN-SREVYHEPSA-N","OC(CC\C=C/CCCCC)=O","cis-4-decenoate (10:1n6)*","cis-4-decenoate (10:1n6)*",NA,NA,NA,"505-90-8","4471776","HMDB0004980",NA,"5282726","Neg","cis_4_decenoate_10_1n6",585,"cis_4_decenoate_10_1n6","sample_cohort","FA 10:1(4Z)*"
68,100002796,209,62873,220667,"Lipid","Medium Chain Fatty Acid",1518,"NAMED","XKZKQTCECFWKBN-SREVYHEPSA-N","OC(CC\C=C/CCCCC)=O","cis-4-decenoate (10:1n6)*","cis-4-decenoate (10:1n6)*",NA,NA,NA,"505-90-8","4471776","HMDB0004980",NA,"5282726","Neg","cis_4_decenoate_10_1n6",585,"cis_4_decenoate_10_1n6","sample_cohort","4Z-Decenoic acid"
68,100002796,209,62873,220667,"Lipid","Medium Chain Fatty Acid",1518,"NAMED","XKZKQTCECFWKBN-SREVYHEPSA-N","OC(CC\C=C/CCCCC)=O","cis-4-decenoate (10:1n6)*","cis-4-decenoate (10:1n6)*",NA,NA,NA,"505-90-8","4471776","HMDB0004980",NA,"5282726","Neg","cis_4_decenoate_10_1n6",585,"cis_4_decenoate_10_1n6","sample_cohort","Decenoic acid"
68,100002796,209,62873,220667,"Lipid","Medium Chain Fatty Acid",1518,"NAMED","XKZKQTCECFWKBN-SREVYHEPSA-N","OC(CC\C=C/CCCCC)=O","cis-4-decenoate (10:1n6)*","cis-4-decenoate (10:1n6)*",NA,NA,NA,"505-90-8","4471776","HMDB0004980",NA,"5282726","Neg","cis_4_decenoate_10_1n6",585,"cis_4_decenoate_10_1n6","sample_cohort","Decenoic acid"
68,100002796,209,62873,220667,"Lipid","Medium Chain Fatty Acid",1518,"NAMED","XKZKQTCECFWKBN-SREVYHEPSA-N","OC(CC\C=C/CCCCC)=O","cis-4-decenoate (10:1n6)*","cis-4-decenoate (10:1n6)*",NA,NA,NA,"505-90-8","4471776","HMDB0004980",NA,"5282726","Neg","cis_4_decenoate_10_1n6",585,"cis_4_decenoate_10_1n6","sample_cohort","4Z-Decenoic acid"
69,100002809,402,39787,159189,"Xenobiotics","Drug - Psychoactive",5935,"NAMED","URKOMYMAXPYINW-UHFFFAOYSA-N","OCCOCCN1CCN(C2=NC3=CC=CC=C3SC4=CC=CC=C24)CC1","quetiapine","quetiapine",NA,NA,NA,"111974-69-7","4827","HMDB0005021","D08456,DG00899,C07397","5002","Pos Late","quetiapine",588,"quetiapine","sample_cohort","Quetiapine"
69,100002809,402,39787,159189,"Xenobiotics","Drug - Psychoactive",5935,"NAMED","URKOMYMAXPYINW-UHFFFAOYSA-N","OCCOCCN1CCN(C2=NC3=CC=CC=C3SC4=CC=CC=C24)CC1","quetiapine","quetiapine",NA,NA,NA,"111974-69-7","4827","HMDB0005021","D08456,DG00899,C07397","5002","Pos Late","quetiapine",588,"quetiapine","sample_cohort","Quetiapine"
69,100002809,402,39787,159189,"Xenobiotics","Drug - Psychoactive",5935,"NAMED","URKOMYMAXPYINW-UHFFFAOYSA-N","OCCOCCN1CCN(C2=NC3=CC=CC=C3SC4=CC=CC=C24)CC1","quetiapine","quetiapine",NA,NA,NA,"111974-69-7","4827","HMDB0005021","D08456,DG00899,C07397","5002","Pos Late","quetiapine",588,"quetiapine","sample_cohort","Quetiapine"
70,100002825,402,39760,159177,"Cofactors and Vitamins","Vitamin A Metabolism",4464,"NAMED","GGCUJPCCTQNTJF-FRCNGJHJSA-N","O=C1CCC(C)(C)C(/C=C/C(C)=C/C=C/C(C)=C/C(O)=O)=C1C","4-oxo-retinoic acid","4-oxo-retinoic acid",NA,NA,NA,"38030-57-8","4941652","HMDB0006285",NA,"6437063","Pos Late","4_oxo_retinoic acid",589,"4_oxo_retinoic acid","sample_cohort","4-Oxo-retinoic acid"
70,100002825,402,39760,159177,"Cofactors and Vitamins","Vitamin A Metabolism",4464,"NAMED","GGCUJPCCTQNTJF-FRCNGJHJSA-N","O=C1CCC(C)(C)C(/C=C/C(C)=C/C=C/C(C)=C/C(O)=O)=C1C","4-oxo-retinoic acid","4-oxo-retinoic acid",NA,NA,NA,"38030-57-8","4941652","HMDB0006285",NA,"6437063","Pos Late","4_oxo_retinoic acid",589,"4_oxo_retinoic acid","sample_cohort","4-Oxo-retinoic acid"
70,100002825,402,39760,159177,"Cofactors and Vitamins","Vitamin A Metabolism",4464,"NAMED","GGCUJPCCTQNTJF-FRCNGJHJSA-N","O=C1CCC(C)(C)C(/C=C/C(C)=C/C=C/C(C)=C/C(O)=O)=C1C","4-oxo-retinoic acid","4-oxo-retinoic acid",NA,NA,NA,"38030-57-8","4941652","HMDB0006285",NA,"6437063","Pos Late","4_oxo_retinoic acid",589,"4_oxo_retinoic acid","sample_cohort","4-Oxo-retinoic acid"
70,100002825,402,39760,159177,"Cofactors and Vitamins","Vitamin A Metabolism",4464,"NAMED","GGCUJPCCTQNTJF-FRCNGJHJSA-N","O=C1CCC(C)(C)C(/C=C/C(C)=C/C=C/C(C)=C/C(O)=O)=C1C","4-oxo-retinoic acid","4-oxo-retinoic acid",NA,NA,NA,"38030-57-8","4941652","HMDB0006285",NA,"6437063","Pos Late","4_oxo_retinoic acid",589,"4_oxo_retinoic acid","sample_cohort","4-Oxo-retinoic acid"
70,100002825,402,39760,159177,"Cofactors and Vitamins","Vitamin A Metabolism",4464,"NAMED","GGCUJPCCTQNTJF-FRCNGJHJSA-N","O=C1CCC(C)(C)C(/C=C/C(C)=C/C=C/C(C)=C/C(O)=O)=C1C","4-oxo-retinoic acid","4-oxo-retinoic acid",NA,NA,NA,"38030-57-8","4941652","HMDB0006285",NA,"6437063","Pos Late","4_oxo_retinoic acid",589,"4_oxo_retinoic acid","sample_cohort","4-Oxo-retinoic acid"
70,100002825,402,39760,159177,"Cofactors and Vitamins","Vitamin A Metabolism",4464,"NAMED","GGCUJPCCTQNTJF-FRCNGJHJSA-N","O=C1CCC(C)(C)C(/C=C/C(C)=C/C=C/C(C)=C/C(O)=O)=C1C","4-oxo-retinoic acid","4-oxo-retinoic acid",NA,NA,NA,"38030-57-8","4941652","HMDB0006285",NA,"6437063","Pos Late","4_oxo_retinoic acid",589,"4_oxo_retinoic acid","sample_cohort","4-Oxo-retinoic acid"
71,100002868,402,39792,159193,"Lipid","Lysophospholipid",2662,"NAMED","UIINDYGXBHJQHX-GDLZYMKVSA-N","CCCCCCCCCCCCCCCCCCCCCC(OC[C@H](COP([O-])(OCC[N+](C)(C)C)=O)O)=O","1-behenoyl-GPC (22:0)","1-behenoyl-GPC (22:0)","LPC 22:0","LPC 22:0","LPC 22:0/0:0","125146-65-8",NA,"HMDB0010398",NA,"24779479","Pos Late","1_behenoyl_gpc_22_0",592,"1_behenoyl_gpc_22_0","sample_cohort","LPC 22:0/0:0"
71,100002868,402,39792,159193,"Lipid","Lysophospholipid",2662,"NAMED","UIINDYGXBHJQHX-GDLZYMKVSA-N","CCCCCCCCCCCCCCCCCCCCCC(OC[C@H](COP([O-])(OCC[N+](C)(C)C)=O)O)=O","1-behenoyl-GPC (22:0)","1-behenoyl-GPC (22:0)","LPC 22:0","LPC 22:0","LPC 22:0/0:0","125146-65-8",NA,"HMDB0010398",NA,"24779479","Pos Late","1_behenoyl_gpc_22_0",592,"1_behenoyl_gpc_22_0","sample_cohort","LPC 22:0"
71,100002868,402,39792,159193,"Lipid","Lysophospholipid",2662,"NAMED","UIINDYGXBHJQHX-GDLZYMKVSA-N","CCCCCCCCCCCCCCCCCCCCCC(OC[C@H](COP([O-])(OCC[N+](C)(C)C)=O)O)=O","1-behenoyl-GPC (22:0)","1-behenoyl-GPC (22:0)","LPC 22:0","LPC 22:0","LPC 22:0/0:0","125146-65-8",NA,"HMDB0010398",NA,"24779479","Pos Late","1_behenoyl_gpc_22_0",592,"1_behenoyl_gpc_22_0","sample_cohort","LPC 22:0/0:0"
71,100002868,402,39792,159193,"Lipid","Lysophospholipid",2662,"NAMED","UIINDYGXBHJQHX-GDLZYMKVSA-N","CCCCCCCCCCCCCCCCCCCCCC(OC[C@H](COP([O-])(OCC[N+](C)(C)C)=O)O)=O","1-behenoyl-GPC (22:0)","1-behenoyl-GPC (22:0)","LPC 22:0","LPC 22:0","LPC 22:0/0:0","125146-65-8",NA,"HMDB0010398",NA,"24779479","Pos Late","1_behenoyl_gpc_22_0",592,"1_behenoyl_gpc_22_0","sample_cohort","LPC 22:0"
71,100002868,402,39792,159193,"Lipid","Lysophospholipid",2662,"NAMED","UIINDYGXBHJQHX-GDLZYMKVSA-N","CCCCCCCCCCCCCCCCCCCCCC(OC[C@H](COP([O-])(OCC[N+](C)(C)C)=O)O)=O","1-behenoyl-GPC (22:0)","1-behenoyl-GPC (22:0)","LPC 22:0","LPC 22:0","LPC 22:0/0:0","125146-65-8",NA,"HMDB0010398",NA,"24779479","Pos Late","1_behenoyl_gpc_22_0",592,"1_behenoyl_gpc_22_0","sample_cohort","LPC 22:0/0:0"
71,100002868,402,39792,159193,"Lipid","Lysophospholipid",2662,"NAMED","UIINDYGXBHJQHX-GDLZYMKVSA-N","CCCCCCCCCCCCCCCCCCCCCC(OC[C@H](COP([O-])(OCC[N+](C)(C)C)=O)O)=O","1-behenoyl-GPC (22:0)","1-behenoyl-GPC (22:0)","LPC 22:0","LPC 22:0","LPC 22:0/0:0","125146-65-8",NA,"HMDB0010398",NA,"24779479","Pos Late","1_behenoyl_gpc_22_0",592,"1_behenoyl_gpc_22_0","sample_cohort","LPC 22:0"
71,100002868,402,39792,159193,"Lipid","Lysophospholipid",2662,"NAMED","UIINDYGXBHJQHX-GDLZYMKVSA-N","CCCCCCCCCCCCCCCCCCCCCC(OC[C@H](COP([O-])(OCC[N+](C)(C)C)=O)O)=O","1-behenoyl-GPC (22:0)","1-behenoyl-GPC (22:0)","LPC 22:0","LPC 22:0","LPC 22:0/0:0","125146-65-8",NA,"HMDB0010398",NA,"24779479","Pos Late","1_behenoyl_gpc_22_0",592,"1_behenoyl_gpc_22_0","sample_cohort","LPC 22:0/0:0"
71,100002868,402,39792,159193,"Lipid","Lysophospholipid",2662,"NAMED","UIINDYGXBHJQHX-GDLZYMKVSA-N","CCCCCCCCCCCCCCCCCCCCCC(OC[C@H](COP([O-])(OCC[N+](C)(C)C)=O)O)=O","1-behenoyl-GPC (22:0)","1-behenoyl-GPC (22:0)","LPC 22:0","LPC 22:0","LPC 22:0/0:0","125146-65-8",NA,"HMDB0010398",NA,"24779479","Pos Late","1_behenoyl_gpc_22_0",592,"1_behenoyl_gpc_22_0","sample_cohort","LPC 22:0"
72,100002871,402,52698,165471,"Lipid","Lysophospholipid",2665,"NAMED","ZOJBSSVHFSBHMP-JJJSWPRASA-N","CCCCC/C=C\C/C=C\C/C=C\C/C=C\CCCCCC(OC[C@H](COP([O-])(OCC[N+](C)(C)C)=O)O)=O","1-adrenoyl-GPC (22:4)*","1-adrenoyl-GPC (22:4)*","LPC 22:4","LPC 22:4","LPC 22:4/0:0",NA,NA,"HMDB0010401",NA,"52924039","Pos Late","1_adrenoyl_gpc_22_4",593,"1_adrenoyl_gpc_22_4","sample_cohort","LPC 22:4(7Z,10Z,13Z,16Z)/0:0"
72,100002871,402,52698,165471,"Lipid","Lysophospholipid",2665,"NAMED","ZOJBSSVHFSBHMP-JJJSWPRASA-N","CCCCC/C=C\C/C=C\C/C=C\C/C=C\CCCCCC(OC[C@H](COP([O-])(OCC[N+](C)(C)C)=O)O)=O","1-adrenoyl-GPC (22:4)*","1-adrenoyl-GPC (22:4)*","LPC 22:4","LPC 22:4","LPC 22:4/0:0",NA,NA,"HMDB0010401",NA,"52924039","Pos Late","1_adrenoyl_gpc_22_4",593,"1_adrenoyl_gpc_22_4","sample_cohort","LPC 22:4(7Z,10Z,13Z,16Z)/0:0"
72,100002871,402,52698,165471,"Lipid","Lysophospholipid",2665,"NAMED","ZOJBSSVHFSBHMP-JJJSWPRASA-N","CCCCC/C=C\C/C=C\C/C=C\C/C=C\CCCCCC(OC[C@H](COP([O-])(OCC[N+](C)(C)C)=O)O)=O","1-adrenoyl-GPC (22:4)*","1-adrenoyl-GPC (22:4)*","LPC 22:4","LPC 22:4","LPC 22:4/0:0",NA,NA,"HMDB0010401",NA,"52924039","Pos Late","1_adrenoyl_gpc_22_4",593,"1_adrenoyl_gpc_22_4","sample_cohort","LPC 22:4(7Z,10Z,13Z,16Z)/0:0"
72,100002871,402,52698,165471,"Lipid","Lysophospholipid",2665,"NAMED","ZOJBSSVHFSBHMP-JJJSWPRASA-N","CCCCC/C=C\C/C=C\C/C=C\C/C=C\CCCCCC(OC[C@H](COP([O-])(OCC[N+](C)(C)C)=O)O)=O","1-adrenoyl-GPC (22:4)*","1-adrenoyl-GPC (22:4)*","LPC 22:4","LPC 22:4","LPC 22:4/0:0",NA,NA,"HMDB0010401",NA,"52924039","Pos Late","1_adrenoyl_gpc_22_4",593,"1_adrenoyl_gpc_22_4","sample_cohort","LPC 22:4"
72,100002871,402,52698,165471,"Lipid","Lysophospholipid",2665,"NAMED","ZOJBSSVHFSBHMP-JJJSWPRASA-N","CCCCC/C=C\C/C=C\C/C=C\C/C=C\CCCCCC(OC[C@H](COP([O-])(OCC[N+](C)(C)C)=O)O)=O","1-adrenoyl-GPC (22:4)*","1-adrenoyl-GPC (22:4)*","LPC 22:4","LPC 22:4","LPC 22:4/0:0",NA,NA,"HMDB0010401",NA,"52924039","Pos Late","1_adrenoyl_gpc_22_4",593,"1_adrenoyl_gpc_22_4","sample_cohort","LPC 22:4/0:0"
72,100002871,402,52698,165471,"Lipid","Lysophospholipid",2665,"NAMED","ZOJBSSVHFSBHMP-JJJSWPRASA-N","CCCCC/C=C\C/C=C\C/C=C\C/C=C\CCCCCC(OC[C@H](COP([O-])(OCC[N+](C)(C)C)=O)O)=O","1-adrenoyl-GPC (22:4)*","1-adrenoyl-GPC (22:4)*","LPC 22:4","LPC 22:4","LPC 22:4/0:0",NA,NA,"HMDB0010401",NA,"52924039","Pos Late","1_adrenoyl_gpc_22_4",593,"1_adrenoyl_gpc_22_4","sample_cohort","LPC 22:4"
72,100002871,402,52698,165471,"Lipid","Lysophospholipid",2665,"NAMED","ZOJBSSVHFSBHMP-JJJSWPRASA-N","CCCCC/C=C\C/C=C\C/C=C\C/C=C\CCCCCC(OC[C@H](COP([O-])(OCC[N+](C)(C)C)=O)O)=O","1-adrenoyl-GPC (22:4)*","1-adrenoyl-GPC (22:4)*","LPC 22:4","LPC 22:4","LPC 22:4/0:0",NA,NA,"HMDB0010401",NA,"52924039","Pos Late","1_adrenoyl_gpc_22_4",593,"1_adrenoyl_gpc_22_4","sample_cohort","LPC 22:4/0:0"
72,100002871,402,52698,165471,"Lipid","Lysophospholipid",2665,"NAMED","ZOJBSSVHFSBHMP-JJJSWPRASA-N","CCCCC/C=C\C/C=C\C/C=C\C/C=C\CCCCCC(OC[C@H](COP([O-])(OCC[N+](C)(C)C)=O)O)=O","1-adrenoyl-GPC (22:4)*","1-adrenoyl-GPC (22:4)*","LPC 22:4","LPC 22:4","LPC 22:4/0:0",NA,NA,"HMDB0010401",NA,"52924039","Pos Late","1_adrenoyl_gpc_22_4",593,"1_adrenoyl_gpc_22_4","sample_cohort","LPC 22:4"
72,100002871,402,52698,165471,"Lipid","Lysophospholipid",2665,"NAMED","ZOJBSSVHFSBHMP-JJJSWPRASA-N","CCCCC/C=C\C/C=C\C/C=C\C/C=C\CCCCCC(OC[C@H](COP([O-])(OCC[N+](C)(C)C)=O)O)=O","1-adrenoyl-GPC (22:4)*","1-adrenoyl-GPC (22:4)*","LPC 22:4","LPC 22:4","LPC 22:4/0:0",NA,NA,"HMDB0010401",NA,"52924039","Pos Late","1_adrenoyl_gpc_22_4",593,"1_adrenoyl_gpc_22_4","sample_cohort","LPC 22:4/0:0"
72,100002871,402,52698,165471,"Lipid","Lysophospholipid",2665,"NAMED","ZOJBSSVHFSBHMP-JJJSWPRASA-N","CCCCC/C=C\C/C=C\C/C=C\C/C=C\CCCCCC(OC[C@H](COP([O-])(OCC[N+](C)(C)C)=O)O)=O","1-adrenoyl-GPC (22:4)*","1-adrenoyl-GPC (22:4)*","LPC 22:4","LPC 22:4","LPC 22:4/0:0",NA,NA,"HMDB0010401",NA,"52924039","Pos Late","1_adrenoyl_gpc_22_4",593,"1_adrenoyl_gpc_22_4","sample_cohort","LPC 22:4(7Z,10Z,13Z,16Z)/0:0"
72,100002871,402,52698,165471,"Lipid","Lysophospholipid",2665,"NAMED","ZOJBSSVHFSBHMP-JJJSWPRASA-N","CCCCC/C=C\C/C=C\C/C=C\C/C=C\CCCCCC(OC[C@H](COP([O-])(OCC[N+](C)(C)C)=O)O)=O","1-adrenoyl-GPC (22:4)*","1-adrenoyl-GPC (22:4)*","LPC 22:4","LPC 22:4","LPC 22:4/0:0",NA,NA,"HMDB0010401",NA,"52924039","Pos Late","1_adrenoyl_gpc_22_4",593,"1_adrenoyl_gpc_22_4","sample_cohort","LPC 22:4(7Z,10Z,13Z,16Z)"
72,100002871,402,52698,165471,"Lipid","Lysophospholipid",2665,"NAMED","ZOJBSSVHFSBHMP-JJJSWPRASA-N","CCCCC/C=C\C/C=C\C/C=C\C/C=C\CCCCCC(OC[C@H](COP([O-])(OCC[N+](C)(C)C)=O)O)=O","1-adrenoyl-GPC (22:4)*","1-adrenoyl-GPC (22:4)*","LPC 22:4","LPC 22:4","LPC 22:4/0:0",NA,NA,"HMDB0010401",NA,"52924039","Pos Late","1_adrenoyl_gpc_22_4",593,"1_adrenoyl_gpc_22_4","sample_cohort","LPC 22:4"
73,100002874,402,55071,208194,"Lipid","Lysophospholipid",2675,"NAMED","GDXMCRNTFPQYOQ-RPUPUBLZSA-N","CCCCCCCC/C=C\CCCCCCCCCCCCCC(OC[C@H](COP([O-])(OCC[N+](C)(C)C)=O)O)=O","1-nervonoyl-GPC (24:1n9)*","1-nervonoyl-GPC (24:1n9)*","LPC 24:1","LPC 24:1(15)","LPC 24:1/0:0",NA,NA,"HMDB0010406",NA,"53480477","Pos Late","1_nervonoyl_gpc_24_1n9",595,"1_nervonoyl_gpc_24_1n9","sample_cohort","LPC 24:1(15Z)"
73,100002874,402,55071,208194,"Lipid","Lysophospholipid",2675,"NAMED","GDXMCRNTFPQYOQ-RPUPUBLZSA-N","CCCCCCCC/C=C\CCCCCCCCCCCCCC(OC[C@H](COP([O-])(OCC[N+](C)(C)C)=O)O)=O","1-nervonoyl-GPC (24:1n9)*","1-nervonoyl-GPC (24:1n9)*","LPC 24:1","LPC 24:1(15)","LPC 24:1/0:0",NA,NA,"HMDB0010406",NA,"53480477","Pos Late","1_nervonoyl_gpc_24_1n9",595,"1_nervonoyl_gpc_24_1n9","sample_cohort","LPC 24:1(15Z)/0:0"
73,100002874,402,55071,208194,"Lipid","Lysophospholipid",2675,"NAMED","GDXMCRNTFPQYOQ-RPUPUBLZSA-N","CCCCCCCC/C=C\CCCCCCCCCCCCCC(OC[C@H](COP([O-])(OCC[N+](C)(C)C)=O)O)=O","1-nervonoyl-GPC (24:1n9)*","1-nervonoyl-GPC (24:1n9)*","LPC 24:1","LPC 24:1(15)","LPC 24:1/0:0",NA,NA,"HMDB0010406",NA,"53480477","Pos Late","1_nervonoyl_gpc_24_1n9",595,"1_nervonoyl_gpc_24_1n9","sample_cohort","LPC 24:1"
73,100002874,402,55071,208194,"Lipid","Lysophospholipid",2675,"NAMED","GDXMCRNTFPQYOQ-RPUPUBLZSA-N","CCCCCCCC/C=C\CCCCCCCCCCCCCC(OC[C@H](COP([O-])(OCC[N+](C)(C)C)=O)O)=O","1-nervonoyl-GPC (24:1n9)*","1-nervonoyl-GPC (24:1n9)*","LPC 24:1","LPC 24:1(15)","LPC 24:1/0:0",NA,NA,"HMDB0010406",NA,"53480477","Pos Late","1_nervonoyl_gpc_24_1n9",595,"1_nervonoyl_gpc_24_1n9","sample_cohort","LPC 24:1/0:0"
73,100002874,402,55071,208194,"Lipid","Lysophospholipid",2675,"NAMED","GDXMCRNTFPQYOQ-RPUPUBLZSA-N","CCCCCCCC/C=C\CCCCCCCCCCCCCC(OC[C@H](COP([O-])(OCC[N+](C)(C)C)=O)O)=O","1-nervonoyl-GPC (24:1n9)*","1-nervonoyl-GPC (24:1n9)*","LPC 24:1","LPC 24:1(15)","LPC 24:1/0:0",NA,NA,"HMDB0010406",NA,"53480477","Pos Late","1_nervonoyl_gpc_24_1n9",595,"1_nervonoyl_gpc_24_1n9","sample_cohort","LPC 24:1"
73,100002874,402,55071,208194,"Lipid","Lysophospholipid",2675,"NAMED","GDXMCRNTFPQYOQ-RPUPUBLZSA-N","CCCCCCCC/C=C\CCCCCCCCCCCCCC(OC[C@H](COP([O-])(OCC[N+](C)(C)C)=O)O)=O","1-nervonoyl-GPC (24:1n9)*","1-nervonoyl-GPC (24:1n9)*","LPC 24:1","LPC 24:1(15)","LPC 24:1/0:0",NA,NA,"HMDB0010406",NA,"53480477","Pos Late","1_nervonoyl_gpc_24_1n9",595,"1_nervonoyl_gpc_24_1n9","sample_cohort","LPC 24:1/0:0"
73,100002874,402,55071,208194,"Lipid","Lysophospholipid",2675,"NAMED","GDXMCRNTFPQYOQ-RPUPUBLZSA-N","CCCCCCCC/C=C\CCCCCCCCCCCCCC(OC[C@H](COP([O-])(OCC[N+](C)(C)C)=O)O)=O","1-nervonoyl-GPC (24:1n9)*","1-nervonoyl-GPC (24:1n9)*","LPC 24:1","LPC 24:1(15)","LPC 24:1/0:0",NA,NA,"HMDB0010406",NA,"53480477","Pos Late","1_nervonoyl_gpc_24_1n9",595,"1_nervonoyl_gpc_24_1n9","sample_cohort","LPC 24:1"
73,100002874,402,55071,208194,"Lipid","Lysophospholipid",2675,"NAMED","GDXMCRNTFPQYOQ-RPUPUBLZSA-N","CCCCCCCC/C=C\CCCCCCCCCCCCCC(OC[C@H](COP([O-])(OCC[N+](C)(C)C)=O)O)=O","1-nervonoyl-GPC (24:1n9)*","1-nervonoyl-GPC (24:1n9)*","LPC 24:1","LPC 24:1(15)","LPC 24:1/0:0",NA,NA,"HMDB0010406",NA,"53480477","Pos Late","1_nervonoyl_gpc_24_1n9",595,"1_nervonoyl_gpc_24_1n9","sample_cohort","LPC 24:1/0:0"
73,100002874,402,55071,208194,"Lipid","Lysophospholipid",2675,"NAMED","GDXMCRNTFPQYOQ-RPUPUBLZSA-N","CCCCCCCC/C=C\CCCCCCCCCCCCCC(OC[C@H](COP([O-])(OCC[N+](C)(C)C)=O)O)=O","1-nervonoyl-GPC (24:1n9)*","1-nervonoyl-GPC (24:1n9)*","LPC 24:1","LPC 24:1(15)","LPC 24:1/0:0",NA,NA,"HMDB0010406",NA,"53480477","Pos Late","1_nervonoyl_gpc_24_1n9",595,"1_nervonoyl_gpc_24_1n9","sample_cohort","LPC 24:1(15Z)"
73,100002874,402,55071,208194,"Lipid","Lysophospholipid",2675,"NAMED","GDXMCRNTFPQYOQ-RPUPUBLZSA-N","CCCCCCCC/C=C\CCCCCCCCCCCCCC(OC[C@H](COP([O-])(OCC[N+](C)(C)C)=O)O)=O","1-nervonoyl-GPC (24:1n9)*","1-nervonoyl-GPC (24:1n9)*","LPC 24:1","LPC 24:1(15)","LPC 24:1/0:0",NA,NA,"HMDB0010406",NA,"53480477","Pos Late","1_nervonoyl_gpc_24_1n9",595,"1_nervonoyl_gpc_24_1n9","sample_cohort","LPC 24:1(15Z)/0:0"
73,100002874,402,55071,208194,"Lipid","Lysophospholipid",2675,"NAMED","GDXMCRNTFPQYOQ-RPUPUBLZSA-N","CCCCCCCC/C=C\CCCCCCCCCCCCCC(OC[C@H](COP([O-])(OCC[N+](C)(C)C)=O)O)=O","1-nervonoyl-GPC (24:1n9)*","1-nervonoyl-GPC (24:1n9)*","LPC 24:1","LPC 24:1(15)","LPC 24:1/0:0",NA,NA,"HMDB0010406",NA,"53480477","Pos Late","1_nervonoyl_gpc_24_1n9",595,"1_nervonoyl_gpc_24_1n9","sample_cohort","LPC 24:1"
74,100002910,400,62946,220814,"Amino Acid","Histidine Metabolism",95,"NAMED","UJCGYTCAMOHYCG-UHFFFAOYSA-N","O=C(O)CC1=CN=CN1C","1-methyl-5-imidazoleacetate","1-methyl-5-imidazoleacetate",NA,NA,NA,"4200-48-0","4954265","HMDB0004988",NA,"6451814","Pos Early","1_methyl_5_imidazoleacetate",599,"1_methyl_5_imidazoleacetate","sample_cohort","1-Methyl-5-imidazoleacetic acid"
74,100002910,400,62946,220814,"Amino Acid","Histidine Metabolism",95,"NAMED","UJCGYTCAMOHYCG-UHFFFAOYSA-N","O=C(O)CC1=CN=CN1C","1-methyl-5-imidazoleacetate","1-methyl-5-imidazoleacetate",NA,NA,NA,"4200-48-0","4954265","HMDB0004988",NA,"6451814","Pos Early","1_methyl_5_imidazoleacetate",599,"1_methyl_5_imidazoleacetate","sample_cohort","1-Methyl-5-imidazoleacetic acid"
74,100002910,400,62946,220814,"Amino Acid","Histidine Metabolism",95,"NAMED","UJCGYTCAMOHYCG-UHFFFAOYSA-N","O=C(O)CC1=CN=CN1C","1-methyl-5-imidazoleacetate","1-methyl-5-imidazoleacetate",NA,NA,NA,"4200-48-0","4954265","HMDB0004988",NA,"6451814","Pos Early","1_methyl_5_imidazoleacetate",599,"1_methyl_5_imidazoleacetate","sample_cohort","1-Methyl-5-imidazoleacetic acid"
74,100002910,400,62946,220814,"Amino Acid","Histidine Metabolism",95,"NAMED","UJCGYTCAMOHYCG-UHFFFAOYSA-N","O=C(O)CC1=CN=CN1C","1-methyl-5-imidazoleacetate","1-methyl-5-imidazoleacetate",NA,NA,NA,"4200-48-0","4954265","HMDB0004988",NA,"6451814","Pos Early","1_methyl_5_imidazoleacetate",599,"1_methyl_5_imidazoleacetate","sample_cohort","1-Methyl-5-imidazoleacetic acid"
75,100002945,209,38768,143701,"Lipid","Fatty Acid, Branched",1665,"NAMED","IIUXHTGBZYEGHI-UHFFFAOYSA-N","CC(CCCCCCCCCCCCCC(O)=O)C","(14 or 15)-methylpalmitate (a17:0 or i17:0)","(14 or 15)-methylpalmitate (a17:0 or i17:0)",NA,NA,NA,NA,NA,"HMDB0061859","C16995","8181,17903417","Neg","14 or 15_methylpalmitate_a17_0 or i17_0",604,"14 or 15_methylpalmitate_a17_0 or i17_0","sample_cohort","Methyl hexadecanoate"
75,100002945,209,38768,143701,"Lipid","Fatty Acid, Branched",1665,"NAMED","IIUXHTGBZYEGHI-UHFFFAOYSA-N","CC(CCCCCCCCCCCCCC(O)=O)C","(14 or 15)-methylpalmitate (a17:0 or i17:0)","(14 or 15)-methylpalmitate (a17:0 or i17:0)",NA,NA,NA,NA,NA,"HMDB0061859","C16995","8181,17903417","Neg","14 or 15_methylpalmitate_a17_0 or i17_0",604,"14 or 15_methylpalmitate_a17_0 or i17_0","sample_cohort","Methylhexadecanoic acid"
75,100002945,209,38768,143701,"Lipid","Fatty Acid, Branched",1665,"NAMED","IIUXHTGBZYEGHI-UHFFFAOYSA-N","CC(CCCCCCCCCCCCCC(O)=O)C","(14 or 15)-methylpalmitate (a17:0 or i17:0)","(14 or 15)-methylpalmitate (a17:0 or i17:0)",NA,NA,NA,NA,NA,"HMDB0061859","C16995","8181,17903417","Neg","14 or 15_methylpalmitate_a17_0 or i17_0",604,"14 or 15_methylpalmitate_a17_0 or i17_0","sample_cohort","Methyl hexadecanoate"
75,100002945,209,38768,143701,"Lipid","Fatty Acid, Branched",1665,"NAMED","IIUXHTGBZYEGHI-UHFFFAOYSA-N","CC(CCCCCCCCCCCCCC(O)=O)C","(14 or 15)-methylpalmitate (a17:0 or i17:0)","(14 or 15)-methylpalmitate (a17:0 or i17:0)",NA,NA,NA,NA,NA,"HMDB0061859","C16995","8181,17903417","Neg","14 or 15_methylpalmitate_a17_0 or i17_0",604,"14 or 15_methylpalmitate_a17_0 or i17_0","sample_cohort","Methyl hexadecanoate"
75,100002945,209,38768,143701,"Lipid","Fatty Acid, Branched",1665,"NAMED","IIUXHTGBZYEGHI-UHFFFAOYSA-N","CC(CCCCCCCCCCCCCC(O)=O)C","(14 or 15)-methylpalmitate (a17:0 or i17:0)","(14 or 15)-methylpalmitate (a17:0 or i17:0)",NA,NA,NA,NA,NA,"HMDB0061859","C16995","8181,17903417","Neg","14 or 15_methylpalmitate_a17_0 or i17_0",604,"14 or 15_methylpalmitate_a17_0 or i17_0","sample_cohort","Methylpalmitic acid"
75,100002945,209,38768,143701,"Lipid","Fatty Acid, Branched",1665,"NAMED","IIUXHTGBZYEGHI-UHFFFAOYSA-N","CC(CCCCCCCCCCCCCC(O)=O)C","(14 or 15)-methylpalmitate (a17:0 or i17:0)","(14 or 15)-methylpalmitate (a17:0 or i17:0)",NA,NA,NA,NA,NA,"HMDB0061859","C16995","8181,17903417","Neg","14 or 15_methylpalmitate_a17_0 or i17_0",604,"14 or 15_methylpalmitate_a17_0 or i17_0","sample_cohort","Methyl hexadecanoate"
75,100002945,209,38768,143701,"Lipid","Fatty Acid, Branched",1665,"NAMED","IIUXHTGBZYEGHI-UHFFFAOYSA-N","CC(CCCCCCCCCCCCCC(O)=O)C","(14 or 15)-methylpalmitate (a17:0 or i17:0)","(14 or 15)-methylpalmitate (a17:0 or i17:0)",NA,NA,NA,NA,NA,"HMDB0061859","C16995","8181,17903417","Neg","14 or 15_methylpalmitate_a17_0 or i17_0",604,"14 or 15_methylpalmitate_a17_0 or i17_0","sample_cohort","Methyl hexadecanoate"
76,100002951,209,39831,141952,"Lipid","Fatty Acid, Dicarboxylate",1725,"NAMED","JJOJFIHJIRWASH-UHFFFAOYSA-N","O=C(O)CCCCCCCCCCCCCCCCCCC(O)=O","eicosanedioate (C20-DC)","eicosanedioate (C20-DC)",NA,NA,NA,"2424-92-2","68030",NA,NA,"75502","Neg","eicosanedioate_c20_dc",605,"eicosanedioate_c20_dc","sample_cohort","Eicosanedioic acid"
77,100002952,209,39837,141956,"Lipid","Fatty Acid, Dicarboxylate",1727,"NAMED","DGXRZJSPDXZJFG-UHFFFAOYSA-N","O=C(O)CCCCCCCCCCCCCCCCCCCCC(O)=O","docosadioate (C22-DC)","docosadioate (C22-DC)",NA,NA,NA,"505-56-6","214170",NA,"C14240","7641","Neg","docosadioate_c22_dc",606,"docosadioate_c22_dc","sample_cohort","Diethylhexyl adipate"
78,100003001,402,39271,180976,"Lipid","Lysoplasmalogen",2864,"NAMED","KACDZDULGKPXHT-BIHRDVDLSA-N","O=P(OCC[NH3+])([O-])OC[C@H](O)CO/C=C/CCCCCCCCCCCCCCCC","1-(1-enyl-stearoyl)-GPE (P-18:0)*","1-(1-enyl-stearoyl)-GPE (P-18:0)*","LPE O-18:1","LPE P-18:0","LPE P-18:0/0:0",NA,NA,"HMDB0240598",NA,NA,"Pos Late","1_1_enyl_stearoyl_gpe_p_18_0",612,"1_1_enyl_stearoyl_gpe_p_18_0","sample_cohort","LPE 18:1"
78,100003001,402,39271,180976,"Lipid","Lysoplasmalogen",2864,"NAMED","KACDZDULGKPXHT-BIHRDVDLSA-N","O=P(OCC[NH3+])([O-])OC[C@H](O)CO/C=C/CCCCCCCCCCCCCCCC","1-(1-enyl-stearoyl)-GPE (P-18:0)*","1-(1-enyl-stearoyl)-GPE (P-18:0)*","LPE O-18:1","LPE P-18:0","LPE P-18:0/0:0",NA,NA,"HMDB0240598",NA,NA,"Pos Late","1_1_enyl_stearoyl_gpe_p_18_0",612,"1_1_enyl_stearoyl_gpe_p_18_0","sample_cohort","LPE 18:1"
78,100003001,402,39271,180976,"Lipid","Lysoplasmalogen",2864,"NAMED","KACDZDULGKPXHT-BIHRDVDLSA-N","O=P(OCC[NH3+])([O-])OC[C@H](O)CO/C=C/CCCCCCCCCCCCCCCC","1-(1-enyl-stearoyl)-GPE (P-18:0)*","1-(1-enyl-stearoyl)-GPE (P-18:0)*","LPE O-18:1","LPE P-18:0","LPE P-18:0/0:0",NA,NA,"HMDB0240598",NA,NA,"Pos Late","1_1_enyl_stearoyl_gpe_p_18_0",612,"1_1_enyl_stearoyl_gpe_p_18_0","sample_cohort","LPE 18:1"
78,100003001,402,39271,180976,"Lipid","Lysoplasmalogen",2864,"NAMED","KACDZDULGKPXHT-BIHRDVDLSA-N","O=P(OCC[NH3+])([O-])OC[C@H](O)CO/C=C/CCCCCCCCCCCCCCCC","1-(1-enyl-stearoyl)-GPE (P-18:0)*","1-(1-enyl-stearoyl)-GPE (P-18:0)*","LPE O-18:1","LPE P-18:0","LPE P-18:0/0:0",NA,NA,"HMDB0240598",NA,NA,"Pos Late","1_1_enyl_stearoyl_gpe_p_18_0",612,"1_1_enyl_stearoyl_gpe_p_18_0","sample_cohort","LPE 18:1"
78,100003001,402,39271,180976,"Lipid","Lysoplasmalogen",2864,"NAMED","KACDZDULGKPXHT-BIHRDVDLSA-N","O=P(OCC[NH3+])([O-])OC[C@H](O)CO/C=C/CCCCCCCCCCCCCCCC","1-(1-enyl-stearoyl)-GPE (P-18:0)*","1-(1-enyl-stearoyl)-GPE (P-18:0)*","LPE O-18:1","LPE P-18:0","LPE P-18:0/0:0",NA,NA,"HMDB0240598",NA,NA,"Pos Late","1_1_enyl_stearoyl_gpe_p_18_0",612,"1_1_enyl_stearoyl_gpe_p_18_0","sample_cohort","LPE 18:1"
78,100003001,402,39271,180976,"Lipid","Lysoplasmalogen",2864,"NAMED","KACDZDULGKPXHT-BIHRDVDLSA-N","O=P(OCC[NH3+])([O-])OC[C@H](O)CO/C=C/CCCCCCCCCCCCCCCC","1-(1-enyl-stearoyl)-GPE (P-18:0)*","1-(1-enyl-stearoyl)-GPE (P-18:0)*","LPE O-18:1","LPE P-18:0","LPE P-18:0/0:0",NA,NA,"HMDB0240598",NA,NA,"Pos Late","1_1_enyl_stearoyl_gpe_p_18_0",612,"1_1_enyl_stearoyl_gpe_p_18_0","sample_cohort","LPE 18:1"
78,100003001,402,39271,180976,"Lipid","Lysoplasmalogen",2864,"NAMED","KACDZDULGKPXHT-BIHRDVDLSA-N","O=P(OCC[NH3+])([O-])OC[C@H](O)CO/C=C/CCCCCCCCCCCCCCCC","1-(1-enyl-stearoyl)-GPE (P-18:0)*","1-(1-enyl-stearoyl)-GPE (P-18:0)*","LPE O-18:1","LPE P-18:0","LPE P-18:0/0:0",NA,NA,"HMDB0240598",NA,NA,"Pos Late","1_1_enyl_stearoyl_gpe_p_18_0",612,"1_1_enyl_stearoyl_gpe_p_18_0","sample_cohort","LPE P-18:0"
78,100003001,402,39271,180976,"Lipid","Lysoplasmalogen",2864,"NAMED","KACDZDULGKPXHT-BIHRDVDLSA-N","O=P(OCC[NH3+])([O-])OC[C@H](O)CO/C=C/CCCCCCCCCCCCCCCC","1-(1-enyl-stearoyl)-GPE (P-18:0)*","1-(1-enyl-stearoyl)-GPE (P-18:0)*","LPE O-18:1","LPE P-18:0","LPE P-18:0/0:0",NA,NA,"HMDB0240598",NA,NA,"Pos Late","1_1_enyl_stearoyl_gpe_p_18_0",612,"1_1_enyl_stearoyl_gpe_p_18_0","sample_cohort","LPE P-18:0"
78,100003001,402,39271,180976,"Lipid","Lysoplasmalogen",2864,"NAMED","KACDZDULGKPXHT-BIHRDVDLSA-N","O=P(OCC[NH3+])([O-])OC[C@H](O)CO/C=C/CCCCCCCCCCCCCCCC","1-(1-enyl-stearoyl)-GPE (P-18:0)*","1-(1-enyl-stearoyl)-GPE (P-18:0)*","LPE O-18:1","LPE P-18:0","LPE P-18:0/0:0",NA,NA,"HMDB0240598",NA,NA,"Pos Late","1_1_enyl_stearoyl_gpe_p_18_0",612,"1_1_enyl_stearoyl_gpe_p_18_0","sample_cohort","LPE P-18:0"
78,100003001,402,39271,180976,"Lipid","Lysoplasmalogen",2864,"NAMED","KACDZDULGKPXHT-BIHRDVDLSA-N","O=P(OCC[NH3+])([O-])OC[C@H](O)CO/C=C/CCCCCCCCCCCCCCCC","1-(1-enyl-stearoyl)-GPE (P-18:0)*","1-(1-enyl-stearoyl)-GPE (P-18:0)*","LPE O-18:1","LPE P-18:0","LPE P-18:0/0:0",NA,NA,"HMDB0240598",NA,NA,"Pos Late","1_1_enyl_stearoyl_gpe_p_18_0",612,"1_1_enyl_stearoyl_gpe_p_18_0","sample_cohort","LPE O-18:1(1Z)*"
78,100003001,402,39271,180976,"Lipid","Lysoplasmalogen",2864,"NAMED","KACDZDULGKPXHT-BIHRDVDLSA-N","O=P(OCC[NH3+])([O-])OC[C@H](O)CO/C=C/CCCCCCCCCCCCCCCC","1-(1-enyl-stearoyl)-GPE (P-18:0)*","1-(1-enyl-stearoyl)-GPE (P-18:0)*","LPE O-18:1","LPE P-18:0","LPE P-18:0/0:0",NA,NA,"HMDB0240598",NA,NA,"Pos Late","1_1_enyl_stearoyl_gpe_p_18_0",612,"1_1_enyl_stearoyl_gpe_p_18_0","sample_cohort","LPE P-18:0"
78,100003001,402,39271,180976,"Lipid","Lysoplasmalogen",2864,"NAMED","KACDZDULGKPXHT-BIHRDVDLSA-N","O=P(OCC[NH3+])([O-])OC[C@H](O)CO/C=C/CCCCCCCCCCCCCCCC","1-(1-enyl-stearoyl)-GPE (P-18:0)*","1-(1-enyl-stearoyl)-GPE (P-18:0)*","LPE O-18:1","LPE P-18:0","LPE P-18:0/0:0",NA,NA,"HMDB0240598",NA,NA,"Pos Late","1_1_enyl_stearoyl_gpe_p_18_0",612,"1_1_enyl_stearoyl_gpe_p_18_0","sample_cohort","LPE P-18:0"
78,100003001,402,39271,180976,"Lipid","Lysoplasmalogen",2864,"NAMED","KACDZDULGKPXHT-BIHRDVDLSA-N","O=P(OCC[NH3+])([O-])OC[C@H](O)CO/C=C/CCCCCCCCCCCCCCCC","1-(1-enyl-stearoyl)-GPE (P-18:0)*","1-(1-enyl-stearoyl)-GPE (P-18:0)*","LPE O-18:1","LPE P-18:0","LPE P-18:0/0:0",NA,NA,"HMDB0240598",NA,NA,"Pos Late","1_1_enyl_stearoyl_gpe_p_18_0",612,"1_1_enyl_stearoyl_gpe_p_18_0","sample_cohort","LPE O-18:1(1Z)*"
78,100003001,402,39271,180976,"Lipid","Lysoplasmalogen",2864,"NAMED","KACDZDULGKPXHT-BIHRDVDLSA-N","O=P(OCC[NH3+])([O-])OC[C@H](O)CO/C=C/CCCCCCCCCCCCCCCC","1-(1-enyl-stearoyl)-GPE (P-18:0)*","1-(1-enyl-stearoyl)-GPE (P-18:0)*","LPE O-18:1","LPE P-18:0","LPE P-18:0/0:0",NA,NA,"HMDB0240598",NA,NA,"Pos Late","1_1_enyl_stearoyl_gpe_p_18_0",612,"1_1_enyl_stearoyl_gpe_p_18_0","sample_cohort","LPE P-18:0"
78,100003001,402,39271,180976,"Lipid","Lysoplasmalogen",2864,"NAMED","KACDZDULGKPXHT-BIHRDVDLSA-N","O=P(OCC[NH3+])([O-])OC[C@H](O)CO/C=C/CCCCCCCCCCCCCCCC","1-(1-enyl-stearoyl)-GPE (P-18:0)*","1-(1-enyl-stearoyl)-GPE (P-18:0)*","LPE O-18:1","LPE P-18:0","LPE P-18:0/0:0",NA,NA,"HMDB0240598",NA,NA,"Pos Late","1_1_enyl_stearoyl_gpe_p_18_0",612,"1_1_enyl_stearoyl_gpe_p_18_0","sample_cohort","LPE O-18:1(1Z)*"
78,100003001,402,39271,180976,"Lipid","Lysoplasmalogen",2864,"NAMED","KACDZDULGKPXHT-BIHRDVDLSA-N","O=P(OCC[NH3+])([O-])OC[C@H](O)CO/C=C/CCCCCCCCCCCCCCCC","1-(1-enyl-stearoyl)-GPE (P-18:0)*","1-(1-enyl-stearoyl)-GPE (P-18:0)*","LPE O-18:1","LPE P-18:0","LPE P-18:0/0:0",NA,NA,"HMDB0240598",NA,NA,"Pos Late","1_1_enyl_stearoyl_gpe_p_18_0",612,"1_1_enyl_stearoyl_gpe_p_18_0","sample_cohort","LPE P-18:0"
78,100003001,402,39271,180976,"Lipid","Lysoplasmalogen",2864,"NAMED","KACDZDULGKPXHT-BIHRDVDLSA-N","O=P(OCC[NH3+])([O-])OC[C@H](O)CO/C=C/CCCCCCCCCCCCCCCC","1-(1-enyl-stearoyl)-GPE (P-18:0)*","1-(1-enyl-stearoyl)-GPE (P-18:0)*","LPE O-18:1","LPE P-18:0","LPE P-18:0/0:0",NA,NA,"HMDB0240598",NA,NA,"Pos Late","1_1_enyl_stearoyl_gpe_p_18_0",612,"1_1_enyl_stearoyl_gpe_p_18_0","sample_cohort","LPE P-18:0"
78,100003001,402,39271,180976,"Lipid","Lysoplasmalogen",2864,"NAMED","KACDZDULGKPXHT-BIHRDVDLSA-N","O=P(OCC[NH3+])([O-])OC[C@H](O)CO/C=C/CCCCCCCCCCCCCCCC","1-(1-enyl-stearoyl)-GPE (P-18:0)*","1-(1-enyl-stearoyl)-GPE (P-18:0)*","LPE O-18:1","LPE P-18:0","LPE P-18:0/0:0",NA,NA,"HMDB0240598",NA,NA,"Pos Late","1_1_enyl_stearoyl_gpe_p_18_0",612,"1_1_enyl_stearoyl_gpe_p_18_0","sample_cohort","LPE O-18:1"
78,100003001,402,39271,180976,"Lipid","Lysoplasmalogen",2864,"NAMED","KACDZDULGKPXHT-BIHRDVDLSA-N","O=P(OCC[NH3+])([O-])OC[C@H](O)CO/C=C/CCCCCCCCCCCCCCCC","1-(1-enyl-stearoyl)-GPE (P-18:0)*","1-(1-enyl-stearoyl)-GPE (P-18:0)*","LPE O-18:1","LPE P-18:0","LPE P-18:0/0:0",NA,NA,"HMDB0240598",NA,NA,"Pos Late","1_1_enyl_stearoyl_gpe_p_18_0",612,"1_1_enyl_stearoyl_gpe_p_18_0","sample_cohort","PE P-18:0"
79,100003008,209,39223,149867,"Lipid","Lysophospholipid",2746,"NAMED","GRWOGFDNIAYTPK-DTNGDMSLSA-N","[H]C(C(O)(C(O)([C@](O)1[H])[H])[H])([C@@](OP(O)(O[C@](COC(CCCCCCCCCCCCCCCCC)=O)(CO)[H])=O)([C@]1(O)[H])[H])O","2-stearoyl-GPI (18:0)*","2-stearoyl-GPI (18:0)*","LPI 18:0","LPI 18:0","LPI 0:0/18:0",NA,NA,"HMDB0061704",NA,"131770413","Neg","2_stearoyl_gpi_18_0",613,"2_stearoyl_gpi_18_0","sample_cohort","LPI 0:0/18:0"
79,100003008,209,39223,149867,"Lipid","Lysophospholipid",2746,"NAMED","GRWOGFDNIAYTPK-DTNGDMSLSA-N","[H]C(C(O)(C(O)([C@](O)1[H])[H])[H])([C@@](OP(O)(O[C@](COC(CCCCCCCCCCCCCCCCC)=O)(CO)[H])=O)([C@]1(O)[H])[H])O","2-stearoyl-GPI (18:0)*","2-stearoyl-GPI (18:0)*","LPI 18:0","LPI 18:0","LPI 0:0/18:0",NA,NA,"HMDB0061704",NA,"131770413","Neg","2_stearoyl_gpi_18_0",613,"2_stearoyl_gpi_18_0","sample_cohort","LPI 0:0/18:0"
79,100003008,209,39223,149867,"Lipid","Lysophospholipid",2746,"NAMED","GRWOGFDNIAYTPK-DTNGDMSLSA-N","[H]C(C(O)(C(O)([C@](O)1[H])[H])[H])([C@@](OP(O)(O[C@](COC(CCCCCCCCCCCCCCCCC)=O)(CO)[H])=O)([C@]1(O)[H])[H])O","2-stearoyl-GPI (18:0)*","2-stearoyl-GPI (18:0)*","LPI 18:0","LPI 18:0","LPI 0:0/18:0",NA,NA,"HMDB0061704",NA,"131770413","Neg","2_stearoyl_gpi_18_0",613,"2_stearoyl_gpi_18_0","sample_cohort","LPI 18:0"
79,100003008,209,39223,149867,"Lipid","Lysophospholipid",2746,"NAMED","GRWOGFDNIAYTPK-DTNGDMSLSA-N","[H]C(C(O)(C(O)([C@](O)1[H])[H])[H])([C@@](OP(O)(O[C@](COC(CCCCCCCCCCCCCCCCC)=O)(CO)[H])=O)([C@]1(O)[H])[H])O","2-stearoyl-GPI (18:0)*","2-stearoyl-GPI (18:0)*","LPI 18:0","LPI 18:0","LPI 0:0/18:0",NA,NA,"HMDB0061704",NA,"131770413","Neg","2_stearoyl_gpi_18_0",613,"2_stearoyl_gpi_18_0","sample_cohort","LPI 18:0"
80,100003064,209,57345,210847,"Lipid","Galactosyl Glycerolipids",2996,"NAMED","NHJUPBDCSOGIKX-NTXXKDEISA-N","O[C@H]1[C@@H](O)[C@@H](CO)O[C@@H](OC[C@H](O)CO)[C@@H]1O","galactosylglycerol","galactosylglycerol",NA,NA,NA,"16232-91-0","10263569","HMDB0006790","C05401","16048618","Neg","galactosylglycerol",614,"galactosylglycerol","sample_cohort","Galactosylglycerol"
80,100003064,209,57345,210847,"Lipid","Galactosyl Glycerolipids",2996,"NAMED","NHJUPBDCSOGIKX-NTXXKDEISA-N","O[C@H]1[C@@H](O)[C@@H](CO)O[C@@H](OC[C@H](O)CO)[C@@H]1O","galactosylglycerol","galactosylglycerol",NA,NA,NA,"16232-91-0","10263569","HMDB0006790","C05401","16048618","Neg","galactosylglycerol",614,"galactosylglycerol","sample_cohort","Galactosylglycerol"
80,100003064,209,57345,210847,"Lipid","Galactosyl Glycerolipids",2996,"NAMED","NHJUPBDCSOGIKX-NTXXKDEISA-N","O[C@H]1[C@@H](O)[C@@H](CO)O[C@@H](OC[C@H](O)CO)[C@@H]1O","galactosylglycerol","galactosylglycerol",NA,NA,NA,"16232-91-0","10263569","HMDB0006790","C05401","16048618","Neg","galactosylglycerol",614,"galactosylglycerol","sample_cohort","Galactosylglycerol"
80,100003064,209,57345,210847,"Lipid","Galactosyl Glycerolipids",2996,"NAMED","NHJUPBDCSOGIKX-NTXXKDEISA-N","O[C@H]1[C@@H](O)[C@@H](CO)O[C@@H](OC[C@H](O)CO)[C@@H]1O","galactosylglycerol","galactosylglycerol",NA,NA,NA,"16232-91-0","10263569","HMDB0006790","C05401","16048618","Neg","galactosylglycerol",614,"galactosylglycerol","sample_cohort","Galactosylglycerol"
80,100003064,209,57345,210847,"Lipid","Galactosyl Glycerolipids",2996,"NAMED","NHJUPBDCSOGIKX-NTXXKDEISA-N","O[C@H]1[C@@H](O)[C@@H](CO)O[C@@H](OC[C@H](O)CO)[C@@H]1O","galactosylglycerol","galactosylglycerol",NA,NA,NA,"16232-91-0","10263569","HMDB0006790","C05401","16048618","Neg","galactosylglycerol",614,"galactosylglycerol","sample_cohort","Galactosylglycerol"
80,100003064,209,57345,210847,"Lipid","Galactosyl Glycerolipids",2996,"NAMED","NHJUPBDCSOGIKX-NTXXKDEISA-N","O[C@H]1[C@@H](O)[C@@H](CO)O[C@@H](OC[C@H](O)CO)[C@@H]1O","galactosylglycerol","galactosylglycerol",NA,NA,NA,"16232-91-0","10263569","HMDB0006790","C05401","16048618","Neg","galactosylglycerol",614,"galactosylglycerol","sample_cohort","Epsilon-caprolactam"
80,100003064,209,57345,210847,"Lipid","Galactosyl Glycerolipids",2996,"NAMED","NHJUPBDCSOGIKX-NTXXKDEISA-N","O[C@H]1[C@@H](O)[C@@H](CO)O[C@@H](OC[C@H](O)CO)[C@@H]1O","galactosylglycerol","galactosylglycerol",NA,NA,NA,"16232-91-0","10263569","HMDB0006790","C05401","16048618","Neg","galactosylglycerol",614,"galactosylglycerol","sample_cohort","Galactosylglycerol"
81,100003101,209,39346,144302,"Cofactors and Vitamins","Tocopherol Metabolism",4406,"NAMED","MWDYOFPRWKTECC-UHFFFAOYSA-N","OC(C1C(O)C(O)C(O)C(OC2=C(C)C(C)=C(OC(C)(CCC(O)=O)CC3)C3=C2C)O1)=O","alpha-CEHC glucuronide*","alpha-CEHC glucuronide*",NA,NA,NA,"477200-36-5",NA,"HMDB0062445",NA,"134819285","Neg","alpha_cehc glucuronide",615,"alpha_cehc glucuronide","sample_cohort","alpha-CEHC glucuronide"
81,100003101,209,39346,144302,"Cofactors and Vitamins","Tocopherol Metabolism",4406,"NAMED","MWDYOFPRWKTECC-UHFFFAOYSA-N","OC(C1C(O)C(O)C(O)C(OC2=C(C)C(C)=C(OC(C)(CCC(O)=O)CC3)C3=C2C)O1)=O","alpha-CEHC glucuronide*","alpha-CEHC glucuronide*",NA,NA,NA,"477200-36-5",NA,"HMDB0062445",NA,"134819285","Neg","alpha_cehc glucuronide",615,"alpha_cehc glucuronide","sample_cohort","alpha-CEHC glucuronide"
81,100003101,209,39346,144302,"Cofactors and Vitamins","Tocopherol Metabolism",4406,"NAMED","MWDYOFPRWKTECC-UHFFFAOYSA-N","OC(C1C(O)C(O)C(O)C(OC2=C(C)C(C)=C(OC(C)(CCC(O)=O)CC3)C3=C2C)O1)=O","alpha-CEHC glucuronide*","alpha-CEHC glucuronide*",NA,NA,NA,"477200-36-5",NA,"HMDB0062445",NA,"134819285","Neg","alpha_cehc glucuronide",615,"alpha_cehc glucuronide","sample_cohort","alpha-CEHC glucuronide"
82,100003119,209,39732,143757,"Lipid","Endocannabinoid",2195,"NAMED","KOGRJTUIKPMZEJ-KTKRTIGZSA-N","O=C(CCCCCCC/C=C\CCCCCCCC)NCCS(O)(=O)=O","N-oleoyltaurine","N-oleoyltaurine",NA,NA,NA,"52514-04-2","4941625",NA,NA,"6437033","Neg","n_oleoyltaurine",616,"n_oleoyltaurine","sample_cohort","NA-Taurine 18:1(9Z)"
83,100003239,209,39835,141954,"Lipid","Endocannabinoid",2197,"NAMED","LPDJCYFKKSLKRO-UHFFFAOYSA-N","O=C(NCCS(=O)(O)=O)CCCCCCCCCCCCCCC","N-palmitoyltaurine","N-palmitoyltaurine",NA,NA,NA,"83982-06-3","14435932",NA,NA,"14504290","Neg","n_palmitoyltaurine",621,"n_palmitoyltaurine","sample_cohort","NA-Taurine 16:0"
84,100003240,209,39730,143759,"Lipid","Endocannabinoid",2196,"NAMED","LMIJIHJZVURGQK-UHFFFAOYSA-N","O=C(CCCCCCCCCCCCCCCCC)NCCS(=O)(O)=O","N-stearoyltaurine","N-stearoyltaurine",NA,NA,NA,"63155-80-6","147194",NA,NA,"168274","Neg","n_stearoyltaurine",622,"n_stearoyltaurine","sample_cohort","NA-Taurine 18:0"
85,100003258,209,63990,232911,"Cofactors and Vitamins","Ascorbate and Aldarate Metabolism",4388,"NAMED","RMHBODZVODTFAH-UHFFFAOYSA-N","OC1=C(OC)C(C(C(CO)O)O1)=O","2-O-methylascorbic acid","2-O-methylascorbic acid",NA,NA,NA,"17860-87-6","90149","HMDB0240294",NA,"54726398","Neg","2_o_methylascorbic acid",623,"2_o_methylascorbic acid","sample_cohort","2-O-Methylascorbic acid"
85,100003258,209,63990,232911,"Cofactors and Vitamins","Ascorbate and Aldarate Metabolism",4388,"NAMED","RMHBODZVODTFAH-UHFFFAOYSA-N","OC1=C(OC)C(C(C(CO)O)O1)=O","2-O-methylascorbic acid","2-O-methylascorbic acid",NA,NA,NA,"17860-87-6","90149","HMDB0240294",NA,"54726398","Neg","2_o_methylascorbic acid",623,"2_o_methylascorbic acid","sample_cohort","2-O-Methylascorbic acid"
86,100003271,209,54923,208316,"Amino Acid","Glutamate Metabolism",58,"NAMED","GAQNUGISBQJMKO-UHFFFAOYSA-N","OC(CC(C(NC(CCC(O)=O)C(O)=O)=O)(CC(O)=O)O)=O","beta-citrylglutamate","beta-citrylglutamate",NA,NA,NA,"73590-26-8","19992713",NA,"C20775","189741","Neg","beta_citrylglutamate",624,"beta_citrylglutamate","sample_cohort",NA
87,100003432,209,40481,143017,"Xenobiotics","Food Component/Plant",4916,"NAMED","BOLQJTPHPSDZHR-UHFFFAOYSA-N","O=C(CCC1=CC=C(O)C(OC)=C1)O","dihydroferulate","dihydroferulate",NA,NA,NA,"1135-23-5","13701","HMDB0062121",NA,"14340","Neg","dihydroferulate",628,"dihydroferulate","sample_cohort","Dihydroferulic acid"
87,100003432,209,40481,143017,"Xenobiotics","Food Component/Plant",4916,"NAMED","BOLQJTPHPSDZHR-UHFFFAOYSA-N","O=C(CCC1=CC=C(O)C(OC)=C1)O","dihydroferulate","dihydroferulate",NA,NA,NA,"1135-23-5","13701","HMDB0062121",NA,"14340","Neg","dihydroferulate",628,"dihydroferulate","sample_cohort","Dihydroferulic acid"
87,100003432,209,40481,143017,"Xenobiotics","Food Component/Plant",4916,"NAMED","BOLQJTPHPSDZHR-UHFFFAOYSA-N","O=C(CCC1=CC=C(O)C(OC)=C1)O","dihydroferulate","dihydroferulate",NA,NA,NA,"1135-23-5","13701","HMDB0062121",NA,"14340","Neg","dihydroferulate",628,"dihydroferulate","sample_cohort","Dihydroferulic acid"
87,100003432,209,40481,143017,"Xenobiotics","Food Component/Plant",4916,"NAMED","BOLQJTPHPSDZHR-UHFFFAOYSA-N","O=C(CCC1=CC=C(O)C(OC)=C1)O","dihydroferulate","dihydroferulate",NA,NA,NA,"1135-23-5","13701","HMDB0062121",NA,"14340","Neg","dihydroferulate",628,"dihydroferulate","sample_cohort","Dihydroferulic acid"
87,100003432,209,40481,143017,"Xenobiotics","Food Component/Plant",4916,"NAMED","BOLQJTPHPSDZHR-UHFFFAOYSA-N","O=C(CCC1=CC=C(O)C(OC)=C1)O","dihydroferulate","dihydroferulate",NA,NA,NA,"1135-23-5","13701","HMDB0062121",NA,"14340","Neg","dihydroferulate",628,"dihydroferulate","sample_cohort","Dihydroferulic acid"
87,100003432,209,40481,143017,"Xenobiotics","Food Component/Plant",4916,"NAMED","BOLQJTPHPSDZHR-UHFFFAOYSA-N","O=C(CCC1=CC=C(O)C(OC)=C1)O","dihydroferulate","dihydroferulate",NA,NA,NA,"1135-23-5","13701","HMDB0062121",NA,"14340","Neg","dihydroferulate",628,"dihydroferulate","sample_cohort","Dihydroferulic acid"
87,100003432,209,40481,143017,"Xenobiotics","Food Component/Plant",4916,"NAMED","BOLQJTPHPSDZHR-UHFFFAOYSA-N","O=C(CCC1=CC=C(O)C(OC)=C1)O","dihydroferulate","dihydroferulate",NA,NA,NA,"1135-23-5","13701","HMDB0062121",NA,"14340","Neg","dihydroferulate",628,"dihydroferulate","sample_cohort","Dihydroferulic acid"
87,100003432,209,40481,143017,"Xenobiotics","Food Component/Plant",4916,"NAMED","BOLQJTPHPSDZHR-UHFFFAOYSA-N","O=C(CCC1=CC=C(O)C(OC)=C1)O","dihydroferulate","dihydroferulate",NA,NA,NA,"1135-23-5","13701","HMDB0062121",NA,"14340","Neg","dihydroferulate",628,"dihydroferulate","sample_cohort","Dihydroferulic acid"
88,100003446,402,40492,221266,"Xenobiotics","Drug - Psychoactive",5927,"NAMED","GJJFMKBJSRMPLA-AFYYWNPRSA-N","O=C(C1([C@H](C1)CN)C2=CC=CC=C2)N(CC)CC","milnacipran","milnacipran",NA,NA,NA,"101152-94-7",NA,"HMDB0015602","DG00960,D08222","65833","Pos Late","milnacipran",632,"milnacipran","sample_cohort","Milnacipran"
88,100003446,402,40492,221266,"Xenobiotics","Drug - Psychoactive",5927,"NAMED","GJJFMKBJSRMPLA-AFYYWNPRSA-N","O=C(C1([C@H](C1)CN)C2=CC=CC=C2)N(CC)CC","milnacipran","milnacipran",NA,NA,NA,"101152-94-7",NA,"HMDB0015602","DG00960,D08222","65833","Pos Late","milnacipran",632,"milnacipran","sample_cohort","Milnacipran"
88,100003446,402,40492,221266,"Xenobiotics","Drug - Psychoactive",5927,"NAMED","GJJFMKBJSRMPLA-AFYYWNPRSA-N","O=C(C1([C@H](C1)CN)C2=CC=CC=C2)N(CC)CC","milnacipran","milnacipran",NA,NA,NA,"101152-94-7",NA,"HMDB0015602","DG00960,D08222","65833","Pos Late","milnacipran",632,"milnacipran","sample_cohort","Milnacipran"
88,100003446,402,40492,221266,"Xenobiotics","Drug - Psychoactive",5927,"NAMED","GJJFMKBJSRMPLA-AFYYWNPRSA-N","O=C(C1([C@H](C1)CN)C2=CC=CC=C2)N(CC)CC","milnacipran","milnacipran",NA,NA,NA,"101152-94-7",NA,"HMDB0015602","DG00960,D08222","65833","Pos Late","milnacipran",632,"milnacipran","sample_cohort","Levomilnacipran"
88,100003446,402,40492,221266,"Xenobiotics","Drug - Psychoactive",5927,"NAMED","GJJFMKBJSRMPLA-AFYYWNPRSA-N","O=C(C1([C@H](C1)CN)C2=CC=CC=C2)N(CC)CC","milnacipran","milnacipran",NA,NA,NA,"101152-94-7",NA,"HMDB0015602","DG00960,D08222","65833","Pos Late","milnacipran",632,"milnacipran","sample_cohort","Milnacipran"
88,100003446,402,40492,221266,"Xenobiotics","Drug - Psychoactive",5927,"NAMED","GJJFMKBJSRMPLA-AFYYWNPRSA-N","O=C(C1([C@H](C1)CN)C2=CC=CC=C2)N(CC)CC","milnacipran","milnacipran",NA,NA,NA,"101152-94-7",NA,"HMDB0015602","DG00960,D08222","65833","Pos Late","milnacipran",632,"milnacipran","sample_cohort","Milnacipran"
89,100003450,402,40437,221248,"Xenobiotics","Drug - Psychoactive",5930,"NAMED","RONZAEMNMFQXRA-UHFFFAOYSA-N","CN(CC1)CC(C2=C(C3)C=CC=C2)N1C4=C3C=CC=N4","mirtazapine","mirtazapine",NA,NA,NA,"61337-67-5","4060","HMDB0014514","C07570","4205","Pos Late","mirtazapine",633,"mirtazapine","sample_cohort","Mirtazapine"
89,100003450,402,40437,221248,"Xenobiotics","Drug - Psychoactive",5930,"NAMED","RONZAEMNMFQXRA-UHFFFAOYSA-N","CN(CC1)CC(C2=C(C3)C=CC=C2)N1C4=C3C=CC=N4","mirtazapine","mirtazapine",NA,NA,NA,"61337-67-5","4060","HMDB0014514","C07570","4205","Pos Late","mirtazapine",633,"mirtazapine","sample_cohort","Mirtazapine"
89,100003450,402,40437,221248,"Xenobiotics","Drug - Psychoactive",5930,"NAMED","RONZAEMNMFQXRA-UHFFFAOYSA-N","CN(CC1)CC(C2=C(C3)C=CC=C2)N1C4=C3C=CC=N4","mirtazapine","mirtazapine",NA,NA,NA,"61337-67-5","4060","HMDB0014514","C07570","4205","Pos Late","mirtazapine",633,"mirtazapine","sample_cohort","Mirtazapine"
90,100003695,305,62864,220652,"Xenobiotics","Food Component/Plant",4996,"NAMED","RGHNJXZEOKUKBD-MBMOQRBOSA-N","O=C([C@H]([C@H]([C@@H]([C@@H](CO)O)O)O)O)O","mannonate*","mannonate*",NA,NA,NA,"642-99-9","2496757",NA,NA,"3246006","Polar","mannonate",639,"mannonate","sample_cohort","Mannonic acid"
90,100003695,305,62864,220652,"Xenobiotics","Food Component/Plant",4996,"NAMED","RGHNJXZEOKUKBD-MBMOQRBOSA-N","O=C([C@H]([C@H]([C@@H]([C@@H](CO)O)O)O)O)O","mannonate*","mannonate*",NA,NA,NA,"642-99-9","2496757",NA,NA,"3246006","Polar","mannonate",639,"mannonate","sample_cohort","Mannonic acid"
91,100003823,400,42561,156923,"Xenobiotics","Food Component/Plant",4829,"NAMED","SGZFJWQQBHYNNF-UHFFFAOYSA-N","O=C(N1)C(O)C2=C1C=CC=C2","3-hydroxyindolin-2-one","3-hydroxyindolin-2-one",NA,NA,NA,"61-71-2","5872",NA,"C11130","6097","Pos Early","3_hydroxyindolin_2_one",641,"3_hydroxyindolin_2_one","sample_cohort","3-Hydroxyindolin-2-one"
92,100004084,209,42603,219576,"Lipid","Secondary Bile Acid Metabolism",3561,"NAMED","XSOLDPYUICCHJX-QZWOQUDZSA-N","O[C@H]1C(C2[C@](CC[C@H]3O)(C)C(C3)[C@H]1O)C4[C@@](CC2)(C)C([C@H](C)CCC(NCCS(O)(=O)=O)=O)CC4","taurohyocholate*","taurohyocholate*",NA,NA,NA,NA,NA,"HMDB0011637","C15516","11954195","Neg","taurohyocholate",653,"taurohyocholate","sample_cohort","Taurohyocholic acid"
92,100004084,209,42603,219576,"Lipid","Secondary Bile Acid Metabolism",3561,"NAMED","XSOLDPYUICCHJX-QZWOQUDZSA-N","O[C@H]1C(C2[C@](CC[C@H]3O)(C)C(C3)[C@H]1O)C4[C@@](CC2)(C)C([C@H](C)CCC(NCCS(O)(=O)=O)=O)CC4","taurohyocholate*","taurohyocholate*",NA,NA,NA,NA,NA,"HMDB0011637","C15516","11954195","Neg","taurohyocholate",653,"taurohyocholate","sample_cohort","Tauro-alpha-muricholic acid"
92,100004084,209,42603,219576,"Lipid","Secondary Bile Acid Metabolism",3561,"NAMED","XSOLDPYUICCHJX-QZWOQUDZSA-N","O[C@H]1C(C2[C@](CC[C@H]3O)(C)C(C3)[C@H]1O)C4[C@@](CC2)(C)C([C@H](C)CCC(NCCS(O)(=O)=O)=O)CC4","taurohyocholate*","taurohyocholate*",NA,NA,NA,NA,NA,"HMDB0011637","C15516","11954195","Neg","taurohyocholate",653,"taurohyocholate","sample_cohort","Tauro-alpha-muricholic acid"
92,100004084,209,42603,219576,"Lipid","Secondary Bile Acid Metabolism",3561,"NAMED","XSOLDPYUICCHJX-QZWOQUDZSA-N","O[C@H]1C(C2[C@](CC[C@H]3O)(C)C(C3)[C@H]1O)C4[C@@](CC2)(C)C([C@H](C)CCC(NCCS(O)(=O)=O)=O)CC4","taurohyocholate*","taurohyocholate*",NA,NA,NA,NA,NA,"HMDB0011637","C15516","11954195","Neg","taurohyocholate",653,"taurohyocholate","sample_cohort","Tauro-alpha-muricholic acid"
92,100004084,209,42603,219576,"Lipid","Secondary Bile Acid Metabolism",3561,"NAMED","XSOLDPYUICCHJX-QZWOQUDZSA-N","O[C@H]1C(C2[C@](CC[C@H]3O)(C)C(C3)[C@H]1O)C4[C@@](CC2)(C)C([C@H](C)CCC(NCCS(O)(=O)=O)=O)CC4","taurohyocholate*","taurohyocholate*",NA,NA,NA,NA,NA,"HMDB0011637","C15516","11954195","Neg","taurohyocholate",653,"taurohyocholate","sample_cohort","Tauro-alpha-muricholic acid"
92,100004084,209,42603,219576,"Lipid","Secondary Bile Acid Metabolism",3561,"NAMED","XSOLDPYUICCHJX-QZWOQUDZSA-N","O[C@H]1C(C2[C@](CC[C@H]3O)(C)C(C3)[C@H]1O)C4[C@@](CC2)(C)C([C@H](C)CCC(NCCS(O)(=O)=O)=O)CC4","taurohyocholate*","taurohyocholate*",NA,NA,NA,NA,NA,"HMDB0011637","C15516","11954195","Neg","taurohyocholate",653,"taurohyocholate","sample_cohort","Tauro-alpha-muricholic acid"
92,100004084,209,42603,219576,"Lipid","Secondary Bile Acid Metabolism",3561,"NAMED","XSOLDPYUICCHJX-QZWOQUDZSA-N","O[C@H]1C(C2[C@](CC[C@H]3O)(C)C(C3)[C@H]1O)C4[C@@](CC2)(C)C([C@H](C)CCC(NCCS(O)(=O)=O)=O)CC4","taurohyocholate*","taurohyocholate*",NA,NA,NA,NA,NA,"HMDB0011637","C15516","11954195","Neg","taurohyocholate",653,"taurohyocholate","sample_cohort","Tauro-beta-muricholic acid"
92,100004084,209,42603,219576,"Lipid","Secondary Bile Acid Metabolism",3561,"NAMED","XSOLDPYUICCHJX-QZWOQUDZSA-N","O[C@H]1C(C2[C@](CC[C@H]3O)(C)C(C3)[C@H]1O)C4[C@@](CC2)(C)C([C@H](C)CCC(NCCS(O)(=O)=O)=O)CC4","taurohyocholate*","taurohyocholate*",NA,NA,NA,NA,NA,"HMDB0011637","C15516","11954195","Neg","taurohyocholate",653,"taurohyocholate","sample_cohort","Tauro-beta-muricholic acid"
92,100004084,209,42603,219576,"Lipid","Secondary Bile Acid Metabolism",3561,"NAMED","XSOLDPYUICCHJX-QZWOQUDZSA-N","O[C@H]1C(C2[C@](CC[C@H]3O)(C)C(C3)[C@H]1O)C4[C@@](CC2)(C)C([C@H](C)CCC(NCCS(O)(=O)=O)=O)CC4","taurohyocholate*","taurohyocholate*",NA,NA,NA,NA,NA,"HMDB0011637","C15516","11954195","Neg","taurohyocholate",653,"taurohyocholate","sample_cohort","Tauro-beta-muricholic acid"
92,100004084,209,42603,219576,"Lipid","Secondary Bile Acid Metabolism",3561,"NAMED","XSOLDPYUICCHJX-QZWOQUDZSA-N","O[C@H]1C(C2[C@](CC[C@H]3O)(C)C(C3)[C@H]1O)C4[C@@](CC2)(C)C([C@H](C)CCC(NCCS(O)(=O)=O)=O)CC4","taurohyocholate*","taurohyocholate*",NA,NA,NA,NA,NA,"HMDB0011637","C15516","11954195","Neg","taurohyocholate",653,"taurohyocholate","sample_cohort","Tauromuricholic acid"
92,100004084,209,42603,219576,"Lipid","Secondary Bile Acid Metabolism",3561,"NAMED","XSOLDPYUICCHJX-QZWOQUDZSA-N","O[C@H]1C(C2[C@](CC[C@H]3O)(C)C(C3)[C@H]1O)C4[C@@](CC2)(C)C([C@H](C)CCC(NCCS(O)(=O)=O)=O)CC4","taurohyocholate*","taurohyocholate*",NA,NA,NA,NA,NA,"HMDB0011637","C15516","11954195","Neg","taurohyocholate",653,"taurohyocholate","sample_cohort","Tauromuricholic acid"
92,100004084,209,42603,219576,"Lipid","Secondary Bile Acid Metabolism",3561,"NAMED","XSOLDPYUICCHJX-QZWOQUDZSA-N","O[C@H]1C(C2[C@](CC[C@H]3O)(C)C(C3)[C@H]1O)C4[C@@](CC2)(C)C([C@H](C)CCC(NCCS(O)(=O)=O)=O)CC4","taurohyocholate*","taurohyocholate*",NA,NA,NA,NA,NA,"HMDB0011637","C15516","11954195","Neg","taurohyocholate",653,"taurohyocholate","sample_cohort","Taurohyocholic acid"
92,100004084,209,42603,219576,"Lipid","Secondary Bile Acid Metabolism",3561,"NAMED","XSOLDPYUICCHJX-QZWOQUDZSA-N","O[C@H]1C(C2[C@](CC[C@H]3O)(C)C(C3)[C@H]1O)C4[C@@](CC2)(C)C([C@H](C)CCC(NCCS(O)(=O)=O)=O)CC4","taurohyocholate*","taurohyocholate*",NA,NA,NA,NA,NA,"HMDB0011637","C15516","11954195","Neg","taurohyocholate",653,"taurohyocholate","sample_cohort","Taurohyocholic acid"
92,100004084,209,42603,219576,"Lipid","Secondary Bile Acid Metabolism",3561,"NAMED","XSOLDPYUICCHJX-QZWOQUDZSA-N","O[C@H]1C(C2[C@](CC[C@H]3O)(C)C(C3)[C@H]1O)C4[C@@](CC2)(C)C([C@H](C)CCC(NCCS(O)(=O)=O)=O)CC4","taurohyocholate*","taurohyocholate*",NA,NA,NA,NA,NA,"HMDB0011637","C15516","11954195","Neg","taurohyocholate",653,"taurohyocholate","sample_cohort","Tauro-alpha-muricholic acid"
92,100004084,209,42603,219576,"Lipid","Secondary Bile Acid Metabolism",3561,"NAMED","XSOLDPYUICCHJX-QZWOQUDZSA-N","O[C@H]1C(C2[C@](CC[C@H]3O)(C)C(C3)[C@H]1O)C4[C@@](CC2)(C)C([C@H](C)CCC(NCCS(O)(=O)=O)=O)CC4","taurohyocholate*","taurohyocholate*",NA,NA,NA,NA,NA,"HMDB0011637","C15516","11954195","Neg","taurohyocholate",653,"taurohyocholate","sample_cohort","Tauro-beta-muricholic acid"
92,100004084,209,42603,219576,"Lipid","Secondary Bile Acid Metabolism",3561,"NAMED","XSOLDPYUICCHJX-QZWOQUDZSA-N","O[C@H]1C(C2[C@](CC[C@H]3O)(C)C(C3)[C@H]1O)C4[C@@](CC2)(C)C([C@H](C)CCC(NCCS(O)(=O)=O)=O)CC4","taurohyocholate*","taurohyocholate*",NA,NA,NA,NA,NA,"HMDB0011637","C15516","11954195","Neg","taurohyocholate",653,"taurohyocholate","sample_cohort","Taurohyocholic acid"
92,100004084,209,42603,219576,"Lipid","Secondary Bile Acid Metabolism",3561,"NAMED","XSOLDPYUICCHJX-QZWOQUDZSA-N","O[C@H]1C(C2[C@](CC[C@H]3O)(C)C(C3)[C@H]1O)C4[C@@](CC2)(C)C([C@H](C)CCC(NCCS(O)(=O)=O)=O)CC4","taurohyocholate*","taurohyocholate*",NA,NA,NA,NA,NA,"HMDB0011637","C15516","11954195","Neg","taurohyocholate",653,"taurohyocholate","sample_cohort","Taurohyocholic acid"
92,100004084,209,42603,219576,"Lipid","Secondary Bile Acid Metabolism",3561,"NAMED","XSOLDPYUICCHJX-QZWOQUDZSA-N","O[C@H]1C(C2[C@](CC[C@H]3O)(C)C(C3)[C@H]1O)C4[C@@](CC2)(C)C([C@H](C)CCC(NCCS(O)(=O)=O)=O)CC4","taurohyocholate*","taurohyocholate*",NA,NA,NA,NA,NA,"HMDB0011637","C15516","11954195","Neg","taurohyocholate",653,"taurohyocholate","sample_cohort","Taurohyocholic acid"
92,100004084,209,42603,219576,"Lipid","Secondary Bile Acid Metabolism",3561,"NAMED","XSOLDPYUICCHJX-QZWOQUDZSA-N","O[C@H]1C(C2[C@](CC[C@H]3O)(C)C(C3)[C@H]1O)C4[C@@](CC2)(C)C([C@H](C)CCC(NCCS(O)(=O)=O)=O)CC4","taurohyocholate*","taurohyocholate*",NA,NA,NA,NA,NA,"HMDB0011637","C15516","11954195","Neg","taurohyocholate",653,"taurohyocholate","sample_cohort","Taurohyocholic acid"
93,100004110,209,46164,144277,"Xenobiotics","Benzoate Metabolism",4540,"NAMED","TZVUCGJSHGKWCJ-UHFFFAOYSA-N","OC1=C(OS(=O)(O)=O)C(C)=CC=C1","3-methyl catechol sulfate (2)","3-methyl catechol sulfate (2)",NA,NA,NA,NA,NA,NA,NA,NA,"Neg","3_methyl catechol sulfate",656,"3_methyl catechol sulfate","sample_cohort",NA
94,100004111,209,46146,144253,"Xenobiotics","Benzoate Metabolism",4542,"NAMED","NCOMUGOPQPRVSE-UHFFFAOYSA-N","OC1=CC(C)=CC=C1OS(O)(=O)=O","4-methylcatechol sulfate","4-methylcatechol sulfate",NA,NA,NA,NA,NA,"HMDB0240459",NA,"54104170","Neg","4_methylcatechol sulfate",657,"4_methylcatechol sulfate","sample_cohort","4-Methylcatechol 1-sulfate"
94,100004111,209,46146,144253,"Xenobiotics","Benzoate Metabolism",4542,"NAMED","NCOMUGOPQPRVSE-UHFFFAOYSA-N","OC1=CC(C)=CC=C1OS(O)(=O)=O","4-methylcatechol sulfate","4-methylcatechol sulfate",NA,NA,NA,NA,NA,"HMDB0240459",NA,"54104170","Neg","4_methylcatechol sulfate",657,"4_methylcatechol sulfate","sample_cohort","4-Methylcatechol 1-sulfate"
94,100004111,209,46146,144253,"Xenobiotics","Benzoate Metabolism",4542,"NAMED","NCOMUGOPQPRVSE-UHFFFAOYSA-N","OC1=CC(C)=CC=C1OS(O)(=O)=O","4-methylcatechol sulfate","4-methylcatechol sulfate",NA,NA,NA,NA,NA,"HMDB0240459",NA,"54104170","Neg","4_methylcatechol sulfate",657,"4_methylcatechol sulfate","sample_cohort","4-Methylcatechol 1-sulfate"
94,100004111,209,46146,144253,"Xenobiotics","Benzoate Metabolism",4542,"NAMED","NCOMUGOPQPRVSE-UHFFFAOYSA-N","OC1=CC(C)=CC=C1OS(O)(=O)=O","4-methylcatechol sulfate","4-methylcatechol sulfate",NA,NA,NA,NA,NA,"HMDB0240459",NA,"54104170","Neg","4_methylcatechol sulfate",657,"4_methylcatechol sulfate","sample_cohort","4-Methylcatechol 1-sulfate"
94,100004111,209,46146,144253,"Xenobiotics","Benzoate Metabolism",4542,"NAMED","NCOMUGOPQPRVSE-UHFFFAOYSA-N","OC1=CC(C)=CC=C1OS(O)(=O)=O","4-methylcatechol sulfate","4-methylcatechol sulfate",NA,NA,NA,NA,NA,"HMDB0240459",NA,"54104170","Neg","4_methylcatechol sulfate",657,"4_methylcatechol sulfate","sample_cohort","4-Methylcatechol 1-sulfate"
95,100004112,209,46165,144278,"Xenobiotics","Benzoate Metabolism",4539,"NAMED","HFDKYCXWNHNKAF-UHFFFAOYSA-N","OC1=C(C)C=CC=C1OS(O)(=O)=O","3-methyl catechol sulfate (1)","3-methyl catechol sulfate (1)",NA,NA,NA,NA,NA,NA,NA,"118431379","Neg","3_methyl catechol sulfate",658,"3_methyl catechol sulfate","sample_cohort",NA
96,100004194,209,64097,235199,"Lipid","Secondary Bile Acid Metabolism",3520,"NAMED","KNVADAPHVNKTEP-KNKJOJGFSA-N","CC(C1CCC2C(C3CC[C@]12C)C(CC4CC(CC[C@@]43C)=O)O)CCC(O)=O","3-dehydrochenodeoxycholate","3-dehydrochenodeoxycholate",NA,NA,NA,"4185-00-6",NA,"HMDB0000503",NA,"5283932","Neg","3_dehydrochenodeoxycholate",663,"3_dehydrochenodeoxycholate","sample_cohort","3-Ketochenodeoxycholic acid"
96,100004194,209,64097,235199,"Lipid","Secondary Bile Acid Metabolism",3520,"NAMED","KNVADAPHVNKTEP-KNKJOJGFSA-N","CC(C1CCC2C(C3CC[C@]12C)C(CC4CC(CC[C@@]43C)=O)O)CCC(O)=O","3-dehydrochenodeoxycholate","3-dehydrochenodeoxycholate",NA,NA,NA,"4185-00-6",NA,"HMDB0000503",NA,"5283932","Neg","3_dehydrochenodeoxycholate",663,"3_dehydrochenodeoxycholate","sample_cohort","3-Ketochenodeoxycholic acid"
96,100004194,209,64097,235199,"Lipid","Secondary Bile Acid Metabolism",3520,"NAMED","KNVADAPHVNKTEP-KNKJOJGFSA-N","CC(C1CCC2C(C3CC[C@]12C)C(CC4CC(CC[C@@]43C)=O)O)CCC(O)=O","3-dehydrochenodeoxycholate","3-dehydrochenodeoxycholate",NA,NA,NA,"4185-00-6",NA,"HMDB0000503",NA,"5283932","Neg","3_dehydrochenodeoxycholate",663,"3_dehydrochenodeoxycholate","sample_cohort","3-Ketochenodeoxycholic acid"
96,100004194,209,64097,235199,"Lipid","Secondary Bile Acid Metabolism",3520,"NAMED","KNVADAPHVNKTEP-KNKJOJGFSA-N","CC(C1CCC2C(C3CC[C@]12C)C(CC4CC(CC[C@@]43C)=O)O)CCC(O)=O","3-dehydrochenodeoxycholate","3-dehydrochenodeoxycholate",NA,NA,NA,"4185-00-6",NA,"HMDB0000503",NA,"5283932","Neg","3_dehydrochenodeoxycholate",663,"3_dehydrochenodeoxycholate","sample_cohort","3-Ketochenodeoxycholic acid"
96,100004194,209,64097,235199,"Lipid","Secondary Bile Acid Metabolism",3520,"NAMED","KNVADAPHVNKTEP-KNKJOJGFSA-N","CC(C1CCC2C(C3CC[C@]12C)C(CC4CC(CC[C@@]43C)=O)O)CCC(O)=O","3-dehydrochenodeoxycholate","3-dehydrochenodeoxycholate",NA,NA,NA,"4185-00-6",NA,"HMDB0000503",NA,"5283932","Neg","3_dehydrochenodeoxycholate",663,"3_dehydrochenodeoxycholate","sample_cohort","3-Ketochenodeoxycholic acid"
96,100004194,209,64097,235199,"Lipid","Secondary Bile Acid Metabolism",3520,"NAMED","KNVADAPHVNKTEP-KNKJOJGFSA-N","CC(C1CCC2C(C3CC[C@]12C)C(CC4CC(CC[C@@]43C)=O)O)CCC(O)=O","3-dehydrochenodeoxycholate","3-dehydrochenodeoxycholate",NA,NA,NA,"4185-00-6",NA,"HMDB0000503",NA,"5283932","Neg","3_dehydrochenodeoxycholate",663,"3_dehydrochenodeoxycholate","sample_cohort","3-Ketochenodeoxycholic acid"
96,100004194,209,64097,235199,"Lipid","Secondary Bile Acid Metabolism",3520,"NAMED","KNVADAPHVNKTEP-KNKJOJGFSA-N","CC(C1CCC2C(C3CC[C@]12C)C(CC4CC(CC[C@@]43C)=O)O)CCC(O)=O","3-dehydrochenodeoxycholate","3-dehydrochenodeoxycholate",NA,NA,NA,"4185-00-6",NA,"HMDB0000503",NA,"5283932","Neg","3_dehydrochenodeoxycholate",663,"3_dehydrochenodeoxycholate","sample_cohort","3-Ketochenodeoxycholic acid"
97,100004243,209,42381,144301,"Cofactors and Vitamins","Tocopherol Metabolism",4405,"NAMED","NOZSTAZEOBPSBY-UHFFFAOYSA-N","OC(C1C(O)C(O)C(O)C(OC2=C(C)C(C)=C(OC(C)(CCC(O)=O)CC3)C3=C2)O1)=O","gamma-CEHC glucuronide*","gamma-CEHC glucuronide*",NA,NA,NA,NA,NA,NA,NA,"121596235","Neg","gamma_cehc glucuronide",666,"gamma_cehc glucuronide","sample_cohort","gamma-CEHC glucuronide"
98,100004318,400,43374,157003,"Xenobiotics","Food Component/Plant",4975,"NAMED","JYGFTBXVXVMTGB-UHFFFAOYSA-N","O=C1CC2=C(N1)C=CC=C2","indolin-2-one","indolin-2-one",NA,NA,NA,"59-48-3","284794",NA,"C12312","321710","Pos Early","indolin_2_one",669,"indolin_2_one","sample_cohort","Indolin-2-one"
99,100004321,209,48691,207569,"Xenobiotics","Food Component/Plant",4814,"NAMED","ZLYUIVZAQHFCNP-UHFFFAOYSA-N","O=C1C=CC2=CC=CC(OS(=O)(O)=O)=C2N1","2,8-quinolinediol sulfate","2,8-quinolinediol sulfate",NA,NA,NA,NA,NA,"HMDB0240658",NA,NA,"Neg","2_8_quinolinediol sulfate",670,"2_8_quinolinediol sulfate","sample_cohort","2,8-Quinolinediol sulfate"
99,100004321,209,48691,207569,"Xenobiotics","Food Component/Plant",4814,"NAMED","ZLYUIVZAQHFCNP-UHFFFAOYSA-N","O=C1C=CC2=CC=CC(OS(=O)(O)=O)=C2N1","2,8-quinolinediol sulfate","2,8-quinolinediol sulfate",NA,NA,NA,NA,NA,"HMDB0240658",NA,NA,"Neg","2_8_quinolinediol sulfate",670,"2_8_quinolinediol sulfate","sample_cohort","2,8-Quinolinediol sulfate"
100,100004327,209,45966,148646,"Lipid","Lysophospholipid",2726,"NAMED","ZPDQFUYPBVXUKS-KEKNWZKVSA-N","O=P(O)(OCC(O)COC(CCCCCCCCCCCCCCCCC)=O)OC[C@@H](C(O)=O)N","1-stearoyl-GPS (18:0)*","1-stearoyl-GPS (18:0)*","LPS 18:0","LPS 18:0","LPS 18:0/0:0",NA,"7826051","HMDB0061698",NA,"74819135","Neg","1_stearoyl_gps_18_0",673,"1_stearoyl_gps_18_0","sample_cohort","LPS 18:0/0:0"
100,100004327,209,45966,148646,"Lipid","Lysophospholipid",2726,"NAMED","ZPDQFUYPBVXUKS-KEKNWZKVSA-N","O=P(O)(OCC(O)COC(CCCCCCCCCCCCCCCCC)=O)OC[C@@H](C(O)=O)N","1-stearoyl-GPS (18:0)*","1-stearoyl-GPS (18:0)*","LPS 18:0","LPS 18:0","LPS 18:0/0:0",NA,"7826051","HMDB0061698",NA,"74819135","Neg","1_stearoyl_gps_18_0",673,"1_stearoyl_gps_18_0","sample_cohort","LPS 18:0/0:0"
100,100004327,209,45966,148646,"Lipid","Lysophospholipid",2726,"NAMED","ZPDQFUYPBVXUKS-KEKNWZKVSA-N","O=P(O)(OCC(O)COC(CCCCCCCCCCCCCCCCC)=O)OC[C@@H](C(O)=O)N","1-stearoyl-GPS (18:0)*","1-stearoyl-GPS (18:0)*","LPS 18:0","LPS 18:0","LPS 18:0/0:0",NA,"7826051","HMDB0061698",NA,"74819135","Neg","1_stearoyl_gps_18_0",673,"1_stearoyl_gps_18_0","sample_cohort","LPS 18:0"
100,100004327,209,45966,148646,"Lipid","Lysophospholipid",2726,"NAMED","ZPDQFUYPBVXUKS-KEKNWZKVSA-N","O=P(O)(OCC(O)COC(CCCCCCCCCCCCCCCCC)=O)OC[C@@H](C(O)=O)N","1-stearoyl-GPS (18:0)*","1-stearoyl-GPS (18:0)*","LPS 18:0","LPS 18:0","LPS 18:0/0:0",NA,"7826051","HMDB0061698",NA,"74819135","Neg","1_stearoyl_gps_18_0",673,"1_stearoyl_gps_18_0","sample_cohort","LPS 18:0/0:0"
100,100004327,209,45966,148646,"Lipid","Lysophospholipid",2726,"NAMED","ZPDQFUYPBVXUKS-KEKNWZKVSA-N","O=P(O)(OCC(O)COC(CCCCCCCCCCCCCCCCC)=O)OC[C@@H](C(O)=O)N","1-stearoyl-GPS (18:0)*","1-stearoyl-GPS (18:0)*","LPS 18:0","LPS 18:0","LPS 18:0/0:0",NA,"7826051","HMDB0061698",NA,"74819135","Neg","1_stearoyl_gps_18_0",673,"1_stearoyl_gps_18_0","sample_cohort","LPS 18:0"
100,100004327,209,45966,148646,"Lipid","Lysophospholipid",2726,"NAMED","ZPDQFUYPBVXUKS-KEKNWZKVSA-N","O=P(O)(OCC(O)COC(CCCCCCCCCCCCCCCCC)=O)OC[C@@H](C(O)=O)N","1-stearoyl-GPS (18:0)*","1-stearoyl-GPS (18:0)*","LPS 18:0","LPS 18:0","LPS 18:0/0:0",NA,"7826051","HMDB0061698",NA,"74819135","Neg","1_stearoyl_gps_18_0",673,"1_stearoyl_gps_18_0","sample_cohort","LPS 18:0"
100,100004327,209,45966,148646,"Lipid","Lysophospholipid",2726,"NAMED","ZPDQFUYPBVXUKS-KEKNWZKVSA-N","O=P(O)(OCC(O)COC(CCCCCCCCCCCCCCCCC)=O)OC[C@@H](C(O)=O)N","1-stearoyl-GPS (18:0)*","1-stearoyl-GPS (18:0)*","LPS 18:0","LPS 18:0","LPS 18:0/0:0",NA,"7826051","HMDB0061698",NA,"74819135","Neg","1_stearoyl_gps_18_0",673,"1_stearoyl_gps_18_0","sample_cohort","LPS 18:0"
100,100004327,209,45966,148646,"Lipid","Lysophospholipid",2726,"NAMED","ZPDQFUYPBVXUKS-KEKNWZKVSA-N","O=P(O)(OCC(O)COC(CCCCCCCCCCCCCCCCC)=O)OC[C@@H](C(O)=O)N","1-stearoyl-GPS (18:0)*","1-stearoyl-GPS (18:0)*","LPS 18:0","LPS 18:0","LPS 18:0/0:0",NA,"7826051","HMDB0061698",NA,"74819135","Neg","1_stearoyl_gps_18_0",673,"1_stearoyl_gps_18_0","sample_cohort","LPS 18:0/0:0"
100,100004327,209,45966,148646,"Lipid","Lysophospholipid",2726,"NAMED","ZPDQFUYPBVXUKS-KEKNWZKVSA-N","O=P(O)(OCC(O)COC(CCCCCCCCCCCCCCCCC)=O)OC[C@@H](C(O)=O)N","1-stearoyl-GPS (18:0)*","1-stearoyl-GPS (18:0)*","LPS 18:0","LPS 18:0","LPS 18:0/0:0",NA,"7826051","HMDB0061698",NA,"74819135","Neg","1_stearoyl_gps_18_0",673,"1_stearoyl_gps_18_0","sample_cohort","LPS 18:0/0:0"
100,100004327,209,45966,148646,"Lipid","Lysophospholipid",2726,"NAMED","ZPDQFUYPBVXUKS-KEKNWZKVSA-N","O=P(O)(OCC(O)COC(CCCCCCCCCCCCCCCCC)=O)OC[C@@H](C(O)=O)N","1-stearoyl-GPS (18:0)*","1-stearoyl-GPS (18:0)*","LPS 18:0","LPS 18:0","LPS 18:0/0:0",NA,"7826051","HMDB0061698",NA,"74819135","Neg","1_stearoyl_gps_18_0",673,"1_stearoyl_gps_18_0","sample_cohort","LPS 18:0"
101,100004329,402,42459,161023,"Lipid","Sphingomyelins",3146,"NAMED","IWHLTJGDYLJQSH-FLPFCPAFSA-N","CCCCC/C=C/CCCCCCCCC(N[C@@](COP([O-])(OCC[N+](C)(C)C)=O)([C@](O)(/C=C/CCCCCCCCCCCCC)[H])[H])=O","sphingomyelin (d18:2/16:0, d18:1/16:1)*","sphingomyelin (d18:2/16:0, d18:1/16:1)*","SM 34:2;O2","Unknown","Unknown",NA,NA,"HMDB0240638,HMDB0240613",NA,NA,"Pos Late","sphingomyelin_d18_2_16_0_d18_1_16_1",675,"sphingomyelin_d18_2_16_0_d18_1_16_1","sample_cohort",NA
102,100004414,209,61702,218007,"Lipid","Fatty Acid, Branched",1677,"NAMED","CGKMKXBKVBXUGK-UHFFFAOYSA-N","OC(C(O)=O)C(C)CCCC(C)CCCC(C)CCCC(C)C","2-hydroxyphytanate*","2-hydroxyphytanate*",NA,NA,NA,"14721-68-7","164249","HMDB0061666",NA,"189026","Neg","2_hydroxyphytanate",676,"2_hydroxyphytanate","sample_cohort","2-Hydroxyphytanic acid"
102,100004414,209,61702,218007,"Lipid","Fatty Acid, Branched",1677,"NAMED","CGKMKXBKVBXUGK-UHFFFAOYSA-N","OC(C(O)=O)C(C)CCCC(C)CCCC(C)CCCC(C)C","2-hydroxyphytanate*","2-hydroxyphytanate*",NA,NA,NA,"14721-68-7","164249","HMDB0061666",NA,"189026","Neg","2_hydroxyphytanate",676,"2_hydroxyphytanate","sample_cohort","2-Hydroxyphytanic acid"
102,100004414,209,61702,218007,"Lipid","Fatty Acid, Branched",1677,"NAMED","CGKMKXBKVBXUGK-UHFFFAOYSA-N","OC(C(O)=O)C(C)CCCC(C)CCCC(C)CCCC(C)C","2-hydroxyphytanate*","2-hydroxyphytanate*",NA,NA,NA,"14721-68-7","164249","HMDB0061666",NA,"189026","Neg","2_hydroxyphytanate",676,"2_hydroxyphytanate","sample_cohort","2-Hydroxyphytanic acid"
103,100004542,400,43761,157045,"Lipid","Fatty Acid, Amino",1773,"NAMED","RDFMDVXONNIGBC-UHFFFAOYSA-N","OC(C(CCCCC)N([H])[H])=O","2-aminoheptanoate","2-aminoheptanoate",NA,NA,NA,"1115-90-8","198338","HMDB0094649",NA,"227939","Pos Early","2_aminoheptanoate",682,"2_aminoheptanoate","sample_cohort","2S-Aminoheptanoic acid"
103,100004542,400,43761,157045,"Lipid","Fatty Acid, Amino",1773,"NAMED","RDFMDVXONNIGBC-UHFFFAOYSA-N","OC(C(CCCCC)N([H])[H])=O","2-aminoheptanoate","2-aminoheptanoate",NA,NA,NA,"1115-90-8","198338","HMDB0094649",NA,"227939","Pos Early","2_aminoheptanoate",682,"2_aminoheptanoate","sample_cohort","2-Aminoheptanoic acid"
103,100004542,400,43761,157045,"Lipid","Fatty Acid, Amino",1773,"NAMED","RDFMDVXONNIGBC-UHFFFAOYSA-N","OC(C(CCCCC)N([H])[H])=O","2-aminoheptanoate","2-aminoheptanoate",NA,NA,NA,"1115-90-8","198338","HMDB0094649",NA,"227939","Pos Early","2_aminoheptanoate",682,"2_aminoheptanoate","sample_cohort","2-Aminoheptanoic acid"
103,100004542,400,43761,157045,"Lipid","Fatty Acid, Amino",1773,"NAMED","RDFMDVXONNIGBC-UHFFFAOYSA-N","OC(C(CCCCC)N([H])[H])=O","2-aminoheptanoate","2-aminoheptanoate",NA,NA,NA,"1115-90-8","198338","HMDB0094649",NA,"227939","Pos Early","2_aminoheptanoate",682,"2_aminoheptanoate","sample_cohort","2-Aminoheptanoic acid"
103,100004542,400,43761,157045,"Lipid","Fatty Acid, Amino",1773,"NAMED","RDFMDVXONNIGBC-UHFFFAOYSA-N","OC(C(CCCCC)N([H])[H])=O","2-aminoheptanoate","2-aminoheptanoate",NA,NA,NA,"1115-90-8","198338","HMDB0094649",NA,"227939","Pos Early","2_aminoheptanoate",682,"2_aminoheptanoate","sample_cohort","2S-Aminoheptanoic acid"
103,100004542,400,43761,157045,"Lipid","Fatty Acid, Amino",1773,"NAMED","RDFMDVXONNIGBC-UHFFFAOYSA-N","OC(C(CCCCC)N([H])[H])=O","2-aminoheptanoate","2-aminoheptanoate",NA,NA,NA,"1115-90-8","198338","HMDB0094649",NA,"227939","Pos Early","2_aminoheptanoate",682,"2_aminoheptanoate","sample_cohort","2-Aminoheptanoic acid"
103,100004542,400,43761,157045,"Lipid","Fatty Acid, Amino",1773,"NAMED","RDFMDVXONNIGBC-UHFFFAOYSA-N","OC(C(CCCCC)N([H])[H])=O","2-aminoheptanoate","2-aminoheptanoate",NA,NA,NA,"1115-90-8","198338","HMDB0094649",NA,"227939","Pos Early","2_aminoheptanoate",682,"2_aminoheptanoate","sample_cohort","2S-Aminoheptanoic acid"
103,100004542,400,43761,157045,"Lipid","Fatty Acid, Amino",1773,"NAMED","RDFMDVXONNIGBC-UHFFFAOYSA-N","OC(C(CCCCC)N([H])[H])=O","2-aminoheptanoate","2-aminoheptanoate",NA,NA,NA,"1115-90-8","198338","HMDB0094649",NA,"227939","Pos Early","2_aminoheptanoate",682,"2_aminoheptanoate","sample_cohort","2-Aminoheptanoic acid"
104,100004575,209,43591,153118,"Amino Acid","Urea cycle; Arginine and Proline Metabolism",518,"NAMED","XUYANFPPYJSBPU-UHFFFAOYSA-N","OC(C(CCCNC(C)=O)N([H])C(C)=O)=O","N2,N5-diacetylornithine","N2,N5-diacetylornithine",NA,NA,NA,"39825-23-5","8573834","HMDB0240345",NA,"65977","Neg","n2_n5_diacetylornithine",686,"n2_n5_diacetylornithine","sample_cohort","N2,N5-Diacetylornithine"
104,100004575,209,43591,153118,"Amino Acid","Urea cycle; Arginine and Proline Metabolism",518,"NAMED","XUYANFPPYJSBPU-UHFFFAOYSA-N","OC(C(CCCNC(C)=O)N([H])C(C)=O)=O","N2,N5-diacetylornithine","N2,N5-diacetylornithine",NA,NA,NA,"39825-23-5","8573834","HMDB0240345",NA,"65977","Neg","n2_n5_diacetylornithine",686,"n2_n5_diacetylornithine","sample_cohort","N2,N5-Diacetylornithine"
104,100004575,209,43591,153118,"Amino Acid","Urea cycle; Arginine and Proline Metabolism",518,"NAMED","XUYANFPPYJSBPU-UHFFFAOYSA-N","OC(C(CCCNC(C)=O)N([H])C(C)=O)=O","N2,N5-diacetylornithine","N2,N5-diacetylornithine",NA,NA,NA,"39825-23-5","8573834","HMDB0240345",NA,"65977","Neg","n2_n5_diacetylornithine",686,"n2_n5_diacetylornithine","sample_cohort","N2,N5-Diacetylornithine"
104,100004575,209,43591,153118,"Amino Acid","Urea cycle; Arginine and Proline Metabolism",518,"NAMED","XUYANFPPYJSBPU-UHFFFAOYSA-N","OC(C(CCCNC(C)=O)N([H])C(C)=O)=O","N2,N5-diacetylornithine","N2,N5-diacetylornithine",NA,NA,NA,"39825-23-5","8573834","HMDB0240345",NA,"65977","Neg","n2_n5_diacetylornithine",686,"n2_n5_diacetylornithine","sample_cohort","N2,N5-Diacetylornithine"
105,100004601,209,57783,213695,"Xenobiotics","Bacterial/Fungal",5366,"NAMED","KNSAWRXCIVESQC-UHFFFAOYSA-N","O=C(O)CC1=C2C(C=CN2)=CC=C1","1H-indole-7-acetic acid","1H-indole-7-acetic acid",NA,NA,NA,"39689-63-9","13535457",NA,NA,"18356439","Neg","1h_indole_7_acetic acid",687,"1h_indole_7_acetic acid","sample_cohort","1H-Indole-7-acetic acid"
106,100005352,402,44560,159608,"Lipid","Lysophospholipid",2651,"NAMED","YYSFWGQAKJTHRE-OUKQBFOZSA-N","C[N+](CCOP(OCC(O)COC(CCCCCCCCC/C=C/CCCCCCCC)=O)([O-])=O)(C)C","1-eicosenoyl-GPC (20:1)*","1-eicosenoyl-GPC (20:1)*","LPC 20:1","LPC 20:1","LPC 20:1/0:0",NA,NA,"HMDB0010391",NA,"52924051","Pos Late","1_eicosenoyl_gpc_20_1",692,"1_eicosenoyl_gpc_20_1","sample_cohort","LPC 20:1(11Z)/0:0"
106,100005352,402,44560,159608,"Lipid","Lysophospholipid",2651,"NAMED","YYSFWGQAKJTHRE-OUKQBFOZSA-N","C[N+](CCOP(OCC(O)COC(CCCCCCCCC/C=C/CCCCCCCC)=O)([O-])=O)(C)C","1-eicosenoyl-GPC (20:1)*","1-eicosenoyl-GPC (20:1)*","LPC 20:1","LPC 20:1","LPC 20:1/0:0",NA,NA,"HMDB0010391",NA,"52924051","Pos Late","1_eicosenoyl_gpc_20_1",692,"1_eicosenoyl_gpc_20_1","sample_cohort","LPC 20:1(11Z)"
106,100005352,402,44560,159608,"Lipid","Lysophospholipid",2651,"NAMED","YYSFWGQAKJTHRE-OUKQBFOZSA-N","C[N+](CCOP(OCC(O)COC(CCCCCCCCC/C=C/CCCCCCCC)=O)([O-])=O)(C)C","1-eicosenoyl-GPC (20:1)*","1-eicosenoyl-GPC (20:1)*","LPC 20:1","LPC 20:1","LPC 20:1/0:0",NA,NA,"HMDB0010391",NA,"52924051","Pos Late","1_eicosenoyl_gpc_20_1",692,"1_eicosenoyl_gpc_20_1","sample_cohort","LPC 20:1"
106,100005352,402,44560,159608,"Lipid","Lysophospholipid",2651,"NAMED","YYSFWGQAKJTHRE-OUKQBFOZSA-N","C[N+](CCOP(OCC(O)COC(CCCCCCCCC/C=C/CCCCCCCC)=O)([O-])=O)(C)C","1-eicosenoyl-GPC (20:1)*","1-eicosenoyl-GPC (20:1)*","LPC 20:1","LPC 20:1","LPC 20:1/0:0",NA,NA,"HMDB0010391",NA,"52924051","Pos Late","1_eicosenoyl_gpc_20_1",692,"1_eicosenoyl_gpc_20_1","sample_cohort","LPC 20:1/0:0"
106,100005352,402,44560,159608,"Lipid","Lysophospholipid",2651,"NAMED","YYSFWGQAKJTHRE-OUKQBFOZSA-N","C[N+](CCOP(OCC(O)COC(CCCCCCCCC/C=C/CCCCCCCC)=O)([O-])=O)(C)C","1-eicosenoyl-GPC (20:1)*","1-eicosenoyl-GPC (20:1)*","LPC 20:1","LPC 20:1","LPC 20:1/0:0",NA,NA,"HMDB0010391",NA,"52924051","Pos Late","1_eicosenoyl_gpc_20_1",692,"1_eicosenoyl_gpc_20_1","sample_cohort","LPC 20:1"
106,100005352,402,44560,159608,"Lipid","Lysophospholipid",2651,"NAMED","YYSFWGQAKJTHRE-OUKQBFOZSA-N","C[N+](CCOP(OCC(O)COC(CCCCCCCCC/C=C/CCCCCCCC)=O)([O-])=O)(C)C","1-eicosenoyl-GPC (20:1)*","1-eicosenoyl-GPC (20:1)*","LPC 20:1","LPC 20:1","LPC 20:1/0:0",NA,NA,"HMDB0010391",NA,"52924051","Pos Late","1_eicosenoyl_gpc_20_1",692,"1_eicosenoyl_gpc_20_1","sample_cohort","LPC 20:1/0:0"
106,100005352,402,44560,159608,"Lipid","Lysophospholipid",2651,"NAMED","YYSFWGQAKJTHRE-OUKQBFOZSA-N","C[N+](CCOP(OCC(O)COC(CCCCCCCCC/C=C/CCCCCCCC)=O)([O-])=O)(C)C","1-eicosenoyl-GPC (20:1)*","1-eicosenoyl-GPC (20:1)*","LPC 20:1","LPC 20:1","LPC 20:1/0:0",NA,NA,"HMDB0010391",NA,"52924051","Pos Late","1_eicosenoyl_gpc_20_1",692,"1_eicosenoyl_gpc_20_1","sample_cohort","LPC 20:1"
106,100005352,402,44560,159608,"Lipid","Lysophospholipid",2651,"NAMED","YYSFWGQAKJTHRE-OUKQBFOZSA-N","C[N+](CCOP(OCC(O)COC(CCCCCCCCC/C=C/CCCCCCCC)=O)([O-])=O)(C)C","1-eicosenoyl-GPC (20:1)*","1-eicosenoyl-GPC (20:1)*","LPC 20:1","LPC 20:1","LPC 20:1/0:0",NA,NA,"HMDB0010391",NA,"52924051","Pos Late","1_eicosenoyl_gpc_20_1",692,"1_eicosenoyl_gpc_20_1","sample_cohort","LPC 20:1/0:0"
106,100005352,402,44560,159608,"Lipid","Lysophospholipid",2651,"NAMED","YYSFWGQAKJTHRE-OUKQBFOZSA-N","C[N+](CCOP(OCC(O)COC(CCCCCCCCC/C=C/CCCCCCCC)=O)([O-])=O)(C)C","1-eicosenoyl-GPC (20:1)*","1-eicosenoyl-GPC (20:1)*","LPC 20:1","LPC 20:1","LPC 20:1/0:0",NA,NA,"HMDB0010391",NA,"52924051","Pos Late","1_eicosenoyl_gpc_20_1",692,"1_eicosenoyl_gpc_20_1","sample_cohort","LPC 20:1(11Z)/0:0"
106,100005352,402,44560,159608,"Lipid","Lysophospholipid",2651,"NAMED","YYSFWGQAKJTHRE-OUKQBFOZSA-N","C[N+](CCOP(OCC(O)COC(CCCCCCCCC/C=C/CCCCCCCC)=O)([O-])=O)(C)C","1-eicosenoyl-GPC (20:1)*","1-eicosenoyl-GPC (20:1)*","LPC 20:1","LPC 20:1","LPC 20:1/0:0",NA,NA,"HMDB0010391",NA,"52924051","Pos Late","1_eicosenoyl_gpc_20_1",692,"1_eicosenoyl_gpc_20_1","sample_cohort","LPC 20:1"
107,100005353,402,47087,159895,"Lipid","Lysophospholipid",2645,"NAMED","WYIMORDZGCUBAA-UHFFFAOYSA-N","C[N+](CCOP(OCC(O)COC(CCCCCCCCCCCCCCCCCC)=O)([O-])=O)(C)C","1-nonadecanoyl-GPC (19:0)","1-nonadecanoyl-GPC (19:0)","LPC 19:0","LPC 19:0","LPC 19:0/0:0","108273-88-7","24823014",NA,NA,NA,"Pos Late","1_nonadecanoyl_gpc_19_0",693,"1_nonadecanoyl_gpc_19_0","sample_cohort",NA
108,100005367,209,45404,144585,"Xenobiotics","Food Component/Plant",4854,"NAMED","CCCNUHFRBBIFHO-CVSPRKDYSA-N","C=CCS(C[C@H](NC(C)=O)C(O)=O)=O","N-acetylalliin","N-acetylalliin",NA,NA,NA,NA,NA,NA,NA,NA,"Neg","n_acetylalliin",694,"n_acetylalliin","sample_cohort",NA
109,100005371,209,44630,142531,"Lipid","Lysophospholipid",2707,"NAMED","RNWSKZCVPICGIX-DQXFYRDTSA-N","O=C(CCCCCC/C=C\C/C=C\C/C=C\CCCCC)OC[C@@](O)([H])COP(OCCN)(O)=O","1-dihomo-linolenoyl-GPE (20:3n3 or 6)*","1-dihomo-linolenoyl-GPE (20:3n3 or 6)*","LPE 20:3","LPE 20:3","LPE 20:3/0:0",NA,NA,"HMDB0011514,HMDB0011516",NA,NA,"Neg","1_dihomo_linolenoyl_gpe_20_3n3 or 6",695,"1_dihomo_linolenoyl_gpe_20_3n3 or 6","sample_cohort",NA
110,100005372,402,44621,163990,"Lipid","Lysoplasmalogen",2862,"NAMED","URGVIWXYPWWBQO-ZCJATDNESA-N","O=P(OCC[NH3+])([O-])OC[C@H](O)CO/C=C/CCCCCC/C=C/CCCCCCCC","1-(1-enyl-oleoyl)-GPE (P-18:1)*","1-(1-enyl-oleoyl)-GPE (P-18:1)*","LPE O-18:2","LPE P-18:1","LPE P-18:1/0:0",NA,NA,NA,NA,NA,"Pos Late","1_1_enyl_oleoyl_gpe_p_18_1",696,"1_1_enyl_oleoyl_gpe_p_18_1","sample_cohort",NA
111,100005373,400,46227,221883,"Amino Acid","Lysine Metabolism",124,"NAMED","BFSYFTQDGRDJNV-QCNRFFRDSA-N","OC[C@@H](O)[C@@H](O)[C@H](O)C(CNCCCC[C@@H](N)C(O)=O)=O","fructosyllysine","fructosyllysine",NA,NA,NA,"21291-40-7","110281","HMDB0034879",NA,"9839580","Pos Early","fructosyllysine",697,"fructosyllysine","sample_cohort","Fructosyllysine"
111,100005373,400,46227,221883,"Amino Acid","Lysine Metabolism",124,"NAMED","BFSYFTQDGRDJNV-QCNRFFRDSA-N","OC[C@@H](O)[C@@H](O)[C@H](O)C(CNCCCC[C@@H](N)C(O)=O)=O","fructosyllysine","fructosyllysine",NA,NA,NA,"21291-40-7","110281","HMDB0034879",NA,"9839580","Pos Early","fructosyllysine",697,"fructosyllysine","sample_cohort","Fructosyllysine"
111,100005373,400,46227,221883,"Amino Acid","Lysine Metabolism",124,"NAMED","BFSYFTQDGRDJNV-QCNRFFRDSA-N","OC[C@@H](O)[C@@H](O)[C@H](O)C(CNCCCC[C@@H](N)C(O)=O)=O","fructosyllysine","fructosyllysine",NA,NA,NA,"21291-40-7","110281","HMDB0034879",NA,"9839580","Pos Early","fructosyllysine",697,"fructosyllysine","sample_cohort","Fructosyllysine"
111,100005373,400,46227,221883,"Amino Acid","Lysine Metabolism",124,"NAMED","BFSYFTQDGRDJNV-QCNRFFRDSA-N","OC[C@@H](O)[C@@H](O)[C@H](O)C(CNCCCC[C@@H](N)C(O)=O)=O","fructosyllysine","fructosyllysine",NA,NA,NA,"21291-40-7","110281","HMDB0034879",NA,"9839580","Pos Early","fructosyllysine",697,"fructosyllysine","sample_cohort","Fructosyllysine"
111,100005373,400,46227,221883,"Amino Acid","Lysine Metabolism",124,"NAMED","BFSYFTQDGRDJNV-QCNRFFRDSA-N","OC[C@@H](O)[C@@H](O)[C@H](O)C(CNCCCC[C@@H](N)C(O)=O)=O","fructosyllysine","fructosyllysine",NA,NA,NA,"21291-40-7","110281","HMDB0034879",NA,"9839580","Pos Early","fructosyllysine",697,"fructosyllysine","sample_cohort","Fructosyllysine"
111,100005373,400,46227,221883,"Amino Acid","Lysine Metabolism",124,"NAMED","BFSYFTQDGRDJNV-QCNRFFRDSA-N","OC[C@@H](O)[C@@H](O)[C@H](O)C(CNCCCC[C@@H](N)C(O)=O)=O","fructosyllysine","fructosyllysine",NA,NA,NA,"21291-40-7","110281","HMDB0034879",NA,"9839580","Pos Early","fructosyllysine",697,"fructosyllysine","sample_cohort","Fructosyllysine"
111,100005373,400,46227,221883,"Amino Acid","Lysine Metabolism",124,"NAMED","BFSYFTQDGRDJNV-QCNRFFRDSA-N","OC[C@@H](O)[C@@H](O)[C@H](O)C(CNCCCC[C@@H](N)C(O)=O)=O","fructosyllysine","fructosyllysine",NA,NA,NA,"21291-40-7","110281","HMDB0034879",NA,"9839580","Pos Early","fructosyllysine",697,"fructosyllysine","sample_cohort","Fructosyllysine"
111,100005373,400,46227,221883,"Amino Acid","Lysine Metabolism",124,"NAMED","BFSYFTQDGRDJNV-QCNRFFRDSA-N","OC[C@@H](O)[C@@H](O)[C@H](O)C(CNCCCC[C@@H](N)C(O)=O)=O","fructosyllysine","fructosyllysine",NA,NA,NA,"21291-40-7","110281","HMDB0034879",NA,"9839580","Pos Early","fructosyllysine",697,"fructosyllysine","sample_cohort","Fructosyllysine"
112,100005376,209,62352,219482,"Lipid","Lysophospholipid",2704,"NAMED","JEAGLCKGAKACCE-MDZDMXLPSA-N","O=P(OCC(O)COC(CCCCCCCCC/C=C/CCCCCCCC)=O)(O)OCCN","1-eicosenoyl-GPE (20:1)*","1-eicosenoyl-GPE (20:1)*","LPE 20:1","LPE 20:1","LPE 20:1/0:0",NA,NA,"HMDB0011518",NA,"52925139","Neg","1_eicosenoyl_gpe_20_1",698,"1_eicosenoyl_gpe_20_1","sample_cohort","LPE 20:4(8Z,11Z,14Z,17Z)/0:0"
112,100005376,209,62352,219482,"Lipid","Lysophospholipid",2704,"NAMED","JEAGLCKGAKACCE-MDZDMXLPSA-N","O=P(OCC(O)COC(CCCCCCCCC/C=C/CCCCCCCC)=O)(O)OCCN","1-eicosenoyl-GPE (20:1)*","1-eicosenoyl-GPE (20:1)*","LPE 20:1","LPE 20:1","LPE 20:1/0:0",NA,NA,"HMDB0011518",NA,"52925139","Neg","1_eicosenoyl_gpe_20_1",698,"1_eicosenoyl_gpe_20_1","sample_cohort","LPE 20:4"
112,100005376,209,62352,219482,"Lipid","Lysophospholipid",2704,"NAMED","JEAGLCKGAKACCE-MDZDMXLPSA-N","O=P(OCC(O)COC(CCCCCCCCC/C=C/CCCCCCCC)=O)(O)OCCN","1-eicosenoyl-GPE (20:1)*","1-eicosenoyl-GPE (20:1)*","LPE 20:1","LPE 20:1","LPE 20:1/0:0",NA,NA,"HMDB0011518",NA,"52925139","Neg","1_eicosenoyl_gpe_20_1",698,"1_eicosenoyl_gpe_20_1","sample_cohort","LPE 20:4"
112,100005376,209,62352,219482,"Lipid","Lysophospholipid",2704,"NAMED","JEAGLCKGAKACCE-MDZDMXLPSA-N","O=P(OCC(O)COC(CCCCCCCCC/C=C/CCCCCCCC)=O)(O)OCCN","1-eicosenoyl-GPE (20:1)*","1-eicosenoyl-GPE (20:1)*","LPE 20:1","LPE 20:1","LPE 20:1/0:0",NA,NA,"HMDB0011518",NA,"52925139","Neg","1_eicosenoyl_gpe_20_1",698,"1_eicosenoyl_gpe_20_1","sample_cohort","LPE 20:4"
112,100005376,209,62352,219482,"Lipid","Lysophospholipid",2704,"NAMED","JEAGLCKGAKACCE-MDZDMXLPSA-N","O=P(OCC(O)COC(CCCCCCCCC/C=C/CCCCCCCC)=O)(O)OCCN","1-eicosenoyl-GPE (20:1)*","1-eicosenoyl-GPE (20:1)*","LPE 20:1","LPE 20:1","LPE 20:1/0:0",NA,NA,"HMDB0011518",NA,"52925139","Neg","1_eicosenoyl_gpe_20_1",698,"1_eicosenoyl_gpe_20_1","sample_cohort","LPE 20:4"
112,100005376,209,62352,219482,"Lipid","Lysophospholipid",2704,"NAMED","JEAGLCKGAKACCE-MDZDMXLPSA-N","O=P(OCC(O)COC(CCCCCCCCC/C=C/CCCCCCCC)=O)(O)OCCN","1-eicosenoyl-GPE (20:1)*","1-eicosenoyl-GPE (20:1)*","LPE 20:1","LPE 20:1","LPE 20:1/0:0",NA,NA,"HMDB0011518",NA,"52925139","Neg","1_eicosenoyl_gpe_20_1",698,"1_eicosenoyl_gpe_20_1","sample_cohort","LPE 20:4"
112,100005376,209,62352,219482,"Lipid","Lysophospholipid",2704,"NAMED","JEAGLCKGAKACCE-MDZDMXLPSA-N","O=P(OCC(O)COC(CCCCCCCCC/C=C/CCCCCCCC)=O)(O)OCCN","1-eicosenoyl-GPE (20:1)*","1-eicosenoyl-GPE (20:1)*","LPE 20:1","LPE 20:1","LPE 20:1/0:0",NA,NA,"HMDB0011518",NA,"52925139","Neg","1_eicosenoyl_gpe_20_1",698,"1_eicosenoyl_gpe_20_1","sample_cohort","LPE 20:4"
112,100005376,209,62352,219482,"Lipid","Lysophospholipid",2704,"NAMED","JEAGLCKGAKACCE-MDZDMXLPSA-N","O=P(OCC(O)COC(CCCCCCCCC/C=C/CCCCCCCC)=O)(O)OCCN","1-eicosenoyl-GPE (20:1)*","1-eicosenoyl-GPE (20:1)*","LPE 20:1","LPE 20:1","LPE 20:1/0:0",NA,NA,"HMDB0011518",NA,"52925139","Neg","1_eicosenoyl_gpe_20_1",698,"1_eicosenoyl_gpe_20_1","sample_cohort","LPE 20:4"
112,100005376,209,62352,219482,"Lipid","Lysophospholipid",2704,"NAMED","JEAGLCKGAKACCE-MDZDMXLPSA-N","O=P(OCC(O)COC(CCCCCCCCC/C=C/CCCCCCCC)=O)(O)OCCN","1-eicosenoyl-GPE (20:1)*","1-eicosenoyl-GPE (20:1)*","LPE 20:1","LPE 20:1","LPE 20:1/0:0",NA,NA,"HMDB0011518",NA,"52925139","Neg","1_eicosenoyl_gpe_20_1",698,"1_eicosenoyl_gpe_20_1","sample_cohort","LPE 20:4"
112,100005376,209,62352,219482,"Lipid","Lysophospholipid",2704,"NAMED","JEAGLCKGAKACCE-MDZDMXLPSA-N","O=P(OCC(O)COC(CCCCCCCCC/C=C/CCCCCCCC)=O)(O)OCCN","1-eicosenoyl-GPE (20:1)*","1-eicosenoyl-GPE (20:1)*","LPE 20:1","LPE 20:1","LPE 20:1/0:0",NA,NA,"HMDB0011518",NA,"52925139","Neg","1_eicosenoyl_gpe_20_1",698,"1_eicosenoyl_gpe_20_1","sample_cohort","LPE 20:4"
112,100005376,209,62352,219482,"Lipid","Lysophospholipid",2704,"NAMED","JEAGLCKGAKACCE-MDZDMXLPSA-N","O=P(OCC(O)COC(CCCCCCCCC/C=C/CCCCCCCC)=O)(O)OCCN","1-eicosenoyl-GPE (20:1)*","1-eicosenoyl-GPE (20:1)*","LPE 20:1","LPE 20:1","LPE 20:1/0:0",NA,NA,"HMDB0011518",NA,"52925139","Neg","1_eicosenoyl_gpe_20_1",698,"1_eicosenoyl_gpe_20_1","sample_cohort","LPE 20:4"
112,100005376,209,62352,219482,"Lipid","Lysophospholipid",2704,"NAMED","JEAGLCKGAKACCE-MDZDMXLPSA-N","O=P(OCC(O)COC(CCCCCCCCC/C=C/CCCCCCCC)=O)(O)OCCN","1-eicosenoyl-GPE (20:1)*","1-eicosenoyl-GPE (20:1)*","LPE 20:1","LPE 20:1","LPE 20:1/0:0",NA,NA,"HMDB0011518",NA,"52925139","Neg","1_eicosenoyl_gpe_20_1",698,"1_eicosenoyl_gpe_20_1","sample_cohort","LPE 20:4(8Z,11Z,14Z,17Z)/0:0"
112,100005376,209,62352,219482,"Lipid","Lysophospholipid",2704,"NAMED","JEAGLCKGAKACCE-MDZDMXLPSA-N","O=P(OCC(O)COC(CCCCCCCCC/C=C/CCCCCCCC)=O)(O)OCCN","1-eicosenoyl-GPE (20:1)*","1-eicosenoyl-GPE (20:1)*","LPE 20:1","LPE 20:1","LPE 20:1/0:0",NA,NA,"HMDB0011518",NA,"52925139","Neg","1_eicosenoyl_gpe_20_1",698,"1_eicosenoyl_gpe_20_1","sample_cohort","LPE 20:4(8Z,11Z,14Z,17Z)/0:0"
112,100005376,209,62352,219482,"Lipid","Lysophospholipid",2704,"NAMED","JEAGLCKGAKACCE-MDZDMXLPSA-N","O=P(OCC(O)COC(CCCCCCCCC/C=C/CCCCCCCC)=O)(O)OCCN","1-eicosenoyl-GPE (20:1)*","1-eicosenoyl-GPE (20:1)*","LPE 20:1","LPE 20:1","LPE 20:1/0:0",NA,NA,"HMDB0011518",NA,"52925139","Neg","1_eicosenoyl_gpe_20_1",698,"1_eicosenoyl_gpe_20_1","sample_cohort","LPE 20:4(8Z,11Z,14Z,17Z)/0:0"
112,100005376,209,62352,219482,"Lipid","Lysophospholipid",2704,"NAMED","JEAGLCKGAKACCE-MDZDMXLPSA-N","O=P(OCC(O)COC(CCCCCCCCC/C=C/CCCCCCCC)=O)(O)OCCN","1-eicosenoyl-GPE (20:1)*","1-eicosenoyl-GPE (20:1)*","LPE 20:1","LPE 20:1","LPE 20:1/0:0",NA,NA,"HMDB0011518",NA,"52925139","Neg","1_eicosenoyl_gpe_20_1",698,"1_eicosenoyl_gpe_20_1","sample_cohort","LPE 20:4(8Z,11Z,14Z,17Z)/0:0"
112,100005376,209,62352,219482,"Lipid","Lysophospholipid",2704,"NAMED","JEAGLCKGAKACCE-MDZDMXLPSA-N","O=P(OCC(O)COC(CCCCCCCCC/C=C/CCCCCCCC)=O)(O)OCCN","1-eicosenoyl-GPE (20:1)*","1-eicosenoyl-GPE (20:1)*","LPE 20:1","LPE 20:1","LPE 20:1/0:0",NA,NA,"HMDB0011518",NA,"52925139","Neg","1_eicosenoyl_gpe_20_1",698,"1_eicosenoyl_gpe_20_1","sample_cohort","LPE 20:4(8Z,11Z,14Z,17Z)/0:0"
112,100005376,209,62352,219482,"Lipid","Lysophospholipid",2704,"NAMED","JEAGLCKGAKACCE-MDZDMXLPSA-N","O=P(OCC(O)COC(CCCCCCCCC/C=C/CCCCCCCC)=O)(O)OCCN","1-eicosenoyl-GPE (20:1)*","1-eicosenoyl-GPE (20:1)*","LPE 20:1","LPE 20:1","LPE 20:1/0:0",NA,NA,"HMDB0011518",NA,"52925139","Neg","1_eicosenoyl_gpe_20_1",698,"1_eicosenoyl_gpe_20_1","sample_cohort","LPE 20:4/0:0"
112,100005376,209,62352,219482,"Lipid","Lysophospholipid",2704,"NAMED","JEAGLCKGAKACCE-MDZDMXLPSA-N","O=P(OCC(O)COC(CCCCCCCCC/C=C/CCCCCCCC)=O)(O)OCCN","1-eicosenoyl-GPE (20:1)*","1-eicosenoyl-GPE (20:1)*","LPE 20:1","LPE 20:1","LPE 20:1/0:0",NA,NA,"HMDB0011518",NA,"52925139","Neg","1_eicosenoyl_gpe_20_1",698,"1_eicosenoyl_gpe_20_1","sample_cohort","LPE 20:4/0:0"
112,100005376,209,62352,219482,"Lipid","Lysophospholipid",2704,"NAMED","JEAGLCKGAKACCE-MDZDMXLPSA-N","O=P(OCC(O)COC(CCCCCCCCC/C=C/CCCCCCCC)=O)(O)OCCN","1-eicosenoyl-GPE (20:1)*","1-eicosenoyl-GPE (20:1)*","LPE 20:1","LPE 20:1","LPE 20:1/0:0",NA,NA,"HMDB0011518",NA,"52925139","Neg","1_eicosenoyl_gpe_20_1",698,"1_eicosenoyl_gpe_20_1","sample_cohort","LPE 20:4/0:0"
113,100005384,209,45413,143779,"Xenobiotics","Chemical",6135,"NAMED","CIQHWLTYGMYQQR-QMMMGPOBSA-N","OS(OC1=CC=C(C[C@H](N)C(O)=O)C=C1)(=O)=O","O-sulfo-tyrosine","O-sulfo-tyrosine",NA,NA,NA,NA,"448617","HMDB0155722",NA,"514186","Neg","o_sulfo_tyrosine",700,"o_sulfo_tyrosine","sample_cohort","Sulfotyrosine"
113,100005384,209,45413,143779,"Xenobiotics","Chemical",6135,"NAMED","CIQHWLTYGMYQQR-QMMMGPOBSA-N","OS(OC1=CC=C(C[C@H](N)C(O)=O)C=C1)(=O)=O","O-sulfo-tyrosine","O-sulfo-tyrosine",NA,NA,NA,NA,"448617","HMDB0155722",NA,"514186","Neg","o_sulfo_tyrosine",700,"o_sulfo_tyrosine","sample_cohort","Sulfotyrosine"
113,100005384,209,45413,143779,"Xenobiotics","Chemical",6135,"NAMED","CIQHWLTYGMYQQR-QMMMGPOBSA-N","OS(OC1=CC=C(C[C@H](N)C(O)=O)C=C1)(=O)=O","O-sulfo-tyrosine","O-sulfo-tyrosine",NA,NA,NA,NA,"448617","HMDB0155722",NA,"514186","Neg","o_sulfo_tyrosine",700,"o_sulfo_tyrosine","sample_cohort","Sulfotyrosine"
113,100005384,209,45413,143779,"Xenobiotics","Chemical",6135,"NAMED","CIQHWLTYGMYQQR-QMMMGPOBSA-N","OS(OC1=CC=C(C[C@H](N)C(O)=O)C=C1)(=O)=O","O-sulfo-tyrosine","O-sulfo-tyrosine",NA,NA,NA,NA,"448617","HMDB0155722",NA,"514186","Neg","o_sulfo_tyrosine",700,"o_sulfo_tyrosine","sample_cohort","Sulfotyrosine"
113,100005384,209,45413,143779,"Xenobiotics","Chemical",6135,"NAMED","CIQHWLTYGMYQQR-QMMMGPOBSA-N","OS(OC1=CC=C(C[C@H](N)C(O)=O)C=C1)(=O)=O","O-sulfo-tyrosine","O-sulfo-tyrosine",NA,NA,NA,NA,"448617","HMDB0155722",NA,"514186","Neg","o_sulfo_tyrosine",700,"o_sulfo_tyrosine","sample_cohort","Sulfotyrosine"
113,100005384,209,45413,143779,"Xenobiotics","Chemical",6135,"NAMED","CIQHWLTYGMYQQR-QMMMGPOBSA-N","OS(OC1=CC=C(C[C@H](N)C(O)=O)C=C1)(=O)=O","O-sulfo-tyrosine","O-sulfo-tyrosine",NA,NA,NA,NA,"448617","HMDB0155722",NA,"514186","Neg","o_sulfo_tyrosine",700,"o_sulfo_tyrosine","sample_cohort","Sulfotyrosine"
113,100005384,209,45413,143779,"Xenobiotics","Chemical",6135,"NAMED","CIQHWLTYGMYQQR-QMMMGPOBSA-N","OS(OC1=CC=C(C[C@H](N)C(O)=O)C=C1)(=O)=O","O-sulfo-tyrosine","O-sulfo-tyrosine",NA,NA,NA,NA,"448617","HMDB0155722",NA,"514186","Neg","o_sulfo_tyrosine",700,"o_sulfo_tyrosine","sample_cohort","Sulfotyrosine"
114,100005391,209,45415,153117,"Xenobiotics","Benzoate Metabolism",4605,"NAMED","IQWLPDPKVFZEOK-UHFFFAOYSA-N","OS(OC1=CC=CC(CCC(O)=O)=C1)(=O)=O","3-(3-hydroxyphenyl)propionate sulfate","3-(3-hydroxyphenyl)propionate sulfate",NA,NA,NA,"86321-32-6","162993","HMDB0094710",NA,"187488","Neg","3_3_hydroxyphenyl_propionate sulfate",702,"3_3_hydroxyphenyl_propionate sulfate","sample_cohort","3-(3-Sulfooxyphenyl)propanoic acid"
114,100005391,209,45415,153117,"Xenobiotics","Benzoate Metabolism",4605,"NAMED","IQWLPDPKVFZEOK-UHFFFAOYSA-N","OS(OC1=CC=CC(CCC(O)=O)=C1)(=O)=O","3-(3-hydroxyphenyl)propionate sulfate","3-(3-hydroxyphenyl)propionate sulfate",NA,NA,NA,"86321-32-6","162993","HMDB0094710",NA,"187488","Neg","3_3_hydroxyphenyl_propionate sulfate",702,"3_3_hydroxyphenyl_propionate sulfate","sample_cohort","3-(3-Sulfooxyphenyl)propanoic acid"
114,100005391,209,45415,153117,"Xenobiotics","Benzoate Metabolism",4605,"NAMED","IQWLPDPKVFZEOK-UHFFFAOYSA-N","OS(OC1=CC=CC(CCC(O)=O)=C1)(=O)=O","3-(3-hydroxyphenyl)propionate sulfate","3-(3-hydroxyphenyl)propionate sulfate",NA,NA,NA,"86321-32-6","162993","HMDB0094710",NA,"187488","Neg","3_3_hydroxyphenyl_propionate sulfate",702,"3_3_hydroxyphenyl_propionate sulfate","sample_cohort","3-(3-Sulfooxyphenyl)propanoic acid"
115,100005396,209,47132,149409,"Lipid","Androgenic Steroids",3414,"NAMED","ZJYZOWMDMWQJIV-UPDIMMRZSA-N","O[C@@H]1CC[C@]2(C)[C@]3([H])[C@](CCC2C1)([H])[C@@](CC4)([H])[C@@](CC3)(C)[C@H]4O[C@@H]([C@@H]([C@H]5O)O)O[C@H](C(O)=O)[C@H]5O","5alpha-androstan-3alpha,17beta-diol 17-glucuronide","5alpha-androstan-3alpha,17beta-diol 17-glucuronide",NA,NA,NA,NA,NA,NA,NA,NA,"Neg","5alpha_androstan_3alpha_17beta_diol 17_glucuronide",703,"5alpha_androstan_3alpha_17beta_diol 17_glucuronide","sample_cohort",NA
116,100005402,209,47135,149413,"Lipid","Androgenic Steroids",3369,"NAMED","QTXWOOLAHRQMGZ-NFZJBPARSA-N","O=C1C2[C@](CC[C@H]3OC4[C@H](O)[C@@H](O)[C@H](O)[C@@H](C(O)=O)O4)(C)[C@](C3)([H])CCC2C(CCC5=O)[C@]5(C)C1","11-ketoetiocholanolone glucuronide","11-ketoetiocholanolone glucuronide",NA,NA,NA,"17181-16-7",NA,NA,NA,NA,"Neg","11_ketoetiocholanolone glucuronide",704,"11_ketoetiocholanolone glucuronide","sample_cohort",NA
117,100005418,209,47403,149441,"Lipid","Pregnenolone Steroids",3281,"NAMED","IZDWMNZNEAXAFE-CQQKWVOPSA-N","O=C(C)[C@]1(O)[C@]2(C)C(CC1)C3C(CC2)[C@](CC[C@@H](OC4[C@H](O)[C@@H](O)[C@H](O)[C@@H]([C@@](O)=O)O4)C5)(C)[C@@]5([H])CC3","17alpha-hydroxypregnanolone glucuronide","17alpha-hydroxypregnanolone glucuronide",NA,NA,NA,NA,NA,NA,NA,NA,"Neg","17alpha_hydroxypregnanolone glucuronide",706,"17alpha_hydroxypregnanolone glucuronide","sample_cohort",NA
118,100005466,209,48187,153116,"Amino Acid","Methionine, Cysteine, SAM and Taurine Metabolism",480,"NAMED","CXJAAWRLVGAKDV-UHFFFAOYSA-N","O=S(CCNC(C)=O)(O)=O","N-acetyltaurine","N-acetyltaurine",NA,NA,NA,NA,"140553","HMDB0240253",NA,"159864","Neg","n_acetyltaurine",707,"n_acetyltaurine","sample_cohort","N-Acetyltaurine"
118,100005466,209,48187,153116,"Amino Acid","Methionine, Cysteine, SAM and Taurine Metabolism",480,"NAMED","CXJAAWRLVGAKDV-UHFFFAOYSA-N","O=S(CCNC(C)=O)(O)=O","N-acetyltaurine","N-acetyltaurine",NA,NA,NA,NA,"140553","HMDB0240253",NA,"159864","Neg","n_acetyltaurine",707,"n_acetyltaurine","sample_cohort","N-Acetyltaurine"
118,100005466,209,48187,153116,"Amino Acid","Methionine, Cysteine, SAM and Taurine Metabolism",480,"NAMED","CXJAAWRLVGAKDV-UHFFFAOYSA-N","O=S(CCNC(C)=O)(O)=O","N-acetyltaurine","N-acetyltaurine",NA,NA,NA,NA,"140553","HMDB0240253",NA,"159864","Neg","n_acetyltaurine",707,"n_acetyltaurine","sample_cohort","NA-Taurine 20:4(5Z,8Z,11Z,14Z)"
118,100005466,209,48187,153116,"Amino Acid","Methionine, Cysteine, SAM and Taurine Metabolism",480,"NAMED","CXJAAWRLVGAKDV-UHFFFAOYSA-N","O=S(CCNC(C)=O)(O)=O","N-acetyltaurine","N-acetyltaurine",NA,NA,NA,NA,"140553","HMDB0240253",NA,"159864","Neg","n_acetyltaurine",707,"n_acetyltaurine","sample_cohort","N-Acetyltaurine"
119,100005714,402,57509,211207,"Lipid","Lysophospholipid",2699,"NAMED","NTBBASCGALPTDC-IUQGRGSQSA-N","[NH3+]CCOP(OCC(O)COC(CCCCCCC/C=C/C/C=C/C/C=C/CC)=O)([O-])=O","1-linolenoyl-GPE (18:3)*","1-linolenoyl-GPE (18:3)*","LPE 18:3","LPE 18:3","LPE 18:3/0:0",NA,NA,"HMDB0011479,HMDB0011509",NA,"52925148","Pos Late","1_linolenoyl_gpe_18_3",708,"1_linolenoyl_gpe_18_3","sample_cohort",NA
120,100005716,209,45968,144192,"Lipid","Lysophospholipid",2737,"NAMED","FQQQKGAFQIIGLQ-VYFUBJQISA-N","O[C@H](COC(CCCCCCC/C=C\CCCCCCCC)=O)COP(OCC(O)CO)(O)=O","1-oleoyl-GPG (18:1)*","1-oleoyl-GPG (18:1)*","LPG 18:1","LPG 18:1","LPG 18:1/0:0",NA,"34999689","HMDB0240602",NA,NA,"Neg","1_oleoyl_gpg_18_1",709,"1_oleoyl_gpg_18_1","sample_cohort","LPG 18:1(9Z)/0:0"
120,100005716,209,45968,144192,"Lipid","Lysophospholipid",2737,"NAMED","FQQQKGAFQIIGLQ-VYFUBJQISA-N","O[C@H](COC(CCCCCCC/C=C\CCCCCCCC)=O)COP(OCC(O)CO)(O)=O","1-oleoyl-GPG (18:1)*","1-oleoyl-GPG (18:1)*","LPG 18:1","LPG 18:1","LPG 18:1/0:0",NA,"34999689","HMDB0240602",NA,NA,"Neg","1_oleoyl_gpg_18_1",709,"1_oleoyl_gpg_18_1","sample_cohort","LPG 18:1(9Z)/0:0"
120,100005716,209,45968,144192,"Lipid","Lysophospholipid",2737,"NAMED","FQQQKGAFQIIGLQ-VYFUBJQISA-N","O[C@H](COC(CCCCCCC/C=C\CCCCCCCC)=O)COP(OCC(O)CO)(O)=O","1-oleoyl-GPG (18:1)*","1-oleoyl-GPG (18:1)*","LPG 18:1","LPG 18:1","LPG 18:1/0:0",NA,"34999689","HMDB0240602",NA,NA,"Neg","1_oleoyl_gpg_18_1",709,"1_oleoyl_gpg_18_1","sample_cohort","LPG 18:1(9Z)/0:0"
120,100005716,209,45968,144192,"Lipid","Lysophospholipid",2737,"NAMED","FQQQKGAFQIIGLQ-VYFUBJQISA-N","O[C@H](COC(CCCCCCC/C=C\CCCCCCCC)=O)COP(OCC(O)CO)(O)=O","1-oleoyl-GPG (18:1)*","1-oleoyl-GPG (18:1)*","LPG 18:1","LPG 18:1","LPG 18:1/0:0",NA,"34999689","HMDB0240602",NA,NA,"Neg","1_oleoyl_gpg_18_1",709,"1_oleoyl_gpg_18_1","sample_cohort","LPG 18:1/0:0"
120,100005716,209,45968,144192,"Lipid","Lysophospholipid",2737,"NAMED","FQQQKGAFQIIGLQ-VYFUBJQISA-N","O[C@H](COC(CCCCCCC/C=C\CCCCCCCC)=O)COP(OCC(O)CO)(O)=O","1-oleoyl-GPG (18:1)*","1-oleoyl-GPG (18:1)*","LPG 18:1","LPG 18:1","LPG 18:1/0:0",NA,"34999689","HMDB0240602",NA,NA,"Neg","1_oleoyl_gpg_18_1",709,"1_oleoyl_gpg_18_1","sample_cohort","LPG 18:1(9Z)*"
120,100005716,209,45968,144192,"Lipid","Lysophospholipid",2737,"NAMED","FQQQKGAFQIIGLQ-VYFUBJQISA-N","O[C@H](COC(CCCCCCC/C=C\CCCCCCCC)=O)COP(OCC(O)CO)(O)=O","1-oleoyl-GPG (18:1)*","1-oleoyl-GPG (18:1)*","LPG 18:1","LPG 18:1","LPG 18:1/0:0",NA,"34999689","HMDB0240602",NA,NA,"Neg","1_oleoyl_gpg_18_1",709,"1_oleoyl_gpg_18_1","sample_cohort","LPG 18:1(9Z)/0:0"
120,100005716,209,45968,144192,"Lipid","Lysophospholipid",2737,"NAMED","FQQQKGAFQIIGLQ-VYFUBJQISA-N","O[C@H](COC(CCCCCCC/C=C\CCCCCCCC)=O)COP(OCC(O)CO)(O)=O","1-oleoyl-GPG (18:1)*","1-oleoyl-GPG (18:1)*","LPG 18:1","LPG 18:1","LPG 18:1/0:0",NA,"34999689","HMDB0240602",NA,NA,"Neg","1_oleoyl_gpg_18_1",709,"1_oleoyl_gpg_18_1","sample_cohort","LPG 18:1"
120,100005716,209,45968,144192,"Lipid","Lysophospholipid",2737,"NAMED","FQQQKGAFQIIGLQ-VYFUBJQISA-N","O[C@H](COC(CCCCCCC/C=C\CCCCCCCC)=O)COP(OCC(O)CO)(O)=O","1-oleoyl-GPG (18:1)*","1-oleoyl-GPG (18:1)*","LPG 18:1","LPG 18:1","LPG 18:1/0:0",NA,"34999689","HMDB0240602",NA,NA,"Neg","1_oleoyl_gpg_18_1",709,"1_oleoyl_gpg_18_1","sample_cohort","LPG 18:1(9Z)*"
120,100005716,209,45968,144192,"Lipid","Lysophospholipid",2737,"NAMED","FQQQKGAFQIIGLQ-VYFUBJQISA-N","O[C@H](COC(CCCCCCC/C=C\CCCCCCCC)=O)COP(OCC(O)CO)(O)=O","1-oleoyl-GPG (18:1)*","1-oleoyl-GPG (18:1)*","LPG 18:1","LPG 18:1","LPG 18:1/0:0",NA,"34999689","HMDB0240602",NA,NA,"Neg","1_oleoyl_gpg_18_1",709,"1_oleoyl_gpg_18_1","sample_cohort","LPG 18:1"
120,100005716,209,45968,144192,"Lipid","Lysophospholipid",2737,"NAMED","FQQQKGAFQIIGLQ-VYFUBJQISA-N","O[C@H](COC(CCCCCCC/C=C\CCCCCCCC)=O)COP(OCC(O)CO)(O)=O","1-oleoyl-GPG (18:1)*","1-oleoyl-GPG (18:1)*","LPG 18:1","LPG 18:1","LPG 18:1/0:0",NA,"34999689","HMDB0240602",NA,NA,"Neg","1_oleoyl_gpg_18_1",709,"1_oleoyl_gpg_18_1","sample_cohort","LPG 18:1(9Z)/0:0"
120,100005716,209,45968,144192,"Lipid","Lysophospholipid",2737,"NAMED","FQQQKGAFQIIGLQ-VYFUBJQISA-N","O[C@H](COC(CCCCCCC/C=C\CCCCCCCC)=O)COP(OCC(O)CO)(O)=O","1-oleoyl-GPG (18:1)*","1-oleoyl-GPG (18:1)*","LPG 18:1","LPG 18:1","LPG 18:1/0:0",NA,"34999689","HMDB0240602",NA,NA,"Neg","1_oleoyl_gpg_18_1",709,"1_oleoyl_gpg_18_1","sample_cohort","LPG 18:1"
121,100005717,209,45970,144193,"Lipid","Lysophospholipid",2732,"NAMED","BVJSKAUUFXBDOB-UHFFFAOYSA-N","O=P(OCC(O)CO)(O)OCC(O)COC(CCCCCCCCCCCCCCC)=O","1-palmitoyl-GPG (16:0)*","1-palmitoyl-GPG (16:0)*","LPG 16:0","LPG 16:0","LPG 16:0/0:0",NA,"2548639","HMDB0240601",NA,"3300276","Neg","1_palmitoyl_gpg_16_0",710,"1_palmitoyl_gpg_16_0","sample_cohort","LPG 16:0/0:0"
121,100005717,209,45970,144193,"Lipid","Lysophospholipid",2732,"NAMED","BVJSKAUUFXBDOB-UHFFFAOYSA-N","O=P(OCC(O)CO)(O)OCC(O)COC(CCCCCCCCCCCCCCC)=O","1-palmitoyl-GPG (16:0)*","1-palmitoyl-GPG (16:0)*","LPG 16:0","LPG 16:0","LPG 16:0/0:0",NA,"2548639","HMDB0240601",NA,"3300276","Neg","1_palmitoyl_gpg_16_0",710,"1_palmitoyl_gpg_16_0","sample_cohort","LPG 16:0/0:0"
121,100005717,209,45970,144193,"Lipid","Lysophospholipid",2732,"NAMED","BVJSKAUUFXBDOB-UHFFFAOYSA-N","O=P(OCC(O)CO)(O)OCC(O)COC(CCCCCCCCCCCCCCC)=O","1-palmitoyl-GPG (16:0)*","1-palmitoyl-GPG (16:0)*","LPG 16:0","LPG 16:0","LPG 16:0/0:0",NA,"2548639","HMDB0240601",NA,"3300276","Neg","1_palmitoyl_gpg_16_0",710,"1_palmitoyl_gpg_16_0","sample_cohort","LPG 16:0/0:0"
121,100005717,209,45970,144193,"Lipid","Lysophospholipid",2732,"NAMED","BVJSKAUUFXBDOB-UHFFFAOYSA-N","O=P(OCC(O)CO)(O)OCC(O)COC(CCCCCCCCCCCCCCC)=O","1-palmitoyl-GPG (16:0)*","1-palmitoyl-GPG (16:0)*","LPG 16:0","LPG 16:0","LPG 16:0/0:0",NA,"2548639","HMDB0240601",NA,"3300276","Neg","1_palmitoyl_gpg_16_0",710,"1_palmitoyl_gpg_16_0","sample_cohort","LPG 16:0"
121,100005717,209,45970,144193,"Lipid","Lysophospholipid",2732,"NAMED","BVJSKAUUFXBDOB-UHFFFAOYSA-N","O=P(OCC(O)CO)(O)OCC(O)COC(CCCCCCCCCCCCCCC)=O","1-palmitoyl-GPG (16:0)*","1-palmitoyl-GPG (16:0)*","LPG 16:0","LPG 16:0","LPG 16:0/0:0",NA,"2548639","HMDB0240601",NA,"3300276","Neg","1_palmitoyl_gpg_16_0",710,"1_palmitoyl_gpg_16_0","sample_cohort","LPG 16:0"
121,100005717,209,45970,144193,"Lipid","Lysophospholipid",2732,"NAMED","BVJSKAUUFXBDOB-UHFFFAOYSA-N","O=P(OCC(O)CO)(O)OCC(O)COC(CCCCCCCCCCCCCCC)=O","1-palmitoyl-GPG (16:0)*","1-palmitoyl-GPG (16:0)*","LPG 16:0","LPG 16:0","LPG 16:0/0:0",NA,"2548639","HMDB0240601",NA,"3300276","Neg","1_palmitoyl_gpg_16_0",710,"1_palmitoyl_gpg_16_0","sample_cohort","LPG 16:0"
122,100005818,209,47136,149415,"Xenobiotics","Food Component/Plant",5135,"NAMED","LKRAEHUDIUJBSF-ZETCQYMHSA-N","OC([C@H](CSCC=C)N([H])C(C)=O)=O","N-acetyl-S-allyl-cysteine","N-acetyl-S-allyl-cysteine",NA,NA,NA,"23127-41-5","134378","HMDB0240543",NA,"152467","Neg","n_acetyl_s_allyl_cysteine",711,"n_acetyl_s_allyl_cysteine","sample_cohort","S-Allylmercapturic acid"
123,100005864,209,46144,144231,"Xenobiotics","Food Component/Plant",5128,"NAMED","HOVAGTYPODGVJG-ZFYZTMLRSA-N","O[C@H]1[C@@H]([C@H]([C@H](O[C@@H]1CO)OC)O)O","methyl glucopyranoside (alpha + beta)","methyl glucopyranoside (alpha + beta)",NA,NA,NA,NA,NA,"HMDB0029965",NA,"445238,3036743,2108","Neg","methyl glucopyranoside_alpha + beta",714,"methyl glucopyranoside_alpha + beta","sample_cohort","Methyl beta-glucoside"
123,100005864,209,46144,144231,"Xenobiotics","Food Component/Plant",5128,"NAMED","HOVAGTYPODGVJG-ZFYZTMLRSA-N","O[C@H]1[C@@H]([C@H]([C@H](O[C@@H]1CO)OC)O)O","methyl glucopyranoside (alpha + beta)","methyl glucopyranoside (alpha + beta)",NA,NA,NA,NA,NA,"HMDB0029965",NA,"445238,3036743,2108","Neg","methyl glucopyranoside_alpha + beta",714,"methyl glucopyranoside_alpha + beta","sample_cohort","Methyl beta-glucoside"
123,100005864,209,46144,144231,"Xenobiotics","Food Component/Plant",5128,"NAMED","HOVAGTYPODGVJG-ZFYZTMLRSA-N","O[C@H]1[C@@H]([C@H]([C@H](O[C@@H]1CO)OC)O)O","methyl glucopyranoside (alpha + beta)","methyl glucopyranoside (alpha + beta)",NA,NA,NA,NA,NA,"HMDB0029965",NA,"445238,3036743,2108","Neg","methyl glucopyranoside_alpha + beta",714,"methyl glucopyranoside_alpha + beta","sample_cohort","Methyl beta-glucoside"
123,100005864,209,46144,144231,"Xenobiotics","Food Component/Plant",5128,"NAMED","HOVAGTYPODGVJG-ZFYZTMLRSA-N","O[C@H]1[C@@H]([C@H]([C@H](O[C@@H]1CO)OC)O)O","methyl glucopyranoside (alpha + beta)","methyl glucopyranoside (alpha + beta)",NA,NA,NA,NA,NA,"HMDB0029965",NA,"445238,3036743,2108","Neg","methyl glucopyranoside_alpha + beta",714,"methyl glucopyranoside_alpha + beta","sample_cohort","Methyl beta-glucoside"
123,100005864,209,46144,144231,"Xenobiotics","Food Component/Plant",5128,"NAMED","HOVAGTYPODGVJG-ZFYZTMLRSA-N","O[C@H]1[C@@H]([C@H]([C@H](O[C@@H]1CO)OC)O)O","methyl glucopyranoside (alpha + beta)","methyl glucopyranoside (alpha + beta)",NA,NA,NA,NA,NA,"HMDB0029965",NA,"445238,3036743,2108","Neg","methyl glucopyranoside_alpha + beta",714,"methyl glucopyranoside_alpha + beta","sample_cohort","Methyl beta-glucoside"
123,100005864,209,46144,144231,"Xenobiotics","Food Component/Plant",5128,"NAMED","HOVAGTYPODGVJG-ZFYZTMLRSA-N","O[C@H]1[C@@H]([C@H]([C@H](O[C@@H]1CO)OC)O)O","methyl glucopyranoside (alpha + beta)","methyl glucopyranoside (alpha + beta)",NA,NA,NA,NA,NA,"HMDB0029965",NA,"445238,3036743,2108","Neg","methyl glucopyranoside_alpha + beta",714,"methyl glucopyranoside_alpha + beta","sample_cohort","Methyl glucose"
124,100005972,209,47666,153114,"Cofactors and Vitamins","Tocopherol Metabolism",4407,"NAMED","ZQMMTPNJGWUHCB-UHFFFAOYSA-N","CC1=C(OS(O)(=O)=O)C(C)=C2C(OC(C)(CCC(O)=O)CC2)=C1C","alpha-CEHC sulfate","alpha-CEHC sulfate",NA,NA,NA,NA,NA,NA,NA,NA,"Neg","alpha_cehc sulfate",716,"alpha_cehc sulfate","sample_cohort",NA
125,100005977,209,63926,223841,"Cofactors and Vitamins","Tocopherol Metabolism",4395,"NAMED","DYOFESDCRUIQTB-UHFFFAOYSA-N","OC(C1C(O)C(O)C(O)C(OC2=C(C)C(C)=C(OC(C)(CCCC(C)C(O)=O)CC3)C3=C2C)O1)=O","alpha-CMBHC glucuronide","alpha-CMBHC glucuronide",NA,NA,NA,NA,NA,NA,NA,NA,"Neg","alpha_cmbhc glucuronide",717,"alpha_cmbhc glucuronide","sample_cohort",NA
126,100005985,402,47154,164532,"Lipid","Sphingomyelins",3143,"NAMED","SOWIKWJDPCEPOJ-IOBWIPHESA-N","CCCC/C=C/CCCCCCCC(N[C@@](COP([O-])(OCC[N+](C)(C)C)=O)([C@](O)(/C=C/CCCCCCCCCCCCC)[H])[H])=O","sphingomyelin (d18:2/14:0, d18:1/14:1)*","sphingomyelin (d18:2/14:0, d18:1/14:1)*","SM 32:2;O2","Unknown","Unknown",NA,NA,"HMDB0240637,HMDB0240612",NA,NA,"Pos Late","sphingomyelin_d18_2_14_0_d18_1_14_1",718,"sphingomyelin_d18_2_14_0_d18_1_14_1","sample_cohort",NA
127,100005996,402,61865,218582,"Lipid","Fatty Acid Metabolism (Acyl Carnitine, Dicarboxylate)",1941,"NAMED","CYPBWZKNUDFJJE-PLNGDYQASA-N","O=C(CCCCCCC/C=C\CCCCCCCC(O)=O)OC(CC([O-])=O)C[N+](C)(C)C","octadecenedioylcarnitine (C18:1-DC)*","octadecenedioylcarnitine (C18:1-DC)*",NA,NA,NA,"251981-06-3","28639201",NA,NA,NA,"Pos Late","octadecenedioylcarnitine_c18_1_dc",720,"octadecenedioylcarnitine_c18_1_dc","sample_cohort",NA
128,100005998,402,61867,218585,"Lipid","Fatty Acid Metabolism (Acyl Carnitine, Dicarboxylate)",1940,"NAMED","ULCCGBCYWCYNIC-UHFFFAOYSA-N","O=C(CCCCCCCCCCCCCCCCC(O)=O)OC(CC([O-])=O)C[N+](C)(C)C","octadecanedioylcarnitine (C18-DC)*","octadecanedioylcarnitine (C18-DC)*",NA,NA,NA,"123233-50-1","28639203",NA,NA,NA,"Pos Late","octadecanedioylcarnitine_c18_dc",721,"octadecanedioylcarnitine_c18_dc","sample_cohort",NA
129,100006005,209,37185,144272,"Lipid","Androgenic Steroids",3412,"NAMED","LERFMBCTNMFXCT-ILBJSTGGSA-N","C[C@@]12[C@](CCC3C2CC[C@@]4(C)C3CC[C@@H]4O)([H])C[C@H](OS(=O)(O)=O)CC1","5alpha-androstan-3alpha,17beta-diol monosulfate (2)","5alpha-androstan-3alpha,17beta-diol monosulfate (2)",NA,NA,NA,NA,NA,NA,NA,"121596225","Neg","5alpha_androstan_3alpha_17beta_diol monosulfate",723,"5alpha_androstan_3alpha_17beta_diol monosulfate","sample_cohort",NA
130,100006051,402,48182,160274,"Lipid","Fatty Acid Metabolism (Acyl Carnitine, Monounsaturated)",1907,"NAMED","ABVVZYXTZLEOHP-OLHLWXQYSA-N","O=C(CCCCCCC/C=C\CCCC)O[C@H](CC([O-])=O)C[N+](C)(C)C","myristoleoylcarnitine (C14:1)*","myristoleoylcarnitine (C14:1)*",NA,NA,NA,"889848-55-9","34999520","HMDB0240588",NA,"129691961","Pos Late","myristoleoylcarnitine_c14_1",724,"myristoleoylcarnitine_c14_1","sample_cohort","CAR 14:1"
131,100006056,209,48433,155077,"Amino Acid","Tyrosine Metabolism",233,"NAMED","NSTPXGARCQOSAU-VIFPVBQESA-N","OC([C@@H](NC=O)CC1=CC=CC=C1)=O","N-formylphenylalanine","N-formylphenylalanine",NA,NA,NA,"13200-85-6","663938","HMDB0240317",NA,"759256,7064571","Neg","n_formylphenylalanine",725,"n_formylphenylalanine","sample_cohort","N-Formylphenylalanine"
131,100006056,209,48433,155077,"Amino Acid","Tyrosine Metabolism",233,"NAMED","NSTPXGARCQOSAU-VIFPVBQESA-N","OC([C@@H](NC=O)CC1=CC=CC=C1)=O","N-formylphenylalanine","N-formylphenylalanine",NA,NA,NA,"13200-85-6","663938","HMDB0240317",NA,"759256,7064571","Neg","n_formylphenylalanine",725,"n_formylphenylalanine","sample_cohort","N-Formylphenylalanine"
131,100006056,209,48433,155077,"Amino Acid","Tyrosine Metabolism",233,"NAMED","NSTPXGARCQOSAU-VIFPVBQESA-N","OC([C@@H](NC=O)CC1=CC=CC=C1)=O","N-formylphenylalanine","N-formylphenylalanine",NA,NA,NA,"13200-85-6","663938","HMDB0240317",NA,"759256,7064571","Neg","n_formylphenylalanine",725,"n_formylphenylalanine","sample_cohort","N-Formylphenylalanine"
131,100006056,209,48433,155077,"Amino Acid","Tyrosine Metabolism",233,"NAMED","NSTPXGARCQOSAU-VIFPVBQESA-N","OC([C@@H](NC=O)CC1=CC=CC=C1)=O","N-formylphenylalanine","N-formylphenylalanine",NA,NA,NA,"13200-85-6","663938","HMDB0240317",NA,"759256,7064571","Neg","n_formylphenylalanine",725,"n_formylphenylalanine","sample_cohort","N-Formylphenylalanine"
131,100006056,209,48433,155077,"Amino Acid","Tyrosine Metabolism",233,"NAMED","NSTPXGARCQOSAU-VIFPVBQESA-N","OC([C@@H](NC=O)CC1=CC=CC=C1)=O","N-formylphenylalanine","N-formylphenylalanine",NA,NA,NA,"13200-85-6","663938","HMDB0240317",NA,"759256,7064571","Neg","n_formylphenylalanine",725,"n_formylphenylalanine","sample_cohort","N-Formylphenylalanine"
132,100006065,400,49795,161671,"Peptide","Dipeptide",800,"NAMED","XLUAWXQORJEMBD-UHFFFAOYSA-N","O=C(C(C(C)C)N([H])C1=O)N2C1CCC2","cyclo(pro-val)","cyclo(pro-val)",NA,NA,NA,"2854-40-2","89376",NA,NA,"98951","Pos Early","cyclo_pro_val",726,"cyclo_pro_val","sample_cohort",NA
133,100006104,209,48417,219296,"Amino Acid","Tyrosine Metabolism",177,"NAMED","VWUXKIFPPPVAAK-UHFFFAOYSA-N","[H]N([H])CCC1=CC(OS(=O)(O)=O)=CC=C1","m-tyramine sulfate","m-tyramine sulfate",NA,NA,NA,"175727-14-7",NA,NA,NA,NA,"Neg","m_tyramine sulfate",731,"m_tyramine sulfate","sample_cohort",NA
134,100006105,209,48418,219297,"Xenobiotics","Benzoate Metabolism",4537,"NAMED","LILXPJXZNJTPQZ-UHFFFAOYSA-N","CC1=CC=C(OS(=O)(O)=O)C(OC)=C1","4-methylguaiacol sulfate","4-methylguaiacol sulfate",NA,NA,NA,"756760-43-7",NA,NA,NA,NA,"Neg","4_methylguaiacol sulfate",732,"4_methylguaiacol sulfate","sample_cohort",NA
135,100006106,209,48696,222424,"Xenobiotics","Food Component/Plant",4666,"NAMED","PVWYGTJERKKPRW-UHFFFAOYSA-N","O=C1C=COC(C)=C1OS(=O)(O)=O","maltol sulfate","maltol sulfate",NA,NA,NA,NA,NA,NA,NA,NA,"Neg","maltol sulfate",733,"maltol sulfate","sample_cohort","Maltol sulfate"
135,100006106,209,48696,222424,"Xenobiotics","Food Component/Plant",4666,"NAMED","PVWYGTJERKKPRW-UHFFFAOYSA-N","O=C1C=COC(C)=C1OS(=O)(O)=O","maltol sulfate","maltol sulfate",NA,NA,NA,NA,NA,NA,NA,NA,"Neg","maltol sulfate",733,"maltol sulfate","sample_cohort","Maltol sulfate"
136,100006116,209,48429,155073,"Xenobiotics","Benzoate Metabolism",4581,"NAMED","IBEAHXYYSZWGED-UHFFFAOYSA-N","O=C(OC)C1=CC=C(OS(=O)(O)=O)C=C1","methyl-4-hydroxybenzoate sulfate","methyl-4-hydroxybenzoate sulfate",NA,NA,NA,NA,NA,"HMDB0041646",NA,"10657183","Neg","methyl_4_hydroxybenzoate sulfate",736,"methyl_4_hydroxybenzoate sulfate","sample_cohort",NA
137,100006121,209,48341,153390,"Lipid","Monoacylglycerol",2889,"NAMED","LERKRWCYZNDWFH-QNEBEIHSSA-N","OCC(O)COC(CCCCCC/C=C\C/C=C\C/C=C\CCCCC)=O","1-dihomo-linolenylglycerol (20:3)","1-dihomo-linolenylglycerol (20:3)","MG 20:3","MG 20:3","Unknown",NA,NA,"HMDB0011577",NA,NA,"Neg","1_dihomo_linolenylglycerol_20_3",737,"1_dihomo_linolenylglycerol_20_3","sample_cohort","MG 20:3(8Z,11Z,14Z)/0:0/0:0*"
137,100006121,209,48341,153390,"Lipid","Monoacylglycerol",2889,"NAMED","LERKRWCYZNDWFH-QNEBEIHSSA-N","OCC(O)COC(CCCCCC/C=C\C/C=C\C/C=C\CCCCC)=O","1-dihomo-linolenylglycerol (20:3)","1-dihomo-linolenylglycerol (20:3)","MG 20:3","MG 20:3","Unknown",NA,NA,"HMDB0011577",NA,NA,"Neg","1_dihomo_linolenylglycerol_20_3",737,"1_dihomo_linolenylglycerol_20_3","sample_cohort","MG 20:3/0:0/0:0"
137,100006121,209,48341,153390,"Lipid","Monoacylglycerol",2889,"NAMED","LERKRWCYZNDWFH-QNEBEIHSSA-N","OCC(O)COC(CCCCCC/C=C\C/C=C\C/C=C\CCCCC)=O","1-dihomo-linolenylglycerol (20:3)","1-dihomo-linolenylglycerol (20:3)","MG 20:3","MG 20:3","Unknown",NA,NA,"HMDB0011577",NA,NA,"Neg","1_dihomo_linolenylglycerol_20_3",737,"1_dihomo_linolenylglycerol_20_3","sample_cohort","MG 20:3/0:0/0:0"
137,100006121,209,48341,153390,"Lipid","Monoacylglycerol",2889,"NAMED","LERKRWCYZNDWFH-QNEBEIHSSA-N","OCC(O)COC(CCCCCC/C=C\C/C=C\C/C=C\CCCCC)=O","1-dihomo-linolenylglycerol (20:3)","1-dihomo-linolenylglycerol (20:3)","MG 20:3","MG 20:3","Unknown",NA,NA,"HMDB0011577",NA,NA,"Neg","1_dihomo_linolenylglycerol_20_3",737,"1_dihomo_linolenylglycerol_20_3","sample_cohort","MG 20:3(8Z,11Z,14Z)*"
137,100006121,209,48341,153390,"Lipid","Monoacylglycerol",2889,"NAMED","LERKRWCYZNDWFH-QNEBEIHSSA-N","OCC(O)COC(CCCCCC/C=C\C/C=C\C/C=C\CCCCC)=O","1-dihomo-linolenylglycerol (20:3)","1-dihomo-linolenylglycerol (20:3)","MG 20:3","MG 20:3","Unknown",NA,NA,"HMDB0011577",NA,NA,"Neg","1_dihomo_linolenylglycerol_20_3",737,"1_dihomo_linolenylglycerol_20_3","sample_cohort","MG 20:3(8Z,11Z,14Z)/0:0/0:0*"
137,100006121,209,48341,153390,"Lipid","Monoacylglycerol",2889,"NAMED","LERKRWCYZNDWFH-QNEBEIHSSA-N","OCC(O)COC(CCCCCC/C=C\C/C=C\C/C=C\CCCCC)=O","1-dihomo-linolenylglycerol (20:3)","1-dihomo-linolenylglycerol (20:3)","MG 20:3","MG 20:3","Unknown",NA,NA,"HMDB0011577",NA,NA,"Neg","1_dihomo_linolenylglycerol_20_3",737,"1_dihomo_linolenylglycerol_20_3","sample_cohort","MG 20:3"
137,100006121,209,48341,153390,"Lipid","Monoacylglycerol",2889,"NAMED","LERKRWCYZNDWFH-QNEBEIHSSA-N","OCC(O)COC(CCCCCC/C=C\C/C=C\C/C=C\CCCCC)=O","1-dihomo-linolenylglycerol (20:3)","1-dihomo-linolenylglycerol (20:3)","MG 20:3","MG 20:3","Unknown",NA,NA,"HMDB0011577",NA,NA,"Neg","1_dihomo_linolenylglycerol_20_3",737,"1_dihomo_linolenylglycerol_20_3","sample_cohort","MG 20:3(8Z,11Z,14Z)*"
137,100006121,209,48341,153390,"Lipid","Monoacylglycerol",2889,"NAMED","LERKRWCYZNDWFH-QNEBEIHSSA-N","OCC(O)COC(CCCCCC/C=C\C/C=C\C/C=C\CCCCC)=O","1-dihomo-linolenylglycerol (20:3)","1-dihomo-linolenylglycerol (20:3)","MG 20:3","MG 20:3","Unknown",NA,NA,"HMDB0011577",NA,NA,"Neg","1_dihomo_linolenylglycerol_20_3",737,"1_dihomo_linolenylglycerol_20_3","sample_cohort","MG 20:3"
138,100006126,209,48442,155083,"Xenobiotics","Food Component/Plant",5154,"NAMED","FKCHAXAGQVCJPN-UHFFFAOYSA-N","COC1=C(OS(O)(=O)=O)C=CC(C=C)=C1","4-vinylguaiacol sulfate","4-vinylguaiacol sulfate",NA,NA,NA,NA,NA,"HMDB0127980",NA,"53803570","Neg","4_vinylguaiacol sulfate",739,"4_vinylguaiacol sulfate","sample_cohort",NA
139,100006173,209,48394,154288,"Lipid","Progestin Steroids",3321,"NAMED","MENQCIVHHONJLU-GQCBXAOTSA-N","C[C@]12C(C3CC[C@@]4(C[C@@H](CC[C@@]4(C3CC2)C)OS(=O)(O)=O)[H])CCC1C(C)=O","pregnanolone/allopregnanolone sulfate","pregnanolone/allopregnanolone sulfate",NA,NA,NA,NA,NA,"HMDB0240591,HMDB0062782","C05480","31402,129699967","Neg","pregnanolone_allopregnanolone sulfate",742,"pregnanolone_allopregnanolone sulfate","sample_cohort","Pregnanolone"
140,100006184,209,48445,155085,"Xenobiotics","Chemical",6266,"NAMED","ARLAWMCEVZUXEY-UHFFFAOYSA-N","OC1=CC=CC(OS(=O)(O)=O)=C1OC","2-methoxyresorcinol sulfate","2-methoxyresorcinol sulfate",NA,NA,NA,"1446269-78-8",NA,NA,NA,NA,"Neg","2_methoxyresorcinol sulfate",743,"2_methoxyresorcinol sulfate","sample_cohort",NA
141,100006262,209,48457,219302,"Amino Acid","Tyrosine Metabolism",199,"NAMED","IGTMFIJOUADBDC-UHFFFAOYSA-N","COC1=CC=C(OS(=O)(O)=O)C=C1","4-methoxyphenol sulfate","4-methoxyphenol sulfate",NA,NA,NA,"3233-60-1",NA,NA,NA,NA,"Neg","4_methoxyphenol sulfate",748,"4_methoxyphenol sulfate","sample_cohort",NA
142,100006264,209,48460,155097,"Xenobiotics","Benzoate Metabolism",4583,"NAMED","WEKBGFBWJOHXKR-UHFFFAOYSA-N","CCCOC(C1=CC=C(OS(=O)(O)=O)C=C1)=O","propyl 4-hydroxybenzoate sulfate","propyl 4-hydroxybenzoate sulfate",NA,NA,NA,"162338-10-5","48063224","HMDB0135261",NA,"131838881","Neg","propyl 4_hydroxybenzoate sulfate",749,"propyl 4_hydroxybenzoate sulfate","sample_cohort",NA
143,100006271,209,48463,155101,"Xenobiotics","Chemical",6276,"NAMED","LJXYMXIWXRFOHR-UHFFFAOYSA-N","CCOC(C1=CC=C(OS(O)(=O)=O)C=C1)=O","ethylparaben sulfate","ethylparaben sulfate",NA,NA,NA,"162338-11-6",NA,NA,NA,"22908099","Neg","ethylparaben sulfate",750,"ethylparaben sulfate","sample_cohort","Ethylparaben sulfate"
143,100006271,209,48463,155101,"Xenobiotics","Chemical",6276,"NAMED","LJXYMXIWXRFOHR-UHFFFAOYSA-N","CCOC(C1=CC=C(OS(O)(=O)=O)C=C1)=O","ethylparaben sulfate","ethylparaben sulfate",NA,NA,NA,"162338-11-6",NA,NA,NA,"22908099","Neg","ethylparaben sulfate",750,"ethylparaben sulfate","sample_cohort","Ethylparaben sulfate"
144,100006292,402,48491,164534,"Lipid","Sphingomyelins",3151,"NAMED","MDRFMTLYKHBJTF-YECRPIIFSA-N","CCCCCCCCCCCCC/C=C/[C@@H](O)[C@@H](NC(CCCCCCCCC/C=C/CCCCCCCC)=O)COP([O-])(OCC[N+](C)(C)C)=O","sphingomyelin (d18:1/20:1, d18:2/20:0)*","sphingomyelin (d18:1/20:1, d18:2/20:0)*","SM 38:2;O2","Unknown","Unknown","222403-67-0",NA,"HMDB0240610,HMDB0240632",NA,NA,"Pos Late","sphingomyelin_d18_1_20_1_d18_2_20_0",753,"sphingomyelin_d18_1_20_1_d18_2_20_0","sample_cohort",NA
145,100006293,402,57481,211144,"Lipid","Sphingomyelins",3152,"NAMED","YVTVVJRJLRHYSJ-COUPUTHFSA-N","CCCCCCCCCCCCC/C=C/[C@@H](O)[C@@H](NC(CCCCCCCCC/C=C/C/C=C/CCCCC)=O)COP([O-])(OCC[N+](C)(C)C)=O","sphingomyelin (d18:1/20:2, d18:2/20:1, d16:1/22:2)*","sphingomyelin (d18:1/20:2, d18:2/20:1, d16:1/22:2)*","SM 38:3;O2","Unknown","Unknown",NA,NA,NA,NA,NA,"Pos Late","sphingomyelin_d18_1_20_2_d18_2_20_1_d16_1_22_2",754,"sphingomyelin_d18_1_20_2_d18_2_20_1_d16_1_22_2","sample_cohort",NA
146,100006296,402,57477,211140,"Lipid","Sphingomyelins",3156,"NAMED","BBJBWENPFZYXKM-CUYAXJSGSA-N","CCCCCCCCCCCCC/C=C/[C@@H](O)[C@@H](NC(CCCCCCCCCCC/C=C/C/C=C/CCCCC)=O)COP([O-])(OCC[N+](C)(C)C)=O","sphingomyelin (d18:1/22:2, d18:2/22:1, d16:1/24:2)*","sphingomyelin (d18:1/22:2, d18:2/22:1, d16:1/24:2)*","SM 40:3;O2","Unknown","Unknown",NA,NA,"HMDB0240670,HMDB0240672,HMDB0240669",NA,NA,"Pos Late","sphingomyelin_d18_1_22_2_d18_2_22_1_d16_1_24_2",757,"sphingomyelin_d18_1_22_2_d18_2_22_1_d16_1_24_2","sample_cohort",NA
147,100006314,402,52433,164557,"Lipid","Sphingomyelins",3144,"NAMED","LQINJRUGTUOHGS-YPDYIYJKSA-N","CCCCCCCCCCCCC/C=C/[C@@H](O)[C@@H](NC(CCCCCCCCCCCCCC)=O)COP([O-])(OCC[N+](C)(C)C)=O","sphingomyelin (d17:1/16:0, d18:1/15:0, d16:1/17:0)*","sphingomyelin (d17:1/16:0, d18:1/15:0, d16:1/17:0)*","SM 33:1;O2","Unknown","Unknown","121999-58-4","28532779","HMDB0240617,HMDB0240608",NA,NA,"Pos Late","sphingomyelin_d17_1_16_0_d18_1_15_0_d16_1_17_0",759,"sphingomyelin_d17_1_16_0_d18_1_15_0_d16_1_17_0","sample_cohort",NA
148,100006367,209,53230,179135,"Lipid","Fatty Acid, Monohydroxy",2002,"NAMED","HPMGFDVTYHWBAG-UHFFFAOYSA-N","CCCC(O)CC(O)=O","3-hydroxyhexanoate","3-hydroxyhexanoate",NA,NA,NA,"10191-24-9","133518","HMDB0061652,HMDB0010718",NA,"151492","Neg","3_hydroxyhexanoate",763,"3_hydroxyhexanoate","sample_cohort","3-Hydroxycaproic acid"
149,100006370,209,54805,207701,"Lipid","Sterol",3238,"NAMED","WVXOMPRLWLXFAP-AMQKJUDNSA-N","C[C@@H]([C@H]1CC[C@@H]2[C@]1(C)CC[C@H]3[C@H]2CC=C4[C@]3(C)CC[C@H](O)C4)CCCC(C(O)=O)C","3beta-hydroxy-5-cholestenoate","3beta-hydroxy-5-cholestenoate",NA,NA,NA,"6561-58-6",NA,"HMDB0012453","C17333","165511","Neg","3beta_hydroxy_5_cholestenoate",764,"3beta_hydroxy_5_cholestenoate","sample_cohort","Cholestenoic acid"
149,100006370,209,54805,207701,"Lipid","Sterol",3238,"NAMED","WVXOMPRLWLXFAP-AMQKJUDNSA-N","C[C@@H]([C@H]1CC[C@@H]2[C@]1(C)CC[C@H]3[C@H]2CC=C4[C@]3(C)CC[C@H](O)C4)CCCC(C(O)=O)C","3beta-hydroxy-5-cholestenoate","3beta-hydroxy-5-cholestenoate",NA,NA,NA,"6561-58-6",NA,"HMDB0012453","C17333","165511","Neg","3beta_hydroxy_5_cholestenoate",764,"3beta_hydroxy_5_cholestenoate","sample_cohort","Cholestenoic acid"
149,100006370,209,54805,207701,"Lipid","Sterol",3238,"NAMED","WVXOMPRLWLXFAP-AMQKJUDNSA-N","C[C@@H]([C@H]1CC[C@@H]2[C@]1(C)CC[C@H]3[C@H]2CC=C4[C@]3(C)CC[C@H](O)C4)CCCC(C(O)=O)C","3beta-hydroxy-5-cholestenoate","3beta-hydroxy-5-cholestenoate",NA,NA,NA,"6561-58-6",NA,"HMDB0012453","C17333","165511","Neg","3beta_hydroxy_5_cholestenoate",764,"3beta_hydroxy_5_cholestenoate","sample_cohort","Cholestenoic acid"
149,100006370,209,54805,207701,"Lipid","Sterol",3238,"NAMED","WVXOMPRLWLXFAP-AMQKJUDNSA-N","C[C@@H]([C@H]1CC[C@@H]2[C@]1(C)CC[C@H]3[C@H]2CC=C4[C@]3(C)CC[C@H](O)C4)CCCC(C(O)=O)C","3beta-hydroxy-5-cholestenoate","3beta-hydroxy-5-cholestenoate",NA,NA,NA,"6561-58-6",NA,"HMDB0012453","C17333","165511","Neg","3beta_hydroxy_5_cholestenoate",764,"3beta_hydroxy_5_cholestenoate","sample_cohort","Cholestenoic acid"
149,100006370,209,54805,207701,"Lipid","Sterol",3238,"NAMED","WVXOMPRLWLXFAP-AMQKJUDNSA-N","C[C@@H]([C@H]1CC[C@@H]2[C@]1(C)CC[C@H]3[C@H]2CC=C4[C@]3(C)CC[C@H](O)C4)CCCC(C(O)=O)C","3beta-hydroxy-5-cholestenoate","3beta-hydroxy-5-cholestenoate",NA,NA,NA,"6561-58-6",NA,"HMDB0012453","C17333","165511","Neg","3beta_hydroxy_5_cholestenoate",764,"3beta_hydroxy_5_cholestenoate","sample_cohort","Cholestenoic acid"
149,100006370,209,54805,207701,"Lipid","Sterol",3238,"NAMED","WVXOMPRLWLXFAP-AMQKJUDNSA-N","C[C@@H]([C@H]1CC[C@@H]2[C@]1(C)CC[C@H]3[C@H]2CC=C4[C@]3(C)CC[C@H](O)C4)CCCC(C(O)=O)C","3beta-hydroxy-5-cholestenoate","3beta-hydroxy-5-cholestenoate",NA,NA,NA,"6561-58-6",NA,"HMDB0012453","C17333","165511","Neg","3beta_hydroxy_5_cholestenoate",764,"3beta_hydroxy_5_cholestenoate","sample_cohort","Cholestenoic acid"
149,100006370,209,54805,207701,"Lipid","Sterol",3238,"NAMED","WVXOMPRLWLXFAP-AMQKJUDNSA-N","C[C@@H]([C@H]1CC[C@@H]2[C@]1(C)CC[C@H]3[C@H]2CC=C4[C@]3(C)CC[C@H](O)C4)CCCC(C(O)=O)C","3beta-hydroxy-5-cholestenoate","3beta-hydroxy-5-cholestenoate",NA,NA,NA,"6561-58-6",NA,"HMDB0012453","C17333","165511","Neg","3beta_hydroxy_5_cholestenoate",764,"3beta_hydroxy_5_cholestenoate","sample_cohort","Cholestenoic acid"
150,100006372,209,48729,155113,"Xenobiotics","Chemical",6274,"NAMED","CBTFERBMQQAROP-BZNQNGANSA-N","O[C@H]([C@@H](O)[C@@H]1O)[C@@H](O[C@@H]1CO)OC2=CC(C(O)=O)=C(O)C=C2","gentisic acid-5-glucoside","gentisic acid-5-glucoside",NA,NA,NA,"1820-89-9","9089323",NA,NA,"101339724","Neg","gentisic acid_5_glucoside",765,"gentisic acid_5_glucoside","sample_cohort",NA
151,100006373,209,48761,155123,"Xenobiotics","Chemical",6272,"NAMED","NGVLEQPKHLWZLN-UHFFFAOYSA-N","OC1=C(O)C(OS(=O)(O)=O)=CC=C1","1,2,3-benzenetriol sulfate (1)","1,2,3-benzenetriol sulfate (1)",NA,NA,NA,NA,NA,NA,NA,NA,"Neg","1_2_3_benzenetriol sulfate",766,"1_2_3_benzenetriol sulfate","sample_cohort",NA
152,100006374,209,48762,155125,"Xenobiotics","Chemical",6264,"NAMED","NGVLEQPKHLWZLN-UHFFFAOYSA-N","OC1=C(O)C(OS(=O)(O)=O)=CC=C1","1,2,3-benzenetriol sulfate (2)","1,2,3-benzenetriol sulfate (2)",NA,NA,NA,NA,NA,"HMDB0060018,HMDB0060016",NA,"92013662,54110629","Neg","1_2_3_benzenetriol sulfate",767,"1_2_3_benzenetriol sulfate","sample_cohort",NA
153,100006375,209,48763,155127,"Xenobiotics","Benzoate Metabolism",4578,"NAMED","NTXOJWKIHIOUQN-UHFFFAOYSA-N","OC1=C(C=CC=C1OS(=O)(O)=O)OC","3-methoxycatechol sulfate (1)","3-methoxycatechol sulfate (1)",NA,NA,NA,NA,NA,NA,NA,"129892430","Neg","3_methoxycatechol sulfate",768,"3_methoxycatechol sulfate","sample_cohort",NA
154,100006376,209,48752,155119,"Xenobiotics","Benzoate Metabolism",4579,"NAMED","NTXOJWKIHIOUQN-UHFFFAOYSA-N","OC1=C(OC)C=CC=C1OS(=O)(O)=O","3-methoxycatechol sulfate (2)","3-methoxycatechol sulfate (2)",NA,NA,NA,NA,NA,NA,NA,NA,"Neg","3_methoxycatechol sulfate",769,"3_methoxycatechol sulfate","sample_cohort",NA
155,100006378,209,48757,155121,"Amino Acid","Tryptophan Metabolism",276,"NAMED","PPIMFXHQDQRWGJ-JTQLQIEISA-N","OC([C@@H](NC(C)=O)CC(C1=CC=CC=C1N)=O)=O","N-acetylkynurenine (2)","N-acetylkynurenine (2)",NA,NA,NA,NA,NA,"HMDB0240342",NA,"73817779","Neg","n_acetylkynurenine",770,"n_acetylkynurenine","sample_cohort","N-Acetylkynurenine"
155,100006378,209,48757,155121,"Amino Acid","Tryptophan Metabolism",276,"NAMED","PPIMFXHQDQRWGJ-JTQLQIEISA-N","OC([C@@H](NC(C)=O)CC(C1=CC=CC=C1N)=O)=O","N-acetylkynurenine (2)","N-acetylkynurenine (2)",NA,NA,NA,NA,NA,"HMDB0240342",NA,"73817779","Neg","n_acetylkynurenine",770,"n_acetylkynurenine","sample_cohort","N-Acetylkynurenine"
156,100006379,209,48782,155139,"Amino Acid","Tryptophan Metabolism",267,"NAMED","CPXSBHKDEPPWIX-RAYCSJGISA-N","N[C@H](C(O)=O)CC1=C([C@H]([C@H]([C@@H](O)[C@@H]2O)O)O[C@@H]2CO)NC3=CC=CC=C13","C-glycosyltryptophan","C-glycosyltryptophan",NA,NA,NA,"180509-18-6","9157171","HMDB0240296",NA,"10981970","Neg","c_glycosyltryptophan",771,"c_glycosyltryptophan","sample_cohort","alpha-C-Mannosyltryptophan"
156,100006379,209,48782,155139,"Amino Acid","Tryptophan Metabolism",267,"NAMED","CPXSBHKDEPPWIX-RAYCSJGISA-N","N[C@H](C(O)=O)CC1=C([C@H]([C@H]([C@@H](O)[C@@H]2O)O)O[C@@H]2CO)NC3=CC=CC=C13","C-glycosyltryptophan","C-glycosyltryptophan",NA,NA,NA,"180509-18-6","9157171","HMDB0240296",NA,"10981970","Neg","c_glycosyltryptophan",771,"c_glycosyltryptophan","sample_cohort","alpha-C-Mannosyltryptophan"
156,100006379,209,48782,155139,"Amino Acid","Tryptophan Metabolism",267,"NAMED","CPXSBHKDEPPWIX-RAYCSJGISA-N","N[C@H](C(O)=O)CC1=C([C@H]([C@H]([C@@H](O)[C@@H]2O)O)O[C@@H]2CO)NC3=CC=CC=C13","C-glycosyltryptophan","C-glycosyltryptophan",NA,NA,NA,"180509-18-6","9157171","HMDB0240296",NA,"10981970","Neg","c_glycosyltryptophan",771,"c_glycosyltryptophan","sample_cohort","C-Glycosyltryptophan"
156,100006379,209,48782,155139,"Amino Acid","Tryptophan Metabolism",267,"NAMED","CPXSBHKDEPPWIX-RAYCSJGISA-N","N[C@H](C(O)=O)CC1=C([C@H]([C@H]([C@@H](O)[C@@H]2O)O)O[C@@H]2CO)NC3=CC=CC=C13","C-glycosyltryptophan","C-glycosyltryptophan",NA,NA,NA,"180509-18-6","9157171","HMDB0240296",NA,"10981970","Neg","c_glycosyltryptophan",771,"c_glycosyltryptophan","sample_cohort","alpha-C-Mannosyltryptophan"
157,100006383,400,52357,164921,"Xenobiotics","Drug - Analgesics, Anesthetics",5482,"NAMED","DSBGQRZOJXSECT-VFUSOVNCSA-N","CN(CC1CCCCC1(O)c2cc(O[C@H]3[C@H](O)[C@@H](O)[C@H](O)[C@@H](C(O)=O)O3)ccc2)C","O-desmethyltramadol glucuronide","O-desmethyltramadol glucuronide",NA,NA,NA,"383891-39-2","28467711","HMDB0060856",NA,"29919005","Pos Early","o_desmethyltramadol glucuronide",774,"o_desmethyltramadol glucuronide","sample_cohort","O-Desmethyltramadol glucuronide"
157,100006383,400,52357,164921,"Xenobiotics","Drug - Analgesics, Anesthetics",5482,"NAMED","DSBGQRZOJXSECT-VFUSOVNCSA-N","CN(CC1CCCCC1(O)c2cc(O[C@H]3[C@H](O)[C@@H](O)[C@H](O)[C@@H](C(O)=O)O3)ccc2)C","O-desmethyltramadol glucuronide","O-desmethyltramadol glucuronide",NA,NA,NA,"383891-39-2","28467711","HMDB0060856",NA,"29919005","Pos Early","o_desmethyltramadol glucuronide",774,"o_desmethyltramadol glucuronide","sample_cohort","O-Desmethyltramadol glucuronide"
158,100006619,400,52932,166188,"Amino Acid","Tyrosine Metabolism",186,"NAMED","RLMMGDAPWBGWEF-UHFFFAOYSA-N","[O-]C(CC(OC(CC1=CC=C(C=C1)O)=O)C[N+](C)(C)C)=O","4-hydroxyphenylacetoylcarnitine","4-hydroxyphenylacetoylcarnitine",NA,NA,NA,NA,NA,NA,NA,NA,"Pos Early","4_hydroxyphenylacetoylcarnitine",780,"4_hydroxyphenylacetoylcarnitine","sample_cohort",NA
159,100006641,209,52974,166124,"Lipid","Primary Bile Acid Metabolism",3507,"NAMED","DKXXSIJHWWVNMO-ISIKUUMTSA-N","OS(OC1C[C@]2([H])C(CC1)(C)[C@@H]3[C@@]([C@@](CC4)([H])[C@@](CC3)(C)[C@H]4[C@H](C)CCC(NCC(O)=O)=O)([H])[C@H](O)C2)(=O)=O","glycochenodeoxycholate 3-sulfate","glycochenodeoxycholate 3-sulfate",NA,NA,NA,NA,NA,"HMDB0002409,HMDB0002496,HMDB0002497",NA,"21116917,21125002,11954205","Neg","glycochenodeoxycholate 3_sulfate",782,"glycochenodeoxycholate 3_sulfate","sample_cohort",NA
160,100006642,209,52975,166126,"Lipid","Secondary Bile Acid Metabolism",3574,"NAMED","QJZCNFGUZPMYAX-WWZCPACMSA-N","OS(OC1CC[C@@]2(C)[C@@](CC[C@]3([H])[C@]2([H])C[C@H](O)[C@@]4(C)[C@]3(CC[C@@H]4[C@H](C)CCC(NCC(O)=O)=O)[H])([H])C1)(=O)=O","glycodeoxycholate 3-sulfate","glycodeoxycholate 3-sulfate",NA,NA,NA,NA,NA,NA,NA,"101602538","Neg","glycodeoxycholate 3_sulfate",783,"glycodeoxycholate 3_sulfate","sample_cohort","Glycodeoxycholic acid 3-sulfate"
161,100006644,209,62889,220740,"Lipid","Secondary Bile Acid Metabolism",3524,"NAMED","UCVGCHGIKFWAGH-WQVRBXQRSA-N","C[C@@]12[C@@](CCC3C2C[C@H](O)[C@@]4(C)C3CC[C@@H]4[C@@H](CCC(NCCS(O)(=O)=O)=O)C)([H])C[C@H](OS(O)(=O)=O)CC1","taurodeoxycholic acid 3-sulfate","taurodeoxycholic acid 3-sulfate",NA,NA,NA,NA,NA,NA,NA,NA,"Neg","taurodeoxycholic acid 3_sulfate",784,"taurodeoxycholic acid 3_sulfate","sample_cohort",NA
162,100006651,209,53026,166148,"Xenobiotics","Food Component/Plant",5189,"NAMED","VFMNSFWBDMRNLJ-UHFFFAOYSA-N","OC(CC1C(CCC)C1)=O","trans-3,4-methyleneheptanoate","trans-3,4-methyleneheptanoate",NA,NA,NA,NA,NA,NA,NA,NA,"Neg","trans_3_4_methyleneheptanoate",785,"trans_3_4_methyleneheptanoate","sample_cohort",NA
163,100008918,402,52613,165345,"Lipid","Plasmalogen",2840,"NAMED","FHHVIBPVBBRLOR-IYACIECVSA-N","O=C(O[C@](COP([O-])(OCC[N+](C)(C)C)=O)([H])CO/C=C\CCCCCCCCCCCCCCCC)CCC/C=C\C/C=C\C/C=C\C/C=C\CCCCC","1-(1-enyl-stearoyl)-2-arachidonoyl-GPC (P-18:0/20:4)","1-(1-enyl-stearoyl)-2-arachidonoyl-GPC (P-18:0/20:4)","PC O-38:5","PC P-18:0_20:4","PC P-18:0/20:4","97802-56-7","24767528","HMDB0011253",NA,"24779390","Pos Late","1_1_enyl_stearoyl_2_arachidonoyl_gpc_p_18_0_20_4",794,"1_1_enyl_stearoyl_2_arachidonoyl_gpc_p_18_0_20_4","sample_cohort","PC P-18:0/20:4(5Z,8Z,11Z,14Z)"
163,100008918,402,52613,165345,"Lipid","Plasmalogen",2840,"NAMED","FHHVIBPVBBRLOR-IYACIECVSA-N","O=C(O[C@](COP([O-])(OCC[N+](C)(C)C)=O)([H])CO/C=C\CCCCCCCCCCCCCCCC)CCC/C=C\C/C=C\C/C=C\C/C=C\CCCCC","1-(1-enyl-stearoyl)-2-arachidonoyl-GPC (P-18:0/20:4)","1-(1-enyl-stearoyl)-2-arachidonoyl-GPC (P-18:0/20:4)","PC O-38:5","PC P-18:0_20:4","PC P-18:0/20:4","97802-56-7","24767528","HMDB0011253",NA,"24779390","Pos Late","1_1_enyl_stearoyl_2_arachidonoyl_gpc_p_18_0_20_4",794,"1_1_enyl_stearoyl_2_arachidonoyl_gpc_p_18_0_20_4","sample_cohort","PC P-18:0/20:4(5Z,8Z,11Z,14Z)"
163,100008918,402,52613,165345,"Lipid","Plasmalogen",2840,"NAMED","FHHVIBPVBBRLOR-IYACIECVSA-N","O=C(O[C@](COP([O-])(OCC[N+](C)(C)C)=O)([H])CO/C=C\CCCCCCCCCCCCCCCC)CCC/C=C\C/C=C\C/C=C\C/C=C\CCCCC","1-(1-enyl-stearoyl)-2-arachidonoyl-GPC (P-18:0/20:4)","1-(1-enyl-stearoyl)-2-arachidonoyl-GPC (P-18:0/20:4)","PC O-38:5","PC P-18:0_20:4","PC P-18:0/20:4","97802-56-7","24767528","HMDB0011253",NA,"24779390","Pos Late","1_1_enyl_stearoyl_2_arachidonoyl_gpc_p_18_0_20_4",794,"1_1_enyl_stearoyl_2_arachidonoyl_gpc_p_18_0_20_4","sample_cohort","PC O-18:1/20:4"
163,100008918,402,52613,165345,"Lipid","Plasmalogen",2840,"NAMED","FHHVIBPVBBRLOR-IYACIECVSA-N","O=C(O[C@](COP([O-])(OCC[N+](C)(C)C)=O)([H])CO/C=C\CCCCCCCCCCCCCCCC)CCC/C=C\C/C=C\C/C=C\C/C=C\CCCCC","1-(1-enyl-stearoyl)-2-arachidonoyl-GPC (P-18:0/20:4)","1-(1-enyl-stearoyl)-2-arachidonoyl-GPC (P-18:0/20:4)","PC O-38:5","PC P-18:0_20:4","PC P-18:0/20:4","97802-56-7","24767528","HMDB0011253",NA,"24779390","Pos Late","1_1_enyl_stearoyl_2_arachidonoyl_gpc_p_18_0_20_4",794,"1_1_enyl_stearoyl_2_arachidonoyl_gpc_p_18_0_20_4","sample_cohort","PC P-18:0/20:4"
163,100008918,402,52613,165345,"Lipid","Plasmalogen",2840,"NAMED","FHHVIBPVBBRLOR-IYACIECVSA-N","O=C(O[C@](COP([O-])(OCC[N+](C)(C)C)=O)([H])CO/C=C\CCCCCCCCCCCCCCCC)CCC/C=C\C/C=C\C/C=C\C/C=C\CCCCC","1-(1-enyl-stearoyl)-2-arachidonoyl-GPC (P-18:0/20:4)","1-(1-enyl-stearoyl)-2-arachidonoyl-GPC (P-18:0/20:4)","PC O-38:5","PC P-18:0_20:4","PC P-18:0/20:4","97802-56-7","24767528","HMDB0011253",NA,"24779390","Pos Late","1_1_enyl_stearoyl_2_arachidonoyl_gpc_p_18_0_20_4",794,"1_1_enyl_stearoyl_2_arachidonoyl_gpc_p_18_0_20_4","sample_cohort","PC 18:0/20:4"
163,100008918,402,52613,165345,"Lipid","Plasmalogen",2840,"NAMED","FHHVIBPVBBRLOR-IYACIECVSA-N","O=C(O[C@](COP([O-])(OCC[N+](C)(C)C)=O)([H])CO/C=C\CCCCCCCCCCCCCCCC)CCC/C=C\C/C=C\C/C=C\C/C=C\CCCCC","1-(1-enyl-stearoyl)-2-arachidonoyl-GPC (P-18:0/20:4)","1-(1-enyl-stearoyl)-2-arachidonoyl-GPC (P-18:0/20:4)","PC O-38:5","PC P-18:0_20:4","PC P-18:0/20:4","97802-56-7","24767528","HMDB0011253",NA,"24779390","Pos Late","1_1_enyl_stearoyl_2_arachidonoyl_gpc_p_18_0_20_4",794,"1_1_enyl_stearoyl_2_arachidonoyl_gpc_p_18_0_20_4","sample_cohort","PC 38:4"
163,100008918,402,52613,165345,"Lipid","Plasmalogen",2840,"NAMED","FHHVIBPVBBRLOR-IYACIECVSA-N","O=C(O[C@](COP([O-])(OCC[N+](C)(C)C)=O)([H])CO/C=C\CCCCCCCCCCCCCCCC)CCC/C=C\C/C=C\C/C=C\C/C=C\CCCCC","1-(1-enyl-stearoyl)-2-arachidonoyl-GPC (P-18:0/20:4)","1-(1-enyl-stearoyl)-2-arachidonoyl-GPC (P-18:0/20:4)","PC O-38:5","PC P-18:0_20:4","PC P-18:0/20:4","97802-56-7","24767528","HMDB0011253",NA,"24779390","Pos Late","1_1_enyl_stearoyl_2_arachidonoyl_gpc_p_18_0_20_4",794,"1_1_enyl_stearoyl_2_arachidonoyl_gpc_p_18_0_20_4","sample_cohort","PC 18:1/20:4"
163,100008918,402,52613,165345,"Lipid","Plasmalogen",2840,"NAMED","FHHVIBPVBBRLOR-IYACIECVSA-N","O=C(O[C@](COP([O-])(OCC[N+](C)(C)C)=O)([H])CO/C=C\CCCCCCCCCCCCCCCC)CCC/C=C\C/C=C\C/C=C\C/C=C\CCCCC","1-(1-enyl-stearoyl)-2-arachidonoyl-GPC (P-18:0/20:4)","1-(1-enyl-stearoyl)-2-arachidonoyl-GPC (P-18:0/20:4)","PC O-38:5","PC P-18:0_20:4","PC P-18:0/20:4","97802-56-7","24767528","HMDB0011253",NA,"24779390","Pos Late","1_1_enyl_stearoyl_2_arachidonoyl_gpc_p_18_0_20_4",794,"1_1_enyl_stearoyl_2_arachidonoyl_gpc_p_18_0_20_4","sample_cohort","PC 38:5"
163,100008918,402,52613,165345,"Lipid","Plasmalogen",2840,"NAMED","FHHVIBPVBBRLOR-IYACIECVSA-N","O=C(O[C@](COP([O-])(OCC[N+](C)(C)C)=O)([H])CO/C=C\CCCCCCCCCCCCCCCC)CCC/C=C\C/C=C\C/C=C\C/C=C\CCCCC","1-(1-enyl-stearoyl)-2-arachidonoyl-GPC (P-18:0/20:4)","1-(1-enyl-stearoyl)-2-arachidonoyl-GPC (P-18:0/20:4)","PC O-38:5","PC P-18:0_20:4","PC P-18:0/20:4","97802-56-7","24767528","HMDB0011253",NA,"24779390","Pos Late","1_1_enyl_stearoyl_2_arachidonoyl_gpc_p_18_0_20_4",794,"1_1_enyl_stearoyl_2_arachidonoyl_gpc_p_18_0_20_4","sample_cohort","PC O-18:1(1Z)/20:4(5Z,8Z,11Z,14Z)*"
163,100008918,402,52613,165345,"Lipid","Plasmalogen",2840,"NAMED","FHHVIBPVBBRLOR-IYACIECVSA-N","O=C(O[C@](COP([O-])(OCC[N+](C)(C)C)=O)([H])CO/C=C\CCCCCCCCCCCCCCCC)CCC/C=C\C/C=C\C/C=C\C/C=C\CCCCC","1-(1-enyl-stearoyl)-2-arachidonoyl-GPC (P-18:0/20:4)","1-(1-enyl-stearoyl)-2-arachidonoyl-GPC (P-18:0/20:4)","PC O-38:5","PC P-18:0_20:4","PC P-18:0/20:4","97802-56-7","24767528","HMDB0011253",NA,"24779390","Pos Late","1_1_enyl_stearoyl_2_arachidonoyl_gpc_p_18_0_20_4",794,"1_1_enyl_stearoyl_2_arachidonoyl_gpc_p_18_0_20_4","sample_cohort","PC P-18:0/20:4(5Z,8Z,11Z,14Z)"
163,100008918,402,52613,165345,"Lipid","Plasmalogen",2840,"NAMED","FHHVIBPVBBRLOR-IYACIECVSA-N","O=C(O[C@](COP([O-])(OCC[N+](C)(C)C)=O)([H])CO/C=C\CCCCCCCCCCCCCCCC)CCC/C=C\C/C=C\C/C=C\C/C=C\CCCCC","1-(1-enyl-stearoyl)-2-arachidonoyl-GPC (P-18:0/20:4)","1-(1-enyl-stearoyl)-2-arachidonoyl-GPC (P-18:0/20:4)","PC O-38:5","PC P-18:0_20:4","PC P-18:0/20:4","97802-56-7","24767528","HMDB0011253",NA,"24779390","Pos Late","1_1_enyl_stearoyl_2_arachidonoyl_gpc_p_18_0_20_4",794,"1_1_enyl_stearoyl_2_arachidonoyl_gpc_p_18_0_20_4","sample_cohort","PC 18:1/20:4"
163,100008918,402,52613,165345,"Lipid","Plasmalogen",2840,"NAMED","FHHVIBPVBBRLOR-IYACIECVSA-N","O=C(O[C@](COP([O-])(OCC[N+](C)(C)C)=O)([H])CO/C=C\CCCCCCCCCCCCCCCC)CCC/C=C\C/C=C\C/C=C\C/C=C\CCCCC","1-(1-enyl-stearoyl)-2-arachidonoyl-GPC (P-18:0/20:4)","1-(1-enyl-stearoyl)-2-arachidonoyl-GPC (P-18:0/20:4)","PC O-38:5","PC P-18:0_20:4","PC P-18:0/20:4","97802-56-7","24767528","HMDB0011253",NA,"24779390","Pos Late","1_1_enyl_stearoyl_2_arachidonoyl_gpc_p_18_0_20_4",794,"1_1_enyl_stearoyl_2_arachidonoyl_gpc_p_18_0_20_4","sample_cohort","PC 38:5"
163,100008918,402,52613,165345,"Lipid","Plasmalogen",2840,"NAMED","FHHVIBPVBBRLOR-IYACIECVSA-N","O=C(O[C@](COP([O-])(OCC[N+](C)(C)C)=O)([H])CO/C=C\CCCCCCCCCCCCCCCC)CCC/C=C\C/C=C\C/C=C\C/C=C\CCCCC","1-(1-enyl-stearoyl)-2-arachidonoyl-GPC (P-18:0/20:4)","1-(1-enyl-stearoyl)-2-arachidonoyl-GPC (P-18:0/20:4)","PC O-38:5","PC P-18:0_20:4","PC P-18:0/20:4","97802-56-7","24767528","HMDB0011253",NA,"24779390","Pos Late","1_1_enyl_stearoyl_2_arachidonoyl_gpc_p_18_0_20_4",794,"1_1_enyl_stearoyl_2_arachidonoyl_gpc_p_18_0_20_4","sample_cohort","PC O-18:1(1Z)/20:4(5Z,8Z,11Z,14Z)*"
163,100008918,402,52613,165345,"Lipid","Plasmalogen",2840,"NAMED","FHHVIBPVBBRLOR-IYACIECVSA-N","O=C(O[C@](COP([O-])(OCC[N+](C)(C)C)=O)([H])CO/C=C\CCCCCCCCCCCCCCCC)CCC/C=C\C/C=C\C/C=C\C/C=C\CCCCC","1-(1-enyl-stearoyl)-2-arachidonoyl-GPC (P-18:0/20:4)","1-(1-enyl-stearoyl)-2-arachidonoyl-GPC (P-18:0/20:4)","PC O-38:5","PC P-18:0_20:4","PC P-18:0/20:4","97802-56-7","24767528","HMDB0011253",NA,"24779390","Pos Late","1_1_enyl_stearoyl_2_arachidonoyl_gpc_p_18_0_20_4",794,"1_1_enyl_stearoyl_2_arachidonoyl_gpc_p_18_0_20_4","sample_cohort","PC 18:1/20:4"
163,100008918,402,52613,165345,"Lipid","Plasmalogen",2840,"NAMED","FHHVIBPVBBRLOR-IYACIECVSA-N","O=C(O[C@](COP([O-])(OCC[N+](C)(C)C)=O)([H])CO/C=C\CCCCCCCCCCCCCCCC)CCC/C=C\C/C=C\C/C=C\C/C=C\CCCCC","1-(1-enyl-stearoyl)-2-arachidonoyl-GPC (P-18:0/20:4)","1-(1-enyl-stearoyl)-2-arachidonoyl-GPC (P-18:0/20:4)","PC O-38:5","PC P-18:0_20:4","PC P-18:0/20:4","97802-56-7","24767528","HMDB0011253",NA,"24779390","Pos Late","1_1_enyl_stearoyl_2_arachidonoyl_gpc_p_18_0_20_4",794,"1_1_enyl_stearoyl_2_arachidonoyl_gpc_p_18_0_20_4","sample_cohort","PC 38:5"
163,100008918,402,52613,165345,"Lipid","Plasmalogen",2840,"NAMED","FHHVIBPVBBRLOR-IYACIECVSA-N","O=C(O[C@](COP([O-])(OCC[N+](C)(C)C)=O)([H])CO/C=C\CCCCCCCCCCCCCCCC)CCC/C=C\C/C=C\C/C=C\C/C=C\CCCCC","1-(1-enyl-stearoyl)-2-arachidonoyl-GPC (P-18:0/20:4)","1-(1-enyl-stearoyl)-2-arachidonoyl-GPC (P-18:0/20:4)","PC O-38:5","PC P-18:0_20:4","PC P-18:0/20:4","97802-56-7","24767528","HMDB0011253",NA,"24779390","Pos Late","1_1_enyl_stearoyl_2_arachidonoyl_gpc_p_18_0_20_4",794,"1_1_enyl_stearoyl_2_arachidonoyl_gpc_p_18_0_20_4","sample_cohort","PC O-18:1(1Z)/20:4(5Z,8Z,11Z,14Z)*"
163,100008918,402,52613,165345,"Lipid","Plasmalogen",2840,"NAMED","FHHVIBPVBBRLOR-IYACIECVSA-N","O=C(O[C@](COP([O-])(OCC[N+](C)(C)C)=O)([H])CO/C=C\CCCCCCCCCCCCCCCC)CCC/C=C\C/C=C\C/C=C\C/C=C\CCCCC","1-(1-enyl-stearoyl)-2-arachidonoyl-GPC (P-18:0/20:4)","1-(1-enyl-stearoyl)-2-arachidonoyl-GPC (P-18:0/20:4)","PC O-38:5","PC P-18:0_20:4","PC P-18:0/20:4","97802-56-7","24767528","HMDB0011253",NA,"24779390","Pos Late","1_1_enyl_stearoyl_2_arachidonoyl_gpc_p_18_0_20_4",794,"1_1_enyl_stearoyl_2_arachidonoyl_gpc_p_18_0_20_4","sample_cohort","PC P-18:0/20:4(5Z,8Z,11Z,14Z)"
163,100008918,402,52613,165345,"Lipid","Plasmalogen",2840,"NAMED","FHHVIBPVBBRLOR-IYACIECVSA-N","O=C(O[C@](COP([O-])(OCC[N+](C)(C)C)=O)([H])CO/C=C\CCCCCCCCCCCCCCCC)CCC/C=C\C/C=C\C/C=C\C/C=C\CCCCC","1-(1-enyl-stearoyl)-2-arachidonoyl-GPC (P-18:0/20:4)","1-(1-enyl-stearoyl)-2-arachidonoyl-GPC (P-18:0/20:4)","PC O-38:5","PC P-18:0_20:4","PC P-18:0/20:4","97802-56-7","24767528","HMDB0011253",NA,"24779390","Pos Late","1_1_enyl_stearoyl_2_arachidonoyl_gpc_p_18_0_20_4",794,"1_1_enyl_stearoyl_2_arachidonoyl_gpc_p_18_0_20_4","sample_cohort","PC O-18:1/20:4"
163,100008918,402,52613,165345,"Lipid","Plasmalogen",2840,"NAMED","FHHVIBPVBBRLOR-IYACIECVSA-N","O=C(O[C@](COP([O-])(OCC[N+](C)(C)C)=O)([H])CO/C=C\CCCCCCCCCCCCCCCC)CCC/C=C\C/C=C\C/C=C\C/C=C\CCCCC","1-(1-enyl-stearoyl)-2-arachidonoyl-GPC (P-18:0/20:4)","1-(1-enyl-stearoyl)-2-arachidonoyl-GPC (P-18:0/20:4)","PC O-38:5","PC P-18:0_20:4","PC P-18:0/20:4","97802-56-7","24767528","HMDB0011253",NA,"24779390","Pos Late","1_1_enyl_stearoyl_2_arachidonoyl_gpc_p_18_0_20_4",794,"1_1_enyl_stearoyl_2_arachidonoyl_gpc_p_18_0_20_4","sample_cohort","PC O-38:5"
163,100008918,402,52613,165345,"Lipid","Plasmalogen",2840,"NAMED","FHHVIBPVBBRLOR-IYACIECVSA-N","O=C(O[C@](COP([O-])(OCC[N+](C)(C)C)=O)([H])CO/C=C\CCCCCCCCCCCCCCCC)CCC/C=C\C/C=C\C/C=C\C/C=C\CCCCC","1-(1-enyl-stearoyl)-2-arachidonoyl-GPC (P-18:0/20:4)","1-(1-enyl-stearoyl)-2-arachidonoyl-GPC (P-18:0/20:4)","PC O-38:5","PC P-18:0_20:4","PC P-18:0/20:4","97802-56-7","24767528","HMDB0011253",NA,"24779390","Pos Late","1_1_enyl_stearoyl_2_arachidonoyl_gpc_p_18_0_20_4",794,"1_1_enyl_stearoyl_2_arachidonoyl_gpc_p_18_0_20_4","sample_cohort","PC P-38:4"
164,100008920,402,52615,165347,"Lipid","Sphingomyelins",3147,"NAMED","YMQZQHIESOAPQH-JXGHDCMNSA-N","O=C(N[C@@]([C@]([H])(O)/C=C/CCCCCCCCCCCCC)([H])COP([O-])(OCC[N+](C)(C)C)=O)CCCCCCCCCCCCCCCC","sphingomyelin (d18:1/17:0, d17:1/18:0, d19:1/16:0)","sphingomyelin (d18:1/17:0, d17:1/18:0, d19:1/16:0)","SM 35:1;O2","Unknown","Unknown","121999-64-2",NA,"HMDB0240620,HMDB0240609,HMDB0240622",NA,"46891763","Pos Late","sphingomyelin_d18_1_17_0_d17_1_18_0_d19_1_16_0",796,"sphingomyelin_d18_1_17_0_d17_1_18_0_d19_1_16_0","sample_cohort","SM 18:1;O2/17:0"
165,100008933,209,52938,166054,"Lipid","Fatty Acid, Monohydroxy",2012,"NAMED","POMQYTSPMKEQNB-UHFFFAOYSA-N","OC(CC(O)CCCCCCCCCCCCCCC)=O","3-hydroxystearate","3-hydroxystearate",NA,NA,NA,"45261-96-9","4446034","HMDB0010737",NA,"5282907","Neg","3_hydroxystearate",800,"3_hydroxystearate","sample_cohort","3-Hydroxystearic acid"
166,100008934,209,52916,166016,"Lipid","Fatty Acid, Monohydroxy",1989,"NAMED","YDZIJQXINJLRLL-UHFFFAOYSA-N","OC(C(O)CCCCCCCCCC)=O","2-hydroxylaurate","2-hydroxylaurate",NA,NA,NA,"2984-55-6","88259",NA,NA,"97783","Neg","2_hydroxylaurate",801,"2_hydroxylaurate","sample_cohort","2-Hydroxylauric acid"
167,100008943,209,52913,166010,"Xenobiotics","Drug - Neurological",5891,"NAMED","AYXYPKUFHZROOJ-UHFFFAOYSA-N","CC(C)CC(CN)CC(O)=O","pregabalin","pregabalin",NA,NA,NA,"148553-50-8","3902475","HMDB0014375",NA,"5486971","Neg","pregabalin",802,"pregabalin","sample_cohort","Pregabalin"
167,100008943,209,52913,166010,"Xenobiotics","Drug - Neurological",5891,"NAMED","AYXYPKUFHZROOJ-UHFFFAOYSA-N","CC(C)CC(CN)CC(O)=O","pregabalin","pregabalin",NA,NA,NA,"148553-50-8","3902475","HMDB0014375",NA,"5486971","Neg","pregabalin",802,"pregabalin","sample_cohort","Pregabalin"
167,100008943,209,52913,166010,"Xenobiotics","Drug - Neurological",5891,"NAMED","AYXYPKUFHZROOJ-UHFFFAOYSA-N","CC(C)CC(CN)CC(O)=O","pregabalin","pregabalin",NA,NA,NA,"148553-50-8","3902475","HMDB0014375",NA,"5486971","Neg","pregabalin",802,"pregabalin","sample_cohort","Pregabalin"
167,100008943,209,52913,166010,"Xenobiotics","Drug - Neurological",5891,"NAMED","AYXYPKUFHZROOJ-UHFFFAOYSA-N","CC(C)CC(CN)CC(O)=O","pregabalin","pregabalin",NA,NA,NA,"148553-50-8","3902475","HMDB0014375",NA,"5486971","Neg","pregabalin",802,"pregabalin","sample_cohort","Pregabalin"
168,100008954,402,52434,164558,"Lipid","Dihydrosphingomyelins",3128,"NAMED","QHZIGNLCLJPLCU-QPPIDDCLSA-N","[H][C@](NC(CCCCCCCCCCCCCCC)=O)(COP(OCC[N+](C)(C)C)([O-])=O)[C@@](O)([H])CCCCCCCCCCCCCCC","palmitoyl dihydrosphingomyelin (d18:0/16:0)*","palmitoyl dihydrosphingomyelin (d18:0/16:0)*","SM 34:0;O2","SM 18:0;O2_16:0","SM 18:0;O2/16:0",NA,"8115586","HMDB0010168",NA,"9939965","Pos Late","palmitoyl dihydrosphingomyelin_d18_0_16_0",804,"palmitoyl dihydrosphingomyelin_d18_0_16_0","sample_cohort","SM 18:0;O2/16:0"
168,100008954,402,52434,164558,"Lipid","Dihydrosphingomyelins",3128,"NAMED","QHZIGNLCLJPLCU-QPPIDDCLSA-N","[H][C@](NC(CCCCCCCCCCCCCCC)=O)(COP(OCC[N+](C)(C)C)([O-])=O)[C@@](O)([H])CCCCCCCCCCCCCCC","palmitoyl dihydrosphingomyelin (d18:0/16:0)*","palmitoyl dihydrosphingomyelin (d18:0/16:0)*","SM 34:0;O2","SM 18:0;O2_16:0","SM 18:0;O2/16:0",NA,"8115586","HMDB0010168",NA,"9939965","Pos Late","palmitoyl dihydrosphingomyelin_d18_0_16_0",804,"palmitoyl dihydrosphingomyelin_d18_0_16_0","sample_cohort","SM 18:0;O2/16:0"
168,100008954,402,52434,164558,"Lipid","Dihydrosphingomyelins",3128,"NAMED","QHZIGNLCLJPLCU-QPPIDDCLSA-N","[H][C@](NC(CCCCCCCCCCCCCCC)=O)(COP(OCC[N+](C)(C)C)([O-])=O)[C@@](O)([H])CCCCCCCCCCCCCCC","palmitoyl dihydrosphingomyelin (d18:0/16:0)*","palmitoyl dihydrosphingomyelin (d18:0/16:0)*","SM 34:0;O2","SM 18:0;O2_16:0","SM 18:0;O2/16:0",NA,"8115586","HMDB0010168",NA,"9939965","Pos Late","palmitoyl dihydrosphingomyelin_d18_0_16_0",804,"palmitoyl dihydrosphingomyelin_d18_0_16_0","sample_cohort","SM 18:0;O2/16:0"
168,100008954,402,52434,164558,"Lipid","Dihydrosphingomyelins",3128,"NAMED","QHZIGNLCLJPLCU-QPPIDDCLSA-N","[H][C@](NC(CCCCCCCCCCCCCCC)=O)(COP(OCC[N+](C)(C)C)([O-])=O)[C@@](O)([H])CCCCCCCCCCCCCCC","palmitoyl dihydrosphingomyelin (d18:0/16:0)*","palmitoyl dihydrosphingomyelin (d18:0/16:0)*","SM 34:0;O2","SM 18:0;O2_16:0","SM 18:0;O2/16:0",NA,"8115586","HMDB0010168",NA,"9939965","Pos Late","palmitoyl dihydrosphingomyelin_d18_0_16_0",804,"palmitoyl dihydrosphingomyelin_d18_0_16_0","sample_cohort","SM 18:0;O2/16:0"
168,100008954,402,52434,164558,"Lipid","Dihydrosphingomyelins",3128,"NAMED","QHZIGNLCLJPLCU-QPPIDDCLSA-N","[H][C@](NC(CCCCCCCCCCCCCCC)=O)(COP(OCC[N+](C)(C)C)([O-])=O)[C@@](O)([H])CCCCCCCCCCCCCCC","palmitoyl dihydrosphingomyelin (d18:0/16:0)*","palmitoyl dihydrosphingomyelin (d18:0/16:0)*","SM 34:0;O2","SM 18:0;O2_16:0","SM 18:0;O2/16:0",NA,"8115586","HMDB0010168",NA,"9939965","Pos Late","palmitoyl dihydrosphingomyelin_d18_0_16_0",804,"palmitoyl dihydrosphingomyelin_d18_0_16_0","sample_cohort","SM 18:0;O2/16:0"
168,100008954,402,52434,164558,"Lipid","Dihydrosphingomyelins",3128,"NAMED","QHZIGNLCLJPLCU-QPPIDDCLSA-N","[H][C@](NC(CCCCCCCCCCCCCCC)=O)(COP(OCC[N+](C)(C)C)([O-])=O)[C@@](O)([H])CCCCCCCCCCCCCCC","palmitoyl dihydrosphingomyelin (d18:0/16:0)*","palmitoyl dihydrosphingomyelin (d18:0/16:0)*","SM 34:0;O2","SM 18:0;O2_16:0","SM 18:0;O2/16:0",NA,"8115586","HMDB0010168",NA,"9939965","Pos Late","palmitoyl dihydrosphingomyelin_d18_0_16_0",804,"palmitoyl dihydrosphingomyelin_d18_0_16_0","sample_cohort","SM 18:0;O2/16:0"
168,100008954,402,52434,164558,"Lipid","Dihydrosphingomyelins",3128,"NAMED","QHZIGNLCLJPLCU-QPPIDDCLSA-N","[H][C@](NC(CCCCCCCCCCCCCCC)=O)(COP(OCC[N+](C)(C)C)([O-])=O)[C@@](O)([H])CCCCCCCCCCCCCCC","palmitoyl dihydrosphingomyelin (d18:0/16:0)*","palmitoyl dihydrosphingomyelin (d18:0/16:0)*","SM 34:0;O2","SM 18:0;O2_16:0","SM 18:0;O2/16:0",NA,"8115586","HMDB0010168",NA,"9939965","Pos Late","palmitoyl dihydrosphingomyelin_d18_0_16_0",804,"palmitoyl dihydrosphingomyelin_d18_0_16_0","sample_cohort","SM 18:0;O2/16:0"
168,100008954,402,52434,164558,"Lipid","Dihydrosphingomyelins",3128,"NAMED","QHZIGNLCLJPLCU-QPPIDDCLSA-N","[H][C@](NC(CCCCCCCCCCCCCCC)=O)(COP(OCC[N+](C)(C)C)([O-])=O)[C@@](O)([H])CCCCCCCCCCCCCCC","palmitoyl dihydrosphingomyelin (d18:0/16:0)*","palmitoyl dihydrosphingomyelin (d18:0/16:0)*","SM 34:0;O2","SM 18:0;O2_16:0","SM 18:0;O2/16:0",NA,"8115586","HMDB0010168",NA,"9939965","Pos Late","palmitoyl dihydrosphingomyelin_d18_0_16_0",804,"palmitoyl dihydrosphingomyelin_d18_0_16_0","sample_cohort","SM 18:0;O2/16:0"
168,100008954,402,52434,164558,"Lipid","Dihydrosphingomyelins",3128,"NAMED","QHZIGNLCLJPLCU-QPPIDDCLSA-N","[H][C@](NC(CCCCCCCCCCCCCCC)=O)(COP(OCC[N+](C)(C)C)([O-])=O)[C@@](O)([H])CCCCCCCCCCCCCCC","palmitoyl dihydrosphingomyelin (d18:0/16:0)*","palmitoyl dihydrosphingomyelin (d18:0/16:0)*","SM 34:0;O2","SM 18:0;O2_16:0","SM 18:0;O2/16:0",NA,"8115586","HMDB0010168",NA,"9939965","Pos Late","palmitoyl dihydrosphingomyelin_d18_0_16_0",804,"palmitoyl dihydrosphingomyelin_d18_0_16_0","sample_cohort","SM 18:0;O2/16:0"
168,100008954,402,52434,164558,"Lipid","Dihydrosphingomyelins",3128,"NAMED","QHZIGNLCLJPLCU-QPPIDDCLSA-N","[H][C@](NC(CCCCCCCCCCCCCCC)=O)(COP(OCC[N+](C)(C)C)([O-])=O)[C@@](O)([H])CCCCCCCCCCCCCCC","palmitoyl dihydrosphingomyelin (d18:0/16:0)*","palmitoyl dihydrosphingomyelin (d18:0/16:0)*","SM 34:0;O2","SM 18:0;O2_16:0","SM 18:0;O2/16:0",NA,"8115586","HMDB0010168",NA,"9939965","Pos Late","palmitoyl dihydrosphingomyelin_d18_0_16_0",804,"palmitoyl dihydrosphingomyelin_d18_0_16_0","sample_cohort","SM 18:0;O2/16:0"
168,100008954,402,52434,164558,"Lipid","Dihydrosphingomyelins",3128,"NAMED","QHZIGNLCLJPLCU-QPPIDDCLSA-N","[H][C@](NC(CCCCCCCCCCCCCCC)=O)(COP(OCC[N+](C)(C)C)([O-])=O)[C@@](O)([H])CCCCCCCCCCCCCCC","palmitoyl dihydrosphingomyelin (d18:0/16:0)*","palmitoyl dihydrosphingomyelin (d18:0/16:0)*","SM 34:0;O2","SM 18:0;O2_16:0","SM 18:0;O2/16:0",NA,"8115586","HMDB0010168",NA,"9939965","Pos Late","palmitoyl dihydrosphingomyelin_d18_0_16_0",804,"palmitoyl dihydrosphingomyelin_d18_0_16_0","sample_cohort","SM 18:0;O2/16:0"
168,100008954,402,52434,164558,"Lipid","Dihydrosphingomyelins",3128,"NAMED","QHZIGNLCLJPLCU-QPPIDDCLSA-N","[H][C@](NC(CCCCCCCCCCCCCCC)=O)(COP(OCC[N+](C)(C)C)([O-])=O)[C@@](O)([H])CCCCCCCCCCCCCCC","palmitoyl dihydrosphingomyelin (d18:0/16:0)*","palmitoyl dihydrosphingomyelin (d18:0/16:0)*","SM 34:0;O2","SM 18:0;O2_16:0","SM 18:0;O2/16:0",NA,"8115586","HMDB0010168",NA,"9939965","Pos Late","palmitoyl dihydrosphingomyelin_d18_0_16_0",804,"palmitoyl dihydrosphingomyelin_d18_0_16_0","sample_cohort","SM 18:0;O2/16:0"
168,100008954,402,52434,164558,"Lipid","Dihydrosphingomyelins",3128,"NAMED","QHZIGNLCLJPLCU-QPPIDDCLSA-N","[H][C@](NC(CCCCCCCCCCCCCCC)=O)(COP(OCC[N+](C)(C)C)([O-])=O)[C@@](O)([H])CCCCCCCCCCCCCCC","palmitoyl dihydrosphingomyelin (d18:0/16:0)*","palmitoyl dihydrosphingomyelin (d18:0/16:0)*","SM 34:0;O2","SM 18:0;O2_16:0","SM 18:0;O2/16:0",NA,"8115586","HMDB0010168",NA,"9939965","Pos Late","palmitoyl dihydrosphingomyelin_d18_0_16_0",804,"palmitoyl dihydrosphingomyelin_d18_0_16_0","sample_cohort","SM 18:0;O2/16:0"
168,100008954,402,52434,164558,"Lipid","Dihydrosphingomyelins",3128,"NAMED","QHZIGNLCLJPLCU-QPPIDDCLSA-N","[H][C@](NC(CCCCCCCCCCCCCCC)=O)(COP(OCC[N+](C)(C)C)([O-])=O)[C@@](O)([H])CCCCCCCCCCCCCCC","palmitoyl dihydrosphingomyelin (d18:0/16:0)*","palmitoyl dihydrosphingomyelin (d18:0/16:0)*","SM 34:0;O2","SM 18:0;O2_16:0","SM 18:0;O2/16:0",NA,"8115586","HMDB0010168",NA,"9939965","Pos Late","palmitoyl dihydrosphingomyelin_d18_0_16_0",804,"palmitoyl dihydrosphingomyelin_d18_0_16_0","sample_cohort","SM 18:0;O2/16:0"
169,100008957,402,52437,164561,"Lipid","Sphingomyelins",3159,"NAMED","TXFLWJQVQCDUDZ-BRUGZULGSA-N","[H][C@](NC(CCCCCCCCCCCCC/C=C\CCCCCCCC)=O)(COP(OCC[N+](C)(C)C)([O-])=O)[C@@](O)([H])/C=C/CCCCCCCC/C=C\CCC","sphingomyelin (d18:2/24:1, d18:1/24:2)*","sphingomyelin (d18:2/24:1, d18:1/24:2)*","SM 42:3;O2","Unknown","Unknown",NA,NA,"HMDB0240636,HMDB0240615",NA,"85336023","Pos Late","sphingomyelin_d18_2_24_1_d18_1_24_2",807,"sphingomyelin_d18_2_24_1_d18_1_24_2","sample_cohort",NA
170,100008985,402,52454,165119,"Lipid","Phosphatidylcholine (PC)",2316,"NAMED","SRIGHEHXEGELQJ-YYQUKWHJSA-N","CCCCCCCCCCCCCCCC(OC[C@@H](OC(CCCCCC/C=C\C/C=C\C/C=C\CCCCC)=O)COP([O-])(OCC[N+](C)(C)C)=O)=O","1-palmitoyl-2-dihomo-linolenoyl-GPC (16:0/20:3n3 or 6)*","1-palmitoyl-2-dihomo-linolenoyl-GPC (16:0/20:3n3 or 6)*","PC 36:3","PC 16:0_20:3","Unknown",NA,NA,NA,NA,NA,"Pos Late","1_palmitoyl_2_dihomo_linolenoyl_gpc_16_0_20_3n3 or 6",812,"1_palmitoyl_2_dihomo_linolenoyl_gpc_16_0_20_3n3 or 6","sample_cohort",NA
171,100008989,402,52463,165130,"Lipid","Phosphatidylcholine (PC)",2321,"NAMED","KLTHQSWIRFFBRI-RWSHWRRPSA-N","CCCCCCCCCCCCCCCC(OCC(OC(CCC/C=C/C/C=C/C/C=C/C/C=C/C/C=C/CC)=O)COP([O-])(OCC[N+](C)(C)C)=O)=O","1-palmitoyl-2-eicosapentaenoyl-GPC (16:0/20:5)*","1-palmitoyl-2-eicosapentaenoyl-GPC (16:0/20:5)*","PC 36:5","PC 16:0_20:5","Unknown",NA,NA,"HMDB0007984",NA,"24778723","Pos Late","1_palmitoyl_2_eicosapentaenoyl_gpc_16_0_20_5",813,"1_palmitoyl_2_eicosapentaenoyl_gpc_16_0_20_5","sample_cohort","PC 16:0/20:5(5Z,8Z,11Z,14Z,17Z)"
171,100008989,402,52463,165130,"Lipid","Phosphatidylcholine (PC)",2321,"NAMED","KLTHQSWIRFFBRI-RWSHWRRPSA-N","CCCCCCCCCCCCCCCC(OCC(OC(CCC/C=C/C/C=C/C/C=C/C/C=C/C/C=C/CC)=O)COP([O-])(OCC[N+](C)(C)C)=O)=O","1-palmitoyl-2-eicosapentaenoyl-GPC (16:0/20:5)*","1-palmitoyl-2-eicosapentaenoyl-GPC (16:0/20:5)*","PC 36:5","PC 16:0_20:5","Unknown",NA,NA,"HMDB0007984",NA,"24778723","Pos Late","1_palmitoyl_2_eicosapentaenoyl_gpc_16_0_20_5",813,"1_palmitoyl_2_eicosapentaenoyl_gpc_16_0_20_5","sample_cohort","PC 16:0/20:5(5Z,8Z,11Z,14Z,17Z)"
171,100008989,402,52463,165130,"Lipid","Phosphatidylcholine (PC)",2321,"NAMED","KLTHQSWIRFFBRI-RWSHWRRPSA-N","CCCCCCCCCCCCCCCC(OCC(OC(CCC/C=C/C/C=C/C/C=C/C/C=C/C/C=C/CC)=O)COP([O-])(OCC[N+](C)(C)C)=O)=O","1-palmitoyl-2-eicosapentaenoyl-GPC (16:0/20:5)*","1-palmitoyl-2-eicosapentaenoyl-GPC (16:0/20:5)*","PC 36:5","PC 16:0_20:5","Unknown",NA,NA,"HMDB0007984",NA,"24778723","Pos Late","1_palmitoyl_2_eicosapentaenoyl_gpc_16_0_20_5",813,"1_palmitoyl_2_eicosapentaenoyl_gpc_16_0_20_5","sample_cohort","PC 16:0/20:5(5Z,8Z,11Z,14Z,17Z)"
171,100008989,402,52463,165130,"Lipid","Phosphatidylcholine (PC)",2321,"NAMED","KLTHQSWIRFFBRI-RWSHWRRPSA-N","CCCCCCCCCCCCCCCC(OCC(OC(CCC/C=C/C/C=C/C/C=C/C/C=C/C/C=C/CC)=O)COP([O-])(OCC[N+](C)(C)C)=O)=O","1-palmitoyl-2-eicosapentaenoyl-GPC (16:0/20:5)*","1-palmitoyl-2-eicosapentaenoyl-GPC (16:0/20:5)*","PC 36:5","PC 16:0_20:5","Unknown",NA,NA,"HMDB0007984",NA,"24778723","Pos Late","1_palmitoyl_2_eicosapentaenoyl_gpc_16_0_20_5",813,"1_palmitoyl_2_eicosapentaenoyl_gpc_16_0_20_5","sample_cohort","PC 16:0/20:5(5Z,8Z,11Z,14Z,17Z)"
171,100008989,402,52463,165130,"Lipid","Phosphatidylcholine (PC)",2321,"NAMED","KLTHQSWIRFFBRI-RWSHWRRPSA-N","CCCCCCCCCCCCCCCC(OCC(OC(CCC/C=C/C/C=C/C/C=C/C/C=C/C/C=C/CC)=O)COP([O-])(OCC[N+](C)(C)C)=O)=O","1-palmitoyl-2-eicosapentaenoyl-GPC (16:0/20:5)*","1-palmitoyl-2-eicosapentaenoyl-GPC (16:0/20:5)*","PC 36:5","PC 16:0_20:5","Unknown",NA,NA,"HMDB0007984",NA,"24778723","Pos Late","1_palmitoyl_2_eicosapentaenoyl_gpc_16_0_20_5",813,"1_palmitoyl_2_eicosapentaenoyl_gpc_16_0_20_5","sample_cohort","PC 16:0/20:5"
171,100008989,402,52463,165130,"Lipid","Phosphatidylcholine (PC)",2321,"NAMED","KLTHQSWIRFFBRI-RWSHWRRPSA-N","CCCCCCCCCCCCCCCC(OCC(OC(CCC/C=C/C/C=C/C/C=C/C/C=C/C/C=C/CC)=O)COP([O-])(OCC[N+](C)(C)C)=O)=O","1-palmitoyl-2-eicosapentaenoyl-GPC (16:0/20:5)*","1-palmitoyl-2-eicosapentaenoyl-GPC (16:0/20:5)*","PC 36:5","PC 16:0_20:5","Unknown",NA,NA,"HMDB0007984",NA,"24778723","Pos Late","1_palmitoyl_2_eicosapentaenoyl_gpc_16_0_20_5",813,"1_palmitoyl_2_eicosapentaenoyl_gpc_16_0_20_5","sample_cohort","PC 16:0/20:5"
171,100008989,402,52463,165130,"Lipid","Phosphatidylcholine (PC)",2321,"NAMED","KLTHQSWIRFFBRI-RWSHWRRPSA-N","CCCCCCCCCCCCCCCC(OCC(OC(CCC/C=C/C/C=C/C/C=C/C/C=C/C/C=C/CC)=O)COP([O-])(OCC[N+](C)(C)C)=O)=O","1-palmitoyl-2-eicosapentaenoyl-GPC (16:0/20:5)*","1-palmitoyl-2-eicosapentaenoyl-GPC (16:0/20:5)*","PC 36:5","PC 16:0_20:5","Unknown",NA,NA,"HMDB0007984",NA,"24778723","Pos Late","1_palmitoyl_2_eicosapentaenoyl_gpc_16_0_20_5",813,"1_palmitoyl_2_eicosapentaenoyl_gpc_16_0_20_5","sample_cohort","PC 16:0/20:5"
171,100008989,402,52463,165130,"Lipid","Phosphatidylcholine (PC)",2321,"NAMED","KLTHQSWIRFFBRI-RWSHWRRPSA-N","CCCCCCCCCCCCCCCC(OCC(OC(CCC/C=C/C/C=C/C/C=C/C/C=C/C/C=C/CC)=O)COP([O-])(OCC[N+](C)(C)C)=O)=O","1-palmitoyl-2-eicosapentaenoyl-GPC (16:0/20:5)*","1-palmitoyl-2-eicosapentaenoyl-GPC (16:0/20:5)*","PC 36:5","PC 16:0_20:5","Unknown",NA,NA,"HMDB0007984",NA,"24778723","Pos Late","1_palmitoyl_2_eicosapentaenoyl_gpc_16_0_20_5",813,"1_palmitoyl_2_eicosapentaenoyl_gpc_16_0_20_5","sample_cohort","PC 36:5"
171,100008989,402,52463,165130,"Lipid","Phosphatidylcholine (PC)",2321,"NAMED","KLTHQSWIRFFBRI-RWSHWRRPSA-N","CCCCCCCCCCCCCCCC(OCC(OC(CCC/C=C/C/C=C/C/C=C/C/C=C/C/C=C/CC)=O)COP([O-])(OCC[N+](C)(C)C)=O)=O","1-palmitoyl-2-eicosapentaenoyl-GPC (16:0/20:5)*","1-palmitoyl-2-eicosapentaenoyl-GPC (16:0/20:5)*","PC 36:5","PC 16:0_20:5","Unknown",NA,NA,"HMDB0007984",NA,"24778723","Pos Late","1_palmitoyl_2_eicosapentaenoyl_gpc_16_0_20_5",813,"1_palmitoyl_2_eicosapentaenoyl_gpc_16_0_20_5","sample_cohort","PC 36:5"
171,100008989,402,52463,165130,"Lipid","Phosphatidylcholine (PC)",2321,"NAMED","KLTHQSWIRFFBRI-RWSHWRRPSA-N","CCCCCCCCCCCCCCCC(OCC(OC(CCC/C=C/C/C=C/C/C=C/C/C=C/C/C=C/CC)=O)COP([O-])(OCC[N+](C)(C)C)=O)=O","1-palmitoyl-2-eicosapentaenoyl-GPC (16:0/20:5)*","1-palmitoyl-2-eicosapentaenoyl-GPC (16:0/20:5)*","PC 36:5","PC 16:0_20:5","Unknown",NA,NA,"HMDB0007984",NA,"24778723","Pos Late","1_palmitoyl_2_eicosapentaenoyl_gpc_16_0_20_5",813,"1_palmitoyl_2_eicosapentaenoyl_gpc_16_0_20_5","sample_cohort","PC 36:5"
171,100008989,402,52463,165130,"Lipid","Phosphatidylcholine (PC)",2321,"NAMED","KLTHQSWIRFFBRI-RWSHWRRPSA-N","CCCCCCCCCCCCCCCC(OCC(OC(CCC/C=C/C/C=C/C/C=C/C/C=C/C/C=C/CC)=O)COP([O-])(OCC[N+](C)(C)C)=O)=O","1-palmitoyl-2-eicosapentaenoyl-GPC (16:0/20:5)*","1-palmitoyl-2-eicosapentaenoyl-GPC (16:0/20:5)*","PC 36:5","PC 16:0_20:5","Unknown",NA,NA,"HMDB0007984",NA,"24778723","Pos Late","1_palmitoyl_2_eicosapentaenoyl_gpc_16_0_20_5",813,"1_palmitoyl_2_eicosapentaenoyl_gpc_16_0_20_5","sample_cohort","PC 36:5"
171,100008989,402,52463,165130,"Lipid","Phosphatidylcholine (PC)",2321,"NAMED","KLTHQSWIRFFBRI-RWSHWRRPSA-N","CCCCCCCCCCCCCCCC(OCC(OC(CCC/C=C/C/C=C/C/C=C/C/C=C/C/C=C/CC)=O)COP([O-])(OCC[N+](C)(C)C)=O)=O","1-palmitoyl-2-eicosapentaenoyl-GPC (16:0/20:5)*","1-palmitoyl-2-eicosapentaenoyl-GPC (16:0/20:5)*","PC 36:5","PC 16:0_20:5","Unknown",NA,NA,"HMDB0007984",NA,"24778723","Pos Late","1_palmitoyl_2_eicosapentaenoyl_gpc_16_0_20_5",813,"1_palmitoyl_2_eicosapentaenoyl_gpc_16_0_20_5","sample_cohort","PC 36:5"
171,100008989,402,52463,165130,"Lipid","Phosphatidylcholine (PC)",2321,"NAMED","KLTHQSWIRFFBRI-RWSHWRRPSA-N","CCCCCCCCCCCCCCCC(OCC(OC(CCC/C=C/C/C=C/C/C=C/C/C=C/C/C=C/CC)=O)COP([O-])(OCC[N+](C)(C)C)=O)=O","1-palmitoyl-2-eicosapentaenoyl-GPC (16:0/20:5)*","1-palmitoyl-2-eicosapentaenoyl-GPC (16:0/20:5)*","PC 36:5","PC 16:0_20:5","Unknown",NA,NA,"HMDB0007984",NA,"24778723","Pos Late","1_palmitoyl_2_eicosapentaenoyl_gpc_16_0_20_5",813,"1_palmitoyl_2_eicosapentaenoyl_gpc_16_0_20_5","sample_cohort","PC 16:0_20:5"
172,100008996,402,52471,165147,"Lipid","Phosphatidylethanolamine (PE)",2428,"NAMED","CZOSTDZGCCEZTJ-WMHOIYFHSA-N","O=C(CCCCCCCCCCCCCCC)OC[C@]([H])(COP(OCCN)(O)=O)OC(CCCCCCC/C=C\CCCCCC)=O","1-palmitoyl-2-palmitoleoyl-GPE (16:0/16:1)*","1-palmitoyl-2-palmitoleoyl-GPE (16:0/16:1)*","PE 32:1","PE 16:0_16:1","Unknown",NA,"24768424","HMDB0008924",NA,"52924925","Pos Late","1_palmitoyl_2_palmitoleoyl_gpe_16_0_16_1",819,"1_palmitoyl_2_palmitoleoyl_gpe_16_0_16_1","sample_cohort","PE 16:0/16:1(9Z)"
172,100008996,402,52471,165147,"Lipid","Phosphatidylethanolamine (PE)",2428,"NAMED","CZOSTDZGCCEZTJ-WMHOIYFHSA-N","O=C(CCCCCCCCCCCCCCC)OC[C@]([H])(COP(OCCN)(O)=O)OC(CCCCCCC/C=C\CCCCCC)=O","1-palmitoyl-2-palmitoleoyl-GPE (16:0/16:1)*","1-palmitoyl-2-palmitoleoyl-GPE (16:0/16:1)*","PE 32:1","PE 16:0_16:1","Unknown",NA,"24768424","HMDB0008924",NA,"52924925","Pos Late","1_palmitoyl_2_palmitoleoyl_gpe_16_0_16_1",819,"1_palmitoyl_2_palmitoleoyl_gpe_16_0_16_1","sample_cohort","PE 16:0/16:1(9Z)"
172,100008996,402,52471,165147,"Lipid","Phosphatidylethanolamine (PE)",2428,"NAMED","CZOSTDZGCCEZTJ-WMHOIYFHSA-N","O=C(CCCCCCCCCCCCCCC)OC[C@]([H])(COP(OCCN)(O)=O)OC(CCCCCCC/C=C\CCCCCC)=O","1-palmitoyl-2-palmitoleoyl-GPE (16:0/16:1)*","1-palmitoyl-2-palmitoleoyl-GPE (16:0/16:1)*","PE 32:1","PE 16:0_16:1","Unknown",NA,"24768424","HMDB0008924",NA,"52924925","Pos Late","1_palmitoyl_2_palmitoleoyl_gpe_16_0_16_1",819,"1_palmitoyl_2_palmitoleoyl_gpe_16_0_16_1","sample_cohort","PE 16:0/16:1(9Z)"
172,100008996,402,52471,165147,"Lipid","Phosphatidylethanolamine (PE)",2428,"NAMED","CZOSTDZGCCEZTJ-WMHOIYFHSA-N","O=C(CCCCCCCCCCCCCCC)OC[C@]([H])(COP(OCCN)(O)=O)OC(CCCCCCC/C=C\CCCCCC)=O","1-palmitoyl-2-palmitoleoyl-GPE (16:0/16:1)*","1-palmitoyl-2-palmitoleoyl-GPE (16:0/16:1)*","PE 32:1","PE 16:0_16:1","Unknown",NA,"24768424","HMDB0008924",NA,"52924925","Pos Late","1_palmitoyl_2_palmitoleoyl_gpe_16_0_16_1",819,"1_palmitoyl_2_palmitoleoyl_gpe_16_0_16_1","sample_cohort","PE 32:1"
172,100008996,402,52471,165147,"Lipid","Phosphatidylethanolamine (PE)",2428,"NAMED","CZOSTDZGCCEZTJ-WMHOIYFHSA-N","O=C(CCCCCCCCCCCCCCC)OC[C@]([H])(COP(OCCN)(O)=O)OC(CCCCCCC/C=C\CCCCCC)=O","1-palmitoyl-2-palmitoleoyl-GPE (16:0/16:1)*","1-palmitoyl-2-palmitoleoyl-GPE (16:0/16:1)*","PE 32:1","PE 16:0_16:1","Unknown",NA,"24768424","HMDB0008924",NA,"52924925","Pos Late","1_palmitoyl_2_palmitoleoyl_gpe_16_0_16_1",819,"1_palmitoyl_2_palmitoleoyl_gpe_16_0_16_1","sample_cohort","PE 16:0/16:1"
172,100008996,402,52471,165147,"Lipid","Phosphatidylethanolamine (PE)",2428,"NAMED","CZOSTDZGCCEZTJ-WMHOIYFHSA-N","O=C(CCCCCCCCCCCCCCC)OC[C@]([H])(COP(OCCN)(O)=O)OC(CCCCCCC/C=C\CCCCCC)=O","1-palmitoyl-2-palmitoleoyl-GPE (16:0/16:1)*","1-palmitoyl-2-palmitoleoyl-GPE (16:0/16:1)*","PE 32:1","PE 16:0_16:1","Unknown",NA,"24768424","HMDB0008924",NA,"52924925","Pos Late","1_palmitoyl_2_palmitoleoyl_gpe_16_0_16_1",819,"1_palmitoyl_2_palmitoleoyl_gpe_16_0_16_1","sample_cohort","PE 32:1"
172,100008996,402,52471,165147,"Lipid","Phosphatidylethanolamine (PE)",2428,"NAMED","CZOSTDZGCCEZTJ-WMHOIYFHSA-N","O=C(CCCCCCCCCCCCCCC)OC[C@]([H])(COP(OCCN)(O)=O)OC(CCCCCCC/C=C\CCCCCC)=O","1-palmitoyl-2-palmitoleoyl-GPE (16:0/16:1)*","1-palmitoyl-2-palmitoleoyl-GPE (16:0/16:1)*","PE 32:1","PE 16:0_16:1","Unknown",NA,"24768424","HMDB0008924",NA,"52924925","Pos Late","1_palmitoyl_2_palmitoleoyl_gpe_16_0_16_1",819,"1_palmitoyl_2_palmitoleoyl_gpe_16_0_16_1","sample_cohort","PE 16:0/16:1(9Z)"
172,100008996,402,52471,165147,"Lipid","Phosphatidylethanolamine (PE)",2428,"NAMED","CZOSTDZGCCEZTJ-WMHOIYFHSA-N","O=C(CCCCCCCCCCCCCCC)OC[C@]([H])(COP(OCCN)(O)=O)OC(CCCCCCC/C=C\CCCCCC)=O","1-palmitoyl-2-palmitoleoyl-GPE (16:0/16:1)*","1-palmitoyl-2-palmitoleoyl-GPE (16:0/16:1)*","PE 32:1","PE 16:0_16:1","Unknown",NA,"24768424","HMDB0008924",NA,"52924925","Pos Late","1_palmitoyl_2_palmitoleoyl_gpe_16_0_16_1",819,"1_palmitoyl_2_palmitoleoyl_gpe_16_0_16_1","sample_cohort","PE 16:0/16:1"
172,100008996,402,52471,165147,"Lipid","Phosphatidylethanolamine (PE)",2428,"NAMED","CZOSTDZGCCEZTJ-WMHOIYFHSA-N","O=C(CCCCCCCCCCCCCCC)OC[C@]([H])(COP(OCCN)(O)=O)OC(CCCCCCC/C=C\CCCCCC)=O","1-palmitoyl-2-palmitoleoyl-GPE (16:0/16:1)*","1-palmitoyl-2-palmitoleoyl-GPE (16:0/16:1)*","PE 32:1","PE 16:0_16:1","Unknown",NA,"24768424","HMDB0008924",NA,"52924925","Pos Late","1_palmitoyl_2_palmitoleoyl_gpe_16_0_16_1",819,"1_palmitoyl_2_palmitoleoyl_gpe_16_0_16_1","sample_cohort","PE 32:1"
172,100008996,402,52471,165147,"Lipid","Phosphatidylethanolamine (PE)",2428,"NAMED","CZOSTDZGCCEZTJ-WMHOIYFHSA-N","O=C(CCCCCCCCCCCCCCC)OC[C@]([H])(COP(OCCN)(O)=O)OC(CCCCCCC/C=C\CCCCCC)=O","1-palmitoyl-2-palmitoleoyl-GPE (16:0/16:1)*","1-palmitoyl-2-palmitoleoyl-GPE (16:0/16:1)*","PE 32:1","PE 16:0_16:1","Unknown",NA,"24768424","HMDB0008924",NA,"52924925","Pos Late","1_palmitoyl_2_palmitoleoyl_gpe_16_0_16_1",819,"1_palmitoyl_2_palmitoleoyl_gpe_16_0_16_1","sample_cohort","PE 16:0_16:1"
173,100009007,402,52478,165160,"Lipid","Plasmalogen",2830,"NAMED","CRBBMHQTIAELIS-KQBBALDBSA-N","[H][C@](OC(CCCCCCC/C=C\CCCCCCCC)=O)(CO[P-](OCC[N+](C)(C)C)([O])=O)CO/C=C\CCCCCCCCCCCCCC","1-(1-enyl-palmitoyl)-2-oleoyl-GPC (P-16:0/18:1)*","1-(1-enyl-palmitoyl)-2-oleoyl-GPC (P-16:0/18:1)*","PC O-34:2","PC P-16:0_18:1","PC P-16:0/18:1",NA,NA,"HMDB0007996",NA,"34779384","Pos Late","1_1_enyl_palmitoyl_2_oleoyl_gpc_p_16_0_18_1",826,"1_1_enyl_palmitoyl_2_oleoyl_gpc_p_16_0_18_1","sample_cohort","sn-Glycero-3-phosphocholine"
173,100009007,402,52478,165160,"Lipid","Plasmalogen",2830,"NAMED","CRBBMHQTIAELIS-KQBBALDBSA-N","[H][C@](OC(CCCCCCC/C=C\CCCCCCCC)=O)(CO[P-](OCC[N+](C)(C)C)([O])=O)CO/C=C\CCCCCCCCCCCCCC","1-(1-enyl-palmitoyl)-2-oleoyl-GPC (P-16:0/18:1)*","1-(1-enyl-palmitoyl)-2-oleoyl-GPC (P-16:0/18:1)*","PC O-34:2","PC P-16:0_18:1","PC P-16:0/18:1",NA,NA,"HMDB0007996",NA,"34779384","Pos Late","1_1_enyl_palmitoyl_2_oleoyl_gpc_p_16_0_18_1",826,"1_1_enyl_palmitoyl_2_oleoyl_gpc_p_16_0_18_1","sample_cohort","PC 16:1"
173,100009007,402,52478,165160,"Lipid","Plasmalogen",2830,"NAMED","CRBBMHQTIAELIS-KQBBALDBSA-N","[H][C@](OC(CCCCCCC/C=C\CCCCCCCC)=O)(CO[P-](OCC[N+](C)(C)C)([O])=O)CO/C=C\CCCCCCCCCCCCCC","1-(1-enyl-palmitoyl)-2-oleoyl-GPC (P-16:0/18:1)*","1-(1-enyl-palmitoyl)-2-oleoyl-GPC (P-16:0/18:1)*","PC O-34:2","PC P-16:0_18:1","PC P-16:0/18:1",NA,NA,"HMDB0007996",NA,"34779384","Pos Late","1_1_enyl_palmitoyl_2_oleoyl_gpc_p_16_0_18_1",826,"1_1_enyl_palmitoyl_2_oleoyl_gpc_p_16_0_18_1","sample_cohort","PC 16:1"
173,100009007,402,52478,165160,"Lipid","Plasmalogen",2830,"NAMED","CRBBMHQTIAELIS-KQBBALDBSA-N","[H][C@](OC(CCCCCCC/C=C\CCCCCCCC)=O)(CO[P-](OCC[N+](C)(C)C)([O])=O)CO/C=C\CCCCCCCCCCCCCC","1-(1-enyl-palmitoyl)-2-oleoyl-GPC (P-16:0/18:1)*","1-(1-enyl-palmitoyl)-2-oleoyl-GPC (P-16:0/18:1)*","PC O-34:2","PC P-16:0_18:1","PC P-16:0/18:1",NA,NA,"HMDB0007996",NA,"34779384","Pos Late","1_1_enyl_palmitoyl_2_oleoyl_gpc_p_16_0_18_1",826,"1_1_enyl_palmitoyl_2_oleoyl_gpc_p_16_0_18_1","sample_cohort","PC 16:1"
174,100009019,402,57333,210831,"Lipid","Plasmalogen",2819,"NAMED","GBNPCIWXLWZJGA-ADTCAWDJSA-N","CCCCCCCCCCCCCCCCCCOCC(OC(CCC/C=C/C/C=C/C/C=C/C/C=C/CCCCC)=O)COP([O-])(OCC[N+](C)(C)C)=O","1-stearyl-2-arachidonoyl-GPC (O-18:0/20:4)*","1-stearyl-2-arachidonoyl-GPC (O-18:0/20:4)*","PC O-38:4","PC O-18:0_20:4","PC O-18:0/20:4",NA,NA,NA,NA,NA,"Pos Late","1_stearyl_2_arachidonoyl_gpc_o_18_0_20_4",831,"1_stearyl_2_arachidonoyl_gpc_o_18_0_20_4","sample_cohort",NA
175,100009025,402,52495,165187,"Lipid","Sphingomyelins",3153,"NAMED","YXSZOBWVQJIWNE-QVDCKBILSA-N","[H][C@](NC(CCCCCCCCCCCCCCCCCCCC)=O)(COP(OCC[N+](C)(C)C)([O-])=O)[C@@](O)([H])/C=C/CCCCCCCCCCCCC","sphingomyelin (d18:1/21:0, d17:1/22:0, d16:1/23:0)*","sphingomyelin (d18:1/21:0, d17:1/22:0, d16:1/23:0)*","SM 39;1;O2","Unknown","Unknown",NA,NA,"HMDB0240619,HMDB0240611,HMDB0240621",NA,NA,"Pos Late","sphingomyelin_d18_1_21_0_d17_1_22_0_d16_1_23_0",833,"sphingomyelin_d18_1_21_0_d17_1_22_0_d16_1_23_0","sample_cohort",NA
176,100009030,402,53010,166340,"Lipid","Lactosylceramides (LCER)",3116,"NAMED","HLIJNIKSBCIDGO-QKLMXXKVSA-N","O=C(CCCCCCCCCCCCCCC)N[C@@]([C@]([H])(O)/C=C/CCCCCCCCCCCCC)([H])CO[C@H](O1)[C@H](O)[C@@H](O)[C@@H]([C@H]1CO)O[C@H](O2)[C@H](O)[C@@H](O)[C@H]([C@H]2CO)O","lactosyl-N-palmitoyl-sphingosine (d18:1/16:0)","lactosyl-N-palmitoyl-sphingosine (d18:1/16:0)","LacCer 34:1;O2","LacCer 18:1;O2_16:0","LacCer 18:1;O2/16:0","4201-62-1",NA,"HMDB0006750",NA,"53477895","Pos Late","lactosyl_n_palmitoyl_sphingosine_d18_1_16_0",837,"lactosyl_n_palmitoyl_sphingosine_d18_1_16_0","sample_cohort","LacCer 18:1;O2/16:0"
176,100009030,402,53010,166340,"Lipid","Lactosylceramides (LCER)",3116,"NAMED","HLIJNIKSBCIDGO-QKLMXXKVSA-N","O=C(CCCCCCCCCCCCCCC)N[C@@]([C@]([H])(O)/C=C/CCCCCCCCCCCCC)([H])CO[C@H](O1)[C@H](O)[C@@H](O)[C@@H]([C@H]1CO)O[C@H](O2)[C@H](O)[C@@H](O)[C@H]([C@H]2CO)O","lactosyl-N-palmitoyl-sphingosine (d18:1/16:0)","lactosyl-N-palmitoyl-sphingosine (d18:1/16:0)","LacCer 34:1;O2","LacCer 18:1;O2_16:0","LacCer 18:1;O2/16:0","4201-62-1",NA,"HMDB0006750",NA,"53477895","Pos Late","lactosyl_n_palmitoyl_sphingosine_d18_1_16_0",837,"lactosyl_n_palmitoyl_sphingosine_d18_1_16_0","sample_cohort","LacCer 18:1;O2/16:0"
176,100009030,402,53010,166340,"Lipid","Lactosylceramides (LCER)",3116,"NAMED","HLIJNIKSBCIDGO-QKLMXXKVSA-N","O=C(CCCCCCCCCCCCCCC)N[C@@]([C@]([H])(O)/C=C/CCCCCCCCCCCCC)([H])CO[C@H](O1)[C@H](O)[C@@H](O)[C@@H]([C@H]1CO)O[C@H](O2)[C@H](O)[C@@H](O)[C@H]([C@H]2CO)O","lactosyl-N-palmitoyl-sphingosine (d18:1/16:0)","lactosyl-N-palmitoyl-sphingosine (d18:1/16:0)","LacCer 34:1;O2","LacCer 18:1;O2_16:0","LacCer 18:1;O2/16:0","4201-62-1",NA,"HMDB0006750",NA,"53477895","Pos Late","lactosyl_n_palmitoyl_sphingosine_d18_1_16_0",837,"lactosyl_n_palmitoyl_sphingosine_d18_1_16_0","sample_cohort","LacCer 18:1;O2/16:0"
176,100009030,402,53010,166340,"Lipid","Lactosylceramides (LCER)",3116,"NAMED","HLIJNIKSBCIDGO-QKLMXXKVSA-N","O=C(CCCCCCCCCCCCCCC)N[C@@]([C@]([H])(O)/C=C/CCCCCCCCCCCCC)([H])CO[C@H](O1)[C@H](O)[C@@H](O)[C@@H]([C@H]1CO)O[C@H](O2)[C@H](O)[C@@H](O)[C@H]([C@H]2CO)O","lactosyl-N-palmitoyl-sphingosine (d18:1/16:0)","lactosyl-N-palmitoyl-sphingosine (d18:1/16:0)","LacCer 34:1;O2","LacCer 18:1;O2_16:0","LacCer 18:1;O2/16:0","4201-62-1",NA,"HMDB0006750",NA,"53477895","Pos Late","lactosyl_n_palmitoyl_sphingosine_d18_1_16_0",837,"lactosyl_n_palmitoyl_sphingosine_d18_1_16_0","sample_cohort","LacCer 18:1;O2/16:0"
176,100009030,402,53010,166340,"Lipid","Lactosylceramides (LCER)",3116,"NAMED","HLIJNIKSBCIDGO-QKLMXXKVSA-N","O=C(CCCCCCCCCCCCCCC)N[C@@]([C@]([H])(O)/C=C/CCCCCCCCCCCCC)([H])CO[C@H](O1)[C@H](O)[C@@H](O)[C@@H]([C@H]1CO)O[C@H](O2)[C@H](O)[C@@H](O)[C@H]([C@H]2CO)O","lactosyl-N-palmitoyl-sphingosine (d18:1/16:0)","lactosyl-N-palmitoyl-sphingosine (d18:1/16:0)","LacCer 34:1;O2","LacCer 18:1;O2_16:0","LacCer 18:1;O2/16:0","4201-62-1",NA,"HMDB0006750",NA,"53477895","Pos Late","lactosyl_n_palmitoyl_sphingosine_d18_1_16_0",837,"lactosyl_n_palmitoyl_sphingosine_d18_1_16_0","sample_cohort","LacCer 18:1;O2/16:0"
177,100009036,402,52499,165191,"Lipid","Phosphatidylcholine (PC)",2339,"NAMED","SXNXGNVZTLZDHE-IYEJTHTFSA-N","O=C(CCCCCCCCCCCCCCCC)OC[C@]([H])(COP(OCC[N+](C)(C)C)([O-])=O)OC(CCCCCCC/C=C\CCCCCCCC)=O","1-margaroyl-2-oleoyl-GPC (17:0/18:1)*","1-margaroyl-2-oleoyl-GPC (17:0/18:1)*","PC 35:1","PC 17:0_18:1","Unknown",NA,"24822423",NA,NA,NA,"Pos Late","1_margaroyl_2_oleoyl_gpc_17_0_18_1",840,"1_margaroyl_2_oleoyl_gpc_17_0_18_1","sample_cohort",NA
178,100009037,402,52500,165192,"Lipid","Phosphatidylcholine (PC)",2340,"NAMED","ZSKWZJYUVZYDQU-WESJWMGVSA-N","O=C(CCCCCCCCCCCCCCCC)OC[C@]([H])(COP(OCC[N+](C)(C)C)([O-])=O)OC(CCCCCCC/C=C\C/C=C\CCCCC)=O","1-margaroyl-2-linoleoyl-GPC (17:0/18:2)*","1-margaroyl-2-linoleoyl-GPC (17:0/18:2)*","PC 35:2","PC 17:0_18:2","Unknown",NA,NA,NA,NA,"52922491","Pos Late","1_margaroyl_2_linoleoyl_gpc_17_0_18_2",841,"1_margaroyl_2_linoleoyl_gpc_17_0_18_2","sample_cohort","PC 17:0/18:2(9Z,12Z)"
179,100009067,402,52668,208072,"Lipid","Phosphatidylinositol (PI)",2586,"NAMED","DJVOKHFQPGWUPK-SWXQTFNJSA-N","O=C(CCCCCCCCCCCCCCCCC)OC[C@@]([H])(OC(CC/C=C\C/C=C\C/C=C\C/C=C\C/C=C\C/C=C\CC)=O)COP(O[C@H]1[C@H](O)[C@@H](O)[C@H](O)[C@@H](O)[C@H]1O)(O)=O","1-stearoyl-2-docosahexaenoyl-GPI (18:0/22:6)*","1-stearoyl-2-docosahexaenoyl-GPI (18:0/22:6)*","PI 40:6","PI 18:0_22:6","Unknown",NA,"24767706","HMDB0009821",NA,"52927465","Pos Late","1_stearoyl_2_docosahexaenoyl_gpi_18_0_22_6",850,"1_stearoyl_2_docosahexaenoyl_gpi_18_0_22_6","sample_cohort","PI 18:0/22:6(4Z,7Z,10Z,13Z,16Z,19Z)"
179,100009067,402,52668,208072,"Lipid","Phosphatidylinositol (PI)",2586,"NAMED","DJVOKHFQPGWUPK-SWXQTFNJSA-N","O=C(CCCCCCCCCCCCCCCCC)OC[C@@]([H])(OC(CC/C=C\C/C=C\C/C=C\C/C=C\C/C=C\C/C=C\CC)=O)COP(O[C@H]1[C@H](O)[C@@H](O)[C@H](O)[C@@H](O)[C@H]1O)(O)=O","1-stearoyl-2-docosahexaenoyl-GPI (18:0/22:6)*","1-stearoyl-2-docosahexaenoyl-GPI (18:0/22:6)*","PI 40:6","PI 18:0_22:6","Unknown",NA,"24767706","HMDB0009821",NA,"52927465","Pos Late","1_stearoyl_2_docosahexaenoyl_gpi_18_0_22_6",850,"1_stearoyl_2_docosahexaenoyl_gpi_18_0_22_6","sample_cohort","PI 18:0/22:6(4Z,7Z,10Z,13Z,16Z,19Z)"
179,100009067,402,52668,208072,"Lipid","Phosphatidylinositol (PI)",2586,"NAMED","DJVOKHFQPGWUPK-SWXQTFNJSA-N","O=C(CCCCCCCCCCCCCCCCC)OC[C@@]([H])(OC(CC/C=C\C/C=C\C/C=C\C/C=C\C/C=C\C/C=C\CC)=O)COP(O[C@H]1[C@H](O)[C@@H](O)[C@H](O)[C@@H](O)[C@H]1O)(O)=O","1-stearoyl-2-docosahexaenoyl-GPI (18:0/22:6)*","1-stearoyl-2-docosahexaenoyl-GPI (18:0/22:6)*","PI 40:6","PI 18:0_22:6","Unknown",NA,"24767706","HMDB0009821",NA,"52927465","Pos Late","1_stearoyl_2_docosahexaenoyl_gpi_18_0_22_6",850,"1_stearoyl_2_docosahexaenoyl_gpi_18_0_22_6","sample_cohort","PI 40:6"
179,100009067,402,52668,208072,"Lipid","Phosphatidylinositol (PI)",2586,"NAMED","DJVOKHFQPGWUPK-SWXQTFNJSA-N","O=C(CCCCCCCCCCCCCCCCC)OC[C@@]([H])(OC(CC/C=C\C/C=C\C/C=C\C/C=C\C/C=C\C/C=C\CC)=O)COP(O[C@H]1[C@H](O)[C@@H](O)[C@H](O)[C@@H](O)[C@H]1O)(O)=O","1-stearoyl-2-docosahexaenoyl-GPI (18:0/22:6)*","1-stearoyl-2-docosahexaenoyl-GPI (18:0/22:6)*","PI 40:6","PI 18:0_22:6","Unknown",NA,"24767706","HMDB0009821",NA,"52927465","Pos Late","1_stearoyl_2_docosahexaenoyl_gpi_18_0_22_6",850,"1_stearoyl_2_docosahexaenoyl_gpi_18_0_22_6","sample_cohort","PI 40:6"
179,100009067,402,52668,208072,"Lipid","Phosphatidylinositol (PI)",2586,"NAMED","DJVOKHFQPGWUPK-SWXQTFNJSA-N","O=C(CCCCCCCCCCCCCCCCC)OC[C@@]([H])(OC(CC/C=C\C/C=C\C/C=C\C/C=C\C/C=C\C/C=C\CC)=O)COP(O[C@H]1[C@H](O)[C@@H](O)[C@H](O)[C@@H](O)[C@H]1O)(O)=O","1-stearoyl-2-docosahexaenoyl-GPI (18:0/22:6)*","1-stearoyl-2-docosahexaenoyl-GPI (18:0/22:6)*","PI 40:6","PI 18:0_22:6","Unknown",NA,"24767706","HMDB0009821",NA,"52927465","Pos Late","1_stearoyl_2_docosahexaenoyl_gpi_18_0_22_6",850,"1_stearoyl_2_docosahexaenoyl_gpi_18_0_22_6","sample_cohort","PI 18:0/22:6"
179,100009067,402,52668,208072,"Lipid","Phosphatidylinositol (PI)",2586,"NAMED","DJVOKHFQPGWUPK-SWXQTFNJSA-N","O=C(CCCCCCCCCCCCCCCCC)OC[C@@]([H])(OC(CC/C=C\C/C=C\C/C=C\C/C=C\C/C=C\C/C=C\CC)=O)COP(O[C@H]1[C@H](O)[C@@H](O)[C@H](O)[C@@H](O)[C@H]1O)(O)=O","1-stearoyl-2-docosahexaenoyl-GPI (18:0/22:6)*","1-stearoyl-2-docosahexaenoyl-GPI (18:0/22:6)*","PI 40:6","PI 18:0_22:6","Unknown",NA,"24767706","HMDB0009821",NA,"52927465","Pos Late","1_stearoyl_2_docosahexaenoyl_gpi_18_0_22_6",850,"1_stearoyl_2_docosahexaenoyl_gpi_18_0_22_6","sample_cohort","PI 18:0/22:6"
179,100009067,402,52668,208072,"Lipid","Phosphatidylinositol (PI)",2586,"NAMED","DJVOKHFQPGWUPK-SWXQTFNJSA-N","O=C(CCCCCCCCCCCCCCCCC)OC[C@@]([H])(OC(CC/C=C\C/C=C\C/C=C\C/C=C\C/C=C\C/C=C\CC)=O)COP(O[C@H]1[C@H](O)[C@@H](O)[C@H](O)[C@@H](O)[C@H]1O)(O)=O","1-stearoyl-2-docosahexaenoyl-GPI (18:0/22:6)*","1-stearoyl-2-docosahexaenoyl-GPI (18:0/22:6)*","PI 40:6","PI 18:0_22:6","Unknown",NA,"24767706","HMDB0009821",NA,"52927465","Pos Late","1_stearoyl_2_docosahexaenoyl_gpi_18_0_22_6",850,"1_stearoyl_2_docosahexaenoyl_gpi_18_0_22_6","sample_cohort","PI 18:0/22:6(4Z,7Z,10Z,13Z,16Z,19Z)"
179,100009067,402,52668,208072,"Lipid","Phosphatidylinositol (PI)",2586,"NAMED","DJVOKHFQPGWUPK-SWXQTFNJSA-N","O=C(CCCCCCCCCCCCCCCCC)OC[C@@]([H])(OC(CC/C=C\C/C=C\C/C=C\C/C=C\C/C=C\C/C=C\CC)=O)COP(O[C@H]1[C@H](O)[C@@H](O)[C@H](O)[C@@H](O)[C@H]1O)(O)=O","1-stearoyl-2-docosahexaenoyl-GPI (18:0/22:6)*","1-stearoyl-2-docosahexaenoyl-GPI (18:0/22:6)*","PI 40:6","PI 18:0_22:6","Unknown",NA,"24767706","HMDB0009821",NA,"52927465","Pos Late","1_stearoyl_2_docosahexaenoyl_gpi_18_0_22_6",850,"1_stearoyl_2_docosahexaenoyl_gpi_18_0_22_6","sample_cohort","PI 40:6"
179,100009067,402,52668,208072,"Lipid","Phosphatidylinositol (PI)",2586,"NAMED","DJVOKHFQPGWUPK-SWXQTFNJSA-N","O=C(CCCCCCCCCCCCCCCCC)OC[C@@]([H])(OC(CC/C=C\C/C=C\C/C=C\C/C=C\C/C=C\C/C=C\CC)=O)COP(O[C@H]1[C@H](O)[C@@H](O)[C@H](O)[C@@H](O)[C@H]1O)(O)=O","1-stearoyl-2-docosahexaenoyl-GPI (18:0/22:6)*","1-stearoyl-2-docosahexaenoyl-GPI (18:0/22:6)*","PI 40:6","PI 18:0_22:6","Unknown",NA,"24767706","HMDB0009821",NA,"52927465","Pos Late","1_stearoyl_2_docosahexaenoyl_gpi_18_0_22_6",850,"1_stearoyl_2_docosahexaenoyl_gpi_18_0_22_6","sample_cohort","PI 18:0_22:6"
180,100009122,402,53194,166624,"Lipid","Phosphatidylcholine (PC)",2295,"NAMED","ZSWHHKKYMMYPPD-MSZSINMWSA-N","O=C(CCCCCCCCCCCCCC)OC[C@]([H])(COP(OCC[N+](C)(C)C)([O-])=O)OC(CCC/C=C\C/C=C\C/C=C\C/C=C\CCCCC)=O","1-pentadecanoyl-2-arachidonoyl-GPC (15:0/20:4)*","1-pentadecanoyl-2-arachidonoyl-GPC (15:0/20:4)*","PC 35:4","PC 15:0_20:4","Unknown",NA,"24766624","HMDB0007949",NA,"52922330","Pos Late","1_pentadecanoyl_2_arachidonoyl_gpc_15_0_20_4",854,"1_pentadecanoyl_2_arachidonoyl_gpc_15_0_20_4","sample_cohort","PC 15:0/20:4(5Z,8Z,11Z,14Z)"
180,100009122,402,53194,166624,"Lipid","Phosphatidylcholine (PC)",2295,"NAMED","ZSWHHKKYMMYPPD-MSZSINMWSA-N","O=C(CCCCCCCCCCCCCC)OC[C@]([H])(COP(OCC[N+](C)(C)C)([O-])=O)OC(CCC/C=C\C/C=C\C/C=C\C/C=C\CCCCC)=O","1-pentadecanoyl-2-arachidonoyl-GPC (15:0/20:4)*","1-pentadecanoyl-2-arachidonoyl-GPC (15:0/20:4)*","PC 35:4","PC 15:0_20:4","Unknown",NA,"24766624","HMDB0007949",NA,"52922330","Pos Late","1_pentadecanoyl_2_arachidonoyl_gpc_15_0_20_4",854,"1_pentadecanoyl_2_arachidonoyl_gpc_15_0_20_4","sample_cohort","PC 15:0/20:4(5Z,8Z,11Z,14Z)"
180,100009122,402,53194,166624,"Lipid","Phosphatidylcholine (PC)",2295,"NAMED","ZSWHHKKYMMYPPD-MSZSINMWSA-N","O=C(CCCCCCCCCCCCCC)OC[C@]([H])(COP(OCC[N+](C)(C)C)([O-])=O)OC(CCC/C=C\C/C=C\C/C=C\C/C=C\CCCCC)=O","1-pentadecanoyl-2-arachidonoyl-GPC (15:0/20:4)*","1-pentadecanoyl-2-arachidonoyl-GPC (15:0/20:4)*","PC 35:4","PC 15:0_20:4","Unknown",NA,"24766624","HMDB0007949",NA,"52922330","Pos Late","1_pentadecanoyl_2_arachidonoyl_gpc_15_0_20_4",854,"1_pentadecanoyl_2_arachidonoyl_gpc_15_0_20_4","sample_cohort","PC 35:4"
180,100009122,402,53194,166624,"Lipid","Phosphatidylcholine (PC)",2295,"NAMED","ZSWHHKKYMMYPPD-MSZSINMWSA-N","O=C(CCCCCCCCCCCCCC)OC[C@]([H])(COP(OCC[N+](C)(C)C)([O-])=O)OC(CCC/C=C\C/C=C\C/C=C\C/C=C\CCCCC)=O","1-pentadecanoyl-2-arachidonoyl-GPC (15:0/20:4)*","1-pentadecanoyl-2-arachidonoyl-GPC (15:0/20:4)*","PC 35:4","PC 15:0_20:4","Unknown",NA,"24766624","HMDB0007949",NA,"52922330","Pos Late","1_pentadecanoyl_2_arachidonoyl_gpc_15_0_20_4",854,"1_pentadecanoyl_2_arachidonoyl_gpc_15_0_20_4","sample_cohort","PC 15:0/20:4"
180,100009122,402,53194,166624,"Lipid","Phosphatidylcholine (PC)",2295,"NAMED","ZSWHHKKYMMYPPD-MSZSINMWSA-N","O=C(CCCCCCCCCCCCCC)OC[C@]([H])(COP(OCC[N+](C)(C)C)([O-])=O)OC(CCC/C=C\C/C=C\C/C=C\C/C=C\CCCCC)=O","1-pentadecanoyl-2-arachidonoyl-GPC (15:0/20:4)*","1-pentadecanoyl-2-arachidonoyl-GPC (15:0/20:4)*","PC 35:4","PC 15:0_20:4","Unknown",NA,"24766624","HMDB0007949",NA,"52922330","Pos Late","1_pentadecanoyl_2_arachidonoyl_gpc_15_0_20_4",854,"1_pentadecanoyl_2_arachidonoyl_gpc_15_0_20_4","sample_cohort","PC 35:4"
180,100009122,402,53194,166624,"Lipid","Phosphatidylcholine (PC)",2295,"NAMED","ZSWHHKKYMMYPPD-MSZSINMWSA-N","O=C(CCCCCCCCCCCCCC)OC[C@]([H])(COP(OCC[N+](C)(C)C)([O-])=O)OC(CCC/C=C\C/C=C\C/C=C\C/C=C\CCCCC)=O","1-pentadecanoyl-2-arachidonoyl-GPC (15:0/20:4)*","1-pentadecanoyl-2-arachidonoyl-GPC (15:0/20:4)*","PC 35:4","PC 15:0_20:4","Unknown",NA,"24766624","HMDB0007949",NA,"52922330","Pos Late","1_pentadecanoyl_2_arachidonoyl_gpc_15_0_20_4",854,"1_pentadecanoyl_2_arachidonoyl_gpc_15_0_20_4","sample_cohort","PC 15:0/20:4"
180,100009122,402,53194,166624,"Lipid","Phosphatidylcholine (PC)",2295,"NAMED","ZSWHHKKYMMYPPD-MSZSINMWSA-N","O=C(CCCCCCCCCCCCCC)OC[C@]([H])(COP(OCC[N+](C)(C)C)([O-])=O)OC(CCC/C=C\C/C=C\C/C=C\C/C=C\CCCCC)=O","1-pentadecanoyl-2-arachidonoyl-GPC (15:0/20:4)*","1-pentadecanoyl-2-arachidonoyl-GPC (15:0/20:4)*","PC 35:4","PC 15:0_20:4","Unknown",NA,"24766624","HMDB0007949",NA,"52922330","Pos Late","1_pentadecanoyl_2_arachidonoyl_gpc_15_0_20_4",854,"1_pentadecanoyl_2_arachidonoyl_gpc_15_0_20_4","sample_cohort","PC 15:0/20:4"
180,100009122,402,53194,166624,"Lipid","Phosphatidylcholine (PC)",2295,"NAMED","ZSWHHKKYMMYPPD-MSZSINMWSA-N","O=C(CCCCCCCCCCCCCC)OC[C@]([H])(COP(OCC[N+](C)(C)C)([O-])=O)OC(CCC/C=C\C/C=C\C/C=C\C/C=C\CCCCC)=O","1-pentadecanoyl-2-arachidonoyl-GPC (15:0/20:4)*","1-pentadecanoyl-2-arachidonoyl-GPC (15:0/20:4)*","PC 35:4","PC 15:0_20:4","Unknown",NA,"24766624","HMDB0007949",NA,"52922330","Pos Late","1_pentadecanoyl_2_arachidonoyl_gpc_15_0_20_4",854,"1_pentadecanoyl_2_arachidonoyl_gpc_15_0_20_4","sample_cohort","PC 35:4"
180,100009122,402,53194,166624,"Lipid","Phosphatidylcholine (PC)",2295,"NAMED","ZSWHHKKYMMYPPD-MSZSINMWSA-N","O=C(CCCCCCCCCCCCCC)OC[C@]([H])(COP(OCC[N+](C)(C)C)([O-])=O)OC(CCC/C=C\C/C=C\C/C=C\C/C=C\CCCCC)=O","1-pentadecanoyl-2-arachidonoyl-GPC (15:0/20:4)*","1-pentadecanoyl-2-arachidonoyl-GPC (15:0/20:4)*","PC 35:4","PC 15:0_20:4","Unknown",NA,"24766624","HMDB0007949",NA,"52922330","Pos Late","1_pentadecanoyl_2_arachidonoyl_gpc_15_0_20_4",854,"1_pentadecanoyl_2_arachidonoyl_gpc_15_0_20_4","sample_cohort","PC 15:0/20:4(5Z,8Z,11Z,14Z)"
180,100009122,402,53194,166624,"Lipid","Phosphatidylcholine (PC)",2295,"NAMED","ZSWHHKKYMMYPPD-MSZSINMWSA-N","O=C(CCCCCCCCCCCCCC)OC[C@]([H])(COP(OCC[N+](C)(C)C)([O-])=O)OC(CCC/C=C\C/C=C\C/C=C\C/C=C\CCCCC)=O","1-pentadecanoyl-2-arachidonoyl-GPC (15:0/20:4)*","1-pentadecanoyl-2-arachidonoyl-GPC (15:0/20:4)*","PC 35:4","PC 15:0_20:4","Unknown",NA,"24766624","HMDB0007949",NA,"52922330","Pos Late","1_pentadecanoyl_2_arachidonoyl_gpc_15_0_20_4",854,"1_pentadecanoyl_2_arachidonoyl_gpc_15_0_20_4","sample_cohort","PC 15:0/20:4(5Z,8Z,11Z,14Z)"
180,100009122,402,53194,166624,"Lipid","Phosphatidylcholine (PC)",2295,"NAMED","ZSWHHKKYMMYPPD-MSZSINMWSA-N","O=C(CCCCCCCCCCCCCC)OC[C@]([H])(COP(OCC[N+](C)(C)C)([O-])=O)OC(CCC/C=C\C/C=C\C/C=C\C/C=C\CCCCC)=O","1-pentadecanoyl-2-arachidonoyl-GPC (15:0/20:4)*","1-pentadecanoyl-2-arachidonoyl-GPC (15:0/20:4)*","PC 35:4","PC 15:0_20:4","Unknown",NA,"24766624","HMDB0007949",NA,"52922330","Pos Late","1_pentadecanoyl_2_arachidonoyl_gpc_15_0_20_4",854,"1_pentadecanoyl_2_arachidonoyl_gpc_15_0_20_4","sample_cohort","PC 35:4"
180,100009122,402,53194,166624,"Lipid","Phosphatidylcholine (PC)",2295,"NAMED","ZSWHHKKYMMYPPD-MSZSINMWSA-N","O=C(CCCCCCCCCCCCCC)OC[C@]([H])(COP(OCC[N+](C)(C)C)([O-])=O)OC(CCC/C=C\C/C=C\C/C=C\C/C=C\CCCCC)=O","1-pentadecanoyl-2-arachidonoyl-GPC (15:0/20:4)*","1-pentadecanoyl-2-arachidonoyl-GPC (15:0/20:4)*","PC 35:4","PC 15:0_20:4","Unknown",NA,"24766624","HMDB0007949",NA,"52922330","Pos Late","1_pentadecanoyl_2_arachidonoyl_gpc_15_0_20_4",854,"1_pentadecanoyl_2_arachidonoyl_gpc_15_0_20_4","sample_cohort","PC 15:0_20:4"
181,100009123,402,53197,166627,"Lipid","Phosphatidylcholine (PC)",2296,"NAMED","GEINPYKZLFHHIL-HEXXMCQTSA-N","O=C(CCCCCCCCCCCCCC)OC[C@]([H])(COP(OCC[N+](C)(C)C)([O-])=O)OC(CC/C=C\C/C=C\C/C=C\C/C=C\C/C=C\C/C=C\CC)=O","1-pentadecanoyl-2-docosahexaenoyl-GPC (15:0/22:6)*","1-pentadecanoyl-2-docosahexaenoyl-GPC (15:0/22:6)*","PC 37:6","PC 15:0_22:6","Unknown",NA,"24766633","HMDB0007958",NA,"52922342","Pos Late","1_pentadecanoyl_2_docosahexaenoyl_gpc_15_0_22_6",855,"1_pentadecanoyl_2_docosahexaenoyl_gpc_15_0_22_6","sample_cohort","PC 15:0/22:6(4Z,7Z,10Z,13Z,16Z,19Z)"
181,100009123,402,53197,166627,"Lipid","Phosphatidylcholine (PC)",2296,"NAMED","GEINPYKZLFHHIL-HEXXMCQTSA-N","O=C(CCCCCCCCCCCCCC)OC[C@]([H])(COP(OCC[N+](C)(C)C)([O-])=O)OC(CC/C=C\C/C=C\C/C=C\C/C=C\C/C=C\C/C=C\CC)=O","1-pentadecanoyl-2-docosahexaenoyl-GPC (15:0/22:6)*","1-pentadecanoyl-2-docosahexaenoyl-GPC (15:0/22:6)*","PC 37:6","PC 15:0_22:6","Unknown",NA,"24766633","HMDB0007958",NA,"52922342","Pos Late","1_pentadecanoyl_2_docosahexaenoyl_gpc_15_0_22_6",855,"1_pentadecanoyl_2_docosahexaenoyl_gpc_15_0_22_6","sample_cohort","PC 15:0/22:6(4Z,7Z,10Z,13Z,16Z,19Z)"
181,100009123,402,53197,166627,"Lipid","Phosphatidylcholine (PC)",2296,"NAMED","GEINPYKZLFHHIL-HEXXMCQTSA-N","O=C(CCCCCCCCCCCCCC)OC[C@]([H])(COP(OCC[N+](C)(C)C)([O-])=O)OC(CC/C=C\C/C=C\C/C=C\C/C=C\C/C=C\C/C=C\CC)=O","1-pentadecanoyl-2-docosahexaenoyl-GPC (15:0/22:6)*","1-pentadecanoyl-2-docosahexaenoyl-GPC (15:0/22:6)*","PC 37:6","PC 15:0_22:6","Unknown",NA,"24766633","HMDB0007958",NA,"52922342","Pos Late","1_pentadecanoyl_2_docosahexaenoyl_gpc_15_0_22_6",855,"1_pentadecanoyl_2_docosahexaenoyl_gpc_15_0_22_6","sample_cohort","PC 15:0/22:6"
181,100009123,402,53197,166627,"Lipid","Phosphatidylcholine (PC)",2296,"NAMED","GEINPYKZLFHHIL-HEXXMCQTSA-N","O=C(CCCCCCCCCCCCCC)OC[C@]([H])(COP(OCC[N+](C)(C)C)([O-])=O)OC(CC/C=C\C/C=C\C/C=C\C/C=C\C/C=C\C/C=C\CC)=O","1-pentadecanoyl-2-docosahexaenoyl-GPC (15:0/22:6)*","1-pentadecanoyl-2-docosahexaenoyl-GPC (15:0/22:6)*","PC 37:6","PC 15:0_22:6","Unknown",NA,"24766633","HMDB0007958",NA,"52922342","Pos Late","1_pentadecanoyl_2_docosahexaenoyl_gpc_15_0_22_6",855,"1_pentadecanoyl_2_docosahexaenoyl_gpc_15_0_22_6","sample_cohort","PC 37:6"
181,100009123,402,53197,166627,"Lipid","Phosphatidylcholine (PC)",2296,"NAMED","GEINPYKZLFHHIL-HEXXMCQTSA-N","O=C(CCCCCCCCCCCCCC)OC[C@]([H])(COP(OCC[N+](C)(C)C)([O-])=O)OC(CC/C=C\C/C=C\C/C=C\C/C=C\C/C=C\C/C=C\CC)=O","1-pentadecanoyl-2-docosahexaenoyl-GPC (15:0/22:6)*","1-pentadecanoyl-2-docosahexaenoyl-GPC (15:0/22:6)*","PC 37:6","PC 15:0_22:6","Unknown",NA,"24766633","HMDB0007958",NA,"52922342","Pos Late","1_pentadecanoyl_2_docosahexaenoyl_gpc_15_0_22_6",855,"1_pentadecanoyl_2_docosahexaenoyl_gpc_15_0_22_6","sample_cohort","PC 15:0/22:6"
181,100009123,402,53197,166627,"Lipid","Phosphatidylcholine (PC)",2296,"NAMED","GEINPYKZLFHHIL-HEXXMCQTSA-N","O=C(CCCCCCCCCCCCCC)OC[C@]([H])(COP(OCC[N+](C)(C)C)([O-])=O)OC(CC/C=C\C/C=C\C/C=C\C/C=C\C/C=C\C/C=C\CC)=O","1-pentadecanoyl-2-docosahexaenoyl-GPC (15:0/22:6)*","1-pentadecanoyl-2-docosahexaenoyl-GPC (15:0/22:6)*","PC 37:6","PC 15:0_22:6","Unknown",NA,"24766633","HMDB0007958",NA,"52922342","Pos Late","1_pentadecanoyl_2_docosahexaenoyl_gpc_15_0_22_6",855,"1_pentadecanoyl_2_docosahexaenoyl_gpc_15_0_22_6","sample_cohort","PC 37:6"
181,100009123,402,53197,166627,"Lipid","Phosphatidylcholine (PC)",2296,"NAMED","GEINPYKZLFHHIL-HEXXMCQTSA-N","O=C(CCCCCCCCCCCCCC)OC[C@]([H])(COP(OCC[N+](C)(C)C)([O-])=O)OC(CC/C=C\C/C=C\C/C=C\C/C=C\C/C=C\C/C=C\CC)=O","1-pentadecanoyl-2-docosahexaenoyl-GPC (15:0/22:6)*","1-pentadecanoyl-2-docosahexaenoyl-GPC (15:0/22:6)*","PC 37:6","PC 15:0_22:6","Unknown",NA,"24766633","HMDB0007958",NA,"52922342","Pos Late","1_pentadecanoyl_2_docosahexaenoyl_gpc_15_0_22_6",855,"1_pentadecanoyl_2_docosahexaenoyl_gpc_15_0_22_6","sample_cohort","PC 15:0/22:6"
181,100009123,402,53197,166627,"Lipid","Phosphatidylcholine (PC)",2296,"NAMED","GEINPYKZLFHHIL-HEXXMCQTSA-N","O=C(CCCCCCCCCCCCCC)OC[C@]([H])(COP(OCC[N+](C)(C)C)([O-])=O)OC(CC/C=C\C/C=C\C/C=C\C/C=C\C/C=C\C/C=C\CC)=O","1-pentadecanoyl-2-docosahexaenoyl-GPC (15:0/22:6)*","1-pentadecanoyl-2-docosahexaenoyl-GPC (15:0/22:6)*","PC 37:6","PC 15:0_22:6","Unknown",NA,"24766633","HMDB0007958",NA,"52922342","Pos Late","1_pentadecanoyl_2_docosahexaenoyl_gpc_15_0_22_6",855,"1_pentadecanoyl_2_docosahexaenoyl_gpc_15_0_22_6","sample_cohort","PC 37:6"
181,100009123,402,53197,166627,"Lipid","Phosphatidylcholine (PC)",2296,"NAMED","GEINPYKZLFHHIL-HEXXMCQTSA-N","O=C(CCCCCCCCCCCCCC)OC[C@]([H])(COP(OCC[N+](C)(C)C)([O-])=O)OC(CC/C=C\C/C=C\C/C=C\C/C=C\C/C=C\C/C=C\CC)=O","1-pentadecanoyl-2-docosahexaenoyl-GPC (15:0/22:6)*","1-pentadecanoyl-2-docosahexaenoyl-GPC (15:0/22:6)*","PC 37:6","PC 15:0_22:6","Unknown",NA,"24766633","HMDB0007958",NA,"52922342","Pos Late","1_pentadecanoyl_2_docosahexaenoyl_gpc_15_0_22_6",855,"1_pentadecanoyl_2_docosahexaenoyl_gpc_15_0_22_6","sample_cohort","PC 15:0/22:6(4Z,7Z,10Z,13Z,16Z,19Z)"
181,100009123,402,53197,166627,"Lipid","Phosphatidylcholine (PC)",2296,"NAMED","GEINPYKZLFHHIL-HEXXMCQTSA-N","O=C(CCCCCCCCCCCCCC)OC[C@]([H])(COP(OCC[N+](C)(C)C)([O-])=O)OC(CC/C=C\C/C=C\C/C=C\C/C=C\C/C=C\C/C=C\CC)=O","1-pentadecanoyl-2-docosahexaenoyl-GPC (15:0/22:6)*","1-pentadecanoyl-2-docosahexaenoyl-GPC (15:0/22:6)*","PC 37:6","PC 15:0_22:6","Unknown",NA,"24766633","HMDB0007958",NA,"52922342","Pos Late","1_pentadecanoyl_2_docosahexaenoyl_gpc_15_0_22_6",855,"1_pentadecanoyl_2_docosahexaenoyl_gpc_15_0_22_6","sample_cohort","PC 15:0/22:6(4Z,7Z,10Z,13Z,16Z,19Z)"
181,100009123,402,53197,166627,"Lipid","Phosphatidylcholine (PC)",2296,"NAMED","GEINPYKZLFHHIL-HEXXMCQTSA-N","O=C(CCCCCCCCCCCCCC)OC[C@]([H])(COP(OCC[N+](C)(C)C)([O-])=O)OC(CC/C=C\C/C=C\C/C=C\C/C=C\C/C=C\C/C=C\CC)=O","1-pentadecanoyl-2-docosahexaenoyl-GPC (15:0/22:6)*","1-pentadecanoyl-2-docosahexaenoyl-GPC (15:0/22:6)*","PC 37:6","PC 15:0_22:6","Unknown",NA,"24766633","HMDB0007958",NA,"52922342","Pos Late","1_pentadecanoyl_2_docosahexaenoyl_gpc_15_0_22_6",855,"1_pentadecanoyl_2_docosahexaenoyl_gpc_15_0_22_6","sample_cohort","PC 15:0/22:6(4Z,7Z,10Z,13Z,16Z,19Z)"
181,100009123,402,53197,166627,"Lipid","Phosphatidylcholine (PC)",2296,"NAMED","GEINPYKZLFHHIL-HEXXMCQTSA-N","O=C(CCCCCCCCCCCCCC)OC[C@]([H])(COP(OCC[N+](C)(C)C)([O-])=O)OC(CC/C=C\C/C=C\C/C=C\C/C=C\C/C=C\C/C=C\CC)=O","1-pentadecanoyl-2-docosahexaenoyl-GPC (15:0/22:6)*","1-pentadecanoyl-2-docosahexaenoyl-GPC (15:0/22:6)*","PC 37:6","PC 15:0_22:6","Unknown",NA,"24766633","HMDB0007958",NA,"52922342","Pos Late","1_pentadecanoyl_2_docosahexaenoyl_gpc_15_0_22_6",855,"1_pentadecanoyl_2_docosahexaenoyl_gpc_15_0_22_6","sample_cohort","PC 37:6"
181,100009123,402,53197,166627,"Lipid","Phosphatidylcholine (PC)",2296,"NAMED","GEINPYKZLFHHIL-HEXXMCQTSA-N","O=C(CCCCCCCCCCCCCC)OC[C@]([H])(COP(OCC[N+](C)(C)C)([O-])=O)OC(CC/C=C\C/C=C\C/C=C\C/C=C\C/C=C\C/C=C\CC)=O","1-pentadecanoyl-2-docosahexaenoyl-GPC (15:0/22:6)*","1-pentadecanoyl-2-docosahexaenoyl-GPC (15:0/22:6)*","PC 37:6","PC 15:0_22:6","Unknown",NA,"24766633","HMDB0007958",NA,"52922342","Pos Late","1_pentadecanoyl_2_docosahexaenoyl_gpc_15_0_22_6",855,"1_pentadecanoyl_2_docosahexaenoyl_gpc_15_0_22_6","sample_cohort","PC 15:0_22:6"
182,100009124,402,53193,166623,"Lipid","Phosphatidylcholine (PC)",2341,"NAMED","MHUZXLUKTLNHIX-GUNPMBPGSA-N","O=C(CCCCCCCCCCCCCCCC)OC[C@]([H])(COP(OCC[N+](C)(C)C)([O-])=O)OC(CCC/C=C\C/C=C\C/C=C\C/C=C\CCCCC)=O","1-margaroyl-2-arachidonoyl-GPC (17:0/20:4)*","1-margaroyl-2-arachidonoyl-GPC (17:0/20:4)*","PC 37:4","PC 17:0_20:4","Unknown",NA,"24822197",NA,NA,NA,"Pos Late","1_margaroyl_2_arachidonoyl_gpc_17_0_20_4",856,"1_margaroyl_2_arachidonoyl_gpc_17_0_20_4","sample_cohort",NA
183,100009126,402,55062,208176,"Lipid","Phosphatidylcholine (PC)",2397,"NAMED","UAVRPIXHIHJERN-CBTSKTMBSA-N","O=C(CCCCCCCCCCCCCCCCCCC)OC[C@]([H])(COP(OCC[N+](C)(C)C)([O-])=O)OC(CCC/C=C\C/C=C\C/C=C\C/C=C\CCCCC)=O","1-arachidoyl-2-arachidonoyl-GPC (20:0/20:4)*","1-arachidoyl-2-arachidonoyl-GPC (20:0/20:4)*","PC 40:4","PC 20:0_20:4","Unknown",NA,"24766940","HMDB0008279",NA,"24779048","Pos Late","1_arachidoyl_2_arachidonoyl_gpc_20_0_20_4",857,"1_arachidoyl_2_arachidonoyl_gpc_20_0_20_4","sample_cohort","PC 20:0/20:4(5Z,8Z,11Z,14Z)"
183,100009126,402,55062,208176,"Lipid","Phosphatidylcholine (PC)",2397,"NAMED","UAVRPIXHIHJERN-CBTSKTMBSA-N","O=C(CCCCCCCCCCCCCCCCCCC)OC[C@]([H])(COP(OCC[N+](C)(C)C)([O-])=O)OC(CCC/C=C\C/C=C\C/C=C\C/C=C\CCCCC)=O","1-arachidoyl-2-arachidonoyl-GPC (20:0/20:4)*","1-arachidoyl-2-arachidonoyl-GPC (20:0/20:4)*","PC 40:4","PC 20:0_20:4","Unknown",NA,"24766940","HMDB0008279",NA,"24779048","Pos Late","1_arachidoyl_2_arachidonoyl_gpc_20_0_20_4",857,"1_arachidoyl_2_arachidonoyl_gpc_20_0_20_4","sample_cohort","PC 20:0/20:4(5Z,8Z,11Z,14Z)"
183,100009126,402,55062,208176,"Lipid","Phosphatidylcholine (PC)",2397,"NAMED","UAVRPIXHIHJERN-CBTSKTMBSA-N","O=C(CCCCCCCCCCCCCCCCCCC)OC[C@]([H])(COP(OCC[N+](C)(C)C)([O-])=O)OC(CCC/C=C\C/C=C\C/C=C\C/C=C\CCCCC)=O","1-arachidoyl-2-arachidonoyl-GPC (20:0/20:4)*","1-arachidoyl-2-arachidonoyl-GPC (20:0/20:4)*","PC 40:4","PC 20:0_20:4","Unknown",NA,"24766940","HMDB0008279",NA,"24779048","Pos Late","1_arachidoyl_2_arachidonoyl_gpc_20_0_20_4",857,"1_arachidoyl_2_arachidonoyl_gpc_20_0_20_4","sample_cohort","PC 20:0/20:4(5Z,8Z,11Z,14Z)"
183,100009126,402,55062,208176,"Lipid","Phosphatidylcholine (PC)",2397,"NAMED","UAVRPIXHIHJERN-CBTSKTMBSA-N","O=C(CCCCCCCCCCCCCCCCCCC)OC[C@]([H])(COP(OCC[N+](C)(C)C)([O-])=O)OC(CCC/C=C\C/C=C\C/C=C\C/C=C\CCCCC)=O","1-arachidoyl-2-arachidonoyl-GPC (20:0/20:4)*","1-arachidoyl-2-arachidonoyl-GPC (20:0/20:4)*","PC 40:4","PC 20:0_20:4","Unknown",NA,"24766940","HMDB0008279",NA,"24779048","Pos Late","1_arachidoyl_2_arachidonoyl_gpc_20_0_20_4",857,"1_arachidoyl_2_arachidonoyl_gpc_20_0_20_4","sample_cohort","PC 20:0/20:4"
183,100009126,402,55062,208176,"Lipid","Phosphatidylcholine (PC)",2397,"NAMED","UAVRPIXHIHJERN-CBTSKTMBSA-N","O=C(CCCCCCCCCCCCCCCCCCC)OC[C@]([H])(COP(OCC[N+](C)(C)C)([O-])=O)OC(CCC/C=C\C/C=C\C/C=C\C/C=C\CCCCC)=O","1-arachidoyl-2-arachidonoyl-GPC (20:0/20:4)*","1-arachidoyl-2-arachidonoyl-GPC (20:0/20:4)*","PC 40:4","PC 20:0_20:4","Unknown",NA,"24766940","HMDB0008279",NA,"24779048","Pos Late","1_arachidoyl_2_arachidonoyl_gpc_20_0_20_4",857,"1_arachidoyl_2_arachidonoyl_gpc_20_0_20_4","sample_cohort","PC 40:4"
183,100009126,402,55062,208176,"Lipid","Phosphatidylcholine (PC)",2397,"NAMED","UAVRPIXHIHJERN-CBTSKTMBSA-N","O=C(CCCCCCCCCCCCCCCCCCC)OC[C@]([H])(COP(OCC[N+](C)(C)C)([O-])=O)OC(CCC/C=C\C/C=C\C/C=C\C/C=C\CCCCC)=O","1-arachidoyl-2-arachidonoyl-GPC (20:0/20:4)*","1-arachidoyl-2-arachidonoyl-GPC (20:0/20:4)*","PC 40:4","PC 20:0_20:4","Unknown",NA,"24766940","HMDB0008279",NA,"24779048","Pos Late","1_arachidoyl_2_arachidonoyl_gpc_20_0_20_4",857,"1_arachidoyl_2_arachidonoyl_gpc_20_0_20_4","sample_cohort","PC 20:0/20:4"
183,100009126,402,55062,208176,"Lipid","Phosphatidylcholine (PC)",2397,"NAMED","UAVRPIXHIHJERN-CBTSKTMBSA-N","O=C(CCCCCCCCCCCCCCCCCCC)OC[C@]([H])(COP(OCC[N+](C)(C)C)([O-])=O)OC(CCC/C=C\C/C=C\C/C=C\C/C=C\CCCCC)=O","1-arachidoyl-2-arachidonoyl-GPC (20:0/20:4)*","1-arachidoyl-2-arachidonoyl-GPC (20:0/20:4)*","PC 40:4","PC 20:0_20:4","Unknown",NA,"24766940","HMDB0008279",NA,"24779048","Pos Late","1_arachidoyl_2_arachidonoyl_gpc_20_0_20_4",857,"1_arachidoyl_2_arachidonoyl_gpc_20_0_20_4","sample_cohort","PC 40:4"
183,100009126,402,55062,208176,"Lipid","Phosphatidylcholine (PC)",2397,"NAMED","UAVRPIXHIHJERN-CBTSKTMBSA-N","O=C(CCCCCCCCCCCCCCCCCCC)OC[C@]([H])(COP(OCC[N+](C)(C)C)([O-])=O)OC(CCC/C=C\C/C=C\C/C=C\C/C=C\CCCCC)=O","1-arachidoyl-2-arachidonoyl-GPC (20:0/20:4)*","1-arachidoyl-2-arachidonoyl-GPC (20:0/20:4)*","PC 40:4","PC 20:0_20:4","Unknown",NA,"24766940","HMDB0008279",NA,"24779048","Pos Late","1_arachidoyl_2_arachidonoyl_gpc_20_0_20_4",857,"1_arachidoyl_2_arachidonoyl_gpc_20_0_20_4","sample_cohort","PC 20:0/20:4"
183,100009126,402,55062,208176,"Lipid","Phosphatidylcholine (PC)",2397,"NAMED","UAVRPIXHIHJERN-CBTSKTMBSA-N","O=C(CCCCCCCCCCCCCCCCCCC)OC[C@]([H])(COP(OCC[N+](C)(C)C)([O-])=O)OC(CCC/C=C\C/C=C\C/C=C\C/C=C\CCCCC)=O","1-arachidoyl-2-arachidonoyl-GPC (20:0/20:4)*","1-arachidoyl-2-arachidonoyl-GPC (20:0/20:4)*","PC 40:4","PC 20:0_20:4","Unknown",NA,"24766940","HMDB0008279",NA,"24779048","Pos Late","1_arachidoyl_2_arachidonoyl_gpc_20_0_20_4",857,"1_arachidoyl_2_arachidonoyl_gpc_20_0_20_4","sample_cohort","PC 40:4"
183,100009126,402,55062,208176,"Lipid","Phosphatidylcholine (PC)",2397,"NAMED","UAVRPIXHIHJERN-CBTSKTMBSA-N","O=C(CCCCCCCCCCCCCCCCCCC)OC[C@]([H])(COP(OCC[N+](C)(C)C)([O-])=O)OC(CCC/C=C\C/C=C\C/C=C\C/C=C\CCCCC)=O","1-arachidoyl-2-arachidonoyl-GPC (20:0/20:4)*","1-arachidoyl-2-arachidonoyl-GPC (20:0/20:4)*","PC 40:4","PC 20:0_20:4","Unknown",NA,"24766940","HMDB0008279",NA,"24779048","Pos Late","1_arachidoyl_2_arachidonoyl_gpc_20_0_20_4",857,"1_arachidoyl_2_arachidonoyl_gpc_20_0_20_4","sample_cohort","PC 20:0/20:4(5Z,8Z,11Z,14Z)"
183,100009126,402,55062,208176,"Lipid","Phosphatidylcholine (PC)",2397,"NAMED","UAVRPIXHIHJERN-CBTSKTMBSA-N","O=C(CCCCCCCCCCCCCCCCCCC)OC[C@]([H])(COP(OCC[N+](C)(C)C)([O-])=O)OC(CCC/C=C\C/C=C\C/C=C\C/C=C\CCCCC)=O","1-arachidoyl-2-arachidonoyl-GPC (20:0/20:4)*","1-arachidoyl-2-arachidonoyl-GPC (20:0/20:4)*","PC 40:4","PC 20:0_20:4","Unknown",NA,"24766940","HMDB0008279",NA,"24779048","Pos Late","1_arachidoyl_2_arachidonoyl_gpc_20_0_20_4",857,"1_arachidoyl_2_arachidonoyl_gpc_20_0_20_4","sample_cohort","PC 40:4"
183,100009126,402,55062,208176,"Lipid","Phosphatidylcholine (PC)",2397,"NAMED","UAVRPIXHIHJERN-CBTSKTMBSA-N","O=C(CCCCCCCCCCCCCCCCCCC)OC[C@]([H])(COP(OCC[N+](C)(C)C)([O-])=O)OC(CCC/C=C\C/C=C\C/C=C\C/C=C\CCCCC)=O","1-arachidoyl-2-arachidonoyl-GPC (20:0/20:4)*","1-arachidoyl-2-arachidonoyl-GPC (20:0/20:4)*","PC 40:4","PC 20:0_20:4","Unknown",NA,"24766940","HMDB0008279",NA,"24779048","Pos Late","1_arachidoyl_2_arachidonoyl_gpc_20_0_20_4",857,"1_arachidoyl_2_arachidonoyl_gpc_20_0_20_4","sample_cohort","PC 20:0_20:4"
184,100009132,402,53199,166629,"Lipid","Phosphatidylcholine (PC)",2392,"NAMED","FCTKCFNDGVBOBD-YZXVGOFNSA-N","O=C(CCCCCCC/C=C\C/C=C\CCCCC)OC[C@]([H])(COP(OCC[N+](C)(C)C)([O-])=O)OC(CC/C=C\C/C=C\C/C=C\C/C=C\C/C=C\C/C=C\CC)=O","1-linoleoyl-2-docosahexaenoyl-GPC (18:2/22:6)*","1-linoleoyl-2-docosahexaenoyl-GPC (18:2/22:6)*","PC 40:8","PC 18:2_22:6","Unknown",NA,"24766818","HMDB0008156",NA,"24778983","Pos Late","1_linoleoyl_2_docosahexaenoyl_gpc_18_2_22_6",860,"1_linoleoyl_2_docosahexaenoyl_gpc_18_2_22_6","sample_cohort","PC 18:2(9Z,12Z)/22:6(4Z,7Z,10Z,13Z,16Z,19Z)"
184,100009132,402,53199,166629,"Lipid","Phosphatidylcholine (PC)",2392,"NAMED","FCTKCFNDGVBOBD-YZXVGOFNSA-N","O=C(CCCCCCC/C=C\C/C=C\CCCCC)OC[C@]([H])(COP(OCC[N+](C)(C)C)([O-])=O)OC(CC/C=C\C/C=C\C/C=C\C/C=C\C/C=C\C/C=C\CC)=O","1-linoleoyl-2-docosahexaenoyl-GPC (18:2/22:6)*","1-linoleoyl-2-docosahexaenoyl-GPC (18:2/22:6)*","PC 40:8","PC 18:2_22:6","Unknown",NA,"24766818","HMDB0008156",NA,"24778983","Pos Late","1_linoleoyl_2_docosahexaenoyl_gpc_18_2_22_6",860,"1_linoleoyl_2_docosahexaenoyl_gpc_18_2_22_6","sample_cohort","PC 18:2(9Z,12Z)/22:6(4Z,7Z,10Z,13Z,16Z,19Z)"
184,100009132,402,53199,166629,"Lipid","Phosphatidylcholine (PC)",2392,"NAMED","FCTKCFNDGVBOBD-YZXVGOFNSA-N","O=C(CCCCCCC/C=C\C/C=C\CCCCC)OC[C@]([H])(COP(OCC[N+](C)(C)C)([O-])=O)OC(CC/C=C\C/C=C\C/C=C\C/C=C\C/C=C\C/C=C\CC)=O","1-linoleoyl-2-docosahexaenoyl-GPC (18:2/22:6)*","1-linoleoyl-2-docosahexaenoyl-GPC (18:2/22:6)*","PC 40:8","PC 18:2_22:6","Unknown",NA,"24766818","HMDB0008156",NA,"24778983","Pos Late","1_linoleoyl_2_docosahexaenoyl_gpc_18_2_22_6",860,"1_linoleoyl_2_docosahexaenoyl_gpc_18_2_22_6","sample_cohort","PC 18:2/22:6"
184,100009132,402,53199,166629,"Lipid","Phosphatidylcholine (PC)",2392,"NAMED","FCTKCFNDGVBOBD-YZXVGOFNSA-N","O=C(CCCCCCC/C=C\C/C=C\CCCCC)OC[C@]([H])(COP(OCC[N+](C)(C)C)([O-])=O)OC(CC/C=C\C/C=C\C/C=C\C/C=C\C/C=C\C/C=C\CC)=O","1-linoleoyl-2-docosahexaenoyl-GPC (18:2/22:6)*","1-linoleoyl-2-docosahexaenoyl-GPC (18:2/22:6)*","PC 40:8","PC 18:2_22:6","Unknown",NA,"24766818","HMDB0008156",NA,"24778983","Pos Late","1_linoleoyl_2_docosahexaenoyl_gpc_18_2_22_6",860,"1_linoleoyl_2_docosahexaenoyl_gpc_18_2_22_6","sample_cohort","PC 40:8"
184,100009132,402,53199,166629,"Lipid","Phosphatidylcholine (PC)",2392,"NAMED","FCTKCFNDGVBOBD-YZXVGOFNSA-N","O=C(CCCCCCC/C=C\C/C=C\CCCCC)OC[C@]([H])(COP(OCC[N+](C)(C)C)([O-])=O)OC(CC/C=C\C/C=C\C/C=C\C/C=C\C/C=C\C/C=C\CC)=O","1-linoleoyl-2-docosahexaenoyl-GPC (18:2/22:6)*","1-linoleoyl-2-docosahexaenoyl-GPC (18:2/22:6)*","PC 40:8","PC 18:2_22:6","Unknown",NA,"24766818","HMDB0008156",NA,"24778983","Pos Late","1_linoleoyl_2_docosahexaenoyl_gpc_18_2_22_6",860,"1_linoleoyl_2_docosahexaenoyl_gpc_18_2_22_6","sample_cohort","PC 40:8"
184,100009132,402,53199,166629,"Lipid","Phosphatidylcholine (PC)",2392,"NAMED","FCTKCFNDGVBOBD-YZXVGOFNSA-N","O=C(CCCCCCC/C=C\C/C=C\CCCCC)OC[C@]([H])(COP(OCC[N+](C)(C)C)([O-])=O)OC(CC/C=C\C/C=C\C/C=C\C/C=C\C/C=C\C/C=C\CC)=O","1-linoleoyl-2-docosahexaenoyl-GPC (18:2/22:6)*","1-linoleoyl-2-docosahexaenoyl-GPC (18:2/22:6)*","PC 40:8","PC 18:2_22:6","Unknown",NA,"24766818","HMDB0008156",NA,"24778983","Pos Late","1_linoleoyl_2_docosahexaenoyl_gpc_18_2_22_6",860,"1_linoleoyl_2_docosahexaenoyl_gpc_18_2_22_6","sample_cohort","PC 18:2/22:6"
184,100009132,402,53199,166629,"Lipid","Phosphatidylcholine (PC)",2392,"NAMED","FCTKCFNDGVBOBD-YZXVGOFNSA-N","O=C(CCCCCCC/C=C\C/C=C\CCCCC)OC[C@]([H])(COP(OCC[N+](C)(C)C)([O-])=O)OC(CC/C=C\C/C=C\C/C=C\C/C=C\C/C=C\C/C=C\CC)=O","1-linoleoyl-2-docosahexaenoyl-GPC (18:2/22:6)*","1-linoleoyl-2-docosahexaenoyl-GPC (18:2/22:6)*","PC 40:8","PC 18:2_22:6","Unknown",NA,"24766818","HMDB0008156",NA,"24778983","Pos Late","1_linoleoyl_2_docosahexaenoyl_gpc_18_2_22_6",860,"1_linoleoyl_2_docosahexaenoyl_gpc_18_2_22_6","sample_cohort","PC 18:2/22:6"
184,100009132,402,53199,166629,"Lipid","Phosphatidylcholine (PC)",2392,"NAMED","FCTKCFNDGVBOBD-YZXVGOFNSA-N","O=C(CCCCCCC/C=C\C/C=C\CCCCC)OC[C@]([H])(COP(OCC[N+](C)(C)C)([O-])=O)OC(CC/C=C\C/C=C\C/C=C\C/C=C\C/C=C\C/C=C\CC)=O","1-linoleoyl-2-docosahexaenoyl-GPC (18:2/22:6)*","1-linoleoyl-2-docosahexaenoyl-GPC (18:2/22:6)*","PC 40:8","PC 18:2_22:6","Unknown",NA,"24766818","HMDB0008156",NA,"24778983","Pos Late","1_linoleoyl_2_docosahexaenoyl_gpc_18_2_22_6",860,"1_linoleoyl_2_docosahexaenoyl_gpc_18_2_22_6","sample_cohort","PC 40:8"
184,100009132,402,53199,166629,"Lipid","Phosphatidylcholine (PC)",2392,"NAMED","FCTKCFNDGVBOBD-YZXVGOFNSA-N","O=C(CCCCCCC/C=C\C/C=C\CCCCC)OC[C@]([H])(COP(OCC[N+](C)(C)C)([O-])=O)OC(CC/C=C\C/C=C\C/C=C\C/C=C\C/C=C\C/C=C\CC)=O","1-linoleoyl-2-docosahexaenoyl-GPC (18:2/22:6)*","1-linoleoyl-2-docosahexaenoyl-GPC (18:2/22:6)*","PC 40:8","PC 18:2_22:6","Unknown",NA,"24766818","HMDB0008156",NA,"24778983","Pos Late","1_linoleoyl_2_docosahexaenoyl_gpc_18_2_22_6",860,"1_linoleoyl_2_docosahexaenoyl_gpc_18_2_22_6","sample_cohort","PC 18:2(9Z,12Z)/22:6(4Z,7Z,10Z,13Z,16Z,19Z)"
184,100009132,402,53199,166629,"Lipid","Phosphatidylcholine (PC)",2392,"NAMED","FCTKCFNDGVBOBD-YZXVGOFNSA-N","O=C(CCCCCCC/C=C\C/C=C\CCCCC)OC[C@]([H])(COP(OCC[N+](C)(C)C)([O-])=O)OC(CC/C=C\C/C=C\C/C=C\C/C=C\C/C=C\C/C=C\CC)=O","1-linoleoyl-2-docosahexaenoyl-GPC (18:2/22:6)*","1-linoleoyl-2-docosahexaenoyl-GPC (18:2/22:6)*","PC 40:8","PC 18:2_22:6","Unknown",NA,"24766818","HMDB0008156",NA,"24778983","Pos Late","1_linoleoyl_2_docosahexaenoyl_gpc_18_2_22_6",860,"1_linoleoyl_2_docosahexaenoyl_gpc_18_2_22_6","sample_cohort","PC 40:8"
184,100009132,402,53199,166629,"Lipid","Phosphatidylcholine (PC)",2392,"NAMED","FCTKCFNDGVBOBD-YZXVGOFNSA-N","O=C(CCCCCCC/C=C\C/C=C\CCCCC)OC[C@]([H])(COP(OCC[N+](C)(C)C)([O-])=O)OC(CC/C=C\C/C=C\C/C=C\C/C=C\C/C=C\C/C=C\CC)=O","1-linoleoyl-2-docosahexaenoyl-GPC (18:2/22:6)*","1-linoleoyl-2-docosahexaenoyl-GPC (18:2/22:6)*","PC 40:8","PC 18:2_22:6","Unknown",NA,"24766818","HMDB0008156",NA,"24778983","Pos Late","1_linoleoyl_2_docosahexaenoyl_gpc_18_2_22_6",860,"1_linoleoyl_2_docosahexaenoyl_gpc_18_2_22_6","sample_cohort","PC 18:2_22:6"
185,100009141,402,52699,165472,"Lipid","Phosphatidylcholine (PC)",2360,"NAMED","MAAMGQXOTCBPFS-JPGWWKBXSA-N","O=C(CCCCCCCCCCCCCCCCC)OC[C@]([H])(COP(OCC[N+](C)(C)C)([O-])=O)OC(CCCCC/C=C\C/C=C\C/C=C\C/C=C\C/C=C\CC)=O","1-stearoyl-2-docosapentaenoyl-GPC (18:0/22:5n3)*","1-stearoyl-2-docosapentaenoyl-GPC (18:0/22:5n3)*","PC 40:5","PC 18:0_22:5(7,10,13,16,19)","Unknown",NA,"24766720","HMDB0008056",NA,"24778873","Pos Late","1_stearoyl_2_docosapentaenoyl_gpc_18_0_22_5n3",864,"1_stearoyl_2_docosapentaenoyl_gpc_18_0_22_5n3","sample_cohort","PC 18:0/22:5(7Z,10Z,13Z,16Z,19Z)"
185,100009141,402,52699,165472,"Lipid","Phosphatidylcholine (PC)",2360,"NAMED","MAAMGQXOTCBPFS-JPGWWKBXSA-N","O=C(CCCCCCCCCCCCCCCCC)OC[C@]([H])(COP(OCC[N+](C)(C)C)([O-])=O)OC(CCCCC/C=C\C/C=C\C/C=C\C/C=C\C/C=C\CC)=O","1-stearoyl-2-docosapentaenoyl-GPC (18:0/22:5n3)*","1-stearoyl-2-docosapentaenoyl-GPC (18:0/22:5n3)*","PC 40:5","PC 18:0_22:5(7,10,13,16,19)","Unknown",NA,"24766720","HMDB0008056",NA,"24778873","Pos Late","1_stearoyl_2_docosapentaenoyl_gpc_18_0_22_5n3",864,"1_stearoyl_2_docosapentaenoyl_gpc_18_0_22_5n3","sample_cohort","PC 18:0/22:5(7Z,10Z,13Z,16Z,19Z)"
185,100009141,402,52699,165472,"Lipid","Phosphatidylcholine (PC)",2360,"NAMED","MAAMGQXOTCBPFS-JPGWWKBXSA-N","O=C(CCCCCCCCCCCCCCCCC)OC[C@]([H])(COP(OCC[N+](C)(C)C)([O-])=O)OC(CCCCC/C=C\C/C=C\C/C=C\C/C=C\C/C=C\CC)=O","1-stearoyl-2-docosapentaenoyl-GPC (18:0/22:5n3)*","1-stearoyl-2-docosapentaenoyl-GPC (18:0/22:5n3)*","PC 40:5","PC 18:0_22:5(7,10,13,16,19)","Unknown",NA,"24766720","HMDB0008056",NA,"24778873","Pos Late","1_stearoyl_2_docosapentaenoyl_gpc_18_0_22_5n3",864,"1_stearoyl_2_docosapentaenoyl_gpc_18_0_22_5n3","sample_cohort","PC 18:0/22:5"
185,100009141,402,52699,165472,"Lipid","Phosphatidylcholine (PC)",2360,"NAMED","MAAMGQXOTCBPFS-JPGWWKBXSA-N","O=C(CCCCCCCCCCCCCCCCC)OC[C@]([H])(COP(OCC[N+](C)(C)C)([O-])=O)OC(CCCCC/C=C\C/C=C\C/C=C\C/C=C\C/C=C\CC)=O","1-stearoyl-2-docosapentaenoyl-GPC (18:0/22:5n3)*","1-stearoyl-2-docosapentaenoyl-GPC (18:0/22:5n3)*","PC 40:5","PC 18:0_22:5(7,10,13,16,19)","Unknown",NA,"24766720","HMDB0008056",NA,"24778873","Pos Late","1_stearoyl_2_docosapentaenoyl_gpc_18_0_22_5n3",864,"1_stearoyl_2_docosapentaenoyl_gpc_18_0_22_5n3","sample_cohort","PC 18:0/22:5"
185,100009141,402,52699,165472,"Lipid","Phosphatidylcholine (PC)",2360,"NAMED","MAAMGQXOTCBPFS-JPGWWKBXSA-N","O=C(CCCCCCCCCCCCCCCCC)OC[C@]([H])(COP(OCC[N+](C)(C)C)([O-])=O)OC(CCCCC/C=C\C/C=C\C/C=C\C/C=C\C/C=C\CC)=O","1-stearoyl-2-docosapentaenoyl-GPC (18:0/22:5n3)*","1-stearoyl-2-docosapentaenoyl-GPC (18:0/22:5n3)*","PC 40:5","PC 18:0_22:5(7,10,13,16,19)","Unknown",NA,"24766720","HMDB0008056",NA,"24778873","Pos Late","1_stearoyl_2_docosapentaenoyl_gpc_18_0_22_5n3",864,"1_stearoyl_2_docosapentaenoyl_gpc_18_0_22_5n3","sample_cohort","PC 40:5"
185,100009141,402,52699,165472,"Lipid","Phosphatidylcholine (PC)",2360,"NAMED","MAAMGQXOTCBPFS-JPGWWKBXSA-N","O=C(CCCCCCCCCCCCCCCCC)OC[C@]([H])(COP(OCC[N+](C)(C)C)([O-])=O)OC(CCCCC/C=C\C/C=C\C/C=C\C/C=C\C/C=C\CC)=O","1-stearoyl-2-docosapentaenoyl-GPC (18:0/22:5n3)*","1-stearoyl-2-docosapentaenoyl-GPC (18:0/22:5n3)*","PC 40:5","PC 18:0_22:5(7,10,13,16,19)","Unknown",NA,"24766720","HMDB0008056",NA,"24778873","Pos Late","1_stearoyl_2_docosapentaenoyl_gpc_18_0_22_5n3",864,"1_stearoyl_2_docosapentaenoyl_gpc_18_0_22_5n3","sample_cohort","PC 40:5"
185,100009141,402,52699,165472,"Lipid","Phosphatidylcholine (PC)",2360,"NAMED","MAAMGQXOTCBPFS-JPGWWKBXSA-N","O=C(CCCCCCCCCCCCCCCCC)OC[C@]([H])(COP(OCC[N+](C)(C)C)([O-])=O)OC(CCCCC/C=C\C/C=C\C/C=C\C/C=C\C/C=C\CC)=O","1-stearoyl-2-docosapentaenoyl-GPC (18:0/22:5n3)*","1-stearoyl-2-docosapentaenoyl-GPC (18:0/22:5n3)*","PC 40:5","PC 18:0_22:5(7,10,13,16,19)","Unknown",NA,"24766720","HMDB0008056",NA,"24778873","Pos Late","1_stearoyl_2_docosapentaenoyl_gpc_18_0_22_5n3",864,"1_stearoyl_2_docosapentaenoyl_gpc_18_0_22_5n3","sample_cohort","PC 40:5"
185,100009141,402,52699,165472,"Lipid","Phosphatidylcholine (PC)",2360,"NAMED","MAAMGQXOTCBPFS-JPGWWKBXSA-N","O=C(CCCCCCCCCCCCCCCCC)OC[C@]([H])(COP(OCC[N+](C)(C)C)([O-])=O)OC(CCCCC/C=C\C/C=C\C/C=C\C/C=C\C/C=C\CC)=O","1-stearoyl-2-docosapentaenoyl-GPC (18:0/22:5n3)*","1-stearoyl-2-docosapentaenoyl-GPC (18:0/22:5n3)*","PC 40:5","PC 18:0_22:5(7,10,13,16,19)","Unknown",NA,"24766720","HMDB0008056",NA,"24778873","Pos Late","1_stearoyl_2_docosapentaenoyl_gpc_18_0_22_5n3",864,"1_stearoyl_2_docosapentaenoyl_gpc_18_0_22_5n3","sample_cohort","PC 18:0/22:5(7Z,10Z,13Z,16Z,19Z)"
185,100009141,402,52699,165472,"Lipid","Phosphatidylcholine (PC)",2360,"NAMED","MAAMGQXOTCBPFS-JPGWWKBXSA-N","O=C(CCCCCCCCCCCCCCCCC)OC[C@]([H])(COP(OCC[N+](C)(C)C)([O-])=O)OC(CCCCC/C=C\C/C=C\C/C=C\C/C=C\C/C=C\CC)=O","1-stearoyl-2-docosapentaenoyl-GPC (18:0/22:5n3)*","1-stearoyl-2-docosapentaenoyl-GPC (18:0/22:5n3)*","PC 40:5","PC 18:0_22:5(7,10,13,16,19)","Unknown",NA,"24766720","HMDB0008056",NA,"24778873","Pos Late","1_stearoyl_2_docosapentaenoyl_gpc_18_0_22_5n3",864,"1_stearoyl_2_docosapentaenoyl_gpc_18_0_22_5n3","sample_cohort","PC 18:0/22:5"
185,100009141,402,52699,165472,"Lipid","Phosphatidylcholine (PC)",2360,"NAMED","MAAMGQXOTCBPFS-JPGWWKBXSA-N","O=C(CCCCCCCCCCCCCCCCC)OC[C@]([H])(COP(OCC[N+](C)(C)C)([O-])=O)OC(CCCCC/C=C\C/C=C\C/C=C\C/C=C\C/C=C\CC)=O","1-stearoyl-2-docosapentaenoyl-GPC (18:0/22:5n3)*","1-stearoyl-2-docosapentaenoyl-GPC (18:0/22:5n3)*","PC 40:5","PC 18:0_22:5(7,10,13,16,19)","Unknown",NA,"24766720","HMDB0008056",NA,"24778873","Pos Late","1_stearoyl_2_docosapentaenoyl_gpc_18_0_22_5n3",864,"1_stearoyl_2_docosapentaenoyl_gpc_18_0_22_5n3","sample_cohort","PC 18:0/22:5(7Z,10Z,13Z,16Z,19Z)"
185,100009141,402,52699,165472,"Lipid","Phosphatidylcholine (PC)",2360,"NAMED","MAAMGQXOTCBPFS-JPGWWKBXSA-N","O=C(CCCCCCCCCCCCCCCCC)OC[C@]([H])(COP(OCC[N+](C)(C)C)([O-])=O)OC(CCCCC/C=C\C/C=C\C/C=C\C/C=C\C/C=C\CC)=O","1-stearoyl-2-docosapentaenoyl-GPC (18:0/22:5n3)*","1-stearoyl-2-docosapentaenoyl-GPC (18:0/22:5n3)*","PC 40:5","PC 18:0_22:5(7,10,13,16,19)","Unknown",NA,"24766720","HMDB0008056",NA,"24778873","Pos Late","1_stearoyl_2_docosapentaenoyl_gpc_18_0_22_5n3",864,"1_stearoyl_2_docosapentaenoyl_gpc_18_0_22_5n3","sample_cohort","PC 40:5"
185,100009141,402,52699,165472,"Lipid","Phosphatidylcholine (PC)",2360,"NAMED","MAAMGQXOTCBPFS-JPGWWKBXSA-N","O=C(CCCCCCCCCCCCCCCCC)OC[C@]([H])(COP(OCC[N+](C)(C)C)([O-])=O)OC(CCCCC/C=C\C/C=C\C/C=C\C/C=C\C/C=C\CC)=O","1-stearoyl-2-docosapentaenoyl-GPC (18:0/22:5n3)*","1-stearoyl-2-docosapentaenoyl-GPC (18:0/22:5n3)*","PC 40:5","PC 18:0_22:5(7,10,13,16,19)","Unknown",NA,"24766720","HMDB0008056",NA,"24778873","Pos Late","1_stearoyl_2_docosapentaenoyl_gpc_18_0_22_5n3",864,"1_stearoyl_2_docosapentaenoyl_gpc_18_0_22_5n3","sample_cohort","PC 18:0_22:5"
186,100009147,402,52703,165476,"Lipid","Lysoplasmalogen",2857,"NAMED","XKBJVQHMEXMFDZ-AREMUKBSSA-N","[H][C@](O)(COP(OCC[N+](C)(C)C)([O-])=O)COCCCCCCCCCCCCCCCCCC","1-stearyl-GPC (O-18:0)*","1-stearyl-GPC (O-18:0)*","LPC O-18:0","LPC O-18:0","LPC O-18:0/0:0",NA,"2015318","HMDB0011149","C04317","2733532","Pos Late","1_stearyl_gpc_o_18_0",867,"1_stearyl_gpc_o_18_0","sample_cohort","LPC O-18:0"
186,100009147,402,52703,165476,"Lipid","Lysoplasmalogen",2857,"NAMED","XKBJVQHMEXMFDZ-AREMUKBSSA-N","[H][C@](O)(COP(OCC[N+](C)(C)C)([O-])=O)COCCCCCCCCCCCCCCCCCC","1-stearyl-GPC (O-18:0)*","1-stearyl-GPC (O-18:0)*","LPC O-18:0","LPC O-18:0","LPC O-18:0/0:0",NA,"2015318","HMDB0011149","C04317","2733532","Pos Late","1_stearyl_gpc_o_18_0",867,"1_stearyl_gpc_o_18_0","sample_cohort","LPC O-18:0"
186,100009147,402,52703,165476,"Lipid","Lysoplasmalogen",2857,"NAMED","XKBJVQHMEXMFDZ-AREMUKBSSA-N","[H][C@](O)(COP(OCC[N+](C)(C)C)([O-])=O)COCCCCCCCCCCCCCCCCCC","1-stearyl-GPC (O-18:0)*","1-stearyl-GPC (O-18:0)*","LPC O-18:0","LPC O-18:0","LPC O-18:0/0:0",NA,"2015318","HMDB0011149","C04317","2733532","Pos Late","1_stearyl_gpc_o_18_0",867,"1_stearyl_gpc_o_18_0","sample_cohort","LPC O-18:0"
186,100009147,402,52703,165476,"Lipid","Lysoplasmalogen",2857,"NAMED","XKBJVQHMEXMFDZ-AREMUKBSSA-N","[H][C@](O)(COP(OCC[N+](C)(C)C)([O-])=O)COCCCCCCCCCCCCCCCCCC","1-stearyl-GPC (O-18:0)*","1-stearyl-GPC (O-18:0)*","LPC O-18:0","LPC O-18:0","LPC O-18:0/0:0",NA,"2015318","HMDB0011149","C04317","2733532","Pos Late","1_stearyl_gpc_o_18_0",867,"1_stearyl_gpc_o_18_0","sample_cohort","LPC O-18:0"
186,100009147,402,52703,165476,"Lipid","Lysoplasmalogen",2857,"NAMED","XKBJVQHMEXMFDZ-AREMUKBSSA-N","[H][C@](O)(COP(OCC[N+](C)(C)C)([O-])=O)COCCCCCCCCCCCCCCCCCC","1-stearyl-GPC (O-18:0)*","1-stearyl-GPC (O-18:0)*","LPC O-18:0","LPC O-18:0","LPC O-18:0/0:0",NA,"2015318","HMDB0011149","C04317","2733532","Pos Late","1_stearyl_gpc_o_18_0",867,"1_stearyl_gpc_o_18_0","sample_cohort","LPC O-18:0"
186,100009147,402,52703,165476,"Lipid","Lysoplasmalogen",2857,"NAMED","XKBJVQHMEXMFDZ-AREMUKBSSA-N","[H][C@](O)(COP(OCC[N+](C)(C)C)([O-])=O)COCCCCCCCCCCCCCCCCCC","1-stearyl-GPC (O-18:0)*","1-stearyl-GPC (O-18:0)*","LPC O-18:0","LPC O-18:0","LPC O-18:0/0:0",NA,"2015318","HMDB0011149","C04317","2733532","Pos Late","1_stearyl_gpc_o_18_0",867,"1_stearyl_gpc_o_18_0","sample_cohort","LPC O-18:0"
186,100009147,402,52703,165476,"Lipid","Lysoplasmalogen",2857,"NAMED","XKBJVQHMEXMFDZ-AREMUKBSSA-N","[H][C@](O)(COP(OCC[N+](C)(C)C)([O-])=O)COCCCCCCCCCCCCCCCCCC","1-stearyl-GPC (O-18:0)*","1-stearyl-GPC (O-18:0)*","LPC O-18:0","LPC O-18:0","LPC O-18:0/0:0",NA,"2015318","HMDB0011149","C04317","2733532","Pos Late","1_stearyl_gpc_o_18_0",867,"1_stearyl_gpc_o_18_0","sample_cohort","LPC O-18:0"
186,100009147,402,52703,165476,"Lipid","Lysoplasmalogen",2857,"NAMED","XKBJVQHMEXMFDZ-AREMUKBSSA-N","[H][C@](O)(COP(OCC[N+](C)(C)C)([O-])=O)COCCCCCCCCCCCCCCCCCC","1-stearyl-GPC (O-18:0)*","1-stearyl-GPC (O-18:0)*","LPC O-18:0","LPC O-18:0","LPC O-18:0/0:0",NA,"2015318","HMDB0011149","C04317","2733532","Pos Late","1_stearyl_gpc_o_18_0",867,"1_stearyl_gpc_o_18_0","sample_cohort","LPC O-18:0"
186,100009147,402,52703,165476,"Lipid","Lysoplasmalogen",2857,"NAMED","XKBJVQHMEXMFDZ-AREMUKBSSA-N","[H][C@](O)(COP(OCC[N+](C)(C)C)([O-])=O)COCCCCCCCCCCCCCCCCCC","1-stearyl-GPC (O-18:0)*","1-stearyl-GPC (O-18:0)*","LPC O-18:0","LPC O-18:0","LPC O-18:0/0:0",NA,"2015318","HMDB0011149","C04317","2733532","Pos Late","1_stearyl_gpc_o_18_0",867,"1_stearyl_gpc_o_18_0","sample_cohort","LPC O-18:0"
186,100009147,402,52703,165476,"Lipid","Lysoplasmalogen",2857,"NAMED","XKBJVQHMEXMFDZ-AREMUKBSSA-N","[H][C@](O)(COP(OCC[N+](C)(C)C)([O-])=O)COCCCCCCCCCCCCCCCCCC","1-stearyl-GPC (O-18:0)*","1-stearyl-GPC (O-18:0)*","LPC O-18:0","LPC O-18:0","LPC O-18:0/0:0",NA,"2015318","HMDB0011149","C04317","2733532","Pos Late","1_stearyl_gpc_o_18_0",867,"1_stearyl_gpc_o_18_0","sample_cohort","LPC 18:0"
186,100009147,402,52703,165476,"Lipid","Lysoplasmalogen",2857,"NAMED","XKBJVQHMEXMFDZ-AREMUKBSSA-N","[H][C@](O)(COP(OCC[N+](C)(C)C)([O-])=O)COCCCCCCCCCCCCCCCCCC","1-stearyl-GPC (O-18:0)*","1-stearyl-GPC (O-18:0)*","LPC O-18:0","LPC O-18:0","LPC O-18:0/0:0",NA,"2015318","HMDB0011149","C04317","2733532","Pos Late","1_stearyl_gpc_o_18_0",867,"1_stearyl_gpc_o_18_0","sample_cohort","LPC 18:0/0:0"
186,100009147,402,52703,165476,"Lipid","Lysoplasmalogen",2857,"NAMED","XKBJVQHMEXMFDZ-AREMUKBSSA-N","[H][C@](O)(COP(OCC[N+](C)(C)C)([O-])=O)COCCCCCCCCCCCCCCCCCC","1-stearyl-GPC (O-18:0)*","1-stearyl-GPC (O-18:0)*","LPC O-18:0","LPC O-18:0","LPC O-18:0/0:0",NA,"2015318","HMDB0011149","C04317","2733532","Pos Late","1_stearyl_gpc_o_18_0",867,"1_stearyl_gpc_o_18_0","sample_cohort","LPC O-18:0"
186,100009147,402,52703,165476,"Lipid","Lysoplasmalogen",2857,"NAMED","XKBJVQHMEXMFDZ-AREMUKBSSA-N","[H][C@](O)(COP(OCC[N+](C)(C)C)([O-])=O)COCCCCCCCCCCCCCCCCCC","1-stearyl-GPC (O-18:0)*","1-stearyl-GPC (O-18:0)*","LPC O-18:0","LPC O-18:0","LPC O-18:0/0:0",NA,"2015318","HMDB0011149","C04317","2733532","Pos Late","1_stearyl_gpc_o_18_0",867,"1_stearyl_gpc_o_18_0","sample_cohort","LPC O-18:0"
186,100009147,402,52703,165476,"Lipid","Lysoplasmalogen",2857,"NAMED","XKBJVQHMEXMFDZ-AREMUKBSSA-N","[H][C@](O)(COP(OCC[N+](C)(C)C)([O-])=O)COCCCCCCCCCCCCCCCCCC","1-stearyl-GPC (O-18:0)*","1-stearyl-GPC (O-18:0)*","LPC O-18:0","LPC O-18:0","LPC O-18:0/0:0",NA,"2015318","HMDB0011149","C04317","2733532","Pos Late","1_stearyl_gpc_o_18_0",867,"1_stearyl_gpc_o_18_0","sample_cohort","LPC 18:0"
186,100009147,402,52703,165476,"Lipid","Lysoplasmalogen",2857,"NAMED","XKBJVQHMEXMFDZ-AREMUKBSSA-N","[H][C@](O)(COP(OCC[N+](C)(C)C)([O-])=O)COCCCCCCCCCCCCCCCCCC","1-stearyl-GPC (O-18:0)*","1-stearyl-GPC (O-18:0)*","LPC O-18:0","LPC O-18:0","LPC O-18:0/0:0",NA,"2015318","HMDB0011149","C04317","2733532","Pos Late","1_stearyl_gpc_o_18_0",867,"1_stearyl_gpc_o_18_0","sample_cohort","LPC 18:0/0:0"
186,100009147,402,52703,165476,"Lipid","Lysoplasmalogen",2857,"NAMED","XKBJVQHMEXMFDZ-AREMUKBSSA-N","[H][C@](O)(COP(OCC[N+](C)(C)C)([O-])=O)COCCCCCCCCCCCCCCCCCC","1-stearyl-GPC (O-18:0)*","1-stearyl-GPC (O-18:0)*","LPC O-18:0","LPC O-18:0","LPC O-18:0/0:0",NA,"2015318","HMDB0011149","C04317","2733532","Pos Late","1_stearyl_gpc_o_18_0",867,"1_stearyl_gpc_o_18_0","sample_cohort","LPC 18:0"
186,100009147,402,52703,165476,"Lipid","Lysoplasmalogen",2857,"NAMED","XKBJVQHMEXMFDZ-AREMUKBSSA-N","[H][C@](O)(COP(OCC[N+](C)(C)C)([O-])=O)COCCCCCCCCCCCCCCCCCC","1-stearyl-GPC (O-18:0)*","1-stearyl-GPC (O-18:0)*","LPC O-18:0","LPC O-18:0","LPC O-18:0/0:0",NA,"2015318","HMDB0011149","C04317","2733532","Pos Late","1_stearyl_gpc_o_18_0",867,"1_stearyl_gpc_o_18_0","sample_cohort","LPC 18:0/0:0"
186,100009147,402,52703,165476,"Lipid","Lysoplasmalogen",2857,"NAMED","XKBJVQHMEXMFDZ-AREMUKBSSA-N","[H][C@](O)(COP(OCC[N+](C)(C)C)([O-])=O)COCCCCCCCCCCCCCCCCCC","1-stearyl-GPC (O-18:0)*","1-stearyl-GPC (O-18:0)*","LPC O-18:0","LPC O-18:0","LPC O-18:0/0:0",NA,"2015318","HMDB0011149","C04317","2733532","Pos Late","1_stearyl_gpc_o_18_0",867,"1_stearyl_gpc_o_18_0","sample_cohort","LPC O-18:0"
186,100009147,402,52703,165476,"Lipid","Lysoplasmalogen",2857,"NAMED","XKBJVQHMEXMFDZ-AREMUKBSSA-N","[H][C@](O)(COP(OCC[N+](C)(C)C)([O-])=O)COCCCCCCCCCCCCCCCCCC","1-stearyl-GPC (O-18:0)*","1-stearyl-GPC (O-18:0)*","LPC O-18:0","LPC O-18:0","LPC O-18:0/0:0",NA,"2015318","HMDB0011149","C04317","2733532","Pos Late","1_stearyl_gpc_o_18_0",867,"1_stearyl_gpc_o_18_0","sample_cohort","LPC O-16:0"
186,100009147,402,52703,165476,"Lipid","Lysoplasmalogen",2857,"NAMED","XKBJVQHMEXMFDZ-AREMUKBSSA-N","[H][C@](O)(COP(OCC[N+](C)(C)C)([O-])=O)COCCCCCCCCCCCCCCCCCC","1-stearyl-GPC (O-18:0)*","1-stearyl-GPC (O-18:0)*","LPC O-18:0","LPC O-18:0","LPC O-18:0/0:0",NA,"2015318","HMDB0011149","C04317","2733532","Pos Late","1_stearyl_gpc_o_18_0",867,"1_stearyl_gpc_o_18_0","sample_cohort","LPC O-16:0"
186,100009147,402,52703,165476,"Lipid","Lysoplasmalogen",2857,"NAMED","XKBJVQHMEXMFDZ-AREMUKBSSA-N","[H][C@](O)(COP(OCC[N+](C)(C)C)([O-])=O)COCCCCCCCCCCCCCCCCCC","1-stearyl-GPC (O-18:0)*","1-stearyl-GPC (O-18:0)*","LPC O-18:0","LPC O-18:0","LPC O-18:0/0:0",NA,"2015318","HMDB0011149","C04317","2733532","Pos Late","1_stearyl_gpc_o_18_0",867,"1_stearyl_gpc_o_18_0","sample_cohort","LPC O-16:0"
186,100009147,402,52703,165476,"Lipid","Lysoplasmalogen",2857,"NAMED","XKBJVQHMEXMFDZ-AREMUKBSSA-N","[H][C@](O)(COP(OCC[N+](C)(C)C)([O-])=O)COCCCCCCCCCCCCCCCCCC","1-stearyl-GPC (O-18:0)*","1-stearyl-GPC (O-18:0)*","LPC O-18:0","LPC O-18:0","LPC O-18:0/0:0",NA,"2015318","HMDB0011149","C04317","2733532","Pos Late","1_stearyl_gpc_o_18_0",867,"1_stearyl_gpc_o_18_0","sample_cohort","LPC O-16:0"
186,100009147,402,52703,165476,"Lipid","Lysoplasmalogen",2857,"NAMED","XKBJVQHMEXMFDZ-AREMUKBSSA-N","[H][C@](O)(COP(OCC[N+](C)(C)C)([O-])=O)COCCCCCCCCCCCCCCCCCC","1-stearyl-GPC (O-18:0)*","1-stearyl-GPC (O-18:0)*","LPC O-18:0","LPC O-18:0","LPC O-18:0/0:0",NA,"2015318","HMDB0011149","C04317","2733532","Pos Late","1_stearyl_gpc_o_18_0",867,"1_stearyl_gpc_o_18_0","sample_cohort","LPC O-16:0"
186,100009147,402,52703,165476,"Lipid","Lysoplasmalogen",2857,"NAMED","XKBJVQHMEXMFDZ-AREMUKBSSA-N","[H][C@](O)(COP(OCC[N+](C)(C)C)([O-])=O)COCCCCCCCCCCCCCCCCCC","1-stearyl-GPC (O-18:0)*","1-stearyl-GPC (O-18:0)*","LPC O-18:0","LPC O-18:0","LPC O-18:0/0:0",NA,"2015318","HMDB0011149","C04317","2733532","Pos Late","1_stearyl_gpc_o_18_0",867,"1_stearyl_gpc_o_18_0","sample_cohort","LPC O-16:0"
186,100009147,402,52703,165476,"Lipid","Lysoplasmalogen",2857,"NAMED","XKBJVQHMEXMFDZ-AREMUKBSSA-N","[H][C@](O)(COP(OCC[N+](C)(C)C)([O-])=O)COCCCCCCCCCCCCCCCCCC","1-stearyl-GPC (O-18:0)*","1-stearyl-GPC (O-18:0)*","LPC O-18:0","LPC O-18:0","LPC O-18:0/0:0",NA,"2015318","HMDB0011149","C04317","2733532","Pos Late","1_stearyl_gpc_o_18_0",867,"1_stearyl_gpc_o_18_0","sample_cohort","LPC O-16:0"
186,100009147,402,52703,165476,"Lipid","Lysoplasmalogen",2857,"NAMED","XKBJVQHMEXMFDZ-AREMUKBSSA-N","[H][C@](O)(COP(OCC[N+](C)(C)C)([O-])=O)COCCCCCCCCCCCCCCCCCC","1-stearyl-GPC (O-18:0)*","1-stearyl-GPC (O-18:0)*","LPC O-18:0","LPC O-18:0","LPC O-18:0/0:0",NA,"2015318","HMDB0011149","C04317","2733532","Pos Late","1_stearyl_gpc_o_18_0",867,"1_stearyl_gpc_o_18_0","sample_cohort","LPC O-16:0"
186,100009147,402,52703,165476,"Lipid","Lysoplasmalogen",2857,"NAMED","XKBJVQHMEXMFDZ-AREMUKBSSA-N","[H][C@](O)(COP(OCC[N+](C)(C)C)([O-])=O)COCCCCCCCCCCCCCCCCCC","1-stearyl-GPC (O-18:0)*","1-stearyl-GPC (O-18:0)*","LPC O-18:0","LPC O-18:0","LPC O-18:0/0:0",NA,"2015318","HMDB0011149","C04317","2733532","Pos Late","1_stearyl_gpc_o_18_0",867,"1_stearyl_gpc_o_18_0","sample_cohort","LPC O-18:0"
187,100009153,402,52738,165519,"Lipid","Phosphatidylcholine (PC)",2353,"NAMED","QXDDDGCNWRUEFM-UMKMFDOBSA-N","O=C(CCCCCCCCCCCCCCCCC)OC[C@]([H])(COP(OCC[N+](C)(C)C)([O-])=O)OC(CCC/C=C\C/C=C\C/C=C\CCCCCCCC)=O","1-stearoyl-2-meadoyl-GPC (18:0/20:3n9)*","1-stearoyl-2-meadoyl-GPC (18:0/20:3n9)*","PC 38:3","PC 18:0_20:3(5,8,11)","Unknown",NA,"24766711","HMDB0008046",NA,"24778855","Pos Late","1_stearoyl_2_meadoyl_gpc_18_0_20_3n9",868,"1_stearoyl_2_meadoyl_gpc_18_0_20_3n9","sample_cohort","PC 18:0/20:3(5Z,8Z,11Z)"
187,100009153,402,52738,165519,"Lipid","Phosphatidylcholine (PC)",2353,"NAMED","QXDDDGCNWRUEFM-UMKMFDOBSA-N","O=C(CCCCCCCCCCCCCCCCC)OC[C@]([H])(COP(OCC[N+](C)(C)C)([O-])=O)OC(CCC/C=C\C/C=C\C/C=C\CCCCCCCC)=O","1-stearoyl-2-meadoyl-GPC (18:0/20:3n9)*","1-stearoyl-2-meadoyl-GPC (18:0/20:3n9)*","PC 38:3","PC 18:0_20:3(5,8,11)","Unknown",NA,"24766711","HMDB0008046",NA,"24778855","Pos Late","1_stearoyl_2_meadoyl_gpc_18_0_20_3n9",868,"1_stearoyl_2_meadoyl_gpc_18_0_20_3n9","sample_cohort","PC 18:0/20:3(5Z,8Z,11Z)"
187,100009153,402,52738,165519,"Lipid","Phosphatidylcholine (PC)",2353,"NAMED","QXDDDGCNWRUEFM-UMKMFDOBSA-N","O=C(CCCCCCCCCCCCCCCCC)OC[C@]([H])(COP(OCC[N+](C)(C)C)([O-])=O)OC(CCC/C=C\C/C=C\C/C=C\CCCCCCCC)=O","1-stearoyl-2-meadoyl-GPC (18:0/20:3n9)*","1-stearoyl-2-meadoyl-GPC (18:0/20:3n9)*","PC 38:3","PC 18:0_20:3(5,8,11)","Unknown",NA,"24766711","HMDB0008046",NA,"24778855","Pos Late","1_stearoyl_2_meadoyl_gpc_18_0_20_3n9",868,"1_stearoyl_2_meadoyl_gpc_18_0_20_3n9","sample_cohort","PC 18:0/20:3(5Z,8Z,11Z)"
187,100009153,402,52738,165519,"Lipid","Phosphatidylcholine (PC)",2353,"NAMED","QXDDDGCNWRUEFM-UMKMFDOBSA-N","O=C(CCCCCCCCCCCCCCCCC)OC[C@]([H])(COP(OCC[N+](C)(C)C)([O-])=O)OC(CCC/C=C\C/C=C\C/C=C\CCCCCCCC)=O","1-stearoyl-2-meadoyl-GPC (18:0/20:3n9)*","1-stearoyl-2-meadoyl-GPC (18:0/20:3n9)*","PC 38:3","PC 18:0_20:3(5,8,11)","Unknown",NA,"24766711","HMDB0008046",NA,"24778855","Pos Late","1_stearoyl_2_meadoyl_gpc_18_0_20_3n9",868,"1_stearoyl_2_meadoyl_gpc_18_0_20_3n9","sample_cohort","PC 18:0/20:3"
187,100009153,402,52738,165519,"Lipid","Phosphatidylcholine (PC)",2353,"NAMED","QXDDDGCNWRUEFM-UMKMFDOBSA-N","O=C(CCCCCCCCCCCCCCCCC)OC[C@]([H])(COP(OCC[N+](C)(C)C)([O-])=O)OC(CCC/C=C\C/C=C\C/C=C\CCCCCCCC)=O","1-stearoyl-2-meadoyl-GPC (18:0/20:3n9)*","1-stearoyl-2-meadoyl-GPC (18:0/20:3n9)*","PC 38:3","PC 18:0_20:3(5,8,11)","Unknown",NA,"24766711","HMDB0008046",NA,"24778855","Pos Late","1_stearoyl_2_meadoyl_gpc_18_0_20_3n9",868,"1_stearoyl_2_meadoyl_gpc_18_0_20_3n9","sample_cohort","PC 18:0/20:3"
187,100009153,402,52738,165519,"Lipid","Phosphatidylcholine (PC)",2353,"NAMED","QXDDDGCNWRUEFM-UMKMFDOBSA-N","O=C(CCCCCCCCCCCCCCCCC)OC[C@]([H])(COP(OCC[N+](C)(C)C)([O-])=O)OC(CCC/C=C\C/C=C\C/C=C\CCCCCCCC)=O","1-stearoyl-2-meadoyl-GPC (18:0/20:3n9)*","1-stearoyl-2-meadoyl-GPC (18:0/20:3n9)*","PC 38:3","PC 18:0_20:3(5,8,11)","Unknown",NA,"24766711","HMDB0008046",NA,"24778855","Pos Late","1_stearoyl_2_meadoyl_gpc_18_0_20_3n9",868,"1_stearoyl_2_meadoyl_gpc_18_0_20_3n9","sample_cohort","PC 38:3"
187,100009153,402,52738,165519,"Lipid","Phosphatidylcholine (PC)",2353,"NAMED","QXDDDGCNWRUEFM-UMKMFDOBSA-N","O=C(CCCCCCCCCCCCCCCCC)OC[C@]([H])(COP(OCC[N+](C)(C)C)([O-])=O)OC(CCC/C=C\C/C=C\C/C=C\CCCCCCCC)=O","1-stearoyl-2-meadoyl-GPC (18:0/20:3n9)*","1-stearoyl-2-meadoyl-GPC (18:0/20:3n9)*","PC 38:3","PC 18:0_20:3(5,8,11)","Unknown",NA,"24766711","HMDB0008046",NA,"24778855","Pos Late","1_stearoyl_2_meadoyl_gpc_18_0_20_3n9",868,"1_stearoyl_2_meadoyl_gpc_18_0_20_3n9","sample_cohort","PC 18:0/20:3"
187,100009153,402,52738,165519,"Lipid","Phosphatidylcholine (PC)",2353,"NAMED","QXDDDGCNWRUEFM-UMKMFDOBSA-N","O=C(CCCCCCCCCCCCCCCCC)OC[C@]([H])(COP(OCC[N+](C)(C)C)([O-])=O)OC(CCC/C=C\C/C=C\C/C=C\CCCCCCCC)=O","1-stearoyl-2-meadoyl-GPC (18:0/20:3n9)*","1-stearoyl-2-meadoyl-GPC (18:0/20:3n9)*","PC 38:3","PC 18:0_20:3(5,8,11)","Unknown",NA,"24766711","HMDB0008046",NA,"24778855","Pos Late","1_stearoyl_2_meadoyl_gpc_18_0_20_3n9",868,"1_stearoyl_2_meadoyl_gpc_18_0_20_3n9","sample_cohort","PC 38:3"
187,100009153,402,52738,165519,"Lipid","Phosphatidylcholine (PC)",2353,"NAMED","QXDDDGCNWRUEFM-UMKMFDOBSA-N","O=C(CCCCCCCCCCCCCCCCC)OC[C@]([H])(COP(OCC[N+](C)(C)C)([O-])=O)OC(CCC/C=C\C/C=C\C/C=C\CCCCCCCC)=O","1-stearoyl-2-meadoyl-GPC (18:0/20:3n9)*","1-stearoyl-2-meadoyl-GPC (18:0/20:3n9)*","PC 38:3","PC 18:0_20:3(5,8,11)","Unknown",NA,"24766711","HMDB0008046",NA,"24778855","Pos Late","1_stearoyl_2_meadoyl_gpc_18_0_20_3n9",868,"1_stearoyl_2_meadoyl_gpc_18_0_20_3n9","sample_cohort","PC 38:3"
187,100009153,402,52738,165519,"Lipid","Phosphatidylcholine (PC)",2353,"NAMED","QXDDDGCNWRUEFM-UMKMFDOBSA-N","O=C(CCCCCCCCCCCCCCCCC)OC[C@]([H])(COP(OCC[N+](C)(C)C)([O-])=O)OC(CCC/C=C\C/C=C\C/C=C\CCCCCCCC)=O","1-stearoyl-2-meadoyl-GPC (18:0/20:3n9)*","1-stearoyl-2-meadoyl-GPC (18:0/20:3n9)*","PC 38:3","PC 18:0_20:3(5,8,11)","Unknown",NA,"24766711","HMDB0008046",NA,"24778855","Pos Late","1_stearoyl_2_meadoyl_gpc_18_0_20_3n9",868,"1_stearoyl_2_meadoyl_gpc_18_0_20_3n9","sample_cohort","PC 18:0/20:3(5Z,8Z,11Z)"
187,100009153,402,52738,165519,"Lipid","Phosphatidylcholine (PC)",2353,"NAMED","QXDDDGCNWRUEFM-UMKMFDOBSA-N","O=C(CCCCCCCCCCCCCCCCC)OC[C@]([H])(COP(OCC[N+](C)(C)C)([O-])=O)OC(CCC/C=C\C/C=C\C/C=C\CCCCCCCC)=O","1-stearoyl-2-meadoyl-GPC (18:0/20:3n9)*","1-stearoyl-2-meadoyl-GPC (18:0/20:3n9)*","PC 38:3","PC 18:0_20:3(5,8,11)","Unknown",NA,"24766711","HMDB0008046",NA,"24778855","Pos Late","1_stearoyl_2_meadoyl_gpc_18_0_20_3n9",868,"1_stearoyl_2_meadoyl_gpc_18_0_20_3n9","sample_cohort","PC 18:0/20:3(5Z,8Z,11Z)"
187,100009153,402,52738,165519,"Lipid","Phosphatidylcholine (PC)",2353,"NAMED","QXDDDGCNWRUEFM-UMKMFDOBSA-N","O=C(CCCCCCCCCCCCCCCCC)OC[C@]([H])(COP(OCC[N+](C)(C)C)([O-])=O)OC(CCC/C=C\C/C=C\C/C=C\CCCCCCCC)=O","1-stearoyl-2-meadoyl-GPC (18:0/20:3n9)*","1-stearoyl-2-meadoyl-GPC (18:0/20:3n9)*","PC 38:3","PC 18:0_20:3(5,8,11)","Unknown",NA,"24766711","HMDB0008046",NA,"24778855","Pos Late","1_stearoyl_2_meadoyl_gpc_18_0_20_3n9",868,"1_stearoyl_2_meadoyl_gpc_18_0_20_3n9","sample_cohort","PC 38:3"
187,100009153,402,52738,165519,"Lipid","Phosphatidylcholine (PC)",2353,"NAMED","QXDDDGCNWRUEFM-UMKMFDOBSA-N","O=C(CCCCCCCCCCCCCCCCC)OC[C@]([H])(COP(OCC[N+](C)(C)C)([O-])=O)OC(CCC/C=C\C/C=C\C/C=C\CCCCCCCC)=O","1-stearoyl-2-meadoyl-GPC (18:0/20:3n9)*","1-stearoyl-2-meadoyl-GPC (18:0/20:3n9)*","PC 38:3","PC 18:0_20:3(5,8,11)","Unknown",NA,"24766711","HMDB0008046",NA,"24778855","Pos Late","1_stearoyl_2_meadoyl_gpc_18_0_20_3n9",868,"1_stearoyl_2_meadoyl_gpc_18_0_20_3n9","sample_cohort","PC 18:0_20:3"
188,100009181,402,52726,210892,"Lipid","Phosphatidylinositol (PI)",2566,"NAMED","YOBFISPJJWPPTK-BAAZTTAESA-N","O=C(CCCCCCCCCCCCCCCCC)OC[C@@]([H])(OC(CCCCCCC/C=C\CCCCCCCC)=O)COP(O[C@H]1[C@H](O)[C@@H](O)[C@H](O)[C@@H](O)[C@H]1O)(O)=O","1-stearoyl-2-oleoyl-GPI (18:0/18:1)*","1-stearoyl-2-oleoyl-GPI (18:0/18:1)*","PI 36:1","PI 18:0_18:1","Unknown",NA,NA,"HMDB0240667",NA,NA,"Pos Late","1_stearoyl_2_oleoyl_gpi_18_0_18_1",871,"1_stearoyl_2_oleoyl_gpi_18_0_18_1","sample_cohort","PI 18:0/18:1(9Z)"
188,100009181,402,52726,210892,"Lipid","Phosphatidylinositol (PI)",2566,"NAMED","YOBFISPJJWPPTK-BAAZTTAESA-N","O=C(CCCCCCCCCCCCCCCCC)OC[C@@]([H])(OC(CCCCCCC/C=C\CCCCCCCC)=O)COP(O[C@H]1[C@H](O)[C@@H](O)[C@H](O)[C@@H](O)[C@H]1O)(O)=O","1-stearoyl-2-oleoyl-GPI (18:0/18:1)*","1-stearoyl-2-oleoyl-GPI (18:0/18:1)*","PI 36:1","PI 18:0_18:1","Unknown",NA,NA,"HMDB0240667",NA,NA,"Pos Late","1_stearoyl_2_oleoyl_gpi_18_0_18_1",871,"1_stearoyl_2_oleoyl_gpi_18_0_18_1","sample_cohort","PI 18:0/18:1(9Z)"
188,100009181,402,52726,210892,"Lipid","Phosphatidylinositol (PI)",2566,"NAMED","YOBFISPJJWPPTK-BAAZTTAESA-N","O=C(CCCCCCCCCCCCCCCCC)OC[C@@]([H])(OC(CCCCCCC/C=C\CCCCCCCC)=O)COP(O[C@H]1[C@H](O)[C@@H](O)[C@H](O)[C@@H](O)[C@H]1O)(O)=O","1-stearoyl-2-oleoyl-GPI (18:0/18:1)*","1-stearoyl-2-oleoyl-GPI (18:0/18:1)*","PI 36:1","PI 18:0_18:1","Unknown",NA,NA,"HMDB0240667",NA,NA,"Pos Late","1_stearoyl_2_oleoyl_gpi_18_0_18_1",871,"1_stearoyl_2_oleoyl_gpi_18_0_18_1","sample_cohort","PI 18:0/18:1"
188,100009181,402,52726,210892,"Lipid","Phosphatidylinositol (PI)",2566,"NAMED","YOBFISPJJWPPTK-BAAZTTAESA-N","O=C(CCCCCCCCCCCCCCCCC)OC[C@@]([H])(OC(CCCCCCC/C=C\CCCCCCCC)=O)COP(O[C@H]1[C@H](O)[C@@H](O)[C@H](O)[C@@H](O)[C@H]1O)(O)=O","1-stearoyl-2-oleoyl-GPI (18:0/18:1)*","1-stearoyl-2-oleoyl-GPI (18:0/18:1)*","PI 36:1","PI 18:0_18:1","Unknown",NA,NA,"HMDB0240667",NA,NA,"Pos Late","1_stearoyl_2_oleoyl_gpi_18_0_18_1",871,"1_stearoyl_2_oleoyl_gpi_18_0_18_1","sample_cohort","PI 36:1"
188,100009181,402,52726,210892,"Lipid","Phosphatidylinositol (PI)",2566,"NAMED","YOBFISPJJWPPTK-BAAZTTAESA-N","O=C(CCCCCCCCCCCCCCCCC)OC[C@@]([H])(OC(CCCCCCC/C=C\CCCCCCCC)=O)COP(O[C@H]1[C@H](O)[C@@H](O)[C@H](O)[C@@H](O)[C@H]1O)(O)=O","1-stearoyl-2-oleoyl-GPI (18:0/18:1)*","1-stearoyl-2-oleoyl-GPI (18:0/18:1)*","PI 36:1","PI 18:0_18:1","Unknown",NA,NA,"HMDB0240667",NA,NA,"Pos Late","1_stearoyl_2_oleoyl_gpi_18_0_18_1",871,"1_stearoyl_2_oleoyl_gpi_18_0_18_1","sample_cohort","PI 18:0/18:1(9Z)"
188,100009181,402,52726,210892,"Lipid","Phosphatidylinositol (PI)",2566,"NAMED","YOBFISPJJWPPTK-BAAZTTAESA-N","O=C(CCCCCCCCCCCCCCCCC)OC[C@@]([H])(OC(CCCCCCC/C=C\CCCCCCCC)=O)COP(O[C@H]1[C@H](O)[C@@H](O)[C@H](O)[C@@H](O)[C@H]1O)(O)=O","1-stearoyl-2-oleoyl-GPI (18:0/18:1)*","1-stearoyl-2-oleoyl-GPI (18:0/18:1)*","PI 36:1","PI 18:0_18:1","Unknown",NA,NA,"HMDB0240667",NA,NA,"Pos Late","1_stearoyl_2_oleoyl_gpi_18_0_18_1",871,"1_stearoyl_2_oleoyl_gpi_18_0_18_1","sample_cohort","PI 18:0/18:1"
188,100009181,402,52726,210892,"Lipid","Phosphatidylinositol (PI)",2566,"NAMED","YOBFISPJJWPPTK-BAAZTTAESA-N","O=C(CCCCCCCCCCCCCCCCC)OC[C@@]([H])(OC(CCCCCCC/C=C\CCCCCCCC)=O)COP(O[C@H]1[C@H](O)[C@@H](O)[C@H](O)[C@@H](O)[C@H]1O)(O)=O","1-stearoyl-2-oleoyl-GPI (18:0/18:1)*","1-stearoyl-2-oleoyl-GPI (18:0/18:1)*","PI 36:1","PI 18:0_18:1","Unknown",NA,NA,"HMDB0240667",NA,NA,"Pos Late","1_stearoyl_2_oleoyl_gpi_18_0_18_1",871,"1_stearoyl_2_oleoyl_gpi_18_0_18_1","sample_cohort","PI 36:1"
188,100009181,402,52726,210892,"Lipid","Phosphatidylinositol (PI)",2566,"NAMED","YOBFISPJJWPPTK-BAAZTTAESA-N","O=C(CCCCCCCCCCCCCCCCC)OC[C@@]([H])(OC(CCCCCCC/C=C\CCCCCCCC)=O)COP(O[C@H]1[C@H](O)[C@@H](O)[C@H](O)[C@@H](O)[C@H]1O)(O)=O","1-stearoyl-2-oleoyl-GPI (18:0/18:1)*","1-stearoyl-2-oleoyl-GPI (18:0/18:1)*","PI 36:1","PI 18:0_18:1","Unknown",NA,NA,"HMDB0240667",NA,NA,"Pos Late","1_stearoyl_2_oleoyl_gpi_18_0_18_1",871,"1_stearoyl_2_oleoyl_gpi_18_0_18_1","sample_cohort","PI 36:1"
188,100009181,402,52726,210892,"Lipid","Phosphatidylinositol (PI)",2566,"NAMED","YOBFISPJJWPPTK-BAAZTTAESA-N","O=C(CCCCCCCCCCCCCCCCC)OC[C@@]([H])(OC(CCCCCCC/C=C\CCCCCCCC)=O)COP(O[C@H]1[C@H](O)[C@@H](O)[C@H](O)[C@@H](O)[C@H]1O)(O)=O","1-stearoyl-2-oleoyl-GPI (18:0/18:1)*","1-stearoyl-2-oleoyl-GPI (18:0/18:1)*","PI 36:1","PI 18:0_18:1","Unknown",NA,NA,"HMDB0240667",NA,NA,"Pos Late","1_stearoyl_2_oleoyl_gpi_18_0_18_1",871,"1_stearoyl_2_oleoyl_gpi_18_0_18_1","sample_cohort","PI 18:0_18:1"
189,100009184,402,54984,208073,"Lipid","Phosphatidylinositol (PI)",2582,"NAMED","ZUGLBBVIAIBIKG-KXPCXWIZSA-N","O=C(CCCCCCCCCCCCCCCCC)OC[C@@]([H])(OC(CCCCCC/C=C\C/C=C\C/C=C\CCCCC)=O)COP(O[C@H]1[C@H](O)[C@@H](O)[C@H](O)[C@@H](O)[C@H]1O)(O)=O","1-stearoyl-2-dihomo-linolenoyl-GPI (18:0/20:3n3 or 6)*","1-stearoyl-2-dihomo-linolenoyl-GPI (18:0/20:3n3 or 6)*","PI 38:3","PI 18:0_20:3","Unknown",NA,"24767699","HMDB0009814",NA,NA,"Pos Late","1_stearoyl_2_dihomo_linolenoyl_gpi_18_0_20_3n3 or 6",872,"1_stearoyl_2_dihomo_linolenoyl_gpi_18_0_20_3n3 or 6","sample_cohort","PI 18:0/20:3(8Z,11Z,14Z)*"
189,100009184,402,54984,208073,"Lipid","Phosphatidylinositol (PI)",2582,"NAMED","ZUGLBBVIAIBIKG-KXPCXWIZSA-N","O=C(CCCCCCCCCCCCCCCCC)OC[C@@]([H])(OC(CCCCCC/C=C\C/C=C\C/C=C\CCCCC)=O)COP(O[C@H]1[C@H](O)[C@@H](O)[C@H](O)[C@@H](O)[C@H]1O)(O)=O","1-stearoyl-2-dihomo-linolenoyl-GPI (18:0/20:3n3 or 6)*","1-stearoyl-2-dihomo-linolenoyl-GPI (18:0/20:3n3 or 6)*","PI 38:3","PI 18:0_20:3","Unknown",NA,"24767699","HMDB0009814",NA,NA,"Pos Late","1_stearoyl_2_dihomo_linolenoyl_gpi_18_0_20_3n3 or 6",872,"1_stearoyl_2_dihomo_linolenoyl_gpi_18_0_20_3n3 or 6","sample_cohort","PI 38:3"
189,100009184,402,54984,208073,"Lipid","Phosphatidylinositol (PI)",2582,"NAMED","ZUGLBBVIAIBIKG-KXPCXWIZSA-N","O=C(CCCCCCCCCCCCCCCCC)OC[C@@]([H])(OC(CCCCCC/C=C\C/C=C\C/C=C\CCCCC)=O)COP(O[C@H]1[C@H](O)[C@@H](O)[C@H](O)[C@@H](O)[C@H]1O)(O)=O","1-stearoyl-2-dihomo-linolenoyl-GPI (18:0/20:3n3 or 6)*","1-stearoyl-2-dihomo-linolenoyl-GPI (18:0/20:3n3 or 6)*","PI 38:3","PI 18:0_20:3","Unknown",NA,"24767699","HMDB0009814",NA,NA,"Pos Late","1_stearoyl_2_dihomo_linolenoyl_gpi_18_0_20_3n3 or 6",872,"1_stearoyl_2_dihomo_linolenoyl_gpi_18_0_20_3n3 or 6","sample_cohort","PI 38:3"
189,100009184,402,54984,208073,"Lipid","Phosphatidylinositol (PI)",2582,"NAMED","ZUGLBBVIAIBIKG-KXPCXWIZSA-N","O=C(CCCCCCCCCCCCCCCCC)OC[C@@]([H])(OC(CCCCCC/C=C\C/C=C\C/C=C\CCCCC)=O)COP(O[C@H]1[C@H](O)[C@@H](O)[C@H](O)[C@@H](O)[C@H]1O)(O)=O","1-stearoyl-2-dihomo-linolenoyl-GPI (18:0/20:3n3 or 6)*","1-stearoyl-2-dihomo-linolenoyl-GPI (18:0/20:3n3 or 6)*","PI 38:3","PI 18:0_20:3","Unknown",NA,"24767699","HMDB0009814",NA,NA,"Pos Late","1_stearoyl_2_dihomo_linolenoyl_gpi_18_0_20_3n3 or 6",872,"1_stearoyl_2_dihomo_linolenoyl_gpi_18_0_20_3n3 or 6","sample_cohort","PI 18:0/20:3"
189,100009184,402,54984,208073,"Lipid","Phosphatidylinositol (PI)",2582,"NAMED","ZUGLBBVIAIBIKG-KXPCXWIZSA-N","O=C(CCCCCCCCCCCCCCCCC)OC[C@@]([H])(OC(CCCCCC/C=C\C/C=C\C/C=C\CCCCC)=O)COP(O[C@H]1[C@H](O)[C@@H](O)[C@H](O)[C@@H](O)[C@H]1O)(O)=O","1-stearoyl-2-dihomo-linolenoyl-GPI (18:0/20:3n3 or 6)*","1-stearoyl-2-dihomo-linolenoyl-GPI (18:0/20:3n3 or 6)*","PI 38:3","PI 18:0_20:3","Unknown",NA,"24767699","HMDB0009814",NA,NA,"Pos Late","1_stearoyl_2_dihomo_linolenoyl_gpi_18_0_20_3n3 or 6",872,"1_stearoyl_2_dihomo_linolenoyl_gpi_18_0_20_3n3 or 6","sample_cohort","PI 18:0/20:3"
189,100009184,402,54984,208073,"Lipid","Phosphatidylinositol (PI)",2582,"NAMED","ZUGLBBVIAIBIKG-KXPCXWIZSA-N","O=C(CCCCCCCCCCCCCCCCC)OC[C@@]([H])(OC(CCCCCC/C=C\C/C=C\C/C=C\CCCCC)=O)COP(O[C@H]1[C@H](O)[C@@H](O)[C@H](O)[C@@H](O)[C@H]1O)(O)=O","1-stearoyl-2-dihomo-linolenoyl-GPI (18:0/20:3n3 or 6)*","1-stearoyl-2-dihomo-linolenoyl-GPI (18:0/20:3n3 or 6)*","PI 38:3","PI 18:0_20:3","Unknown",NA,"24767699","HMDB0009814",NA,NA,"Pos Late","1_stearoyl_2_dihomo_linolenoyl_gpi_18_0_20_3n3 or 6",872,"1_stearoyl_2_dihomo_linolenoyl_gpi_18_0_20_3n3 or 6","sample_cohort","PI 38:3"
189,100009184,402,54984,208073,"Lipid","Phosphatidylinositol (PI)",2582,"NAMED","ZUGLBBVIAIBIKG-KXPCXWIZSA-N","O=C(CCCCCCCCCCCCCCCCC)OC[C@@]([H])(OC(CCCCCC/C=C\C/C=C\C/C=C\CCCCC)=O)COP(O[C@H]1[C@H](O)[C@@H](O)[C@H](O)[C@@H](O)[C@H]1O)(O)=O","1-stearoyl-2-dihomo-linolenoyl-GPI (18:0/20:3n3 or 6)*","1-stearoyl-2-dihomo-linolenoyl-GPI (18:0/20:3n3 or 6)*","PI 38:3","PI 18:0_20:3","Unknown",NA,"24767699","HMDB0009814",NA,NA,"Pos Late","1_stearoyl_2_dihomo_linolenoyl_gpi_18_0_20_3n3 or 6",872,"1_stearoyl_2_dihomo_linolenoyl_gpi_18_0_20_3n3 or 6","sample_cohort","PI 18:0_20:3"
190,100009198,209,61501,217717,"Lipid","Lysoplasmalogen",2858,"NAMED","JIJGULMDDZORPH-HSZRJFAPSA-N","[H][C@](O)(COP(OCCN)(O)=O)COCCCCCCCCCCCCCCCCCC","1-stearyl-GPE (O-18:0)*","1-stearyl-GPE (O-18:0)*","LPE O-18:0","LPE O-18:0","LPE O-18:0/0:0",NA,"24823081",NA,NA,"46891690","Neg","1_stearyl_gpe_o_18_0",873,"1_stearyl_gpe_o_18_0","sample_cohort",NA
191,100009209,402,53190,166620,"Lipid","Phosphatidylethanolamine (PE)",2440,"NAMED","KHLRCNXJXSYNCK-ZIEHFRHMSA-N","O=C(CCCCCCCCCCCCCCC)OC[C@]([H])(COP(OCCN)(O)=O)OC(CCC/C=C\C/C=C\C/C=C\C/C=C\C/C=C\CC)=O","1-palmitoyl-2-eicosapentaenoyl-GPE (16:0/20:5)*","1-palmitoyl-2-eicosapentaenoyl-GPE (16:0/20:5)*","PE 36:5","PE 16:0_20:5","Unknown",NA,"24768431","HMDB0008939",NA,"52924919","Pos Late","1_palmitoyl_2_eicosapentaenoyl_gpe_16_0_20_5",874,"1_palmitoyl_2_eicosapentaenoyl_gpe_16_0_20_5","sample_cohort","PE 16:0/20:5(5Z,8Z,11Z,14Z,17Z)"
191,100009209,402,53190,166620,"Lipid","Phosphatidylethanolamine (PE)",2440,"NAMED","KHLRCNXJXSYNCK-ZIEHFRHMSA-N","O=C(CCCCCCCCCCCCCCC)OC[C@]([H])(COP(OCCN)(O)=O)OC(CCC/C=C\C/C=C\C/C=C\C/C=C\C/C=C\CC)=O","1-palmitoyl-2-eicosapentaenoyl-GPE (16:0/20:5)*","1-palmitoyl-2-eicosapentaenoyl-GPE (16:0/20:5)*","PE 36:5","PE 16:0_20:5","Unknown",NA,"24768431","HMDB0008939",NA,"52924919","Pos Late","1_palmitoyl_2_eicosapentaenoyl_gpe_16_0_20_5",874,"1_palmitoyl_2_eicosapentaenoyl_gpe_16_0_20_5","sample_cohort","PE 16:0/20:5(5Z,8Z,11Z,14Z,17Z)"
191,100009209,402,53190,166620,"Lipid","Phosphatidylethanolamine (PE)",2440,"NAMED","KHLRCNXJXSYNCK-ZIEHFRHMSA-N","O=C(CCCCCCCCCCCCCCC)OC[C@]([H])(COP(OCCN)(O)=O)OC(CCC/C=C\C/C=C\C/C=C\C/C=C\C/C=C\CC)=O","1-palmitoyl-2-eicosapentaenoyl-GPE (16:0/20:5)*","1-palmitoyl-2-eicosapentaenoyl-GPE (16:0/20:5)*","PE 36:5","PE 16:0_20:5","Unknown",NA,"24768431","HMDB0008939",NA,"52924919","Pos Late","1_palmitoyl_2_eicosapentaenoyl_gpe_16_0_20_5",874,"1_palmitoyl_2_eicosapentaenoyl_gpe_16_0_20_5","sample_cohort","PE 36:5"
191,100009209,402,53190,166620,"Lipid","Phosphatidylethanolamine (PE)",2440,"NAMED","KHLRCNXJXSYNCK-ZIEHFRHMSA-N","O=C(CCCCCCCCCCCCCCC)OC[C@]([H])(COP(OCCN)(O)=O)OC(CCC/C=C\C/C=C\C/C=C\C/C=C\C/C=C\CC)=O","1-palmitoyl-2-eicosapentaenoyl-GPE (16:0/20:5)*","1-palmitoyl-2-eicosapentaenoyl-GPE (16:0/20:5)*","PE 36:5","PE 16:0_20:5","Unknown",NA,"24768431","HMDB0008939",NA,"52924919","Pos Late","1_palmitoyl_2_eicosapentaenoyl_gpe_16_0_20_5",874,"1_palmitoyl_2_eicosapentaenoyl_gpe_16_0_20_5","sample_cohort","PE 16:0/20:5"
191,100009209,402,53190,166620,"Lipid","Phosphatidylethanolamine (PE)",2440,"NAMED","KHLRCNXJXSYNCK-ZIEHFRHMSA-N","O=C(CCCCCCCCCCCCCCC)OC[C@]([H])(COP(OCCN)(O)=O)OC(CCC/C=C\C/C=C\C/C=C\C/C=C\C/C=C\CC)=O","1-palmitoyl-2-eicosapentaenoyl-GPE (16:0/20:5)*","1-palmitoyl-2-eicosapentaenoyl-GPE (16:0/20:5)*","PE 36:5","PE 16:0_20:5","Unknown",NA,"24768431","HMDB0008939",NA,"52924919","Pos Late","1_palmitoyl_2_eicosapentaenoyl_gpe_16_0_20_5",874,"1_palmitoyl_2_eicosapentaenoyl_gpe_16_0_20_5","sample_cohort","PE 36:5"
191,100009209,402,53190,166620,"Lipid","Phosphatidylethanolamine (PE)",2440,"NAMED","KHLRCNXJXSYNCK-ZIEHFRHMSA-N","O=C(CCCCCCCCCCCCCCC)OC[C@]([H])(COP(OCCN)(O)=O)OC(CCC/C=C\C/C=C\C/C=C\C/C=C\C/C=C\CC)=O","1-palmitoyl-2-eicosapentaenoyl-GPE (16:0/20:5)*","1-palmitoyl-2-eicosapentaenoyl-GPE (16:0/20:5)*","PE 36:5","PE 16:0_20:5","Unknown",NA,"24768431","HMDB0008939",NA,"52924919","Pos Late","1_palmitoyl_2_eicosapentaenoyl_gpe_16_0_20_5",874,"1_palmitoyl_2_eicosapentaenoyl_gpe_16_0_20_5","sample_cohort","PE 16:0/20:5"
191,100009209,402,53190,166620,"Lipid","Phosphatidylethanolamine (PE)",2440,"NAMED","KHLRCNXJXSYNCK-ZIEHFRHMSA-N","O=C(CCCCCCCCCCCCCCC)OC[C@]([H])(COP(OCCN)(O)=O)OC(CCC/C=C\C/C=C\C/C=C\C/C=C\C/C=C\CC)=O","1-palmitoyl-2-eicosapentaenoyl-GPE (16:0/20:5)*","1-palmitoyl-2-eicosapentaenoyl-GPE (16:0/20:5)*","PE 36:5","PE 16:0_20:5","Unknown",NA,"24768431","HMDB0008939",NA,"52924919","Pos Late","1_palmitoyl_2_eicosapentaenoyl_gpe_16_0_20_5",874,"1_palmitoyl_2_eicosapentaenoyl_gpe_16_0_20_5","sample_cohort","PE 16:0/20:5(5Z,8Z,11Z,14Z,17Z)"
191,100009209,402,53190,166620,"Lipid","Phosphatidylethanolamine (PE)",2440,"NAMED","KHLRCNXJXSYNCK-ZIEHFRHMSA-N","O=C(CCCCCCCCCCCCCCC)OC[C@]([H])(COP(OCCN)(O)=O)OC(CCC/C=C\C/C=C\C/C=C\C/C=C\C/C=C\CC)=O","1-palmitoyl-2-eicosapentaenoyl-GPE (16:0/20:5)*","1-palmitoyl-2-eicosapentaenoyl-GPE (16:0/20:5)*","PE 36:5","PE 16:0_20:5","Unknown",NA,"24768431","HMDB0008939",NA,"52924919","Pos Late","1_palmitoyl_2_eicosapentaenoyl_gpe_16_0_20_5",874,"1_palmitoyl_2_eicosapentaenoyl_gpe_16_0_20_5","sample_cohort","PE 36:5"
191,100009209,402,53190,166620,"Lipid","Phosphatidylethanolamine (PE)",2440,"NAMED","KHLRCNXJXSYNCK-ZIEHFRHMSA-N","O=C(CCCCCCCCCCCCCCC)OC[C@]([H])(COP(OCCN)(O)=O)OC(CCC/C=C\C/C=C\C/C=C\C/C=C\C/C=C\CC)=O","1-palmitoyl-2-eicosapentaenoyl-GPE (16:0/20:5)*","1-palmitoyl-2-eicosapentaenoyl-GPE (16:0/20:5)*","PE 36:5","PE 16:0_20:5","Unknown",NA,"24768431","HMDB0008939",NA,"52924919","Pos Late","1_palmitoyl_2_eicosapentaenoyl_gpe_16_0_20_5",874,"1_palmitoyl_2_eicosapentaenoyl_gpe_16_0_20_5","sample_cohort","PE 16:0_20:5"
192,100009215,402,57336,210835,"Lipid","Phosphatidylethanolamine (PE)",2457,"NAMED","XJPVAWWHABLYPE-KPRICRNFSA-N","O=C(CCCCCCCCCCCCCCCCC)OC[C@]([H])(COP(OCCN)(O)=O)OC(CCCCCC/C=C\C/C=C\C/C=C\CCCCC)=O","1-stearoyl-2-dihomo-linolenoyl-GPE (18:0/20:3n3 or 6)*","1-stearoyl-2-dihomo-linolenoyl-GPE (18:0/20:3n3 or 6)*","PE 38:3","PE 18:0_20:3","Unknown",NA,"24768480","HMDB0009002",NA,"52924903","Pos Late","1_stearoyl_2_dihomo_linolenoyl_gpe_18_0_20_3n3 or 6",875,"1_stearoyl_2_dihomo_linolenoyl_gpe_18_0_20_3n3 or 6","sample_cohort","PE 18:0/20:3(8Z,11Z,14Z)*"
192,100009215,402,57336,210835,"Lipid","Phosphatidylethanolamine (PE)",2457,"NAMED","XJPVAWWHABLYPE-KPRICRNFSA-N","O=C(CCCCCCCCCCCCCCCCC)OC[C@]([H])(COP(OCCN)(O)=O)OC(CCCCCC/C=C\C/C=C\C/C=C\CCCCC)=O","1-stearoyl-2-dihomo-linolenoyl-GPE (18:0/20:3n3 or 6)*","1-stearoyl-2-dihomo-linolenoyl-GPE (18:0/20:3n3 or 6)*","PE 38:3","PE 18:0_20:3","Unknown",NA,"24768480","HMDB0009002",NA,"52924903","Pos Late","1_stearoyl_2_dihomo_linolenoyl_gpe_18_0_20_3n3 or 6",875,"1_stearoyl_2_dihomo_linolenoyl_gpe_18_0_20_3n3 or 6","sample_cohort","PE 38:3"
192,100009215,402,57336,210835,"Lipid","Phosphatidylethanolamine (PE)",2457,"NAMED","XJPVAWWHABLYPE-KPRICRNFSA-N","O=C(CCCCCCCCCCCCCCCCC)OC[C@]([H])(COP(OCCN)(O)=O)OC(CCCCCC/C=C\C/C=C\C/C=C\CCCCC)=O","1-stearoyl-2-dihomo-linolenoyl-GPE (18:0/20:3n3 or 6)*","1-stearoyl-2-dihomo-linolenoyl-GPE (18:0/20:3n3 or 6)*","PE 38:3","PE 18:0_20:3","Unknown",NA,"24768480","HMDB0009002",NA,"52924903","Pos Late","1_stearoyl_2_dihomo_linolenoyl_gpe_18_0_20_3n3 or 6",875,"1_stearoyl_2_dihomo_linolenoyl_gpe_18_0_20_3n3 or 6","sample_cohort","PE 38:3"
192,100009215,402,57336,210835,"Lipid","Phosphatidylethanolamine (PE)",2457,"NAMED","XJPVAWWHABLYPE-KPRICRNFSA-N","O=C(CCCCCCCCCCCCCCCCC)OC[C@]([H])(COP(OCCN)(O)=O)OC(CCCCCC/C=C\C/C=C\C/C=C\CCCCC)=O","1-stearoyl-2-dihomo-linolenoyl-GPE (18:0/20:3n3 or 6)*","1-stearoyl-2-dihomo-linolenoyl-GPE (18:0/20:3n3 or 6)*","PE 38:3","PE 18:0_20:3","Unknown",NA,"24768480","HMDB0009002",NA,"52924903","Pos Late","1_stearoyl_2_dihomo_linolenoyl_gpe_18_0_20_3n3 or 6",875,"1_stearoyl_2_dihomo_linolenoyl_gpe_18_0_20_3n3 or 6","sample_cohort","PE 18:0/20:3"
192,100009215,402,57336,210835,"Lipid","Phosphatidylethanolamine (PE)",2457,"NAMED","XJPVAWWHABLYPE-KPRICRNFSA-N","O=C(CCCCCCCCCCCCCCCCC)OC[C@]([H])(COP(OCCN)(O)=O)OC(CCCCCC/C=C\C/C=C\C/C=C\CCCCC)=O","1-stearoyl-2-dihomo-linolenoyl-GPE (18:0/20:3n3 or 6)*","1-stearoyl-2-dihomo-linolenoyl-GPE (18:0/20:3n3 or 6)*","PE 38:3","PE 18:0_20:3","Unknown",NA,"24768480","HMDB0009002",NA,"52924903","Pos Late","1_stearoyl_2_dihomo_linolenoyl_gpe_18_0_20_3n3 or 6",875,"1_stearoyl_2_dihomo_linolenoyl_gpe_18_0_20_3n3 or 6","sample_cohort","PE 18:0/20:3"
192,100009215,402,57336,210835,"Lipid","Phosphatidylethanolamine (PE)",2457,"NAMED","XJPVAWWHABLYPE-KPRICRNFSA-N","O=C(CCCCCCCCCCCCCCCCC)OC[C@]([H])(COP(OCCN)(O)=O)OC(CCCCCC/C=C\C/C=C\C/C=C\CCCCC)=O","1-stearoyl-2-dihomo-linolenoyl-GPE (18:0/20:3n3 or 6)*","1-stearoyl-2-dihomo-linolenoyl-GPE (18:0/20:3n3 or 6)*","PE 38:3","PE 18:0_20:3","Unknown",NA,"24768480","HMDB0009002",NA,"52924903","Pos Late","1_stearoyl_2_dihomo_linolenoyl_gpe_18_0_20_3n3 or 6",875,"1_stearoyl_2_dihomo_linolenoyl_gpe_18_0_20_3n3 or 6","sample_cohort","PE 38:3"
192,100009215,402,57336,210835,"Lipid","Phosphatidylethanolamine (PE)",2457,"NAMED","XJPVAWWHABLYPE-KPRICRNFSA-N","O=C(CCCCCCCCCCCCCCCCC)OC[C@]([H])(COP(OCCN)(O)=O)OC(CCCCCC/C=C\C/C=C\C/C=C\CCCCC)=O","1-stearoyl-2-dihomo-linolenoyl-GPE (18:0/20:3n3 or 6)*","1-stearoyl-2-dihomo-linolenoyl-GPE (18:0/20:3n3 or 6)*","PE 38:3","PE 18:0_20:3","Unknown",NA,"24768480","HMDB0009002",NA,"52924903","Pos Late","1_stearoyl_2_dihomo_linolenoyl_gpe_18_0_20_3n3 or 6",875,"1_stearoyl_2_dihomo_linolenoyl_gpe_18_0_20_3n3 or 6","sample_cohort","PE 18:0_20:3"
193,100009220,402,53209,166647,"Lipid","Phosphatidylethanolamine (PE)",2474,"NAMED","JZSZAGWWWKKXLO-RMEBTJIYSA-N","O=C(CCCCCCC/C=C\CCCCCCCC)OC[C@]([H])(COP(OCCN)(O)=O)OC(CC/C=C\C/C=C\C/C=C\C/C=C\C/C=C\C/C=C\CC)=O","1-oleoyl-2-docosahexaenoyl-GPE (18:1/22:6)*","1-oleoyl-2-docosahexaenoyl-GPE (18:1/22:6)*","PE 40:7","PE 18:1_22:6","Unknown",NA,"24768542","HMDB0009078",NA,"52922113","Pos Late","1_oleoyl_2_docosahexaenoyl_gpe_18_1_22_6",878,"1_oleoyl_2_docosahexaenoyl_gpe_18_1_22_6","sample_cohort","PE 18:1(9Z)/22:6(4Z,7Z,10Z,13Z,16Z,19Z)*"
193,100009220,402,53209,166647,"Lipid","Phosphatidylethanolamine (PE)",2474,"NAMED","JZSZAGWWWKKXLO-RMEBTJIYSA-N","O=C(CCCCCCC/C=C\CCCCCCCC)OC[C@]([H])(COP(OCCN)(O)=O)OC(CC/C=C\C/C=C\C/C=C\C/C=C\C/C=C\C/C=C\CC)=O","1-oleoyl-2-docosahexaenoyl-GPE (18:1/22:6)*","1-oleoyl-2-docosahexaenoyl-GPE (18:1/22:6)*","PE 40:7","PE 18:1_22:6","Unknown",NA,"24768542","HMDB0009078",NA,"52922113","Pos Late","1_oleoyl_2_docosahexaenoyl_gpe_18_1_22_6",878,"1_oleoyl_2_docosahexaenoyl_gpe_18_1_22_6","sample_cohort","PE 18:1/22:6"
193,100009220,402,53209,166647,"Lipid","Phosphatidylethanolamine (PE)",2474,"NAMED","JZSZAGWWWKKXLO-RMEBTJIYSA-N","O=C(CCCCCCC/C=C\CCCCCCCC)OC[C@]([H])(COP(OCCN)(O)=O)OC(CC/C=C\C/C=C\C/C=C\C/C=C\C/C=C\C/C=C\CC)=O","1-oleoyl-2-docosahexaenoyl-GPE (18:1/22:6)*","1-oleoyl-2-docosahexaenoyl-GPE (18:1/22:6)*","PE 40:7","PE 18:1_22:6","Unknown",NA,"24768542","HMDB0009078",NA,"52922113","Pos Late","1_oleoyl_2_docosahexaenoyl_gpe_18_1_22_6",878,"1_oleoyl_2_docosahexaenoyl_gpe_18_1_22_6","sample_cohort","PE 40:7"
193,100009220,402,53209,166647,"Lipid","Phosphatidylethanolamine (PE)",2474,"NAMED","JZSZAGWWWKKXLO-RMEBTJIYSA-N","O=C(CCCCCCC/C=C\CCCCCCCC)OC[C@]([H])(COP(OCCN)(O)=O)OC(CC/C=C\C/C=C\C/C=C\C/C=C\C/C=C\C/C=C\CC)=O","1-oleoyl-2-docosahexaenoyl-GPE (18:1/22:6)*","1-oleoyl-2-docosahexaenoyl-GPE (18:1/22:6)*","PE 40:7","PE 18:1_22:6","Unknown",NA,"24768542","HMDB0009078",NA,"52922113","Pos Late","1_oleoyl_2_docosahexaenoyl_gpe_18_1_22_6",878,"1_oleoyl_2_docosahexaenoyl_gpe_18_1_22_6","sample_cohort","PE 40:7"
193,100009220,402,53209,166647,"Lipid","Phosphatidylethanolamine (PE)",2474,"NAMED","JZSZAGWWWKKXLO-RMEBTJIYSA-N","O=C(CCCCCCC/C=C\CCCCCCCC)OC[C@]([H])(COP(OCCN)(O)=O)OC(CC/C=C\C/C=C\C/C=C\C/C=C\C/C=C\C/C=C\CC)=O","1-oleoyl-2-docosahexaenoyl-GPE (18:1/22:6)*","1-oleoyl-2-docosahexaenoyl-GPE (18:1/22:6)*","PE 40:7","PE 18:1_22:6","Unknown",NA,"24768542","HMDB0009078",NA,"52922113","Pos Late","1_oleoyl_2_docosahexaenoyl_gpe_18_1_22_6",878,"1_oleoyl_2_docosahexaenoyl_gpe_18_1_22_6","sample_cohort","PE 18:1/22:6"
193,100009220,402,53209,166647,"Lipid","Phosphatidylethanolamine (PE)",2474,"NAMED","JZSZAGWWWKKXLO-RMEBTJIYSA-N","O=C(CCCCCCC/C=C\CCCCCCCC)OC[C@]([H])(COP(OCCN)(O)=O)OC(CC/C=C\C/C=C\C/C=C\C/C=C\C/C=C\C/C=C\CC)=O","1-oleoyl-2-docosahexaenoyl-GPE (18:1/22:6)*","1-oleoyl-2-docosahexaenoyl-GPE (18:1/22:6)*","PE 40:7","PE 18:1_22:6","Unknown",NA,"24768542","HMDB0009078",NA,"52922113","Pos Late","1_oleoyl_2_docosahexaenoyl_gpe_18_1_22_6",878,"1_oleoyl_2_docosahexaenoyl_gpe_18_1_22_6","sample_cohort","PE 40:7"
193,100009220,402,53209,166647,"Lipid","Phosphatidylethanolamine (PE)",2474,"NAMED","JZSZAGWWWKKXLO-RMEBTJIYSA-N","O=C(CCCCCCC/C=C\CCCCCCCC)OC[C@]([H])(COP(OCCN)(O)=O)OC(CC/C=C\C/C=C\C/C=C\C/C=C\C/C=C\C/C=C\CC)=O","1-oleoyl-2-docosahexaenoyl-GPE (18:1/22:6)*","1-oleoyl-2-docosahexaenoyl-GPE (18:1/22:6)*","PE 40:7","PE 18:1_22:6","Unknown",NA,"24768542","HMDB0009078",NA,"52922113","Pos Late","1_oleoyl_2_docosahexaenoyl_gpe_18_1_22_6",878,"1_oleoyl_2_docosahexaenoyl_gpe_18_1_22_6","sample_cohort","PE 18:1_22:6"
194,100009227,209,54885,207774,"Lipid","Lysophospholipid",2739,"NAMED","VEEHTGYBVMTAAF-RFFZIGDUSA-N","[H][C@@](CO)(O)COP(OC[C@]([H])(O)COC(CCCCCCC/C=C\C/C=C\CCCCC)=O)(O)=O","1-linoleoyl-GPG (18:2)*","1-linoleoyl-GPG (18:2)*","LPG 18:2","LPG 18:2","LPG 18:2/0:0",NA,NA,"HMDB0240600",NA,NA,"Neg","1_linoleoyl_gpg_18_2",881,"1_linoleoyl_gpg_18_2","sample_cohort","LPG 18:2(9Z,12Z)/0:0"
194,100009227,209,54885,207774,"Lipid","Lysophospholipid",2739,"NAMED","VEEHTGYBVMTAAF-RFFZIGDUSA-N","[H][C@@](CO)(O)COP(OC[C@]([H])(O)COC(CCCCCCC/C=C\C/C=C\CCCCC)=O)(O)=O","1-linoleoyl-GPG (18:2)*","1-linoleoyl-GPG (18:2)*","LPG 18:2","LPG 18:2","LPG 18:2/0:0",NA,NA,"HMDB0240600",NA,NA,"Neg","1_linoleoyl_gpg_18_2",881,"1_linoleoyl_gpg_18_2","sample_cohort","LPG 18:2(9Z,12Z)/0:0"
194,100009227,209,54885,207774,"Lipid","Lysophospholipid",2739,"NAMED","VEEHTGYBVMTAAF-RFFZIGDUSA-N","[H][C@@](CO)(O)COP(OC[C@]([H])(O)COC(CCCCCCC/C=C\C/C=C\CCCCC)=O)(O)=O","1-linoleoyl-GPG (18:2)*","1-linoleoyl-GPG (18:2)*","LPG 18:2","LPG 18:2","LPG 18:2/0:0",NA,NA,"HMDB0240600",NA,NA,"Neg","1_linoleoyl_gpg_18_2",881,"1_linoleoyl_gpg_18_2","sample_cohort","LPG 18:2(9Z,12Z)*"
194,100009227,209,54885,207774,"Lipid","Lysophospholipid",2739,"NAMED","VEEHTGYBVMTAAF-RFFZIGDUSA-N","[H][C@@](CO)(O)COP(OC[C@]([H])(O)COC(CCCCCCC/C=C\C/C=C\CCCCC)=O)(O)=O","1-linoleoyl-GPG (18:2)*","1-linoleoyl-GPG (18:2)*","LPG 18:2","LPG 18:2","LPG 18:2/0:0",NA,NA,"HMDB0240600",NA,NA,"Neg","1_linoleoyl_gpg_18_2",881,"1_linoleoyl_gpg_18_2","sample_cohort","LPG 18:2(9Z,12Z)/0:0"
194,100009227,209,54885,207774,"Lipid","Lysophospholipid",2739,"NAMED","VEEHTGYBVMTAAF-RFFZIGDUSA-N","[H][C@@](CO)(O)COP(OC[C@]([H])(O)COC(CCCCCCC/C=C\C/C=C\CCCCC)=O)(O)=O","1-linoleoyl-GPG (18:2)*","1-linoleoyl-GPG (18:2)*","LPG 18:2","LPG 18:2","LPG 18:2/0:0",NA,NA,"HMDB0240600",NA,NA,"Neg","1_linoleoyl_gpg_18_2",881,"1_linoleoyl_gpg_18_2","sample_cohort","LPG 18:2"
194,100009227,209,54885,207774,"Lipid","Lysophospholipid",2739,"NAMED","VEEHTGYBVMTAAF-RFFZIGDUSA-N","[H][C@@](CO)(O)COP(OC[C@]([H])(O)COC(CCCCCCC/C=C\C/C=C\CCCCC)=O)(O)=O","1-linoleoyl-GPG (18:2)*","1-linoleoyl-GPG (18:2)*","LPG 18:2","LPG 18:2","LPG 18:2/0:0",NA,NA,"HMDB0240600",NA,NA,"Neg","1_linoleoyl_gpg_18_2",881,"1_linoleoyl_gpg_18_2","sample_cohort","LPG 18:2(9Z,12Z)*"
194,100009227,209,54885,207774,"Lipid","Lysophospholipid",2739,"NAMED","VEEHTGYBVMTAAF-RFFZIGDUSA-N","[H][C@@](CO)(O)COP(OC[C@]([H])(O)COC(CCCCCCC/C=C\C/C=C\CCCCC)=O)(O)=O","1-linoleoyl-GPG (18:2)*","1-linoleoyl-GPG (18:2)*","LPG 18:2","LPG 18:2","LPG 18:2/0:0",NA,NA,"HMDB0240600",NA,NA,"Neg","1_linoleoyl_gpg_18_2",881,"1_linoleoyl_gpg_18_2","sample_cohort","LPG 18:2"
194,100009227,209,54885,207774,"Lipid","Lysophospholipid",2739,"NAMED","VEEHTGYBVMTAAF-RFFZIGDUSA-N","[H][C@@](CO)(O)COP(OC[C@]([H])(O)COC(CCCCCCC/C=C\C/C=C\CCCCC)=O)(O)=O","1-linoleoyl-GPG (18:2)*","1-linoleoyl-GPG (18:2)*","LPG 18:2","LPG 18:2","LPG 18:2/0:0",NA,NA,"HMDB0240600",NA,NA,"Neg","1_linoleoyl_gpg_18_2",881,"1_linoleoyl_gpg_18_2","sample_cohort","LPG 18:2(9Z,12Z)/0:0"
194,100009227,209,54885,207774,"Lipid","Lysophospholipid",2739,"NAMED","VEEHTGYBVMTAAF-RFFZIGDUSA-N","[H][C@@](CO)(O)COP(OC[C@]([H])(O)COC(CCCCCCC/C=C\C/C=C\CCCCC)=O)(O)=O","1-linoleoyl-GPG (18:2)*","1-linoleoyl-GPG (18:2)*","LPG 18:2","LPG 18:2","LPG 18:2/0:0",NA,NA,"HMDB0240600",NA,NA,"Neg","1_linoleoyl_gpg_18_2",881,"1_linoleoyl_gpg_18_2","sample_cohort","LPG 18:2"
195,100009272,402,53013,166346,"Lipid","Hexosylceramides (HCER)",3086,"NAMED","VJLLLMIZEJJZTE-NNTBDIJYSA-N","[H][C@](O)([C@@](NC(CCCCCCCCCCCCCCC)=O)(CO[C@@H]1O[C@H](CO)[C@@H](O)[C@H](O)[C@H]1O)[H])/C=C/CCCCCCCCCCCCC","glycosyl-N-palmitoyl-sphingosine (d18:1/16:0)","glycosyl-N-palmitoyl-sphingosine (d18:1/16:0)","HexCer 34:1;O2","HexCer 18:1;O2_16:0","HexCer 18:1;O2/16:0",NA,NA,NA,NA,NA,"Pos Late","glycosyl_n_palmitoyl_sphingosine_d18_1_16_0",888,"glycosyl_n_palmitoyl_sphingosine_d18_1_16_0","sample_cohort",NA
196,100009275,400,53031,166248,"Amino Acid","Leucine, Isoleucine and Valine Metabolism",417,"NAMED","GFWWWKVGRZVWDS-UHFFFAOYSA-N","[O-]C(CC(C[N+](C)(C)C)OC(CC(C(O)=O)C)=O)=O","methylsuccinoylcarnitine","methylsuccinoylcarnitine",NA,NA,NA,NA,NA,NA,NA,NA,"Pos Early","methylsuccinoylcarnitine",889,"methylsuccinoylcarnitine","sample_cohort",NA
197,100009329,305,63590,222872,"Cofactors and Vitamins","Ascorbate and Aldarate Metabolism",4384,"NAMED","SKKZOYBAANIUOV-ZAFYKAAXSA-N","O[C@@H](CO)[C@@](C1=O)([H])OC(O)=C1OS(O)(=O)=O","ascorbic acid 2-sulfate","ascorbic acid 2-sulfate",NA,NA,NA,"52174-99-9","77998","HMDB0060649",NA,"54676864","Polar","ascorbic acid 2_sulfate",893,"ascorbic acid 2_sulfate","sample_cohort","Ascorbic acid 2-sulfate"
197,100009329,305,63590,222872,"Cofactors and Vitamins","Ascorbate and Aldarate Metabolism",4384,"NAMED","SKKZOYBAANIUOV-ZAFYKAAXSA-N","O[C@@H](CO)[C@@](C1=O)([H])OC(O)=C1OS(O)(=O)=O","ascorbic acid 2-sulfate","ascorbic acid 2-sulfate",NA,NA,NA,"52174-99-9","77998","HMDB0060649",NA,"54676864","Polar","ascorbic acid 2_sulfate",893,"ascorbic acid 2_sulfate","sample_cohort","Ascorbic acid 2-sulfate"
197,100009329,305,63590,222872,"Cofactors and Vitamins","Ascorbate and Aldarate Metabolism",4384,"NAMED","SKKZOYBAANIUOV-ZAFYKAAXSA-N","O[C@@H](CO)[C@@](C1=O)([H])OC(O)=C1OS(O)(=O)=O","ascorbic acid 2-sulfate","ascorbic acid 2-sulfate",NA,NA,NA,"52174-99-9","77998","HMDB0060649",NA,"54676864","Polar","ascorbic acid 2_sulfate",893,"ascorbic acid 2_sulfate","sample_cohort","Ascorbic acid 2-sulfate"
197,100009329,305,63590,222872,"Cofactors and Vitamins","Ascorbate and Aldarate Metabolism",4384,"NAMED","SKKZOYBAANIUOV-ZAFYKAAXSA-N","O[C@@H](CO)[C@@](C1=O)([H])OC(O)=C1OS(O)(=O)=O","ascorbic acid 2-sulfate","ascorbic acid 2-sulfate",NA,NA,NA,"52174-99-9","77998","HMDB0060649",NA,"54676864","Polar","ascorbic acid 2_sulfate",893,"ascorbic acid 2_sulfate","sample_cohort","Ascorbic acid 2-sulfate"
197,100009329,305,63590,222872,"Cofactors and Vitamins","Ascorbate and Aldarate Metabolism",4384,"NAMED","SKKZOYBAANIUOV-ZAFYKAAXSA-N","O[C@@H](CO)[C@@](C1=O)([H])OC(O)=C1OS(O)(=O)=O","ascorbic acid 2-sulfate","ascorbic acid 2-sulfate",NA,NA,NA,"52174-99-9","77998","HMDB0060649",NA,"54676864","Polar","ascorbic acid 2_sulfate",893,"ascorbic acid 2_sulfate","sample_cohort","Ascorbic acid 2-sulfate"
197,100009329,305,63590,222872,"Cofactors and Vitamins","Ascorbate and Aldarate Metabolism",4384,"NAMED","SKKZOYBAANIUOV-ZAFYKAAXSA-N","O[C@@H](CO)[C@@](C1=O)([H])OC(O)=C1OS(O)(=O)=O","ascorbic acid 2-sulfate","ascorbic acid 2-sulfate",NA,NA,NA,"52174-99-9","77998","HMDB0060649",NA,"54676864","Polar","ascorbic acid 2_sulfate",893,"ascorbic acid 2_sulfate","sample_cohort","Ascorbic acid 2-sulfate"
198,100009335,402,53262,179349,"Lipid","Fatty Acid Metabolism (Acyl Choline)",1970,"NAMED","FRBBZHFNTVMXIH-OKLKQMLOSA-N","O=C(CCCCCC/C=[C-]/C/C=C/C/C=C/CCCCC)OCC[N+](C)(C)C","dihomo-linolenoyl-choline","dihomo-linolenoyl-choline",NA,NA,NA,NA,NA,"HMDB0240646",NA,NA,"Pos Late","dihomo_linolenoyl_choline",897,"dihomo_linolenoyl_choline","sample_cohort","Dihomo-gamma-linolenoylcholine"
198,100009335,402,53262,179349,"Lipid","Fatty Acid Metabolism (Acyl Choline)",1970,"NAMED","FRBBZHFNTVMXIH-OKLKQMLOSA-N","O=C(CCCCCC/C=[C-]/C/C=C/C/C=C/CCCCC)OCC[N+](C)(C)C","dihomo-linolenoyl-choline","dihomo-linolenoyl-choline",NA,NA,NA,NA,NA,"HMDB0240646",NA,NA,"Pos Late","dihomo_linolenoyl_choline",897,"dihomo_linolenoyl_choline","sample_cohort","Dihomo-gamma-linolenoylcholine"
198,100009335,402,53262,179349,"Lipid","Fatty Acid Metabolism (Acyl Choline)",1970,"NAMED","FRBBZHFNTVMXIH-OKLKQMLOSA-N","O=C(CCCCCC/C=[C-]/C/C=C/C/C=C/CCCCC)OCC[N+](C)(C)C","dihomo-linolenoyl-choline","dihomo-linolenoyl-choline",NA,NA,NA,NA,NA,"HMDB0240646",NA,NA,"Pos Late","dihomo_linolenoyl_choline",897,"dihomo_linolenoyl_choline","sample_cohort","Dihomo-gamma-linolenoylcholine"
198,100009335,402,53262,179349,"Lipid","Fatty Acid Metabolism (Acyl Choline)",1970,"NAMED","FRBBZHFNTVMXIH-OKLKQMLOSA-N","O=C(CCCCCC/C=[C-]/C/C=C/C/C=C/CCCCC)OCC[N+](C)(C)C","dihomo-linolenoyl-choline","dihomo-linolenoyl-choline",NA,NA,NA,NA,NA,"HMDB0240646",NA,NA,"Pos Late","dihomo_linolenoyl_choline",897,"dihomo_linolenoyl_choline","sample_cohort","Dihomo-gamma-linolenoylcholine"
198,100009335,402,53262,179349,"Lipid","Fatty Acid Metabolism (Acyl Choline)",1970,"NAMED","FRBBZHFNTVMXIH-OKLKQMLOSA-N","O=C(CCCCCC/C=[C-]/C/C=C/C/C=C/CCCCC)OCC[N+](C)(C)C","dihomo-linolenoyl-choline","dihomo-linolenoyl-choline",NA,NA,NA,NA,NA,"HMDB0240646",NA,NA,"Pos Late","dihomo_linolenoyl_choline",897,"dihomo_linolenoyl_choline","sample_cohort","Dihomo-gamma-linolenoylcholine"
198,100009335,402,53262,179349,"Lipid","Fatty Acid Metabolism (Acyl Choline)",1970,"NAMED","FRBBZHFNTVMXIH-OKLKQMLOSA-N","O=C(CCCCCC/C=[C-]/C/C=C/C/C=C/CCCCC)OCC[N+](C)(C)C","dihomo-linolenoyl-choline","dihomo-linolenoyl-choline",NA,NA,NA,NA,NA,"HMDB0240646",NA,NA,"Pos Late","dihomo_linolenoyl_choline",897,"dihomo_linolenoyl_choline","sample_cohort","Dihomo-gamma-linolenoylcholine"
198,100009335,402,53262,179349,"Lipid","Fatty Acid Metabolism (Acyl Choline)",1970,"NAMED","FRBBZHFNTVMXIH-OKLKQMLOSA-N","O=C(CCCCCC/C=[C-]/C/C=C/C/C=C/CCCCC)OCC[N+](C)(C)C","dihomo-linolenoyl-choline","dihomo-linolenoyl-choline",NA,NA,NA,NA,NA,"HMDB0240646",NA,NA,"Pos Late","dihomo_linolenoyl_choline",897,"dihomo_linolenoyl_choline","sample_cohort","Dihomo-gamma-linolenoylcholine"
199,100009360,402,53202,166632,"Lipid","Phosphatidylcholine (PC)",2379,"NAMED","LQILTFYUCKNMSR-AZWNZLRBSA-N","CCCCCCCC/C=C/CCCCCCCC(OCC(OC(CCCCC/C=C/C/C=C/C/C=C/C/C=C/C/C=C/CC)=O)COP([O-])(OCC[N+](C)(C)C)=O)=O","1-oleoyl-2-docosapentaenoyl-GPC (18:1/22:5n3)*","1-oleoyl-2-docosapentaenoyl-GPC (18:1/22:5n3)*","PC 40:6","PC 18:1_22:5(7,10,13,16,19)","Unknown",NA,NA,"HMDB0008122",NA,"53478773","Pos Late","1_oleoyl_2_docosapentaenoyl_gpc_18_1_22_5n3",900,"1_oleoyl_2_docosapentaenoyl_gpc_18_1_22_5n3","sample_cohort","PC 18:1(9Z)/22:5(7Z,10Z,13Z,16Z,19Z)*"
199,100009360,402,53202,166632,"Lipid","Phosphatidylcholine (PC)",2379,"NAMED","LQILTFYUCKNMSR-AZWNZLRBSA-N","CCCCCCCC/C=C/CCCCCCCC(OCC(OC(CCCCC/C=C/C/C=C/C/C=C/C/C=C/C/C=C/CC)=O)COP([O-])(OCC[N+](C)(C)C)=O)=O","1-oleoyl-2-docosapentaenoyl-GPC (18:1/22:5n3)*","1-oleoyl-2-docosapentaenoyl-GPC (18:1/22:5n3)*","PC 40:6","PC 18:1_22:5(7,10,13,16,19)","Unknown",NA,NA,"HMDB0008122",NA,"53478773","Pos Late","1_oleoyl_2_docosapentaenoyl_gpc_18_1_22_5n3",900,"1_oleoyl_2_docosapentaenoyl_gpc_18_1_22_5n3","sample_cohort","PC 18:1/22:5"
199,100009360,402,53202,166632,"Lipid","Phosphatidylcholine (PC)",2379,"NAMED","LQILTFYUCKNMSR-AZWNZLRBSA-N","CCCCCCCC/C=C/CCCCCCCC(OCC(OC(CCCCC/C=C/C/C=C/C/C=C/C/C=C/C/C=C/CC)=O)COP([O-])(OCC[N+](C)(C)C)=O)=O","1-oleoyl-2-docosapentaenoyl-GPC (18:1/22:5n3)*","1-oleoyl-2-docosapentaenoyl-GPC (18:1/22:5n3)*","PC 40:6","PC 18:1_22:5(7,10,13,16,19)","Unknown",NA,NA,"HMDB0008122",NA,"53478773","Pos Late","1_oleoyl_2_docosapentaenoyl_gpc_18_1_22_5n3",900,"1_oleoyl_2_docosapentaenoyl_gpc_18_1_22_5n3","sample_cohort","PC 40:6"
199,100009360,402,53202,166632,"Lipid","Phosphatidylcholine (PC)",2379,"NAMED","LQILTFYUCKNMSR-AZWNZLRBSA-N","CCCCCCCC/C=C/CCCCCCCC(OCC(OC(CCCCC/C=C/C/C=C/C/C=C/C/C=C/C/C=C/CC)=O)COP([O-])(OCC[N+](C)(C)C)=O)=O","1-oleoyl-2-docosapentaenoyl-GPC (18:1/22:5n3)*","1-oleoyl-2-docosapentaenoyl-GPC (18:1/22:5n3)*","PC 40:6","PC 18:1_22:5(7,10,13,16,19)","Unknown",NA,NA,"HMDB0008122",NA,"53478773","Pos Late","1_oleoyl_2_docosapentaenoyl_gpc_18_1_22_5n3",900,"1_oleoyl_2_docosapentaenoyl_gpc_18_1_22_5n3","sample_cohort","PC 18:1/22:5"
199,100009360,402,53202,166632,"Lipid","Phosphatidylcholine (PC)",2379,"NAMED","LQILTFYUCKNMSR-AZWNZLRBSA-N","CCCCCCCC/C=C/CCCCCCCC(OCC(OC(CCCCC/C=C/C/C=C/C/C=C/C/C=C/C/C=C/CC)=O)COP([O-])(OCC[N+](C)(C)C)=O)=O","1-oleoyl-2-docosapentaenoyl-GPC (18:1/22:5n3)*","1-oleoyl-2-docosapentaenoyl-GPC (18:1/22:5n3)*","PC 40:6","PC 18:1_22:5(7,10,13,16,19)","Unknown",NA,NA,"HMDB0008122",NA,"53478773","Pos Late","1_oleoyl_2_docosapentaenoyl_gpc_18_1_22_5n3",900,"1_oleoyl_2_docosapentaenoyl_gpc_18_1_22_5n3","sample_cohort","PC 40:6"
199,100009360,402,53202,166632,"Lipid","Phosphatidylcholine (PC)",2379,"NAMED","LQILTFYUCKNMSR-AZWNZLRBSA-N","CCCCCCCC/C=C/CCCCCCCC(OCC(OC(CCCCC/C=C/C/C=C/C/C=C/C/C=C/C/C=C/CC)=O)COP([O-])(OCC[N+](C)(C)C)=O)=O","1-oleoyl-2-docosapentaenoyl-GPC (18:1/22:5n3)*","1-oleoyl-2-docosapentaenoyl-GPC (18:1/22:5n3)*","PC 40:6","PC 18:1_22:5(7,10,13,16,19)","Unknown",NA,NA,"HMDB0008122",NA,"53478773","Pos Late","1_oleoyl_2_docosapentaenoyl_gpc_18_1_22_5n3",900,"1_oleoyl_2_docosapentaenoyl_gpc_18_1_22_5n3","sample_cohort","PC 40:6"
199,100009360,402,53202,166632,"Lipid","Phosphatidylcholine (PC)",2379,"NAMED","LQILTFYUCKNMSR-AZWNZLRBSA-N","CCCCCCCC/C=C/CCCCCCCC(OCC(OC(CCCCC/C=C/C/C=C/C/C=C/C/C=C/C/C=C/CC)=O)COP([O-])(OCC[N+](C)(C)C)=O)=O","1-oleoyl-2-docosapentaenoyl-GPC (18:1/22:5n3)*","1-oleoyl-2-docosapentaenoyl-GPC (18:1/22:5n3)*","PC 40:6","PC 18:1_22:5(7,10,13,16,19)","Unknown",NA,NA,"HMDB0008122",NA,"53478773","Pos Late","1_oleoyl_2_docosapentaenoyl_gpc_18_1_22_5n3",900,"1_oleoyl_2_docosapentaenoyl_gpc_18_1_22_5n3","sample_cohort","PC 18:1/22:5"
200,100009364,402,53192,166622,"Lipid","Phosphatidylcholine (PC)",2351,"NAMED","QLAPQVPZKNRKSF-FYBVJDQOSA-N","CCCCCCCCCCCCCCCCCC(OCC(OC(CC/C=C/C/C=C/CCCCCCCCCCCC)=O)COP([O-])(OCC[N+](C)(C)C)=O)=O","phosphatidylcholine (18:0/20:2, 20:0/18:2)*","phosphatidylcholine (18:0/20:2, 20:0/18:2)*","PC 38:2","Unknown","Unknown",NA,NA,"HMDB0008143,HMDB0008045",NA,NA,"Pos Late","phosphatidylcholine_18_0_20_2_20_0_18_2",901,"phosphatidylcholine_18_0_20_2_20_0_18_2","sample_cohort",NA
201,100009376,402,55037,208147,"Lipid","Plasmalogen",2821,"NAMED","UKPNUUDYLNCIOE-IZHHWLPXSA-N","[H][C@](OC(CC/C=C\C/C=C\C/C=C\C/C=C\C/C=C\C/C=C\CC)=O)(COP(OCCN)(O)=O)CO/C=C\CCCCCC/C=C\CCCCCCCC","1-(1-enyl-oleoyl)-2-docosahexaenoyl-GPE (P-18:1/22:6)*","1-(1-enyl-oleoyl)-2-docosahexaenoyl-GPE (P-18:1/22:6)*","PE O-40:8","PE P-18:1_22:6","PE P-18:1/22:6",NA,"24769344","HMDB0011460",NA,"52925039","Pos Late","1_1_enyl_oleoyl_2_docosahexaenoyl_gpe_p_18_1_22_6",902,"1_1_enyl_oleoyl_2_docosahexaenoyl_gpe_p_18_1_22_6","sample_cohort","PE P-18:1(9Z)/22:6(4Z,7Z,10Z,13Z,16Z,19Z)"
201,100009376,402,55037,208147,"Lipid","Plasmalogen",2821,"NAMED","UKPNUUDYLNCIOE-IZHHWLPXSA-N","[H][C@](OC(CC/C=C\C/C=C\C/C=C\C/C=C\C/C=C\C/C=C\CC)=O)(COP(OCCN)(O)=O)CO/C=C\CCCCCC/C=C\CCCCCCCC","1-(1-enyl-oleoyl)-2-docosahexaenoyl-GPE (P-18:1/22:6)*","1-(1-enyl-oleoyl)-2-docosahexaenoyl-GPE (P-18:1/22:6)*","PE O-40:8","PE P-18:1_22:6","PE P-18:1/22:6",NA,"24769344","HMDB0011460",NA,"52925039","Pos Late","1_1_enyl_oleoyl_2_docosahexaenoyl_gpe_p_18_1_22_6",902,"1_1_enyl_oleoyl_2_docosahexaenoyl_gpe_p_18_1_22_6","sample_cohort","PE P-18:1(9Z)/22:6(4Z,7Z,10Z,13Z,16Z,19Z)"
201,100009376,402,55037,208147,"Lipid","Plasmalogen",2821,"NAMED","UKPNUUDYLNCIOE-IZHHWLPXSA-N","[H][C@](OC(CC/C=C\C/C=C\C/C=C\C/C=C\C/C=C\C/C=C\CC)=O)(COP(OCCN)(O)=O)CO/C=C\CCCCCC/C=C\CCCCCCCC","1-(1-enyl-oleoyl)-2-docosahexaenoyl-GPE (P-18:1/22:6)*","1-(1-enyl-oleoyl)-2-docosahexaenoyl-GPE (P-18:1/22:6)*","PE O-40:8","PE P-18:1_22:6","PE P-18:1/22:6",NA,"24769344","HMDB0011460",NA,"52925039","Pos Late","1_1_enyl_oleoyl_2_docosahexaenoyl_gpe_p_18_1_22_6",902,"1_1_enyl_oleoyl_2_docosahexaenoyl_gpe_p_18_1_22_6","sample_cohort","PE P-18:1/22:6"
201,100009376,402,55037,208147,"Lipid","Plasmalogen",2821,"NAMED","UKPNUUDYLNCIOE-IZHHWLPXSA-N","[H][C@](OC(CC/C=C\C/C=C\C/C=C\C/C=C\C/C=C\C/C=C\CC)=O)(COP(OCCN)(O)=O)CO/C=C\CCCCCC/C=C\CCCCCCCC","1-(1-enyl-oleoyl)-2-docosahexaenoyl-GPE (P-18:1/22:6)*","1-(1-enyl-oleoyl)-2-docosahexaenoyl-GPE (P-18:1/22:6)*","PE O-40:8","PE P-18:1_22:6","PE P-18:1/22:6",NA,"24769344","HMDB0011460",NA,"52925039","Pos Late","1_1_enyl_oleoyl_2_docosahexaenoyl_gpe_p_18_1_22_6",902,"1_1_enyl_oleoyl_2_docosahexaenoyl_gpe_p_18_1_22_6","sample_cohort","PE P-18:1/22:6"
201,100009376,402,55037,208147,"Lipid","Plasmalogen",2821,"NAMED","UKPNUUDYLNCIOE-IZHHWLPXSA-N","[H][C@](OC(CC/C=C\C/C=C\C/C=C\C/C=C\C/C=C\C/C=C\CC)=O)(COP(OCCN)(O)=O)CO/C=C\CCCCCC/C=C\CCCCCCCC","1-(1-enyl-oleoyl)-2-docosahexaenoyl-GPE (P-18:1/22:6)*","1-(1-enyl-oleoyl)-2-docosahexaenoyl-GPE (P-18:1/22:6)*","PE O-40:8","PE P-18:1_22:6","PE P-18:1/22:6",NA,"24769344","HMDB0011460",NA,"52925039","Pos Late","1_1_enyl_oleoyl_2_docosahexaenoyl_gpe_p_18_1_22_6",902,"1_1_enyl_oleoyl_2_docosahexaenoyl_gpe_p_18_1_22_6","sample_cohort","PE 18:2/22:6"
201,100009376,402,55037,208147,"Lipid","Plasmalogen",2821,"NAMED","UKPNUUDYLNCIOE-IZHHWLPXSA-N","[H][C@](OC(CC/C=C\C/C=C\C/C=C\C/C=C\C/C=C\C/C=C\CC)=O)(COP(OCCN)(O)=O)CO/C=C\CCCCCC/C=C\CCCCCCCC","1-(1-enyl-oleoyl)-2-docosahexaenoyl-GPE (P-18:1/22:6)*","1-(1-enyl-oleoyl)-2-docosahexaenoyl-GPE (P-18:1/22:6)*","PE O-40:8","PE P-18:1_22:6","PE P-18:1/22:6",NA,"24769344","HMDB0011460",NA,"52925039","Pos Late","1_1_enyl_oleoyl_2_docosahexaenoyl_gpe_p_18_1_22_6",902,"1_1_enyl_oleoyl_2_docosahexaenoyl_gpe_p_18_1_22_6","sample_cohort","PE 40:8"
201,100009376,402,55037,208147,"Lipid","Plasmalogen",2821,"NAMED","UKPNUUDYLNCIOE-IZHHWLPXSA-N","[H][C@](OC(CC/C=C\C/C=C\C/C=C\C/C=C\C/C=C\C/C=C\CC)=O)(COP(OCCN)(O)=O)CO/C=C\CCCCCC/C=C\CCCCCCCC","1-(1-enyl-oleoyl)-2-docosahexaenoyl-GPE (P-18:1/22:6)*","1-(1-enyl-oleoyl)-2-docosahexaenoyl-GPE (P-18:1/22:6)*","PE O-40:8","PE P-18:1_22:6","PE P-18:1/22:6",NA,"24769344","HMDB0011460",NA,"52925039","Pos Late","1_1_enyl_oleoyl_2_docosahexaenoyl_gpe_p_18_1_22_6",902,"1_1_enyl_oleoyl_2_docosahexaenoyl_gpe_p_18_1_22_6","sample_cohort","PE O-18:2(1Z,9Z)/22:6(4Z,7Z,10Z,13Z,16Z,19Z)*"
201,100009376,402,55037,208147,"Lipid","Plasmalogen",2821,"NAMED","UKPNUUDYLNCIOE-IZHHWLPXSA-N","[H][C@](OC(CC/C=C\C/C=C\C/C=C\C/C=C\C/C=C\C/C=C\CC)=O)(COP(OCCN)(O)=O)CO/C=C\CCCCCC/C=C\CCCCCCCC","1-(1-enyl-oleoyl)-2-docosahexaenoyl-GPE (P-18:1/22:6)*","1-(1-enyl-oleoyl)-2-docosahexaenoyl-GPE (P-18:1/22:6)*","PE O-40:8","PE P-18:1_22:6","PE P-18:1/22:6",NA,"24769344","HMDB0011460",NA,"52925039","Pos Late","1_1_enyl_oleoyl_2_docosahexaenoyl_gpe_p_18_1_22_6",902,"1_1_enyl_oleoyl_2_docosahexaenoyl_gpe_p_18_1_22_6","sample_cohort","PE P-18:1(9Z)/22:6(4Z,7Z,10Z,13Z,16Z,19Z)"
201,100009376,402,55037,208147,"Lipid","Plasmalogen",2821,"NAMED","UKPNUUDYLNCIOE-IZHHWLPXSA-N","[H][C@](OC(CC/C=C\C/C=C\C/C=C\C/C=C\C/C=C\C/C=C\CC)=O)(COP(OCCN)(O)=O)CO/C=C\CCCCCC/C=C\CCCCCCCC","1-(1-enyl-oleoyl)-2-docosahexaenoyl-GPE (P-18:1/22:6)*","1-(1-enyl-oleoyl)-2-docosahexaenoyl-GPE (P-18:1/22:6)*","PE O-40:8","PE P-18:1_22:6","PE P-18:1/22:6",NA,"24769344","HMDB0011460",NA,"52925039","Pos Late","1_1_enyl_oleoyl_2_docosahexaenoyl_gpe_p_18_1_22_6",902,"1_1_enyl_oleoyl_2_docosahexaenoyl_gpe_p_18_1_22_6","sample_cohort","PE 18:2/22:6"
201,100009376,402,55037,208147,"Lipid","Plasmalogen",2821,"NAMED","UKPNUUDYLNCIOE-IZHHWLPXSA-N","[H][C@](OC(CC/C=C\C/C=C\C/C=C\C/C=C\C/C=C\C/C=C\CC)=O)(COP(OCCN)(O)=O)CO/C=C\CCCCCC/C=C\CCCCCCCC","1-(1-enyl-oleoyl)-2-docosahexaenoyl-GPE (P-18:1/22:6)*","1-(1-enyl-oleoyl)-2-docosahexaenoyl-GPE (P-18:1/22:6)*","PE O-40:8","PE P-18:1_22:6","PE P-18:1/22:6",NA,"24769344","HMDB0011460",NA,"52925039","Pos Late","1_1_enyl_oleoyl_2_docosahexaenoyl_gpe_p_18_1_22_6",902,"1_1_enyl_oleoyl_2_docosahexaenoyl_gpe_p_18_1_22_6","sample_cohort","PE 40:8"
201,100009376,402,55037,208147,"Lipid","Plasmalogen",2821,"NAMED","UKPNUUDYLNCIOE-IZHHWLPXSA-N","[H][C@](OC(CC/C=C\C/C=C\C/C=C\C/C=C\C/C=C\C/C=C\CC)=O)(COP(OCCN)(O)=O)CO/C=C\CCCCCC/C=C\CCCCCCCC","1-(1-enyl-oleoyl)-2-docosahexaenoyl-GPE (P-18:1/22:6)*","1-(1-enyl-oleoyl)-2-docosahexaenoyl-GPE (P-18:1/22:6)*","PE O-40:8","PE P-18:1_22:6","PE P-18:1/22:6",NA,"24769344","HMDB0011460",NA,"52925039","Pos Late","1_1_enyl_oleoyl_2_docosahexaenoyl_gpe_p_18_1_22_6",902,"1_1_enyl_oleoyl_2_docosahexaenoyl_gpe_p_18_1_22_6","sample_cohort","PE O-18:2(1Z,9Z)/22:6(4Z,7Z,10Z,13Z,16Z,19Z)*"
201,100009376,402,55037,208147,"Lipid","Plasmalogen",2821,"NAMED","UKPNUUDYLNCIOE-IZHHWLPXSA-N","[H][C@](OC(CC/C=C\C/C=C\C/C=C\C/C=C\C/C=C\C/C=C\CC)=O)(COP(OCCN)(O)=O)CO/C=C\CCCCCC/C=C\CCCCCCCC","1-(1-enyl-oleoyl)-2-docosahexaenoyl-GPE (P-18:1/22:6)*","1-(1-enyl-oleoyl)-2-docosahexaenoyl-GPE (P-18:1/22:6)*","PE O-40:8","PE P-18:1_22:6","PE P-18:1/22:6",NA,"24769344","HMDB0011460",NA,"52925039","Pos Late","1_1_enyl_oleoyl_2_docosahexaenoyl_gpe_p_18_1_22_6",902,"1_1_enyl_oleoyl_2_docosahexaenoyl_gpe_p_18_1_22_6","sample_cohort","PE 18:2/22:6"
201,100009376,402,55037,208147,"Lipid","Plasmalogen",2821,"NAMED","UKPNUUDYLNCIOE-IZHHWLPXSA-N","[H][C@](OC(CC/C=C\C/C=C\C/C=C\C/C=C\C/C=C\C/C=C\CC)=O)(COP(OCCN)(O)=O)CO/C=C\CCCCCC/C=C\CCCCCCCC","1-(1-enyl-oleoyl)-2-docosahexaenoyl-GPE (P-18:1/22:6)*","1-(1-enyl-oleoyl)-2-docosahexaenoyl-GPE (P-18:1/22:6)*","PE O-40:8","PE P-18:1_22:6","PE P-18:1/22:6",NA,"24769344","HMDB0011460",NA,"52925039","Pos Late","1_1_enyl_oleoyl_2_docosahexaenoyl_gpe_p_18_1_22_6",902,"1_1_enyl_oleoyl_2_docosahexaenoyl_gpe_p_18_1_22_6","sample_cohort","PE 40:8"
201,100009376,402,55037,208147,"Lipid","Plasmalogen",2821,"NAMED","UKPNUUDYLNCIOE-IZHHWLPXSA-N","[H][C@](OC(CC/C=C\C/C=C\C/C=C\C/C=C\C/C=C\C/C=C\CC)=O)(COP(OCCN)(O)=O)CO/C=C\CCCCCC/C=C\CCCCCCCC","1-(1-enyl-oleoyl)-2-docosahexaenoyl-GPE (P-18:1/22:6)*","1-(1-enyl-oleoyl)-2-docosahexaenoyl-GPE (P-18:1/22:6)*","PE O-40:8","PE P-18:1_22:6","PE P-18:1/22:6",NA,"24769344","HMDB0011460",NA,"52925039","Pos Late","1_1_enyl_oleoyl_2_docosahexaenoyl_gpe_p_18_1_22_6",902,"1_1_enyl_oleoyl_2_docosahexaenoyl_gpe_p_18_1_22_6","sample_cohort","PE O-18:2(1Z,9Z)/22:6(4Z,7Z,10Z,13Z,16Z,19Z)*"
201,100009376,402,55037,208147,"Lipid","Plasmalogen",2821,"NAMED","UKPNUUDYLNCIOE-IZHHWLPXSA-N","[H][C@](OC(CC/C=C\C/C=C\C/C=C\C/C=C\C/C=C\C/C=C\CC)=O)(COP(OCCN)(O)=O)CO/C=C\CCCCCC/C=C\CCCCCCCC","1-(1-enyl-oleoyl)-2-docosahexaenoyl-GPE (P-18:1/22:6)*","1-(1-enyl-oleoyl)-2-docosahexaenoyl-GPE (P-18:1/22:6)*","PE O-40:8","PE P-18:1_22:6","PE P-18:1/22:6",NA,"24769344","HMDB0011460",NA,"52925039","Pos Late","1_1_enyl_oleoyl_2_docosahexaenoyl_gpe_p_18_1_22_6",902,"1_1_enyl_oleoyl_2_docosahexaenoyl_gpe_p_18_1_22_6","sample_cohort","PE P-18:1(9Z)/22:6(4Z,7Z,10Z,13Z,16Z,19Z)"
201,100009376,402,55037,208147,"Lipid","Plasmalogen",2821,"NAMED","UKPNUUDYLNCIOE-IZHHWLPXSA-N","[H][C@](OC(CC/C=C\C/C=C\C/C=C\C/C=C\C/C=C\C/C=C\CC)=O)(COP(OCCN)(O)=O)CO/C=C\CCCCCC/C=C\CCCCCCCC","1-(1-enyl-oleoyl)-2-docosahexaenoyl-GPE (P-18:1/22:6)*","1-(1-enyl-oleoyl)-2-docosahexaenoyl-GPE (P-18:1/22:6)*","PE O-40:8","PE P-18:1_22:6","PE P-18:1/22:6",NA,"24769344","HMDB0011460",NA,"52925039","Pos Late","1_1_enyl_oleoyl_2_docosahexaenoyl_gpe_p_18_1_22_6",902,"1_1_enyl_oleoyl_2_docosahexaenoyl_gpe_p_18_1_22_6","sample_cohort","PE P-18:1(9Z)/22:6(4Z,7Z,10Z,13Z,16Z,19Z)"
201,100009376,402,55037,208147,"Lipid","Plasmalogen",2821,"NAMED","UKPNUUDYLNCIOE-IZHHWLPXSA-N","[H][C@](OC(CC/C=C\C/C=C\C/C=C\C/C=C\C/C=C\C/C=C\CC)=O)(COP(OCCN)(O)=O)CO/C=C\CCCCCC/C=C\CCCCCCCC","1-(1-enyl-oleoyl)-2-docosahexaenoyl-GPE (P-18:1/22:6)*","1-(1-enyl-oleoyl)-2-docosahexaenoyl-GPE (P-18:1/22:6)*","PE O-40:8","PE P-18:1_22:6","PE P-18:1/22:6",NA,"24769344","HMDB0011460",NA,"52925039","Pos Late","1_1_enyl_oleoyl_2_docosahexaenoyl_gpe_p_18_1_22_6",902,"1_1_enyl_oleoyl_2_docosahexaenoyl_gpe_p_18_1_22_6","sample_cohort","PE O-40:8"
201,100009376,402,55037,208147,"Lipid","Plasmalogen",2821,"NAMED","UKPNUUDYLNCIOE-IZHHWLPXSA-N","[H][C@](OC(CC/C=C\C/C=C\C/C=C\C/C=C\C/C=C\C/C=C\CC)=O)(COP(OCCN)(O)=O)CO/C=C\CCCCCC/C=C\CCCCCCCC","1-(1-enyl-oleoyl)-2-docosahexaenoyl-GPE (P-18:1/22:6)*","1-(1-enyl-oleoyl)-2-docosahexaenoyl-GPE (P-18:1/22:6)*","PE O-40:8","PE P-18:1_22:6","PE P-18:1/22:6",NA,"24769344","HMDB0011460",NA,"52925039","Pos Late","1_1_enyl_oleoyl_2_docosahexaenoyl_gpe_p_18_1_22_6",902,"1_1_enyl_oleoyl_2_docosahexaenoyl_gpe_p_18_1_22_6","sample_cohort","PE P-40:7"
201,100009376,402,55037,208147,"Lipid","Plasmalogen",2821,"NAMED","UKPNUUDYLNCIOE-IZHHWLPXSA-N","[H][C@](OC(CC/C=C\C/C=C\C/C=C\C/C=C\C/C=C\C/C=C\CC)=O)(COP(OCCN)(O)=O)CO/C=C\CCCCCC/C=C\CCCCCCCC","1-(1-enyl-oleoyl)-2-docosahexaenoyl-GPE (P-18:1/22:6)*","1-(1-enyl-oleoyl)-2-docosahexaenoyl-GPE (P-18:1/22:6)*","PE O-40:8","PE P-18:1_22:6","PE P-18:1/22:6",NA,"24769344","HMDB0011460",NA,"52925039","Pos Late","1_1_enyl_oleoyl_2_docosahexaenoyl_gpe_p_18_1_22_6",902,"1_1_enyl_oleoyl_2_docosahexaenoyl_gpe_p_18_1_22_6","sample_cohort","PE P-18:1/22:6"
202,100009407,400,53224,178792,"Lipid","Fatty Acid Metabolism (Acyl Carnitine, Dicarboxylate)",1937,"NAMED","NTBUXPPQHCFLOM-UHFFFAOYSA-N","[O-]C(CC(C[N+](C)(C)C)OC(CCCCCC(O)=O)=O)=O","pimeloylcarnitine/3-methyladipoylcarnitine (C7-DC)","pimeloylcarnitine/3-methyladipoylcarnitine (C7-DC)",NA,NA,NA,NA,NA,NA,NA,NA,"Pos Early","pimeloylcarnitine_3_methyladipoylcarnitine_c7_dc",906,"pimeloylcarnitine_3_methyladipoylcarnitine_c7_dc","sample_cohort",NA
203,100010895,400,57554,211532,"Nucleotide","Pyrimidine Metabolism, Cytidine containing",4299,"NAMED","RFCQJGFZUQFYRF-ZOQUXTDFSA-N","O=C1N(C=CC(N)=N1)[C@@H]([C@H](OC)[C@@H]2O)O[C@@H]2CO","2'-O-methylcytidine","2'-O-methylcytidine",NA,NA,NA,"2140-72-9","133067",NA,NA,"150971","Pos Early","2'_o_methylcytidine",911,"2'_o_methylcytidine","sample_cohort","2'-O-Methylcytidine"
204,100010896,209,57655,212709,"Nucleotide","Pyrimidine Metabolism, Uracil containing",4258,"NAMED","SXUXMRMBWZCMEN-ZOQUXTDFSA-N","CO[C@@H]1[C@@H]([C@H](O[C@H]1N2C=CC(NC2=O)=O)CO)O","2'-O-methyluridine","2'-O-methyluridine",NA,NA,NA,"2140-76-3","92343","HMDB0240328",NA,"102212","Neg","2'_o_methyluridine",912,"2'_o_methyluridine","sample_cohort","2'-O-Methyluridine"
204,100010896,209,57655,212709,"Nucleotide","Pyrimidine Metabolism, Uracil containing",4258,"NAMED","SXUXMRMBWZCMEN-ZOQUXTDFSA-N","CO[C@@H]1[C@@H]([C@H](O[C@H]1N2C=CC(NC2=O)=O)CO)O","2'-O-methyluridine","2'-O-methyluridine",NA,NA,NA,"2140-76-3","92343","HMDB0240328",NA,"102212","Neg","2'_o_methyluridine",912,"2'_o_methyluridine","sample_cohort","2'-O-Methyluridine"
204,100010896,209,57655,212709,"Nucleotide","Pyrimidine Metabolism, Uracil containing",4258,"NAMED","SXUXMRMBWZCMEN-ZOQUXTDFSA-N","CO[C@@H]1[C@@H]([C@H](O[C@H]1N2C=CC(NC2=O)=O)CO)O","2'-O-methyluridine","2'-O-methyluridine",NA,NA,NA,"2140-76-3","92343","HMDB0240328",NA,"102212","Neg","2'_o_methyluridine",912,"2'_o_methyluridine","sample_cohort","2'-O-Methyluridine"
204,100010896,209,57655,212709,"Nucleotide","Pyrimidine Metabolism, Uracil containing",4258,"NAMED","SXUXMRMBWZCMEN-ZOQUXTDFSA-N","CO[C@@H]1[C@@H]([C@H](O[C@H]1N2C=CC(NC2=O)=O)CO)O","2'-O-methyluridine","2'-O-methyluridine",NA,NA,NA,"2140-76-3","92343","HMDB0240328",NA,"102212","Neg","2'_o_methyluridine",912,"2'_o_methyluridine","sample_cohort","O-Methyluridine"
205,100010898,209,54924,208318,"Xenobiotics","Food Component/Plant",5010,"NAMED","BDCRTIDKZGEVEN-UHFFFAOYSA-N","O=C1C2=C(O)C=C(OC3C(O)C(O)C(O)C(C(O)=O)O3)C=C2OC(C4=CC=C(O)C=C4)C1","naringenin 7-glucuronide","naringenin 7-glucuronide",NA,NA,NA,NA,NA,NA,NA,NA,"Neg","naringenin 7_glucuronide",913,"naringenin 7_glucuronide","sample_cohort",NA
206,100010926,402,54963,208048,"Lipid","Diacylglycerol",2961,"NAMED","ZDBLXLQFRZTIIU-ZPNZQGKLSA-N","OC[C@](OC(CCCC/C=C/C/C=C\C/C=C\CCCCC)=O)(COC(CCCCCCC/C=C\C/C=C\CCCCC)=O)[H]","linoleoyl-linolenoyl-glycerol (18:2/18:3) [1]*","linoleoyl-linolenoyl-glycerol (18:2/18:3) [1]*","DG 36:5","DG 18:2_18:3","Unknown",NA,NA,"HMDB0007249",NA,"14275409","Pos Late","linoleoyl_linolenoyl_glycerol_18_2_18_3__1",920,"linoleoyl_linolenoyl_glycerol_18_2_18_3__1","sample_cohort","DG 18:2(9Z,12Z)/18:3(6Z,9Z,12Z)/0:0"
206,100010926,402,54963,208048,"Lipid","Diacylglycerol",2961,"NAMED","ZDBLXLQFRZTIIU-ZPNZQGKLSA-N","OC[C@](OC(CCCC/C=C/C/C=C\C/C=C\CCCCC)=O)(COC(CCCCCCC/C=C\C/C=C\CCCCC)=O)[H]","linoleoyl-linolenoyl-glycerol (18:2/18:3) [1]*","linoleoyl-linolenoyl-glycerol (18:2/18:3) [1]*","DG 36:5","DG 18:2_18:3","Unknown",NA,NA,"HMDB0007249",NA,"14275409","Pos Late","linoleoyl_linolenoyl_glycerol_18_2_18_3__1",920,"linoleoyl_linolenoyl_glycerol_18_2_18_3__1","sample_cohort","DG 18:2_18:3"
206,100010926,402,54963,208048,"Lipid","Diacylglycerol",2961,"NAMED","ZDBLXLQFRZTIIU-ZPNZQGKLSA-N","OC[C@](OC(CCCC/C=C/C/C=C\C/C=C\CCCCC)=O)(COC(CCCCCCC/C=C\C/C=C\CCCCC)=O)[H]","linoleoyl-linolenoyl-glycerol (18:2/18:3) [1]*","linoleoyl-linolenoyl-glycerol (18:2/18:3) [1]*","DG 36:5","DG 18:2_18:3","Unknown",NA,NA,"HMDB0007249",NA,"14275409","Pos Late","linoleoyl_linolenoyl_glycerol_18_2_18_3__1",920,"linoleoyl_linolenoyl_glycerol_18_2_18_3__1","sample_cohort","DG 36:5"
206,100010926,402,54963,208048,"Lipid","Diacylglycerol",2961,"NAMED","ZDBLXLQFRZTIIU-ZPNZQGKLSA-N","OC[C@](OC(CCCC/C=C/C/C=C\C/C=C\CCCCC)=O)(COC(CCCCCCC/C=C\C/C=C\CCCCC)=O)[H]","linoleoyl-linolenoyl-glycerol (18:2/18:3) [1]*","linoleoyl-linolenoyl-glycerol (18:2/18:3) [1]*","DG 36:5","DG 18:2_18:3","Unknown",NA,NA,"HMDB0007249",NA,"14275409","Pos Late","linoleoyl_linolenoyl_glycerol_18_2_18_3__1",920,"linoleoyl_linolenoyl_glycerol_18_2_18_3__1","sample_cohort","DG 18:2_18:3"
206,100010926,402,54963,208048,"Lipid","Diacylglycerol",2961,"NAMED","ZDBLXLQFRZTIIU-ZPNZQGKLSA-N","OC[C@](OC(CCCC/C=C/C/C=C\C/C=C\CCCCC)=O)(COC(CCCCCCC/C=C\C/C=C\CCCCC)=O)[H]","linoleoyl-linolenoyl-glycerol (18:2/18:3) [1]*","linoleoyl-linolenoyl-glycerol (18:2/18:3) [1]*","DG 36:5","DG 18:2_18:3","Unknown",NA,NA,"HMDB0007249",NA,"14275409","Pos Late","linoleoyl_linolenoyl_glycerol_18_2_18_3__1",920,"linoleoyl_linolenoyl_glycerol_18_2_18_3__1","sample_cohort","DG 36:5"
207,100010928,402,54949,208034,"Lipid","Diacylglycerol",2973,"NAMED","GPMAAGRGFWBOSO-KLJRXRINSA-N","CCCCC/C=C/C/C=C/CCCCCCCC(OCC(OC(CC/C=C/C/C=C/C/C=C/C/C=C/C/C=C/C/C=C/CC)=O)CO)=O","linoleoyl-docosahexaenoyl-glycerol (18:2/22:6) [1]*","linoleoyl-docosahexaenoyl-glycerol (18:2/22:6) [1]*","DG 40:8","DG 18:2_22:6","Unknown",NA,NA,"HMDB0007266",NA,"9543899","Pos Late","linoleoyl_docosahexaenoyl_glycerol_18_2_22_6__1",922,"linoleoyl_docosahexaenoyl_glycerol_18_2_22_6__1","sample_cohort","DG 18:2(9Z,12Z)/22:6(4Z,7Z,10Z,13Z,16Z,19Z)/0:0*"
207,100010928,402,54949,208034,"Lipid","Diacylglycerol",2973,"NAMED","GPMAAGRGFWBOSO-KLJRXRINSA-N","CCCCC/C=C/C/C=C/CCCCCCCC(OCC(OC(CC/C=C/C/C=C/C/C=C/C/C=C/C/C=C/C/C=C/CC)=O)CO)=O","linoleoyl-docosahexaenoyl-glycerol (18:2/22:6) [1]*","linoleoyl-docosahexaenoyl-glycerol (18:2/22:6) [1]*","DG 40:8","DG 18:2_22:6","Unknown",NA,NA,"HMDB0007266",NA,"9543899","Pos Late","linoleoyl_docosahexaenoyl_glycerol_18_2_22_6__1",922,"linoleoyl_docosahexaenoyl_glycerol_18_2_22_6__1","sample_cohort","DG 18:2_22:6"
207,100010928,402,54949,208034,"Lipid","Diacylglycerol",2973,"NAMED","GPMAAGRGFWBOSO-KLJRXRINSA-N","CCCCC/C=C/C/C=C/CCCCCCCC(OCC(OC(CC/C=C/C/C=C/C/C=C/C/C=C/C/C=C/C/C=C/CC)=O)CO)=O","linoleoyl-docosahexaenoyl-glycerol (18:2/22:6) [1]*","linoleoyl-docosahexaenoyl-glycerol (18:2/22:6) [1]*","DG 40:8","DG 18:2_22:6","Unknown",NA,NA,"HMDB0007266",NA,"9543899","Pos Late","linoleoyl_docosahexaenoyl_glycerol_18_2_22_6__1",922,"linoleoyl_docosahexaenoyl_glycerol_18_2_22_6__1","sample_cohort","DG 18:2_22:6"
207,100010928,402,54949,208034,"Lipid","Diacylglycerol",2973,"NAMED","GPMAAGRGFWBOSO-KLJRXRINSA-N","CCCCC/C=C/C/C=C/CCCCCCCC(OCC(OC(CC/C=C/C/C=C/C/C=C/C/C=C/C/C=C/C/C=C/CC)=O)CO)=O","linoleoyl-docosahexaenoyl-glycerol (18:2/22:6) [1]*","linoleoyl-docosahexaenoyl-glycerol (18:2/22:6) [1]*","DG 40:8","DG 18:2_22:6","Unknown",NA,NA,"HMDB0007266",NA,"9543899","Pos Late","linoleoyl_docosahexaenoyl_glycerol_18_2_22_6__1",922,"linoleoyl_docosahexaenoyl_glycerol_18_2_22_6__1","sample_cohort","DG 40:8"
207,100010928,402,54949,208034,"Lipid","Diacylglycerol",2973,"NAMED","GPMAAGRGFWBOSO-KLJRXRINSA-N","CCCCC/C=C/C/C=C/CCCCCCCC(OCC(OC(CC/C=C/C/C=C/C/C=C/C/C=C/C/C=C/C/C=C/CC)=O)CO)=O","linoleoyl-docosahexaenoyl-glycerol (18:2/22:6) [1]*","linoleoyl-docosahexaenoyl-glycerol (18:2/22:6) [1]*","DG 40:8","DG 18:2_22:6","Unknown",NA,NA,"HMDB0007266",NA,"9543899","Pos Late","linoleoyl_docosahexaenoyl_glycerol_18_2_22_6__1",922,"linoleoyl_docosahexaenoyl_glycerol_18_2_22_6__1","sample_cohort","DG 40:8"
207,100010928,402,54949,208034,"Lipid","Diacylglycerol",2973,"NAMED","GPMAAGRGFWBOSO-KLJRXRINSA-N","CCCCC/C=C/C/C=C/CCCCCCCC(OCC(OC(CC/C=C/C/C=C/C/C=C/C/C=C/C/C=C/C/C=C/CC)=O)CO)=O","linoleoyl-docosahexaenoyl-glycerol (18:2/22:6) [1]*","linoleoyl-docosahexaenoyl-glycerol (18:2/22:6) [1]*","DG 40:8","DG 18:2_22:6","Unknown",NA,NA,"HMDB0007266",NA,"9543899","Pos Late","linoleoyl_docosahexaenoyl_glycerol_18_2_22_6__1",922,"linoleoyl_docosahexaenoyl_glycerol_18_2_22_6__1","sample_cohort","DG 18:2(9Z,12Z)/22:6(4Z,7Z,10Z,13Z,16Z,19Z)/0:0*"
207,100010928,402,54949,208034,"Lipid","Diacylglycerol",2973,"NAMED","GPMAAGRGFWBOSO-KLJRXRINSA-N","CCCCC/C=C/C/C=C/CCCCCCCC(OCC(OC(CC/C=C/C/C=C/C/C=C/C/C=C/C/C=C/C/C=C/CC)=O)CO)=O","linoleoyl-docosahexaenoyl-glycerol (18:2/22:6) [1]*","linoleoyl-docosahexaenoyl-glycerol (18:2/22:6) [1]*","DG 40:8","DG 18:2_22:6","Unknown",NA,NA,"HMDB0007266",NA,"9543899","Pos Late","linoleoyl_docosahexaenoyl_glycerol_18_2_22_6__1",922,"linoleoyl_docosahexaenoyl_glycerol_18_2_22_6__1","sample_cohort","DG 40:8"
207,100010928,402,54949,208034,"Lipid","Diacylglycerol",2973,"NAMED","GPMAAGRGFWBOSO-KLJRXRINSA-N","CCCCC/C=C/C/C=C/CCCCCCCC(OCC(OC(CC/C=C/C/C=C/C/C=C/C/C=C/C/C=C/C/C=C/CC)=O)CO)=O","linoleoyl-docosahexaenoyl-glycerol (18:2/22:6) [1]*","linoleoyl-docosahexaenoyl-glycerol (18:2/22:6) [1]*","DG 40:8","DG 18:2_22:6","Unknown",NA,NA,"HMDB0007266",NA,"9543899","Pos Late","linoleoyl_docosahexaenoyl_glycerol_18_2_22_6__1",922,"linoleoyl_docosahexaenoyl_glycerol_18_2_22_6__1","sample_cohort","DG 18:2/22:6/0:0"
207,100010928,402,54949,208034,"Lipid","Diacylglycerol",2973,"NAMED","GPMAAGRGFWBOSO-KLJRXRINSA-N","CCCCC/C=C/C/C=C/CCCCCCCC(OCC(OC(CC/C=C/C/C=C/C/C=C/C/C=C/C/C=C/C/C=C/CC)=O)CO)=O","linoleoyl-docosahexaenoyl-glycerol (18:2/22:6) [1]*","linoleoyl-docosahexaenoyl-glycerol (18:2/22:6) [1]*","DG 40:8","DG 18:2_22:6","Unknown",NA,NA,"HMDB0007266",NA,"9543899","Pos Late","linoleoyl_docosahexaenoyl_glycerol_18_2_22_6__1",922,"linoleoyl_docosahexaenoyl_glycerol_18_2_22_6__1","sample_cohort","DG 18:2_22:6"
208,100010940,402,54966,208051,"Lipid","Diacylglycerol",2917,"NAMED","BHGPPCIWDXQOMA-HZFIRFLSSA-N","CCCCCC/C=C/CCCCCCCC(OCC(OC(CCCCCCC/C=C/C/C=C/CCCCC)=O)CO)=O","diacylglycerol (16:1/18:2 [2], 16:0/18:3 [1])*","diacylglycerol (16:1/18:2 [2], 16:0/18:3 [1])*","DG 34:3","Unknown","Unknown",NA,NA,NA,NA,NA,"Pos Late","diacylglycerol_16_1_18_2_2_16_0_18_3_1",926,"diacylglycerol_16_1_18_2_2_16_0_18_3_1","sample_cohort",NA
209,100010951,402,54994,208087,"Lipid","Phosphatidylinositol (PI)",2585,"NAMED","SHIZRFSRTKXRQL-XBUMEPTLSA-N","CCCCCCCC/C=C/CCCCCCCC(OCC(OC(CCC/C=C/C/C=C/C/C=C/C/C=C/CCCCC)=O)COP(O)(OC1C(O)C(O)C(O)C(O)C1O)=O)=O","1-oleoyl-2-arachidonoyl-GPI (18:1/20:4)*","1-oleoyl-2-arachidonoyl-GPI (18:1/20:4)*","PI 38:5","PI 18:1_20:4","Unknown",NA,NA,NA,NA,NA,"Pos Late","1_oleoyl_2_arachidonoyl_gpi_18_1_20_4",930,"1_oleoyl_2_arachidonoyl_gpi_18_1_20_4","sample_cohort",NA
210,100010962,402,55007,208108,"Lipid","Lysoplasmalogen",2855,"NAMED","OKXWJISJKQKUTN-OAQYLSRUSA-N","[H][C@](O)(COP(OCCN)(O)=O)COCCCCCCCCCCCCCCCC","1-palmityl-GPE (O-16:0)*","1-palmityl-GPE (O-16:0)*","LPE O-16:0","LPE O-16:0","LPE O-16:0/0:0",NA,"24823080",NA,NA,NA,"Pos Late","1_palmityl_gpe_o_16_0",932,"1_palmityl_gpe_o_16_0","sample_cohort",NA
211,100015586,402,57332,210830,"Lipid","Plasmalogen",2813,"NAMED","WOTHHEHCEYHCFE-LDLOPFEMSA-N","[H][C@](OC(CCCCCCCCCCCCCCC)=O)(COP(OCC[N+](C)(C)C)([O-])=O)COCCCCCCCCCCCCCCCC","1-palmityl-2-palmitoyl-GPC (O-16:0/16:0)*","1-palmityl-2-palmitoyl-GPC (O-16:0/16:0)*","PC O-32:0","PC O-16:0_16:0","PC O-16:0/16:0",NA,"128719",NA,NA,"145911","Pos Late","1_palmityl_2_palmitoyl_gpc_o_16_0_16_0",934,"1_palmityl_2_palmitoyl_gpc_o_16_0_16_0","sample_cohort","PC O-16:0/16:0"
212,100015587,402,57334,210832,"Lipid","Plasmalogen",2820,"NAMED","HJDYJUQFSIJNGA-BGDNETPNSA-N","[H][C@](OC(CCCCC/C=C\C/C=C\C/C=C\C/C=C\C/C=C\CC)=O)(COP(OCC[N+](C)(C)C)([O-])=O)COCCCCCCCCCCCCCCCCCC","1-stearyl-2-docosapentaenoyl-GPC (O-18:0/22:5n3)*","1-stearyl-2-docosapentaenoyl-GPC (O-18:0/22:5n3)*","PC O-40:5","PC O-18:0_22:5(7,10,13,16,19)","PC O-18:0/22:5",NA,"24822902,24822904",NA,NA,"24779340","Pos Late","1_stearyl_2_docosapentaenoyl_gpc_o_18_0_22_5n3",935,"1_stearyl_2_docosapentaenoyl_gpc_o_18_0_22_5n3","sample_cohort",NA
213,100015590,402,57721,213236,"Lipid","Plasmalogen",2851,"NAMED","LMGTVCKIUNTOEP-HJTCUGKVSA-N","[H][C@](OC(CCCCCCC/C=C\C/C=C\CCCCC)=O)(COP(OCC[N+](C)(C)C)([O-])=O)COCCCCCCCCCCCCCCCCCC","1-stearyl-2-linoleoyl-GPC (O-18:0/18:2)*","1-stearyl-2-linoleoyl-GPC (O-18:0/18:2)*","PC O-36:2","PC O-18:0_18:2","PC O-18:0/18:2",NA,"4947110","HMDB0013418",NA,"6443070","Pos Late","1_stearyl_2_linoleoyl_gpc_o_18_0_18_2",936,"1_stearyl_2_linoleoyl_gpc_o_18_0_18_2","sample_cohort","PC O-18:0/18:2(9Z,12Z)*"
213,100015590,402,57721,213236,"Lipid","Plasmalogen",2851,"NAMED","LMGTVCKIUNTOEP-HJTCUGKVSA-N","[H][C@](OC(CCCCCCC/C=C\C/C=C\CCCCC)=O)(COP(OCC[N+](C)(C)C)([O-])=O)COCCCCCCCCCCCCCCCCCC","1-stearyl-2-linoleoyl-GPC (O-18:0/18:2)*","1-stearyl-2-linoleoyl-GPC (O-18:0/18:2)*","PC O-36:2","PC O-18:0_18:2","PC O-18:0/18:2",NA,"4947110","HMDB0013418",NA,"6443070","Pos Late","1_stearyl_2_linoleoyl_gpc_o_18_0_18_2",936,"1_stearyl_2_linoleoyl_gpc_o_18_0_18_2","sample_cohort","PC 18:0/18:2"
213,100015590,402,57721,213236,"Lipid","Plasmalogen",2851,"NAMED","LMGTVCKIUNTOEP-HJTCUGKVSA-N","[H][C@](OC(CCCCCCC/C=C\C/C=C\CCCCC)=O)(COP(OCC[N+](C)(C)C)([O-])=O)COCCCCCCCCCCCCCCCCCC","1-stearyl-2-linoleoyl-GPC (O-18:0/18:2)*","1-stearyl-2-linoleoyl-GPC (O-18:0/18:2)*","PC O-36:2","PC O-18:0_18:2","PC O-18:0/18:2",NA,"4947110","HMDB0013418",NA,"6443070","Pos Late","1_stearyl_2_linoleoyl_gpc_o_18_0_18_2",936,"1_stearyl_2_linoleoyl_gpc_o_18_0_18_2","sample_cohort","PC 36:2"
213,100015590,402,57721,213236,"Lipid","Plasmalogen",2851,"NAMED","LMGTVCKIUNTOEP-HJTCUGKVSA-N","[H][C@](OC(CCCCCCC/C=C\C/C=C\CCCCC)=O)(COP(OCC[N+](C)(C)C)([O-])=O)COCCCCCCCCCCCCCCCCCC","1-stearyl-2-linoleoyl-GPC (O-18:0/18:2)*","1-stearyl-2-linoleoyl-GPC (O-18:0/18:2)*","PC O-36:2","PC O-18:0_18:2","PC O-18:0/18:2",NA,"4947110","HMDB0013418",NA,"6443070","Pos Late","1_stearyl_2_linoleoyl_gpc_o_18_0_18_2",936,"1_stearyl_2_linoleoyl_gpc_o_18_0_18_2","sample_cohort","PC O-36:2"
213,100015590,402,57721,213236,"Lipid","Plasmalogen",2851,"NAMED","LMGTVCKIUNTOEP-HJTCUGKVSA-N","[H][C@](OC(CCCCCCC/C=C\C/C=C\CCCCC)=O)(COP(OCC[N+](C)(C)C)([O-])=O)COCCCCCCCCCCCCCCCCCC","1-stearyl-2-linoleoyl-GPC (O-18:0/18:2)*","1-stearyl-2-linoleoyl-GPC (O-18:0/18:2)*","PC O-36:2","PC O-18:0_18:2","PC O-18:0/18:2",NA,"4947110","HMDB0013418",NA,"6443070","Pos Late","1_stearyl_2_linoleoyl_gpc_o_18_0_18_2",936,"1_stearyl_2_linoleoyl_gpc_o_18_0_18_2","sample_cohort","PC 18:0/18:2"
213,100015590,402,57721,213236,"Lipid","Plasmalogen",2851,"NAMED","LMGTVCKIUNTOEP-HJTCUGKVSA-N","[H][C@](OC(CCCCCCC/C=C\C/C=C\CCCCC)=O)(COP(OCC[N+](C)(C)C)([O-])=O)COCCCCCCCCCCCCCCCCCC","1-stearyl-2-linoleoyl-GPC (O-18:0/18:2)*","1-stearyl-2-linoleoyl-GPC (O-18:0/18:2)*","PC O-36:2","PC O-18:0_18:2","PC O-18:0/18:2",NA,"4947110","HMDB0013418",NA,"6443070","Pos Late","1_stearyl_2_linoleoyl_gpc_o_18_0_18_2",936,"1_stearyl_2_linoleoyl_gpc_o_18_0_18_2","sample_cohort","PC 36:2"
213,100015590,402,57721,213236,"Lipid","Plasmalogen",2851,"NAMED","LMGTVCKIUNTOEP-HJTCUGKVSA-N","[H][C@](OC(CCCCCCC/C=C\C/C=C\CCCCC)=O)(COP(OCC[N+](C)(C)C)([O-])=O)COCCCCCCCCCCCCCCCCCC","1-stearyl-2-linoleoyl-GPC (O-18:0/18:2)*","1-stearyl-2-linoleoyl-GPC (O-18:0/18:2)*","PC O-36:2","PC O-18:0_18:2","PC O-18:0/18:2",NA,"4947110","HMDB0013418",NA,"6443070","Pos Late","1_stearyl_2_linoleoyl_gpc_o_18_0_18_2",936,"1_stearyl_2_linoleoyl_gpc_o_18_0_18_2","sample_cohort","PC O-36:2"
213,100015590,402,57721,213236,"Lipid","Plasmalogen",2851,"NAMED","LMGTVCKIUNTOEP-HJTCUGKVSA-N","[H][C@](OC(CCCCCCC/C=C\C/C=C\CCCCC)=O)(COP(OCC[N+](C)(C)C)([O-])=O)COCCCCCCCCCCCCCCCCCC","1-stearyl-2-linoleoyl-GPC (O-18:0/18:2)*","1-stearyl-2-linoleoyl-GPC (O-18:0/18:2)*","PC O-36:2","PC O-18:0_18:2","PC O-18:0/18:2",NA,"4947110","HMDB0013418",NA,"6443070","Pos Late","1_stearyl_2_linoleoyl_gpc_o_18_0_18_2",936,"1_stearyl_2_linoleoyl_gpc_o_18_0_18_2","sample_cohort","PC 18:0/18:2"
213,100015590,402,57721,213236,"Lipid","Plasmalogen",2851,"NAMED","LMGTVCKIUNTOEP-HJTCUGKVSA-N","[H][C@](OC(CCCCCCC/C=C\C/C=C\CCCCC)=O)(COP(OCC[N+](C)(C)C)([O-])=O)COCCCCCCCCCCCCCCCCCC","1-stearyl-2-linoleoyl-GPC (O-18:0/18:2)*","1-stearyl-2-linoleoyl-GPC (O-18:0/18:2)*","PC O-36:2","PC O-18:0_18:2","PC O-18:0/18:2",NA,"4947110","HMDB0013418",NA,"6443070","Pos Late","1_stearyl_2_linoleoyl_gpc_o_18_0_18_2",936,"1_stearyl_2_linoleoyl_gpc_o_18_0_18_2","sample_cohort","PC 36:2"
213,100015590,402,57721,213236,"Lipid","Plasmalogen",2851,"NAMED","LMGTVCKIUNTOEP-HJTCUGKVSA-N","[H][C@](OC(CCCCCCC/C=C\C/C=C\CCCCC)=O)(COP(OCC[N+](C)(C)C)([O-])=O)COCCCCCCCCCCCCCCCCCC","1-stearyl-2-linoleoyl-GPC (O-18:0/18:2)*","1-stearyl-2-linoleoyl-GPC (O-18:0/18:2)*","PC O-36:2","PC O-18:0_18:2","PC O-18:0/18:2",NA,"4947110","HMDB0013418",NA,"6443070","Pos Late","1_stearyl_2_linoleoyl_gpc_o_18_0_18_2",936,"1_stearyl_2_linoleoyl_gpc_o_18_0_18_2","sample_cohort","PC O-36:2"
213,100015590,402,57721,213236,"Lipid","Plasmalogen",2851,"NAMED","LMGTVCKIUNTOEP-HJTCUGKVSA-N","[H][C@](OC(CCCCCCC/C=C\C/C=C\CCCCC)=O)(COP(OCC[N+](C)(C)C)([O-])=O)COCCCCCCCCCCCCCCCCCC","1-stearyl-2-linoleoyl-GPC (O-18:0/18:2)*","1-stearyl-2-linoleoyl-GPC (O-18:0/18:2)*","PC O-36:2","PC O-18:0_18:2","PC O-18:0/18:2",NA,"4947110","HMDB0013418",NA,"6443070","Pos Late","1_stearyl_2_linoleoyl_gpc_o_18_0_18_2",936,"1_stearyl_2_linoleoyl_gpc_o_18_0_18_2","sample_cohort","PC O-18:0/18:2"
214,100015592,402,57337,210838,"Lipid","Phosphatidylethanolamine (PE)",2463,"NAMED","KYERVKWKQQBRQB-DHZXAVNCSA-N","CCCCCCCCCCCCCCCCCC(OC[C@H](COP(O)(OCCN)=O)OC(CCCCC/C=C\C/C=C\C/C=C\C/C=C\C/C=C/CC)=O)=O","1-stearoyl-2-docosapentaenoyl-GPE (18:0/22:5n3)*","1-stearoyl-2-docosapentaenoyl-GPE (18:0/22:5n3)*","PE 40:5","PE 18:0_22:5(7,10,13,16,19)","Unknown",NA,NA,"HMDB0009011",NA,"53479612","Pos Late","1_stearoyl_2_docosapentaenoyl_gpe_18_0_22_5n3",937,"1_stearoyl_2_docosapentaenoyl_gpe_18_0_22_5n3","sample_cohort","PE 18:0/22:5"
214,100015592,402,57337,210838,"Lipid","Phosphatidylethanolamine (PE)",2463,"NAMED","KYERVKWKQQBRQB-DHZXAVNCSA-N","CCCCCCCCCCCCCCCCCC(OC[C@H](COP(O)(OCCN)=O)OC(CCCCC/C=C\C/C=C\C/C=C\C/C=C\C/C=C/CC)=O)=O","1-stearoyl-2-docosapentaenoyl-GPE (18:0/22:5n3)*","1-stearoyl-2-docosapentaenoyl-GPE (18:0/22:5n3)*","PE 40:5","PE 18:0_22:5(7,10,13,16,19)","Unknown",NA,NA,"HMDB0009011",NA,"53479612","Pos Late","1_stearoyl_2_docosapentaenoyl_gpe_18_0_22_5n3",937,"1_stearoyl_2_docosapentaenoyl_gpe_18_0_22_5n3","sample_cohort","PE 18:0/22:5"
214,100015592,402,57337,210838,"Lipid","Phosphatidylethanolamine (PE)",2463,"NAMED","KYERVKWKQQBRQB-DHZXAVNCSA-N","CCCCCCCCCCCCCCCCCC(OC[C@H](COP(O)(OCCN)=O)OC(CCCCC/C=C\C/C=C\C/C=C\C/C=C\C/C=C/CC)=O)=O","1-stearoyl-2-docosapentaenoyl-GPE (18:0/22:5n3)*","1-stearoyl-2-docosapentaenoyl-GPE (18:0/22:5n3)*","PE 40:5","PE 18:0_22:5(7,10,13,16,19)","Unknown",NA,NA,"HMDB0009011",NA,"53479612","Pos Late","1_stearoyl_2_docosapentaenoyl_gpe_18_0_22_5n3",937,"1_stearoyl_2_docosapentaenoyl_gpe_18_0_22_5n3","sample_cohort","PE 40:5"
214,100015592,402,57337,210838,"Lipid","Phosphatidylethanolamine (PE)",2463,"NAMED","KYERVKWKQQBRQB-DHZXAVNCSA-N","CCCCCCCCCCCCCCCCCC(OC[C@H](COP(O)(OCCN)=O)OC(CCCCC/C=C\C/C=C\C/C=C\C/C=C\C/C=C/CC)=O)=O","1-stearoyl-2-docosapentaenoyl-GPE (18:0/22:5n3)*","1-stearoyl-2-docosapentaenoyl-GPE (18:0/22:5n3)*","PE 40:5","PE 18:0_22:5(7,10,13,16,19)","Unknown",NA,NA,"HMDB0009011",NA,"53479612","Pos Late","1_stearoyl_2_docosapentaenoyl_gpe_18_0_22_5n3",937,"1_stearoyl_2_docosapentaenoyl_gpe_18_0_22_5n3","sample_cohort","PE 40:5"
214,100015592,402,57337,210838,"Lipid","Phosphatidylethanolamine (PE)",2463,"NAMED","KYERVKWKQQBRQB-DHZXAVNCSA-N","CCCCCCCCCCCCCCCCCC(OC[C@H](COP(O)(OCCN)=O)OC(CCCCC/C=C\C/C=C\C/C=C\C/C=C\C/C=C/CC)=O)=O","1-stearoyl-2-docosapentaenoyl-GPE (18:0/22:5n3)*","1-stearoyl-2-docosapentaenoyl-GPE (18:0/22:5n3)*","PE 40:5","PE 18:0_22:5(7,10,13,16,19)","Unknown",NA,NA,"HMDB0009011",NA,"53479612","Pos Late","1_stearoyl_2_docosapentaenoyl_gpe_18_0_22_5n3",937,"1_stearoyl_2_docosapentaenoyl_gpe_18_0_22_5n3","sample_cohort","PE 18:0/22:5"
214,100015592,402,57337,210838,"Lipid","Phosphatidylethanolamine (PE)",2463,"NAMED","KYERVKWKQQBRQB-DHZXAVNCSA-N","CCCCCCCCCCCCCCCCCC(OC[C@H](COP(O)(OCCN)=O)OC(CCCCC/C=C\C/C=C\C/C=C\C/C=C\C/C=C/CC)=O)=O","1-stearoyl-2-docosapentaenoyl-GPE (18:0/22:5n3)*","1-stearoyl-2-docosapentaenoyl-GPE (18:0/22:5n3)*","PE 40:5","PE 18:0_22:5(7,10,13,16,19)","Unknown",NA,NA,"HMDB0009011",NA,"53479612","Pos Late","1_stearoyl_2_docosapentaenoyl_gpe_18_0_22_5n3",937,"1_stearoyl_2_docosapentaenoyl_gpe_18_0_22_5n3","sample_cohort","PE 18:0/22:5"
214,100015592,402,57337,210838,"Lipid","Phosphatidylethanolamine (PE)",2463,"NAMED","KYERVKWKQQBRQB-DHZXAVNCSA-N","CCCCCCCCCCCCCCCCCC(OC[C@H](COP(O)(OCCN)=O)OC(CCCCC/C=C\C/C=C\C/C=C\C/C=C\C/C=C/CC)=O)=O","1-stearoyl-2-docosapentaenoyl-GPE (18:0/22:5n3)*","1-stearoyl-2-docosapentaenoyl-GPE (18:0/22:5n3)*","PE 40:5","PE 18:0_22:5(7,10,13,16,19)","Unknown",NA,NA,"HMDB0009011",NA,"53479612","Pos Late","1_stearoyl_2_docosapentaenoyl_gpe_18_0_22_5n3",937,"1_stearoyl_2_docosapentaenoyl_gpe_18_0_22_5n3","sample_cohort","PE 40:5"
214,100015592,402,57337,210838,"Lipid","Phosphatidylethanolamine (PE)",2463,"NAMED","KYERVKWKQQBRQB-DHZXAVNCSA-N","CCCCCCCCCCCCCCCCCC(OC[C@H](COP(O)(OCCN)=O)OC(CCCCC/C=C\C/C=C\C/C=C\C/C=C\C/C=C/CC)=O)=O","1-stearoyl-2-docosapentaenoyl-GPE (18:0/22:5n3)*","1-stearoyl-2-docosapentaenoyl-GPE (18:0/22:5n3)*","PE 40:5","PE 18:0_22:5(7,10,13,16,19)","Unknown",NA,NA,"HMDB0009011",NA,"53479612","Pos Late","1_stearoyl_2_docosapentaenoyl_gpe_18_0_22_5n3",937,"1_stearoyl_2_docosapentaenoyl_gpe_18_0_22_5n3","sample_cohort","PE 40:5"
214,100015592,402,57337,210838,"Lipid","Phosphatidylethanolamine (PE)",2463,"NAMED","KYERVKWKQQBRQB-DHZXAVNCSA-N","CCCCCCCCCCCCCCCCCC(OC[C@H](COP(O)(OCCN)=O)OC(CCCCC/C=C\C/C=C\C/C=C\C/C=C\C/C=C/CC)=O)=O","1-stearoyl-2-docosapentaenoyl-GPE (18:0/22:5n3)*","1-stearoyl-2-docosapentaenoyl-GPE (18:0/22:5n3)*","PE 40:5","PE 18:0_22:5(7,10,13,16,19)","Unknown",NA,NA,"HMDB0009011",NA,"53479612","Pos Late","1_stearoyl_2_docosapentaenoyl_gpe_18_0_22_5n3",937,"1_stearoyl_2_docosapentaenoyl_gpe_18_0_22_5n3","sample_cohort","PE 18:0/22:5(7Z,10Z,13Z,16Z,19Z)*"
215,100015593,402,57338,210839,"Lipid","Phosphatidylethanolamine (PE)",2464,"NAMED","DPRXQVIZBLENFV-UFHXWEBOSA-N","CCCCCCCCCCCCCCCCCC(OCC(OC(CC/C=C/C/C=C/C/C=C/C/C=C/C/C=C/CCCCC)=O)COP(O)(OCCN)=O)=O","1-stearoyl-2-docosapentaenoyl-GPE (18:0/22:5n6)*","1-stearoyl-2-docosapentaenoyl-GPE (18:0/22:5n6)*","PE 40:5","PE 18:0_22:5(4,7,10,13,16)","Unknown",NA,NA,"HMDB0009010",NA,"53479611","Pos Late","1_stearoyl_2_docosapentaenoyl_gpe_18_0_22_5n6",938,"1_stearoyl_2_docosapentaenoyl_gpe_18_0_22_5n6","sample_cohort","PE 18:0/22:5(4Z,7Z,10Z,13Z,16Z)"
215,100015593,402,57338,210839,"Lipid","Phosphatidylethanolamine (PE)",2464,"NAMED","DPRXQVIZBLENFV-UFHXWEBOSA-N","CCCCCCCCCCCCCCCCCC(OCC(OC(CC/C=C/C/C=C/C/C=C/C/C=C/C/C=C/CCCCC)=O)COP(O)(OCCN)=O)=O","1-stearoyl-2-docosapentaenoyl-GPE (18:0/22:5n6)*","1-stearoyl-2-docosapentaenoyl-GPE (18:0/22:5n6)*","PE 40:5","PE 18:0_22:5(4,7,10,13,16)","Unknown",NA,NA,"HMDB0009010",NA,"53479611","Pos Late","1_stearoyl_2_docosapentaenoyl_gpe_18_0_22_5n6",938,"1_stearoyl_2_docosapentaenoyl_gpe_18_0_22_5n6","sample_cohort","PE 18:0/22:5"
215,100015593,402,57338,210839,"Lipid","Phosphatidylethanolamine (PE)",2464,"NAMED","DPRXQVIZBLENFV-UFHXWEBOSA-N","CCCCCCCCCCCCCCCCCC(OCC(OC(CC/C=C/C/C=C/C/C=C/C/C=C/C/C=C/CCCCC)=O)COP(O)(OCCN)=O)=O","1-stearoyl-2-docosapentaenoyl-GPE (18:0/22:5n6)*","1-stearoyl-2-docosapentaenoyl-GPE (18:0/22:5n6)*","PE 40:5","PE 18:0_22:5(4,7,10,13,16)","Unknown",NA,NA,"HMDB0009010",NA,"53479611","Pos Late","1_stearoyl_2_docosapentaenoyl_gpe_18_0_22_5n6",938,"1_stearoyl_2_docosapentaenoyl_gpe_18_0_22_5n6","sample_cohort","PE 18:0/22:5"
215,100015593,402,57338,210839,"Lipid","Phosphatidylethanolamine (PE)",2464,"NAMED","DPRXQVIZBLENFV-UFHXWEBOSA-N","CCCCCCCCCCCCCCCCCC(OCC(OC(CC/C=C/C/C=C/C/C=C/C/C=C/C/C=C/CCCCC)=O)COP(O)(OCCN)=O)=O","1-stearoyl-2-docosapentaenoyl-GPE (18:0/22:5n6)*","1-stearoyl-2-docosapentaenoyl-GPE (18:0/22:5n6)*","PE 40:5","PE 18:0_22:5(4,7,10,13,16)","Unknown",NA,NA,"HMDB0009010",NA,"53479611","Pos Late","1_stearoyl_2_docosapentaenoyl_gpe_18_0_22_5n6",938,"1_stearoyl_2_docosapentaenoyl_gpe_18_0_22_5n6","sample_cohort","PE 40:5"
215,100015593,402,57338,210839,"Lipid","Phosphatidylethanolamine (PE)",2464,"NAMED","DPRXQVIZBLENFV-UFHXWEBOSA-N","CCCCCCCCCCCCCCCCCC(OCC(OC(CC/C=C/C/C=C/C/C=C/C/C=C/C/C=C/CCCCC)=O)COP(O)(OCCN)=O)=O","1-stearoyl-2-docosapentaenoyl-GPE (18:0/22:5n6)*","1-stearoyl-2-docosapentaenoyl-GPE (18:0/22:5n6)*","PE 40:5","PE 18:0_22:5(4,7,10,13,16)","Unknown",NA,NA,"HMDB0009010",NA,"53479611","Pos Late","1_stearoyl_2_docosapentaenoyl_gpe_18_0_22_5n6",938,"1_stearoyl_2_docosapentaenoyl_gpe_18_0_22_5n6","sample_cohort","PE 40:5"
215,100015593,402,57338,210839,"Lipid","Phosphatidylethanolamine (PE)",2464,"NAMED","DPRXQVIZBLENFV-UFHXWEBOSA-N","CCCCCCCCCCCCCCCCCC(OCC(OC(CC/C=C/C/C=C/C/C=C/C/C=C/C/C=C/CCCCC)=O)COP(O)(OCCN)=O)=O","1-stearoyl-2-docosapentaenoyl-GPE (18:0/22:5n6)*","1-stearoyl-2-docosapentaenoyl-GPE (18:0/22:5n6)*","PE 40:5","PE 18:0_22:5(4,7,10,13,16)","Unknown",NA,NA,"HMDB0009010",NA,"53479611","Pos Late","1_stearoyl_2_docosapentaenoyl_gpe_18_0_22_5n6",938,"1_stearoyl_2_docosapentaenoyl_gpe_18_0_22_5n6","sample_cohort","PE 18:0/22:5"
215,100015593,402,57338,210839,"Lipid","Phosphatidylethanolamine (PE)",2464,"NAMED","DPRXQVIZBLENFV-UFHXWEBOSA-N","CCCCCCCCCCCCCCCCCC(OCC(OC(CC/C=C/C/C=C/C/C=C/C/C=C/C/C=C/CCCCC)=O)COP(O)(OCCN)=O)=O","1-stearoyl-2-docosapentaenoyl-GPE (18:0/22:5n6)*","1-stearoyl-2-docosapentaenoyl-GPE (18:0/22:5n6)*","PE 40:5","PE 18:0_22:5(4,7,10,13,16)","Unknown",NA,NA,"HMDB0009010",NA,"53479611","Pos Late","1_stearoyl_2_docosapentaenoyl_gpe_18_0_22_5n6",938,"1_stearoyl_2_docosapentaenoyl_gpe_18_0_22_5n6","sample_cohort","PE 18:0/22:5"
215,100015593,402,57338,210839,"Lipid","Phosphatidylethanolamine (PE)",2464,"NAMED","DPRXQVIZBLENFV-UFHXWEBOSA-N","CCCCCCCCCCCCCCCCCC(OCC(OC(CC/C=C/C/C=C/C/C=C/C/C=C/C/C=C/CCCCC)=O)COP(O)(OCCN)=O)=O","1-stearoyl-2-docosapentaenoyl-GPE (18:0/22:5n6)*","1-stearoyl-2-docosapentaenoyl-GPE (18:0/22:5n6)*","PE 40:5","PE 18:0_22:5(4,7,10,13,16)","Unknown",NA,NA,"HMDB0009010",NA,"53479611","Pos Late","1_stearoyl_2_docosapentaenoyl_gpe_18_0_22_5n6",938,"1_stearoyl_2_docosapentaenoyl_gpe_18_0_22_5n6","sample_cohort","PE 40:5"
215,100015593,402,57338,210839,"Lipid","Phosphatidylethanolamine (PE)",2464,"NAMED","DPRXQVIZBLENFV-UFHXWEBOSA-N","CCCCCCCCCCCCCCCCCC(OCC(OC(CC/C=C/C/C=C/C/C=C/C/C=C/C/C=C/CCCCC)=O)COP(O)(OCCN)=O)=O","1-stearoyl-2-docosapentaenoyl-GPE (18:0/22:5n6)*","1-stearoyl-2-docosapentaenoyl-GPE (18:0/22:5n6)*","PE 40:5","PE 18:0_22:5(4,7,10,13,16)","Unknown",NA,NA,"HMDB0009010",NA,"53479611","Pos Late","1_stearoyl_2_docosapentaenoyl_gpe_18_0_22_5n6",938,"1_stearoyl_2_docosapentaenoyl_gpe_18_0_22_5n6","sample_cohort","PE 40:5"
215,100015593,402,57338,210839,"Lipid","Phosphatidylethanolamine (PE)",2464,"NAMED","DPRXQVIZBLENFV-UFHXWEBOSA-N","CCCCCCCCCCCCCCCCCC(OCC(OC(CC/C=C/C/C=C/C/C=C/C/C=C/C/C=C/CCCCC)=O)COP(O)(OCCN)=O)=O","1-stearoyl-2-docosapentaenoyl-GPE (18:0/22:5n6)*","1-stearoyl-2-docosapentaenoyl-GPE (18:0/22:5n6)*","PE 40:5","PE 18:0_22:5(4,7,10,13,16)","Unknown",NA,NA,"HMDB0009010",NA,"53479611","Pos Late","1_stearoyl_2_docosapentaenoyl_gpe_18_0_22_5n6",938,"1_stearoyl_2_docosapentaenoyl_gpe_18_0_22_5n6","sample_cohort","PE 18:0/22:5"
215,100015593,402,57338,210839,"Lipid","Phosphatidylethanolamine (PE)",2464,"NAMED","DPRXQVIZBLENFV-UFHXWEBOSA-N","CCCCCCCCCCCCCCCCCC(OCC(OC(CC/C=C/C/C=C/C/C=C/C/C=C/C/C=C/CCCCC)=O)COP(O)(OCCN)=O)=O","1-stearoyl-2-docosapentaenoyl-GPE (18:0/22:5n6)*","1-stearoyl-2-docosapentaenoyl-GPE (18:0/22:5n6)*","PE 40:5","PE 18:0_22:5(4,7,10,13,16)","Unknown",NA,NA,"HMDB0009010",NA,"53479611","Pos Late","1_stearoyl_2_docosapentaenoyl_gpe_18_0_22_5n6",938,"1_stearoyl_2_docosapentaenoyl_gpe_18_0_22_5n6","sample_cohort","PE 40:5"
216,100015594,402,57339,210840,"Lipid","Phosphatidylethanolamine (PE)",2462,"NAMED","HNFSZKRUPTYBOQ-ZDYOIFAYSA-N","O=C(CCCCCCCCCCCCCCCCC)OC[C@]([H])(COP(OCCN)(O)=O)OC(CCCCC/C=C\C/C=C\C/C=C\C/C=C\CCCCC)=O","1-stearoyl-2-adrenoyl-GPE (18:0/22:4)*","1-stearoyl-2-adrenoyl-GPE (18:0/22:4)*","PE 40:4","PE 18:0_22:4","Unknown","131350-53-3","24768484","HMDB0009009",NA,"52924901","Pos Late","1_stearoyl_2_adrenoyl_gpe_18_0_22_4",939,"1_stearoyl_2_adrenoyl_gpe_18_0_22_4","sample_cohort","PE 18:0/22:4(7Z,10Z,13Z,16Z)"
216,100015594,402,57339,210840,"Lipid","Phosphatidylethanolamine (PE)",2462,"NAMED","HNFSZKRUPTYBOQ-ZDYOIFAYSA-N","O=C(CCCCCCCCCCCCCCCCC)OC[C@]([H])(COP(OCCN)(O)=O)OC(CCCCC/C=C\C/C=C\C/C=C\C/C=C\CCCCC)=O","1-stearoyl-2-adrenoyl-GPE (18:0/22:4)*","1-stearoyl-2-adrenoyl-GPE (18:0/22:4)*","PE 40:4","PE 18:0_22:4","Unknown","131350-53-3","24768484","HMDB0009009",NA,"52924901","Pos Late","1_stearoyl_2_adrenoyl_gpe_18_0_22_4",939,"1_stearoyl_2_adrenoyl_gpe_18_0_22_4","sample_cohort","PE 18:0/22:4(7Z,10Z,13Z,16Z)"
216,100015594,402,57339,210840,"Lipid","Phosphatidylethanolamine (PE)",2462,"NAMED","HNFSZKRUPTYBOQ-ZDYOIFAYSA-N","O=C(CCCCCCCCCCCCCCCCC)OC[C@]([H])(COP(OCCN)(O)=O)OC(CCCCC/C=C\C/C=C\C/C=C\C/C=C\CCCCC)=O","1-stearoyl-2-adrenoyl-GPE (18:0/22:4)*","1-stearoyl-2-adrenoyl-GPE (18:0/22:4)*","PE 40:4","PE 18:0_22:4","Unknown","131350-53-3","24768484","HMDB0009009",NA,"52924901","Pos Late","1_stearoyl_2_adrenoyl_gpe_18_0_22_4",939,"1_stearoyl_2_adrenoyl_gpe_18_0_22_4","sample_cohort","PE 18:0/22:4(7Z,10Z,13Z,16Z)"
216,100015594,402,57339,210840,"Lipid","Phosphatidylethanolamine (PE)",2462,"NAMED","HNFSZKRUPTYBOQ-ZDYOIFAYSA-N","O=C(CCCCCCCCCCCCCCCCC)OC[C@]([H])(COP(OCCN)(O)=O)OC(CCCCC/C=C\C/C=C\C/C=C\C/C=C\CCCCC)=O","1-stearoyl-2-adrenoyl-GPE (18:0/22:4)*","1-stearoyl-2-adrenoyl-GPE (18:0/22:4)*","PE 40:4","PE 18:0_22:4","Unknown","131350-53-3","24768484","HMDB0009009",NA,"52924901","Pos Late","1_stearoyl_2_adrenoyl_gpe_18_0_22_4",939,"1_stearoyl_2_adrenoyl_gpe_18_0_22_4","sample_cohort","PE 18:0/22:4"
216,100015594,402,57339,210840,"Lipid","Phosphatidylethanolamine (PE)",2462,"NAMED","HNFSZKRUPTYBOQ-ZDYOIFAYSA-N","O=C(CCCCCCCCCCCCCCCCC)OC[C@]([H])(COP(OCCN)(O)=O)OC(CCCCC/C=C\C/C=C\C/C=C\C/C=C\CCCCC)=O","1-stearoyl-2-adrenoyl-GPE (18:0/22:4)*","1-stearoyl-2-adrenoyl-GPE (18:0/22:4)*","PE 40:4","PE 18:0_22:4","Unknown","131350-53-3","24768484","HMDB0009009",NA,"52924901","Pos Late","1_stearoyl_2_adrenoyl_gpe_18_0_22_4",939,"1_stearoyl_2_adrenoyl_gpe_18_0_22_4","sample_cohort","PE 40:4"
216,100015594,402,57339,210840,"Lipid","Phosphatidylethanolamine (PE)",2462,"NAMED","HNFSZKRUPTYBOQ-ZDYOIFAYSA-N","O=C(CCCCCCCCCCCCCCCCC)OC[C@]([H])(COP(OCCN)(O)=O)OC(CCCCC/C=C\C/C=C\C/C=C\C/C=C\CCCCC)=O","1-stearoyl-2-adrenoyl-GPE (18:0/22:4)*","1-stearoyl-2-adrenoyl-GPE (18:0/22:4)*","PE 40:4","PE 18:0_22:4","Unknown","131350-53-3","24768484","HMDB0009009",NA,"52924901","Pos Late","1_stearoyl_2_adrenoyl_gpe_18_0_22_4",939,"1_stearoyl_2_adrenoyl_gpe_18_0_22_4","sample_cohort","PE 18:0/22:4"
216,100015594,402,57339,210840,"Lipid","Phosphatidylethanolamine (PE)",2462,"NAMED","HNFSZKRUPTYBOQ-ZDYOIFAYSA-N","O=C(CCCCCCCCCCCCCCCCC)OC[C@]([H])(COP(OCCN)(O)=O)OC(CCCCC/C=C\C/C=C\C/C=C\C/C=C\CCCCC)=O","1-stearoyl-2-adrenoyl-GPE (18:0/22:4)*","1-stearoyl-2-adrenoyl-GPE (18:0/22:4)*","PE 40:4","PE 18:0_22:4","Unknown","131350-53-3","24768484","HMDB0009009",NA,"52924901","Pos Late","1_stearoyl_2_adrenoyl_gpe_18_0_22_4",939,"1_stearoyl_2_adrenoyl_gpe_18_0_22_4","sample_cohort","PE 40:4"
216,100015594,402,57339,210840,"Lipid","Phosphatidylethanolamine (PE)",2462,"NAMED","HNFSZKRUPTYBOQ-ZDYOIFAYSA-N","O=C(CCCCCCCCCCCCCCCCC)OC[C@]([H])(COP(OCCN)(O)=O)OC(CCCCC/C=C\C/C=C\C/C=C\C/C=C\CCCCC)=O","1-stearoyl-2-adrenoyl-GPE (18:0/22:4)*","1-stearoyl-2-adrenoyl-GPE (18:0/22:4)*","PE 40:4","PE 18:0_22:4","Unknown","131350-53-3","24768484","HMDB0009009",NA,"52924901","Pos Late","1_stearoyl_2_adrenoyl_gpe_18_0_22_4",939,"1_stearoyl_2_adrenoyl_gpe_18_0_22_4","sample_cohort","PE 18:0/22:4(7Z,10Z,13Z,16Z)"
216,100015594,402,57339,210840,"Lipid","Phosphatidylethanolamine (PE)",2462,"NAMED","HNFSZKRUPTYBOQ-ZDYOIFAYSA-N","O=C(CCCCCCCCCCCCCCCCC)OC[C@]([H])(COP(OCCN)(O)=O)OC(CCCCC/C=C\C/C=C\C/C=C\C/C=C\CCCCC)=O","1-stearoyl-2-adrenoyl-GPE (18:0/22:4)*","1-stearoyl-2-adrenoyl-GPE (18:0/22:4)*","PE 40:4","PE 18:0_22:4","Unknown","131350-53-3","24768484","HMDB0009009",NA,"52924901","Pos Late","1_stearoyl_2_adrenoyl_gpe_18_0_22_4",939,"1_stearoyl_2_adrenoyl_gpe_18_0_22_4","sample_cohort","PE 18:0/22:4(7Z,10Z,13Z,16Z)"
216,100015594,402,57339,210840,"Lipid","Phosphatidylethanolamine (PE)",2462,"NAMED","HNFSZKRUPTYBOQ-ZDYOIFAYSA-N","O=C(CCCCCCCCCCCCCCCCC)OC[C@]([H])(COP(OCCN)(O)=O)OC(CCCCC/C=C\C/C=C\C/C=C\C/C=C\CCCCC)=O","1-stearoyl-2-adrenoyl-GPE (18:0/22:4)*","1-stearoyl-2-adrenoyl-GPE (18:0/22:4)*","PE 40:4","PE 18:0_22:4","Unknown","131350-53-3","24768484","HMDB0009009",NA,"52924901","Pos Late","1_stearoyl_2_adrenoyl_gpe_18_0_22_4",939,"1_stearoyl_2_adrenoyl_gpe_18_0_22_4","sample_cohort","PE 18:0/22:4(7Z,10Z,13Z,16Z)"
216,100015594,402,57339,210840,"Lipid","Phosphatidylethanolamine (PE)",2462,"NAMED","HNFSZKRUPTYBOQ-ZDYOIFAYSA-N","O=C(CCCCCCCCCCCCCCCCC)OC[C@]([H])(COP(OCCN)(O)=O)OC(CCCCC/C=C\C/C=C\C/C=C\C/C=C\CCCCC)=O","1-stearoyl-2-adrenoyl-GPE (18:0/22:4)*","1-stearoyl-2-adrenoyl-GPE (18:0/22:4)*","PE 40:4","PE 18:0_22:4","Unknown","131350-53-3","24768484","HMDB0009009",NA,"52924901","Pos Late","1_stearoyl_2_adrenoyl_gpe_18_0_22_4",939,"1_stearoyl_2_adrenoyl_gpe_18_0_22_4","sample_cohort","PE 40:4"
216,100015594,402,57339,210840,"Lipid","Phosphatidylethanolamine (PE)",2462,"NAMED","HNFSZKRUPTYBOQ-ZDYOIFAYSA-N","O=C(CCCCCCCCCCCCCCCCC)OC[C@]([H])(COP(OCCN)(O)=O)OC(CCCCC/C=C\C/C=C\C/C=C\C/C=C\CCCCC)=O","1-stearoyl-2-adrenoyl-GPE (18:0/22:4)*","1-stearoyl-2-adrenoyl-GPE (18:0/22:4)*","PE 40:4","PE 18:0_22:4","Unknown","131350-53-3","24768484","HMDB0009009",NA,"52924901","Pos Late","1_stearoyl_2_adrenoyl_gpe_18_0_22_4",939,"1_stearoyl_2_adrenoyl_gpe_18_0_22_4","sample_cohort","PE 18:0_22:4"
217,100015596,402,57342,210843,"Lipid","Plasmalogen",2846,"NAMED","QIJJGYHBXLEBJV-MVCMTJSTSA-N","[H][C@](OC(CCCCC/C=C\C/C=C\C/C=C\C/C=C\C/C=C\CC)=O)(COP(OCCN)(O)=O)CO/C=C\CCCCCCCCCCCCCCCC","1-(1-enyl-stearoyl)-2-docosapentaenoyl-GPE (P-18:0/22:5n3)*","1-(1-enyl-stearoyl)-2-docosapentaenoyl-GPE (P-18:0/22:5n3)*","PE O-40:6","PE P-18:0_22:5(7,10,13,16,19)","PE P-18:0/22:5",NA,NA,"HMDB0011393",NA,"53480858","Pos Late","1_1_enyl_stearoyl_2_docosapentaenoyl_gpe_p_18_0_22_5n3",940,"1_1_enyl_stearoyl_2_docosapentaenoyl_gpe_p_18_0_22_5n3","sample_cohort","PE P-18:0/22:5(7Z,10Z,13Z,16Z,19Z)*"
217,100015596,402,57342,210843,"Lipid","Plasmalogen",2846,"NAMED","QIJJGYHBXLEBJV-MVCMTJSTSA-N","[H][C@](OC(CCCCC/C=C\C/C=C\C/C=C\C/C=C\C/C=C\CC)=O)(COP(OCCN)(O)=O)CO/C=C\CCCCCCCCCCCCCCCC","1-(1-enyl-stearoyl)-2-docosapentaenoyl-GPE (P-18:0/22:5n3)*","1-(1-enyl-stearoyl)-2-docosapentaenoyl-GPE (P-18:0/22:5n3)*","PE O-40:6","PE P-18:0_22:5(7,10,13,16,19)","PE P-18:0/22:5",NA,NA,"HMDB0011393",NA,"53480858","Pos Late","1_1_enyl_stearoyl_2_docosapentaenoyl_gpe_p_18_0_22_5n3",940,"1_1_enyl_stearoyl_2_docosapentaenoyl_gpe_p_18_0_22_5n3","sample_cohort","PE 18:1/22:5"
217,100015596,402,57342,210843,"Lipid","Plasmalogen",2846,"NAMED","QIJJGYHBXLEBJV-MVCMTJSTSA-N","[H][C@](OC(CCCCC/C=C\C/C=C\C/C=C\C/C=C\C/C=C\CC)=O)(COP(OCCN)(O)=O)CO/C=C\CCCCCCCCCCCCCCCC","1-(1-enyl-stearoyl)-2-docosapentaenoyl-GPE (P-18:0/22:5n3)*","1-(1-enyl-stearoyl)-2-docosapentaenoyl-GPE (P-18:0/22:5n3)*","PE O-40:6","PE P-18:0_22:5(7,10,13,16,19)","PE P-18:0/22:5",NA,NA,"HMDB0011393",NA,"53480858","Pos Late","1_1_enyl_stearoyl_2_docosapentaenoyl_gpe_p_18_0_22_5n3",940,"1_1_enyl_stearoyl_2_docosapentaenoyl_gpe_p_18_0_22_5n3","sample_cohort","PE 40:6"
217,100015596,402,57342,210843,"Lipid","Plasmalogen",2846,"NAMED","QIJJGYHBXLEBJV-MVCMTJSTSA-N","[H][C@](OC(CCCCC/C=C\C/C=C\C/C=C\C/C=C\C/C=C\CC)=O)(COP(OCCN)(O)=O)CO/C=C\CCCCCCCCCCCCCCCC","1-(1-enyl-stearoyl)-2-docosapentaenoyl-GPE (P-18:0/22:5n3)*","1-(1-enyl-stearoyl)-2-docosapentaenoyl-GPE (P-18:0/22:5n3)*","PE O-40:6","PE P-18:0_22:5(7,10,13,16,19)","PE P-18:0/22:5",NA,NA,"HMDB0011393",NA,"53480858","Pos Late","1_1_enyl_stearoyl_2_docosapentaenoyl_gpe_p_18_0_22_5n3",940,"1_1_enyl_stearoyl_2_docosapentaenoyl_gpe_p_18_0_22_5n3","sample_cohort","PE O-18:1(1Z)/22:5(7Z,10Z,13Z,16Z,19Z)*"
217,100015596,402,57342,210843,"Lipid","Plasmalogen",2846,"NAMED","QIJJGYHBXLEBJV-MVCMTJSTSA-N","[H][C@](OC(CCCCC/C=C\C/C=C\C/C=C\C/C=C\C/C=C\CC)=O)(COP(OCCN)(O)=O)CO/C=C\CCCCCCCCCCCCCCCC","1-(1-enyl-stearoyl)-2-docosapentaenoyl-GPE (P-18:0/22:5n3)*","1-(1-enyl-stearoyl)-2-docosapentaenoyl-GPE (P-18:0/22:5n3)*","PE O-40:6","PE P-18:0_22:5(7,10,13,16,19)","PE P-18:0/22:5",NA,NA,"HMDB0011393",NA,"53480858","Pos Late","1_1_enyl_stearoyl_2_docosapentaenoyl_gpe_p_18_0_22_5n3",940,"1_1_enyl_stearoyl_2_docosapentaenoyl_gpe_p_18_0_22_5n3","sample_cohort","PE p-18:0/22:5(7Z,10Z,13Z,16Z,19Z)*"
217,100015596,402,57342,210843,"Lipid","Plasmalogen",2846,"NAMED","QIJJGYHBXLEBJV-MVCMTJSTSA-N","[H][C@](OC(CCCCC/C=C\C/C=C\C/C=C\C/C=C\C/C=C\CC)=O)(COP(OCCN)(O)=O)CO/C=C\CCCCCCCCCCCCCCCC","1-(1-enyl-stearoyl)-2-docosapentaenoyl-GPE (P-18:0/22:5n3)*","1-(1-enyl-stearoyl)-2-docosapentaenoyl-GPE (P-18:0/22:5n3)*","PE O-40:6","PE P-18:0_22:5(7,10,13,16,19)","PE P-18:0/22:5",NA,NA,"HMDB0011393",NA,"53480858","Pos Late","1_1_enyl_stearoyl_2_docosapentaenoyl_gpe_p_18_0_22_5n3",940,"1_1_enyl_stearoyl_2_docosapentaenoyl_gpe_p_18_0_22_5n3","sample_cohort","PE 18:1/22:5"
217,100015596,402,57342,210843,"Lipid","Plasmalogen",2846,"NAMED","QIJJGYHBXLEBJV-MVCMTJSTSA-N","[H][C@](OC(CCCCC/C=C\C/C=C\C/C=C\C/C=C\C/C=C\CC)=O)(COP(OCCN)(O)=O)CO/C=C\CCCCCCCCCCCCCCCC","1-(1-enyl-stearoyl)-2-docosapentaenoyl-GPE (P-18:0/22:5n3)*","1-(1-enyl-stearoyl)-2-docosapentaenoyl-GPE (P-18:0/22:5n3)*","PE O-40:6","PE P-18:0_22:5(7,10,13,16,19)","PE P-18:0/22:5",NA,NA,"HMDB0011393",NA,"53480858","Pos Late","1_1_enyl_stearoyl_2_docosapentaenoyl_gpe_p_18_0_22_5n3",940,"1_1_enyl_stearoyl_2_docosapentaenoyl_gpe_p_18_0_22_5n3","sample_cohort","PE 40:6"
217,100015596,402,57342,210843,"Lipid","Plasmalogen",2846,"NAMED","QIJJGYHBXLEBJV-MVCMTJSTSA-N","[H][C@](OC(CCCCC/C=C\C/C=C\C/C=C\C/C=C\C/C=C\CC)=O)(COP(OCCN)(O)=O)CO/C=C\CCCCCCCCCCCCCCCC","1-(1-enyl-stearoyl)-2-docosapentaenoyl-GPE (P-18:0/22:5n3)*","1-(1-enyl-stearoyl)-2-docosapentaenoyl-GPE (P-18:0/22:5n3)*","PE O-40:6","PE P-18:0_22:5(7,10,13,16,19)","PE P-18:0/22:5",NA,NA,"HMDB0011393",NA,"53480858","Pos Late","1_1_enyl_stearoyl_2_docosapentaenoyl_gpe_p_18_0_22_5n3",940,"1_1_enyl_stearoyl_2_docosapentaenoyl_gpe_p_18_0_22_5n3","sample_cohort","PE O-18:1(1Z)/22:5(7Z,10Z,13Z,16Z,19Z)*"
217,100015596,402,57342,210843,"Lipid","Plasmalogen",2846,"NAMED","QIJJGYHBXLEBJV-MVCMTJSTSA-N","[H][C@](OC(CCCCC/C=C\C/C=C\C/C=C\C/C=C\C/C=C\CC)=O)(COP(OCCN)(O)=O)CO/C=C\CCCCCCCCCCCCCCCC","1-(1-enyl-stearoyl)-2-docosapentaenoyl-GPE (P-18:0/22:5n3)*","1-(1-enyl-stearoyl)-2-docosapentaenoyl-GPE (P-18:0/22:5n3)*","PE O-40:6","PE P-18:0_22:5(7,10,13,16,19)","PE P-18:0/22:5",NA,NA,"HMDB0011393",NA,"53480858","Pos Late","1_1_enyl_stearoyl_2_docosapentaenoyl_gpe_p_18_0_22_5n3",940,"1_1_enyl_stearoyl_2_docosapentaenoyl_gpe_p_18_0_22_5n3","sample_cohort","PE 18:1/22:5"
217,100015596,402,57342,210843,"Lipid","Plasmalogen",2846,"NAMED","QIJJGYHBXLEBJV-MVCMTJSTSA-N","[H][C@](OC(CCCCC/C=C\C/C=C\C/C=C\C/C=C\C/C=C\CC)=O)(COP(OCCN)(O)=O)CO/C=C\CCCCCCCCCCCCCCCC","1-(1-enyl-stearoyl)-2-docosapentaenoyl-GPE (P-18:0/22:5n3)*","1-(1-enyl-stearoyl)-2-docosapentaenoyl-GPE (P-18:0/22:5n3)*","PE O-40:6","PE P-18:0_22:5(7,10,13,16,19)","PE P-18:0/22:5",NA,NA,"HMDB0011393",NA,"53480858","Pos Late","1_1_enyl_stearoyl_2_docosapentaenoyl_gpe_p_18_0_22_5n3",940,"1_1_enyl_stearoyl_2_docosapentaenoyl_gpe_p_18_0_22_5n3","sample_cohort","PE 40:6"
217,100015596,402,57342,210843,"Lipid","Plasmalogen",2846,"NAMED","QIJJGYHBXLEBJV-MVCMTJSTSA-N","[H][C@](OC(CCCCC/C=C\C/C=C\C/C=C\C/C=C\C/C=C\CC)=O)(COP(OCCN)(O)=O)CO/C=C\CCCCCCCCCCCCCCCC","1-(1-enyl-stearoyl)-2-docosapentaenoyl-GPE (P-18:0/22:5n3)*","1-(1-enyl-stearoyl)-2-docosapentaenoyl-GPE (P-18:0/22:5n3)*","PE O-40:6","PE P-18:0_22:5(7,10,13,16,19)","PE P-18:0/22:5",NA,NA,"HMDB0011393",NA,"53480858","Pos Late","1_1_enyl_stearoyl_2_docosapentaenoyl_gpe_p_18_0_22_5n3",940,"1_1_enyl_stearoyl_2_docosapentaenoyl_gpe_p_18_0_22_5n3","sample_cohort","PE O-18:1(1Z)/22:5(7Z,10Z,13Z,16Z,19Z)*"
217,100015596,402,57342,210843,"Lipid","Plasmalogen",2846,"NAMED","QIJJGYHBXLEBJV-MVCMTJSTSA-N","[H][C@](OC(CCCCC/C=C\C/C=C\C/C=C\C/C=C\C/C=C\CC)=O)(COP(OCCN)(O)=O)CO/C=C\CCCCCCCCCCCCCCCC","1-(1-enyl-stearoyl)-2-docosapentaenoyl-GPE (P-18:0/22:5n3)*","1-(1-enyl-stearoyl)-2-docosapentaenoyl-GPE (P-18:0/22:5n3)*","PE O-40:6","PE P-18:0_22:5(7,10,13,16,19)","PE P-18:0/22:5",NA,NA,"HMDB0011393",NA,"53480858","Pos Late","1_1_enyl_stearoyl_2_docosapentaenoyl_gpe_p_18_0_22_5n3",940,"1_1_enyl_stearoyl_2_docosapentaenoyl_gpe_p_18_0_22_5n3","sample_cohort","PE (p-18:0/22:5(7Z,10Z,13Z,16Z,19Z))*"
218,100015609,402,57416,211068,"Lipid","Ceramides",3059,"NAMED","XXWRZIYYFPIQHE-XPAOSYCESA-N","[H][C@](NC(CCCCCCCCCCCCCCC)=O)(CO)[C@@](O)([H])/C=C/CCCCCCCC/C=C\CCC","N-palmitoyl-sphingadienine (d18:2/16:0)*","N-palmitoyl-sphingadienine (d18:2/16:0)*","CER 34:2;O2","CER 18:2; O2_16:0","CER 18:2; O2/16:0",NA,NA,"HMDB0240686",NA,NA,"Pos Late","n_palmitoyl_sphingadienine_d18_2_16_0",941,"n_palmitoyl_sphingadienine_d18_2_16_0","sample_cohort","Cer 18:2(4E,15Z);O2/16:0"
218,100015609,402,57416,211068,"Lipid","Ceramides",3059,"NAMED","XXWRZIYYFPIQHE-XPAOSYCESA-N","[H][C@](NC(CCCCCCCCCCCCCCC)=O)(CO)[C@@](O)([H])/C=C/CCCCCCCC/C=C\CCC","N-palmitoyl-sphingadienine (d18:2/16:0)*","N-palmitoyl-sphingadienine (d18:2/16:0)*","CER 34:2;O2","CER 18:2; O2_16:0","CER 18:2; O2/16:0",NA,NA,"HMDB0240686",NA,NA,"Pos Late","n_palmitoyl_sphingadienine_d18_2_16_0",941,"n_palmitoyl_sphingadienine_d18_2_16_0","sample_cohort","Cer 18:2;O2(4E,14Z)/16:0*"
218,100015609,402,57416,211068,"Lipid","Ceramides",3059,"NAMED","XXWRZIYYFPIQHE-XPAOSYCESA-N","[H][C@](NC(CCCCCCCCCCCCCCC)=O)(CO)[C@@](O)([H])/C=C/CCCCCCCC/C=C\CCC","N-palmitoyl-sphingadienine (d18:2/16:0)*","N-palmitoyl-sphingadienine (d18:2/16:0)*","CER 34:2;O2","CER 18:2; O2_16:0","CER 18:2; O2/16:0",NA,NA,"HMDB0240686",NA,NA,"Pos Late","n_palmitoyl_sphingadienine_d18_2_16_0",941,"n_palmitoyl_sphingadienine_d18_2_16_0","sample_cohort","Cer D18:2(4E,14Z)/16:0*"
218,100015609,402,57416,211068,"Lipid","Ceramides",3059,"NAMED","XXWRZIYYFPIQHE-XPAOSYCESA-N","[H][C@](NC(CCCCCCCCCCCCCCC)=O)(CO)[C@@](O)([H])/C=C/CCCCCCCC/C=C\CCC","N-palmitoyl-sphingadienine (d18:2/16:0)*","N-palmitoyl-sphingadienine (d18:2/16:0)*","CER 34:2;O2","CER 18:2; O2_16:0","CER 18:2; O2/16:0",NA,NA,"HMDB0240686",NA,NA,"Pos Late","n_palmitoyl_sphingadienine_d18_2_16_0",941,"n_palmitoyl_sphingadienine_d18_2_16_0","sample_cohort","Cer 18:2(4E,15Z);O2/16:0"
218,100015609,402,57416,211068,"Lipid","Ceramides",3059,"NAMED","XXWRZIYYFPIQHE-XPAOSYCESA-N","[H][C@](NC(CCCCCCCCCCCCCCC)=O)(CO)[C@@](O)([H])/C=C/CCCCCCCC/C=C\CCC","N-palmitoyl-sphingadienine (d18:2/16:0)*","N-palmitoyl-sphingadienine (d18:2/16:0)*","CER 34:2;O2","CER 18:2; O2_16:0","CER 18:2; O2/16:0",NA,NA,"HMDB0240686",NA,NA,"Pos Late","n_palmitoyl_sphingadienine_d18_2_16_0",941,"n_palmitoyl_sphingadienine_d18_2_16_0","sample_cohort","Cer 18:2(4E,15Z);O2/16:0"
218,100015609,402,57416,211068,"Lipid","Ceramides",3059,"NAMED","XXWRZIYYFPIQHE-XPAOSYCESA-N","[H][C@](NC(CCCCCCCCCCCCCCC)=O)(CO)[C@@](O)([H])/C=C/CCCCCCCC/C=C\CCC","N-palmitoyl-sphingadienine (d18:2/16:0)*","N-palmitoyl-sphingadienine (d18:2/16:0)*","CER 34:2;O2","CER 18:2; O2_16:0","CER 18:2; O2/16:0",NA,NA,"HMDB0240686",NA,NA,"Pos Late","n_palmitoyl_sphingadienine_d18_2_16_0",941,"n_palmitoyl_sphingadienine_d18_2_16_0","sample_cohort","Cer D18:2(4E,14Z)/16:0*"
218,100015609,402,57416,211068,"Lipid","Ceramides",3059,"NAMED","XXWRZIYYFPIQHE-XPAOSYCESA-N","[H][C@](NC(CCCCCCCCCCCCCCC)=O)(CO)[C@@](O)([H])/C=C/CCCCCCCC/C=C\CCC","N-palmitoyl-sphingadienine (d18:2/16:0)*","N-palmitoyl-sphingadienine (d18:2/16:0)*","CER 34:2;O2","CER 18:2; O2_16:0","CER 18:2; O2/16:0",NA,NA,"HMDB0240686",NA,NA,"Pos Late","n_palmitoyl_sphingadienine_d18_2_16_0",941,"n_palmitoyl_sphingadienine_d18_2_16_0","sample_cohort","Cer 18:2(4E,15Z);O2/16:0"
218,100015609,402,57416,211068,"Lipid","Ceramides",3059,"NAMED","XXWRZIYYFPIQHE-XPAOSYCESA-N","[H][C@](NC(CCCCCCCCCCCCCCC)=O)(CO)[C@@](O)([H])/C=C/CCCCCCCC/C=C\CCC","N-palmitoyl-sphingadienine (d18:2/16:0)*","N-palmitoyl-sphingadienine (d18:2/16:0)*","CER 34:2;O2","CER 18:2; O2_16:0","CER 18:2; O2/16:0",NA,NA,"HMDB0240686",NA,NA,"Pos Late","n_palmitoyl_sphingadienine_d18_2_16_0",941,"n_palmitoyl_sphingadienine_d18_2_16_0","sample_cohort","Cer D18:2(4E,14Z)/16:0*"
218,100015609,402,57416,211068,"Lipid","Ceramides",3059,"NAMED","XXWRZIYYFPIQHE-XPAOSYCESA-N","[H][C@](NC(CCCCCCCCCCCCCCC)=O)(CO)[C@@](O)([H])/C=C/CCCCCCCC/C=C\CCC","N-palmitoyl-sphingadienine (d18:2/16:0)*","N-palmitoyl-sphingadienine (d18:2/16:0)*","CER 34:2;O2","CER 18:2; O2_16:0","CER 18:2; O2/16:0",NA,NA,"HMDB0240686",NA,NA,"Pos Late","n_palmitoyl_sphingadienine_d18_2_16_0",941,"n_palmitoyl_sphingadienine_d18_2_16_0","sample_cohort","Cer 18:2(4E,15Z);O2/16:0"
218,100015609,402,57416,211068,"Lipid","Ceramides",3059,"NAMED","XXWRZIYYFPIQHE-XPAOSYCESA-N","[H][C@](NC(CCCCCCCCCCCCCCC)=O)(CO)[C@@](O)([H])/C=C/CCCCCCCC/C=C\CCC","N-palmitoyl-sphingadienine (d18:2/16:0)*","N-palmitoyl-sphingadienine (d18:2/16:0)*","CER 34:2;O2","CER 18:2; O2_16:0","CER 18:2; O2/16:0",NA,NA,"HMDB0240686",NA,NA,"Pos Late","n_palmitoyl_sphingadienine_d18_2_16_0",941,"n_palmitoyl_sphingadienine_d18_2_16_0","sample_cohort","Cer 18:2(4E,15Z);O2/16:0"
219,100015620,402,57370,210897,"Lipid","Lactosylceramides (LCER)",3120,"NAMED","MKOKWBRPIBQYJJ-WZBOJYASSA-N","[H][C@](NC(CCCCCCCCCCCCC/C=C\CCCCCCCC)=O)(CO[C@H]1[C@H](O)[C@@H](O)[C@H](O[C@H]2[C@H](O)[C@@H](O)[C@@H](O)[C@H](O2)CO)[C@H](O1)CO)[C@@](O)([H])/C=C/CCCCCCCCCCCCC","lactosyl-N-nervonoyl-sphingosine (d18:1/24:1)*","lactosyl-N-nervonoyl-sphingosine (d18:1/24:1)*","LacCer 42:1;O2","LacCer 18:1;O2_24:1","LacCer 18:1;O2/24:1",NA,"24846896","HMDB0004872",NA,NA,"Pos Late","lactosyl_n_nervonoyl_sphingosine_d18_1_24_1",942,"lactosyl_n_nervonoyl_sphingosine_d18_1_24_1","sample_cohort","LacCer 18:1;O2/24:1"
219,100015620,402,57370,210897,"Lipid","Lactosylceramides (LCER)",3120,"NAMED","MKOKWBRPIBQYJJ-WZBOJYASSA-N","[H][C@](NC(CCCCCCCCCCCCC/C=C\CCCCCCCC)=O)(CO[C@H]1[C@H](O)[C@@H](O)[C@H](O[C@H]2[C@H](O)[C@@H](O)[C@@H](O)[C@H](O2)CO)[C@H](O1)CO)[C@@](O)([H])/C=C/CCCCCCCCCCCCC","lactosyl-N-nervonoyl-sphingosine (d18:1/24:1)*","lactosyl-N-nervonoyl-sphingosine (d18:1/24:1)*","LacCer 42:1;O2","LacCer 18:1;O2_24:1","LacCer 18:1;O2/24:1",NA,"24846896","HMDB0004872",NA,NA,"Pos Late","lactosyl_n_nervonoyl_sphingosine_d18_1_24_1",942,"lactosyl_n_nervonoyl_sphingosine_d18_1_24_1","sample_cohort","LacCer 18:1;O2/24:1"
219,100015620,402,57370,210897,"Lipid","Lactosylceramides (LCER)",3120,"NAMED","MKOKWBRPIBQYJJ-WZBOJYASSA-N","[H][C@](NC(CCCCCCCCCCCCC/C=C\CCCCCCCC)=O)(CO[C@H]1[C@H](O)[C@@H](O)[C@H](O[C@H]2[C@H](O)[C@@H](O)[C@@H](O)[C@H](O2)CO)[C@H](O1)CO)[C@@](O)([H])/C=C/CCCCCCCCCCCCC","lactosyl-N-nervonoyl-sphingosine (d18:1/24:1)*","lactosyl-N-nervonoyl-sphingosine (d18:1/24:1)*","LacCer 42:1;O2","LacCer 18:1;O2_24:1","LacCer 18:1;O2/24:1",NA,"24846896","HMDB0004872",NA,NA,"Pos Late","lactosyl_n_nervonoyl_sphingosine_d18_1_24_1",942,"lactosyl_n_nervonoyl_sphingosine_d18_1_24_1","sample_cohort","LacCer 18:1;O2/24:1"
220,100015623,402,57422,211075,"Lipid","Lactosylceramides (LCER)",3119,"NAMED","QYWVASPEUXEHSY-NNRNTGNWSA-N","[H][C@](NC(CCCCCCCCCCCCCCCCCCCCC)=O)(CO[C@H]1[C@H](O)[C@@H](O)[C@H](O[C@H]2[C@H](O)[C@@H](O)[C@@H](O)[C@H](O2)CO)[C@H](O1)CO)[C@@](O)([H])/C=C/CCCCCCCCCCCCC","lactosyl-N-behenoyl-sphingosine (d18:1/22:0)*","lactosyl-N-behenoyl-sphingosine (d18:1/22:0)*","LacCer 40:1;O2","LacCer 18:1;O2_22:0","LacCer 18:1;O2/22:0",NA,"24846893","HMDB0011594",NA,"44260143","Pos Late","lactosyl_n_behenoyl_sphingosine_d18_1_22_0",943,"lactosyl_n_behenoyl_sphingosine_d18_1_22_0","sample_cohort","LacCer 18:1;O2/22:0"
220,100015623,402,57422,211075,"Lipid","Lactosylceramides (LCER)",3119,"NAMED","QYWVASPEUXEHSY-NNRNTGNWSA-N","[H][C@](NC(CCCCCCCCCCCCCCCCCCCCC)=O)(CO[C@H]1[C@H](O)[C@@H](O)[C@H](O[C@H]2[C@H](O)[C@@H](O)[C@@H](O)[C@H](O2)CO)[C@H](O1)CO)[C@@](O)([H])/C=C/CCCCCCCCCCCCC","lactosyl-N-behenoyl-sphingosine (d18:1/22:0)*","lactosyl-N-behenoyl-sphingosine (d18:1/22:0)*","LacCer 40:1;O2","LacCer 18:1;O2_22:0","LacCer 18:1;O2/22:0",NA,"24846893","HMDB0011594",NA,"44260143","Pos Late","lactosyl_n_behenoyl_sphingosine_d18_1_22_0",943,"lactosyl_n_behenoyl_sphingosine_d18_1_22_0","sample_cohort","LacCer 18:1;O2/22:0"
220,100015623,402,57422,211075,"Lipid","Lactosylceramides (LCER)",3119,"NAMED","QYWVASPEUXEHSY-NNRNTGNWSA-N","[H][C@](NC(CCCCCCCCCCCCCCCCCCCCC)=O)(CO[C@H]1[C@H](O)[C@@H](O)[C@H](O[C@H]2[C@H](O)[C@@H](O)[C@@H](O)[C@H](O2)CO)[C@H](O1)CO)[C@@](O)([H])/C=C/CCCCCCCCCCCCC","lactosyl-N-behenoyl-sphingosine (d18:1/22:0)*","lactosyl-N-behenoyl-sphingosine (d18:1/22:0)*","LacCer 40:1;O2","LacCer 18:1;O2_22:0","LacCer 18:1;O2/22:0",NA,"24846893","HMDB0011594",NA,"44260143","Pos Late","lactosyl_n_behenoyl_sphingosine_d18_1_22_0",943,"lactosyl_n_behenoyl_sphingosine_d18_1_22_0","sample_cohort","LacCer 18:1;O2/22:0"
221,100015624,402,57372,210899,"Lipid","Ceramides",3061,"NAMED","HILTUFAERVOALR-MQXYEJFFSA-N","[H][C@](NC(CCCCCCCCCCCCCCCCCCCCC)=O)(CO)[C@@](O)([H])/C=C/CCCCCCCC/C=C\CCC","N-behenoyl-sphingadienine (d18:2/22:0)*","N-behenoyl-sphingadienine (d18:2/22:0)*","CER 40:2;O2","CER 18:2; O2_22:0","CER 18:2; O2/22:0",NA,NA,NA,NA,NA,"Pos Late","n_behenoyl_sphingadienine_d18_2_22_0",944,"n_behenoyl_sphingadienine_d18_2_22_0","sample_cohort",NA
222,100015625,402,57421,211074,"Lipid","Hexosylceramides (HCER)",3097,"NAMED","BZVOAOVDSULRAB-NUBHLNQHSA-N","[H][C@](NC(CCCCCCCCCCCCCCCCCCCCC)=O)(CO[C@H]1[C@H](O)[C@@H](O)[C@@H](O)[C@@H](CO)O1)[C@@](O)([H])/C=C/CCCCCCCC/C=C\CCC","glycosyl-N-behenoyl-sphingadienine (d18:2/22:0)*","glycosyl-N-behenoyl-sphingadienine (d18:2/22:0)*","HexCer 40:2;O2","HexCer 18:2;O2_22:0","HexCer 18:2;O2/22:0",NA,NA,NA,NA,NA,"Pos Late","glycosyl_n_behenoyl_sphingadienine_d18_2_22_0",945,"glycosyl_n_behenoyl_sphingadienine_d18_2_22_0","sample_cohort",NA
223,100015632,402,57417,211069,"Lipid","Ceramides",3060,"NAMED","LBBFOWQGVUEADU-CKGMUTLASA-N","CCCCCCCCCCCCCCCCCC(NC(C(O)/C=C/CCCCCCCC/C=C/CCC)CO)=O","N-stearoyl-sphingadienine (d18:2/18:0)*","N-stearoyl-sphingadienine (d18:2/18:0)*","CER 36:2;O2","CER 18:2; O2_18:0","CER 18:2; O2/18:0",NA,NA,"HMDB0240362",NA,"132282053","Pos Late","n_stearoyl_sphingadienine_d18_2_18_0",946,"n_stearoyl_sphingadienine_d18_2_18_0","sample_cohort","Cer 18:2;O2/18:0"
223,100015632,402,57417,211069,"Lipid","Ceramides",3060,"NAMED","LBBFOWQGVUEADU-CKGMUTLASA-N","CCCCCCCCCCCCCCCCCC(NC(C(O)/C=C/CCCCCCCC/C=C/CCC)CO)=O","N-stearoyl-sphingadienine (d18:2/18:0)*","N-stearoyl-sphingadienine (d18:2/18:0)*","CER 36:2;O2","CER 18:2; O2_18:0","CER 18:2; O2/18:0",NA,NA,"HMDB0240362",NA,"132282053","Pos Late","n_stearoyl_sphingadienine_d18_2_18_0",946,"n_stearoyl_sphingadienine_d18_2_18_0","sample_cohort","Cer 18:2;O2/18:0"
224,100015637,209,57663,212725,"Lipid","Fatty Acid, Monohydroxy",1997,"NAMED","RPGJJWLCCOPDAZ-UHFFFAOYSA-N","CCCCCCCCCCCCCCCCCCCCC(O)C(O)=O","2-hydroxybehenate","2-hydroxybehenate",NA,NA,NA,NA,"167899","HMDB0061660",NA,"193484","Neg","2_hydroxybehenate",947,"2_hydroxybehenate","sample_cohort","2-Hydroxy behenic acid"
224,100015637,209,57663,212725,"Lipid","Fatty Acid, Monohydroxy",1997,"NAMED","RPGJJWLCCOPDAZ-UHFFFAOYSA-N","CCCCCCCCCCCCCCCCCCCCC(O)C(O)=O","2-hydroxybehenate","2-hydroxybehenate",NA,NA,NA,NA,"167899","HMDB0061660",NA,"193484","Neg","2_hydroxybehenate",947,"2_hydroxybehenate","sample_cohort","2-Hydroxy behenic acid"
224,100015637,209,57663,212725,"Lipid","Fatty Acid, Monohydroxy",1997,"NAMED","RPGJJWLCCOPDAZ-UHFFFAOYSA-N","CCCCCCCCCCCCCCCCCCCCC(O)C(O)=O","2-hydroxybehenate","2-hydroxybehenate",NA,NA,NA,NA,"167899","HMDB0061660",NA,"193484","Neg","2_hydroxybehenate",947,"2_hydroxybehenate","sample_cohort","2-Hydroxy behenic acid"
224,100015637,209,57663,212725,"Lipid","Fatty Acid, Monohydroxy",1997,"NAMED","RPGJJWLCCOPDAZ-UHFFFAOYSA-N","CCCCCCCCCCCCCCCCCCCCC(O)C(O)=O","2-hydroxybehenate","2-hydroxybehenate",NA,NA,NA,NA,"167899","HMDB0061660",NA,"193484","Neg","2_hydroxybehenate",947,"2_hydroxybehenate","sample_cohort","2-Hydroxy behenic acid"
224,100015637,209,57663,212725,"Lipid","Fatty Acid, Monohydroxy",1997,"NAMED","RPGJJWLCCOPDAZ-UHFFFAOYSA-N","CCCCCCCCCCCCCCCCCCCCC(O)C(O)=O","2-hydroxybehenate","2-hydroxybehenate",NA,NA,NA,NA,"167899","HMDB0061660",NA,"193484","Neg","2_hydroxybehenate",947,"2_hydroxybehenate","sample_cohort","2-Hydroxy behenic acid"
224,100015637,209,57663,212725,"Lipid","Fatty Acid, Monohydroxy",1997,"NAMED","RPGJJWLCCOPDAZ-UHFFFAOYSA-N","CCCCCCCCCCCCCCCCCCCCC(O)C(O)=O","2-hydroxybehenate","2-hydroxybehenate",NA,NA,NA,NA,"167899","HMDB0061660",NA,"193484","Neg","2_hydroxybehenate",947,"2_hydroxybehenate","sample_cohort","2-Hydroxy behenic acid"
225,100015640,209,57659,212717,"Lipid","Endocannabinoid",2221,"NAMED","BFVRFWIQTACAPT-KRWDZBQOSA-N","O=C(CCCCCCCCCCCCCCC)N([H])[C@H](C(O)=O)CO","N-palmitoylserine","N-palmitoylserine",NA,NA,NA,"58725-46-5,474943-14-1","4956046",NA,NA,"6453686","Neg","n_palmitoylserine",949,"n_palmitoylserine","sample_cohort","NA-Ser 16:0"
226,100015641,209,57664,212727,"Lipid","Endocannabinoid",2219,"NAMED","MBDKGXAMSZIDKF-KTKRTIGZSA-N","CCCCCCCC/C=C\CCCCCCCC(NC(C(O)=O)CO)=O","N-oleoylserine","N-oleoylserine",NA,NA,NA,NA,"21466990",NA,NA,"44190514","Neg","n_oleoylserine",950,"n_oleoylserine","sample_cohort","NA-Ser 18:1(9Z)"
227,100015656,209,57392,210940,"Lipid","Fatty Acid, Monohydroxy",2048,"NAMED","RGRPPOXMMMSPAK-UHFFFAOYSA-N","OC(C(CCCCCCCCCCCCCCCC)OS(=O)(O)=O)=O","hydroxystearate sulfate","hydroxystearate sulfate",NA,NA,NA,NA,NA,NA,NA,NA,"Neg","hydroxystearate sulfate",952,"hydroxystearate sulfate","sample_cohort",NA
228,100015689,402,57415,211066,"Lipid","Phosphatidylcholine (PC)",2310,"NAMED","QAPGDFJIZLYEBT-DYMXKLMASA-N","O=C(CCCCCCCCCCCCCCC)OCC(COP(OCC[N+](C)(C)C)([O-])=O)OC(C(O)CCCCCC/C=C\C/C=C\CCCCC)=O","1-palmitoyl-2-(hydroxylinoleoyl)-GPC (16:0/18:2(OH))*","1-palmitoyl-2-(hydroxylinoleoyl)-GPC (16:0/18:2(OH))*","PC 34:2;O","PC 16:0_18:2;O","Unknown",NA,NA,NA,NA,NA,"Pos Late","1_palmitoyl_2_hydroxylinoleoyl_gpc_16_0_18_2_oh",953,"1_palmitoyl_2_hydroxylinoleoyl_gpc_16_0_18_2_oh","sample_cohort",NA
229,100015723,402,57428,211081,"Lipid","Sphingosines",3196,"NAMED","BTUSGZZCQZACPT-YYZTVXDQSA-N","OC[C@H](N)[C@H](O)/C=C/CCCCCCCCCCC","hexadecasphingosine (d16:1)*","hexadecasphingosine (d16:1)*",NA,NA,NA,"6982-09-8","28533427",NA,NA,"14767871","Pos Late","hexadecasphingosine_d16_1",954,"hexadecasphingosine_d16_1","sample_cohort","C16 Sphingosine"
230,100015727,402,57437,211091,"Lipid","Ceramides",3079,"NAMED","ODRVSCJZSDNQBP-LMGPGFSZSA-N","OC(/C=C/CCCCCCCCCCC)C(CO)NC(CCCCCCCCCCCCC/C=C\CCCCCCCC)=O","ceramide (d16:1/24:1, d18:1/22:1)*","ceramide (d16:1/24:1, d18:1/22:1)*","CER 40:2;O2","Unknown","Unknown",NA,NA,NA,NA,NA,"Pos Late","ceramide_d16_1_24_1_d18_1_22_1",955,"ceramide_d16_1_24_1_d18_1_22_1","sample_cohort",NA
231,100015731,402,57430,211083,"Lipid","Ceramides",3071,"NAMED","KXVLPPCAUYSNGY-BYCLXTJYSA-N","OC(/C=C/CCCCCCCCCCCC)C(CO)NC(CCCCCCCCCCCCCCC)=O","N-palmitoyl-heptadecasphingosine (d17:1/16:0)*","N-palmitoyl-heptadecasphingosine (d17:1/16:0)*","CER 33:1;O2","CER 17:1; O2_16:0","CER 17:1; O2/16:0",NA,NA,"HMDB0240685",NA,NA,"Pos Late","n_palmitoyl_heptadecasphingosine_d17_1_16_0",956,"n_palmitoyl_heptadecasphingosine_d17_1_16_0","sample_cohort","Cer 17:1;O2/16:0"
231,100015731,402,57430,211083,"Lipid","Ceramides",3071,"NAMED","KXVLPPCAUYSNGY-BYCLXTJYSA-N","OC(/C=C/CCCCCCCCCCCC)C(CO)NC(CCCCCCCCCCCCCCC)=O","N-palmitoyl-heptadecasphingosine (d17:1/16:0)*","N-palmitoyl-heptadecasphingosine (d17:1/16:0)*","CER 33:1;O2","CER 17:1; O2_16:0","CER 17:1; O2/16:0",NA,NA,"HMDB0240685",NA,NA,"Pos Late","n_palmitoyl_heptadecasphingosine_d17_1_16_0",956,"n_palmitoyl_heptadecasphingosine_d17_1_16_0","sample_cohort","Cer 17:1;O2/16:0"
231,100015731,402,57430,211083,"Lipid","Ceramides",3071,"NAMED","KXVLPPCAUYSNGY-BYCLXTJYSA-N","OC(/C=C/CCCCCCCCCCCC)C(CO)NC(CCCCCCCCCCCCCCC)=O","N-palmitoyl-heptadecasphingosine (d17:1/16:0)*","N-palmitoyl-heptadecasphingosine (d17:1/16:0)*","CER 33:1;O2","CER 17:1; O2_16:0","CER 17:1; O2/16:0",NA,NA,"HMDB0240685",NA,NA,"Pos Late","n_palmitoyl_heptadecasphingosine_d17_1_16_0",956,"n_palmitoyl_heptadecasphingosine_d17_1_16_0","sample_cohort","Cer 17:1;O2/16:0"
231,100015731,402,57430,211083,"Lipid","Ceramides",3071,"NAMED","KXVLPPCAUYSNGY-BYCLXTJYSA-N","OC(/C=C/CCCCCCCCCCCC)C(CO)NC(CCCCCCCCCCCCCCC)=O","N-palmitoyl-heptadecasphingosine (d17:1/16:0)*","N-palmitoyl-heptadecasphingosine (d17:1/16:0)*","CER 33:1;O2","CER 17:1; O2_16:0","CER 17:1; O2/16:0",NA,NA,"HMDB0240685",NA,NA,"Pos Late","n_palmitoyl_heptadecasphingosine_d17_1_16_0",956,"n_palmitoyl_heptadecasphingosine_d17_1_16_0","sample_cohort","Cer 17:1;O2/16:0"
231,100015731,402,57430,211083,"Lipid","Ceramides",3071,"NAMED","KXVLPPCAUYSNGY-BYCLXTJYSA-N","OC(/C=C/CCCCCCCCCCCC)C(CO)NC(CCCCCCCCCCCCCCC)=O","N-palmitoyl-heptadecasphingosine (d17:1/16:0)*","N-palmitoyl-heptadecasphingosine (d17:1/16:0)*","CER 33:1;O2","CER 17:1; O2_16:0","CER 17:1; O2/16:0",NA,NA,"HMDB0240685",NA,NA,"Pos Late","n_palmitoyl_heptadecasphingosine_d17_1_16_0",956,"n_palmitoyl_heptadecasphingosine_d17_1_16_0","sample_cohort","Cer 17:1;O2/16:0"
232,100015735,402,57432,211086,"Lipid","Ceramides",3075,"NAMED","ZKRPGPZHULJLKJ-IMVLJIQESA-N","OC(/C=C/CCCCCCCCCCCCC)C(CO)NC(CCCCCCCCCCCCC)=O","ceramide (d18:1/14:0, d16:1/16:0)*","ceramide (d18:1/14:0, d16:1/16:0)*","CER 32:1;O2","Unknown","Unknown",NA,NA,"HMDB0240681,HMDB0011773",NA,NA,"Pos Late","ceramide_d18_1_14_0_d16_1_16_0",957,"ceramide_d18_1_14_0_d16_1_16_0","sample_cohort",NA
233,100015737,402,57434,211088,"Lipid","Ceramides",3076,"NAMED","ICWGMOFDULMCFL-SJCQXOIGSA-N","OC(/C=C/CCCCCCCCCCCCC)C(CO)NC(CCCCCCCCCCCCCCCC)=O","ceramide (d18:1/17:0, d17:1/18:0)*","ceramide (d18:1/17:0, d17:1/18:0)*","CER 35:1;O2","Unknown","Unknown",NA,NA,"HMDB0240683,HMDB0240678",NA,NA,"Pos Late","ceramide_d18_1_17_0_d17_1_18_0",958,"ceramide_d18_1_17_0_d17_1_18_0","sample_cohort",NA
234,100015744,402,57443,211097,"Lipid","Ceramides",3080,"NAMED","QMVWGDBKESWTON-OQKRWUNJSA-N","CCCCCCCCCCCCC/C=C/C(O)C(NC(CCC/C=C/CC/C=C/CCCCCCCCCCCCCC)=O)CO","ceramide (d18:2/24:1, d18:1/24:2)*","ceramide (d18:2/24:1, d18:1/24:2)*","CER 42:3;O2","Unknown","Unknown",NA,NA,"HMDB0240679,HMDB0240680",NA,NA,"Pos Late","ceramide_d18_2_24_1_d18_1_24_2",959,"ceramide_d18_2_24_1_d18_1_24_2","sample_cohort",NA
235,100015745,402,57453,211107,"Lipid","Hexosylceramides (HCER)",3111,"NAMED","WYTRSDHGWSSQLK-PCKKJQKNSA-N","OC(/C=C/CCCCCCCC/C=C\CCC)C(COC1C(O)C(O)C(O)C(CO)O1)NC(CCCCCCCCCCCCC/C=C\CCCCCCCC)=O","glycosyl ceramide (d18:2/24:1, d18:1/24:2)*","glycosyl ceramide (d18:2/24:1, d18:1/24:2)*","HexCer 42:3;O2","Unknown","Unknown",NA,NA,NA,NA,NA,"Pos Late","glycosyl ceramide_d18_2_24_1_d18_1_24_2",960,"glycosyl ceramide_d18_2_24_1_d18_1_24_2","sample_cohort",NA
236,100015755,402,57440,211094,"Lipid","Ceramides",3078,"NAMED","XWBWIAOWSABHFI-QOSDPKFLSA-N","OC(/C=C/CCCCCCCCCCCCC)C(CO)NC(CCCCCCCCCCCCCCCCCCC)=O","ceramide (d18:1/20:0, d16:1/22:0, d20:1/18:0)*","ceramide (d18:1/20:0, d16:1/22:0, d20:1/18:0)*","CER 38:1;O2","Unknown","Unknown",NA,NA,"HMDB0240684,HMDB0240682,HMDB0004951",NA,NA,"Pos Late","ceramide_d18_1_20_0_d16_1_22_0_d20_1_18_0",961,"ceramide_d18_1_20_0_d16_1_22_0_d20_1_18_0","sample_cohort",NA
237,100015762,209,57467,211123,"Lipid","Long Chain Polyunsaturated Fatty Acid (n3 and n6)",1597,"NAMED","RILVNGKQIULBOQ-YHTMAJSVSA-N","CCCCC/C=C/C/C=C/C/C=C/CCCCCCCCC(O)=O","docosatrienoate (22:3n6)*","docosatrienoate (22:3n6)*",NA,NA,NA,NA,NA,NA,NA,"75955220","Neg","docosatrienoate_22_3n6",964,"docosatrienoate_22_3n6","sample_cohort",NA
238,100015777,402,57695,213183,"Xenobiotics","Drug - Gastrointestinal",5779,"NAMED","PWWVAXIEGOYWEE-UHFFFAOYSA-N","CC(N(C)C)CN1c2c(Sc3ccccc31)cccc2","promethazine","promethazine",NA,NA,NA,"58-33-3","4758","HMDB0015202","C07404","4927","Pos Late","promethazine",965,"promethazine","sample_cohort","Promethazine"
238,100015777,402,57695,213183,"Xenobiotics","Drug - Gastrointestinal",5779,"NAMED","PWWVAXIEGOYWEE-UHFFFAOYSA-N","CC(N(C)C)CN1c2c(Sc3ccccc31)cccc2","promethazine","promethazine",NA,NA,NA,"58-33-3","4758","HMDB0015202","C07404","4927","Pos Late","promethazine",965,"promethazine","sample_cohort","Promethazine"
238,100015777,402,57695,213183,"Xenobiotics","Drug - Gastrointestinal",5779,"NAMED","PWWVAXIEGOYWEE-UHFFFAOYSA-N","CC(N(C)C)CN1c2c(Sc3ccccc31)cccc2","promethazine","promethazine",NA,NA,NA,"58-33-3","4758","HMDB0015202","C07404","4927","Pos Late","promethazine",965,"promethazine","sample_cohort","Pro-Met"
238,100015777,402,57695,213183,"Xenobiotics","Drug - Gastrointestinal",5779,"NAMED","PWWVAXIEGOYWEE-UHFFFAOYSA-N","CC(N(C)C)CN1c2c(Sc3ccccc31)cccc2","promethazine","promethazine",NA,NA,NA,"58-33-3","4758","HMDB0015202","C07404","4927","Pos Late","promethazine",965,"promethazine","sample_cohort","Promethazine"
238,100015777,402,57695,213183,"Xenobiotics","Drug - Gastrointestinal",5779,"NAMED","PWWVAXIEGOYWEE-UHFFFAOYSA-N","CC(N(C)C)CN1c2c(Sc3ccccc31)cccc2","promethazine","promethazine",NA,NA,NA,"58-33-3","4758","HMDB0015202","C07404","4927","Pos Late","promethazine",965,"promethazine","sample_cohort","Promethazine"
239,100015786,402,57476,211139,"Lipid","Dihydrosphingomyelins",3131,"NAMED","UGRZESKDAPEULH-ACEXITHZSA-N","CCCCCCCCCCCCCCC[C@@H](O)[C@@H](NC(CCCCCCCCCCCCCCCCCCC)=O)COP([O-])(OCC[N+](C)(C)C)=O","sphingomyelin (d18:0/20:0, d16:0/22:0)*","sphingomyelin (d18:0/20:0, d16:0/22:0)*","SM 38:0;O2","Unknown","Unknown",NA,NA,"HMDB0012090",NA,NA,"Pos Late","sphingomyelin_d18_0_20_0_d16_0_22_0",968,"sphingomyelin_d18_0_20_0_d16_0_22_0","sample_cohort","SM 18:0;O2/20:0"
239,100015786,402,57476,211139,"Lipid","Dihydrosphingomyelins",3131,"NAMED","UGRZESKDAPEULH-ACEXITHZSA-N","CCCCCCCCCCCCCCC[C@@H](O)[C@@H](NC(CCCCCCCCCCCCCCCCCCC)=O)COP([O-])(OCC[N+](C)(C)C)=O","sphingomyelin (d18:0/20:0, d16:0/22:0)*","sphingomyelin (d18:0/20:0, d16:0/22:0)*","SM 38:0;O2","Unknown","Unknown",NA,NA,"HMDB0012090",NA,NA,"Pos Late","sphingomyelin_d18_0_20_0_d16_0_22_0",968,"sphingomyelin_d18_0_20_0_d16_0_22_0","sample_cohort","SM 18:0;O2/20:0"
239,100015786,402,57476,211139,"Lipid","Dihydrosphingomyelins",3131,"NAMED","UGRZESKDAPEULH-ACEXITHZSA-N","CCCCCCCCCCCCCCC[C@@H](O)[C@@H](NC(CCCCCCCCCCCCCCCCCCC)=O)COP([O-])(OCC[N+](C)(C)C)=O","sphingomyelin (d18:0/20:0, d16:0/22:0)*","sphingomyelin (d18:0/20:0, d16:0/22:0)*","SM 38:0;O2","Unknown","Unknown",NA,NA,"HMDB0012090",NA,NA,"Pos Late","sphingomyelin_d18_0_20_0_d16_0_22_0",968,"sphingomyelin_d18_0_20_0_d16_0_22_0","sample_cohort","SM 18:0;O2/20:0"
239,100015786,402,57476,211139,"Lipid","Dihydrosphingomyelins",3131,"NAMED","UGRZESKDAPEULH-ACEXITHZSA-N","CCCCCCCCCCCCCCC[C@@H](O)[C@@H](NC(CCCCCCCCCCCCCCCCCCC)=O)COP([O-])(OCC[N+](C)(C)C)=O","sphingomyelin (d18:0/20:0, d16:0/22:0)*","sphingomyelin (d18:0/20:0, d16:0/22:0)*","SM 38:0;O2","Unknown","Unknown",NA,NA,"HMDB0012090",NA,NA,"Pos Late","sphingomyelin_d18_0_20_0_d16_0_22_0",968,"sphingomyelin_d18_0_20_0_d16_0_22_0","sample_cohort","SM 18:0;O2/20:0"
239,100015786,402,57476,211139,"Lipid","Dihydrosphingomyelins",3131,"NAMED","UGRZESKDAPEULH-ACEXITHZSA-N","CCCCCCCCCCCCCCC[C@@H](O)[C@@H](NC(CCCCCCCCCCCCCCCCCCC)=O)COP([O-])(OCC[N+](C)(C)C)=O","sphingomyelin (d18:0/20:0, d16:0/22:0)*","sphingomyelin (d18:0/20:0, d16:0/22:0)*","SM 38:0;O2","Unknown","Unknown",NA,NA,"HMDB0012090",NA,NA,"Pos Late","sphingomyelin_d18_0_20_0_d16_0_22_0",968,"sphingomyelin_d18_0_20_0_d16_0_22_0","sample_cohort","SM 18:0;O2/20:0"
239,100015786,402,57476,211139,"Lipid","Dihydrosphingomyelins",3131,"NAMED","UGRZESKDAPEULH-ACEXITHZSA-N","CCCCCCCCCCCCCCC[C@@H](O)[C@@H](NC(CCCCCCCCCCCCCCCCCCC)=O)COP([O-])(OCC[N+](C)(C)C)=O","sphingomyelin (d18:0/20:0, d16:0/22:0)*","sphingomyelin (d18:0/20:0, d16:0/22:0)*","SM 38:0;O2","Unknown","Unknown",NA,NA,"HMDB0012090",NA,NA,"Pos Late","sphingomyelin_d18_0_20_0_d16_0_22_0",968,"sphingomyelin_d18_0_20_0_d16_0_22_0","sample_cohort","SM 18:0;O2/20:0"
240,100015787,402,57475,211138,"Lipid","Sphingomyelins",3149,"NAMED","HAFQHLHNPJDAGB-MAJDXUCPSA-N","CCCCCCCCCCCCCCCCCCC(N[C@H]([C@H](O)/C=C/CCCCCCCCCCCCC)COP([O-])(OCC[N+](C)(C)C)=O)=O","sphingomyelin (d18:1/19:0, d19:1/18:0)*","sphingomyelin (d18:1/19:0, d19:1/18:0)*","SM 37:1;O2","Unknown","Unknown",NA,NA,NA,NA,NA,"Pos Late","sphingomyelin_d18_1_19_0_d19_1_18_0",969,"sphingomyelin_d18_1_19_0_d19_1_18_0","sample_cohort",NA
241,100015789,402,57479,211142,"Lipid","Sphingomyelins",3140,"NAMED","ZLNGRWIWHFFRNK-UKCALJHFSA-N","CCC/C=C/CCCCCCCC/C=C/[C@@H](O)[C@@H](NC(CCCCCCCCCCCCCCCC/C=C/C/C=C/CC)=O)COP([O-])(OCC[N+](C)(C)C)=O","sphingomyelin (d18:2/24:2)*","sphingomyelin (d18:2/24:2)*","SM 42:4;O2","SM 18:2;O2_24:2","SM 18:2;O2/24:2",NA,NA,"HMDB0240644",NA,NA,"Pos Late","sphingomyelin_d18_2_24_2",971,"sphingomyelin_d18_2_24_2","sample_cohort","SM 18:2;O2(4E,14Z)/24:2(5Z,9Z)*"
241,100015789,402,57479,211142,"Lipid","Sphingomyelins",3140,"NAMED","ZLNGRWIWHFFRNK-UKCALJHFSA-N","CCC/C=C/CCCCCCCC/C=C/[C@@H](O)[C@@H](NC(CCCCCCCCCCCCCCCC/C=C/C/C=C/CC)=O)COP([O-])(OCC[N+](C)(C)C)=O","sphingomyelin (d18:2/24:2)*","sphingomyelin (d18:2/24:2)*","SM 42:4;O2","SM 18:2;O2_24:2","SM 18:2;O2/24:2",NA,NA,"HMDB0240644",NA,NA,"Pos Late","sphingomyelin_d18_2_24_2",971,"sphingomyelin_d18_2_24_2","sample_cohort","SM 18:2;O2/24:2"
241,100015789,402,57479,211142,"Lipid","Sphingomyelins",3140,"NAMED","ZLNGRWIWHFFRNK-UKCALJHFSA-N","CCC/C=C/CCCCCCCC/C=C/[C@@H](O)[C@@H](NC(CCCCCCCCCCCCCCCC/C=C/C/C=C/CC)=O)COP([O-])(OCC[N+](C)(C)C)=O","sphingomyelin (d18:2/24:2)*","sphingomyelin (d18:2/24:2)*","SM 42:4;O2","SM 18:2;O2_24:2","SM 18:2;O2/24:2",NA,NA,"HMDB0240644",NA,NA,"Pos Late","sphingomyelin_d18_2_24_2",971,"sphingomyelin_d18_2_24_2","sample_cohort","SM D18:2(4E,14Z)/24:2(5Z,9Z)*"
241,100015789,402,57479,211142,"Lipid","Sphingomyelins",3140,"NAMED","ZLNGRWIWHFFRNK-UKCALJHFSA-N","CCC/C=C/CCCCCCCC/C=C/[C@@H](O)[C@@H](NC(CCCCCCCCCCCCCCCC/C=C/C/C=C/CC)=O)COP([O-])(OCC[N+](C)(C)C)=O","sphingomyelin (d18:2/24:2)*","sphingomyelin (d18:2/24:2)*","SM 42:4;O2","SM 18:2;O2_24:2","SM 18:2;O2/24:2",NA,NA,"HMDB0240644",NA,NA,"Pos Late","sphingomyelin_d18_2_24_2",971,"sphingomyelin_d18_2_24_2","sample_cohort","SM 18:2;O2/24:2"
242,100015790,402,57480,211143,"Lipid","Sphingomyelins",3154,"NAMED","SDUGEKJCGFHJRC-GKPQAQNZSA-N","CCC/C=C/CCCCCCCC/C=C/[C@@H](O)[C@@H](NC(CCCCCCCCCCCCCCCCCCCC)=O)COP([O-])(OCC[N+](C)(C)C)=O","sphingomyelin (d18:2/21:0, d16:2/23:0)*","sphingomyelin (d18:2/21:0, d16:2/23:0)*","SM 39:2;O2","Unknown","Unknown",NA,NA,"HMDB0240676",NA,NA,"Pos Late","sphingomyelin_d18_2_21_0_d16_2_23_0",972,"sphingomyelin_d18_2_21_0_d16_2_23_0","sample_cohort","SM 16:2;O2(4E,8Z)/23:0*"
242,100015790,402,57480,211143,"Lipid","Sphingomyelins",3154,"NAMED","SDUGEKJCGFHJRC-GKPQAQNZSA-N","CCC/C=C/CCCCCCCC/C=C/[C@@H](O)[C@@H](NC(CCCCCCCCCCCCCCCCCCCC)=O)COP([O-])(OCC[N+](C)(C)C)=O","sphingomyelin (d18:2/21:0, d16:2/23:0)*","sphingomyelin (d18:2/21:0, d16:2/23:0)*","SM 39:2;O2","Unknown","Unknown",NA,NA,"HMDB0240676",NA,NA,"Pos Late","sphingomyelin_d18_2_21_0_d16_2_23_0",972,"sphingomyelin_d18_2_21_0_d16_2_23_0","sample_cohort","SM D16:2(4E,8Z)/23:0*"
242,100015790,402,57480,211143,"Lipid","Sphingomyelins",3154,"NAMED","SDUGEKJCGFHJRC-GKPQAQNZSA-N","CCC/C=C/CCCCCCCC/C=C/[C@@H](O)[C@@H](NC(CCCCCCCCCCCCCCCCCCCC)=O)COP([O-])(OCC[N+](C)(C)C)=O","sphingomyelin (d18:2/21:0, d16:2/23:0)*","sphingomyelin (d18:2/21:0, d16:2/23:0)*","SM 39:2;O2","Unknown","Unknown",NA,NA,"HMDB0240676",NA,NA,"Pos Late","sphingomyelin_d18_2_21_0_d16_2_23_0",972,"sphingomyelin_d18_2_21_0_d16_2_23_0","sample_cohort","SM 16:2;O2/23:0"
242,100015790,402,57480,211143,"Lipid","Sphingomyelins",3154,"NAMED","SDUGEKJCGFHJRC-GKPQAQNZSA-N","CCC/C=C/CCCCCCCC/C=C/[C@@H](O)[C@@H](NC(CCCCCCCCCCCCCCCCCCCC)=O)COP([O-])(OCC[N+](C)(C)C)=O","sphingomyelin (d18:2/21:0, d16:2/23:0)*","sphingomyelin (d18:2/21:0, d16:2/23:0)*","SM 39:2;O2","Unknown","Unknown",NA,NA,"HMDB0240676",NA,NA,"Pos Late","sphingomyelin_d18_2_21_0_d16_2_23_0",972,"sphingomyelin_d18_2_21_0_d16_2_23_0","sample_cohort","SM 16:2;O2/23:0"
242,100015790,402,57480,211143,"Lipid","Sphingomyelins",3154,"NAMED","SDUGEKJCGFHJRC-GKPQAQNZSA-N","CCC/C=C/CCCCCCCC/C=C/[C@@H](O)[C@@H](NC(CCCCCCCCCCCCCCCCCCCC)=O)COP([O-])(OCC[N+](C)(C)C)=O","sphingomyelin (d18:2/21:0, d16:2/23:0)*","sphingomyelin (d18:2/21:0, d16:2/23:0)*","SM 39:2;O2","Unknown","Unknown",NA,NA,"HMDB0240676",NA,NA,"Pos Late","sphingomyelin_d18_2_21_0_d16_2_23_0",972,"sphingomyelin_d18_2_21_0_d16_2_23_0","sample_cohort","SM D16:2(4E,8Z)/23:0*"
242,100015790,402,57480,211143,"Lipid","Sphingomyelins",3154,"NAMED","SDUGEKJCGFHJRC-GKPQAQNZSA-N","CCC/C=C/CCCCCCCC/C=C/[C@@H](O)[C@@H](NC(CCCCCCCCCCCCCCCCCCCC)=O)COP([O-])(OCC[N+](C)(C)C)=O","sphingomyelin (d18:2/21:0, d16:2/23:0)*","sphingomyelin (d18:2/21:0, d16:2/23:0)*","SM 39:2;O2","Unknown","Unknown",NA,NA,"HMDB0240676",NA,NA,"Pos Late","sphingomyelin_d18_2_21_0_d16_2_23_0",972,"sphingomyelin_d18_2_21_0_d16_2_23_0","sample_cohort","SM 16:2;O2/23:0"
243,100015791,402,57482,211145,"Lipid","Sphingomyelins",3139,"NAMED","FEKSRDMVIULIDJ-SQPFVDNVSA-N","CCC/C=C/CCCCCCCC/C=C/[C@@H](O)[C@@H](NC(CCCCCCCCCCCCCCCCC/C=C/CCC)=O)COP([O-])(OCC[N+](C)(C)C)=O","sphingomyelin (d18:2/23:1)*","sphingomyelin (d18:2/23:1)*","SM 41:3;O2","SM 18:2;O2_23:1","SM 18:2;O2/23:1",NA,NA,"HMDB0240668",NA,NA,"Pos Late","sphingomyelin_d18_2_23_1",973,"sphingomyelin_d18_2_23_1","sample_cohort","SM 18:2;O2(4E,14Z)/23:1(9Z)*"
243,100015791,402,57482,211145,"Lipid","Sphingomyelins",3139,"NAMED","FEKSRDMVIULIDJ-SQPFVDNVSA-N","CCC/C=C/CCCCCCCC/C=C/[C@@H](O)[C@@H](NC(CCCCCCCCCCCCCCCCC/C=C/CCC)=O)COP([O-])(OCC[N+](C)(C)C)=O","sphingomyelin (d18:2/23:1)*","sphingomyelin (d18:2/23:1)*","SM 41:3;O2","SM 18:2;O2_23:1","SM 18:2;O2/23:1",NA,NA,"HMDB0240668",NA,NA,"Pos Late","sphingomyelin_d18_2_23_1",973,"sphingomyelin_d18_2_23_1","sample_cohort","SM D18:2(4E,14Z)/23:1(9Z)*"
243,100015791,402,57482,211145,"Lipid","Sphingomyelins",3139,"NAMED","FEKSRDMVIULIDJ-SQPFVDNVSA-N","CCC/C=C/CCCCCCCC/C=C/[C@@H](O)[C@@H](NC(CCCCCCCCCCCCCCCCC/C=C/CCC)=O)COP([O-])(OCC[N+](C)(C)C)=O","sphingomyelin (d18:2/23:1)*","sphingomyelin (d18:2/23:1)*","SM 41:3;O2","SM 18:2;O2_23:1","SM 18:2;O2/23:1",NA,NA,"HMDB0240668",NA,NA,"Pos Late","sphingomyelin_d18_2_23_1",973,"sphingomyelin_d18_2_23_1","sample_cohort","SM 18:2;O2/23:1"
243,100015791,402,57482,211145,"Lipid","Sphingomyelins",3139,"NAMED","FEKSRDMVIULIDJ-SQPFVDNVSA-N","CCC/C=C/CCCCCCCC/C=C/[C@@H](O)[C@@H](NC(CCCCCCCCCCCCCCCCC/C=C/CCC)=O)COP([O-])(OCC[N+](C)(C)C)=O","sphingomyelin (d18:2/23:1)*","sphingomyelin (d18:2/23:1)*","SM 41:3;O2","SM 18:2;O2_23:1","SM 18:2;O2/23:1",NA,NA,"HMDB0240668",NA,NA,"Pos Late","sphingomyelin_d18_2_23_1",973,"sphingomyelin_d18_2_23_1","sample_cohort","SM 18:2;O2/23:1"
243,100015791,402,57482,211145,"Lipid","Sphingomyelins",3139,"NAMED","FEKSRDMVIULIDJ-SQPFVDNVSA-N","CCC/C=C/CCCCCCCC/C=C/[C@@H](O)[C@@H](NC(CCCCCCCCCCCCCCCCC/C=C/CCC)=O)COP([O-])(OCC[N+](C)(C)C)=O","sphingomyelin (d18:2/23:1)*","sphingomyelin (d18:2/23:1)*","SM 41:3;O2","SM 18:2;O2_23:1","SM 18:2;O2/23:1",NA,NA,"HMDB0240668",NA,NA,"Pos Late","sphingomyelin_d18_2_23_1",973,"sphingomyelin_d18_2_23_1","sample_cohort","SM D18:2(4E,14Z)/23:1(9Z)*"
243,100015791,402,57482,211145,"Lipid","Sphingomyelins",3139,"NAMED","FEKSRDMVIULIDJ-SQPFVDNVSA-N","CCC/C=C/CCCCCCCC/C=C/[C@@H](O)[C@@H](NC(CCCCCCCCCCCCCCCCC/C=C/CCC)=O)COP([O-])(OCC[N+](C)(C)C)=O","sphingomyelin (d18:2/23:1)*","sphingomyelin (d18:2/23:1)*","SM 41:3;O2","SM 18:2;O2_23:1","SM 18:2;O2/23:1",NA,NA,"HMDB0240668",NA,NA,"Pos Late","sphingomyelin_d18_2_23_1",973,"sphingomyelin_d18_2_23_1","sample_cohort","SM 18:2;O2/23:1"
244,100015792,402,57478,211141,"Lipid","Sphingomyelins",3160,"NAMED","JONXXLXMISNQNG-BXMSAMRLSA-N","[H][C@](NC(CCCCCCCCCCCCCCCCCCCCCCCC)=O)(COP(OCC[N+](C)(C)C)([O-])=O)[C@@](O)([H])/C=C/CCCCCCCCCCCCC","sphingomyelin (d18:1/25:0, d19:0/24:1, d20:1/23:0, d19:1/24:0)*","sphingomyelin (d18:1/25:0, d19:0/24:1, d20:1/23:0, d19:1/24:0)*","SM 43:1;O2","Unknown","Unknown",NA,"24846885","HMDB0240675,HMDB0240674,HMDB0240673,HMDB0240671",NA,NA,"Pos Late","sphingomyelin_d18_1_25_0_d19_0_24_1_d20_1_23_0_d19_1_24_0",974,"sphingomyelin_d18_1_25_0_d19_0_24_1_d20_1_23_0_d19_1_24_0","sample_cohort",NA
245,100015793,402,57483,211146,"Lipid","Sphingomyelins",3145,"NAMED","YHBBZTIPONDTRX-TVUHHANTSA-N","[H][C@](NC(CCCCCCCCCCCCCC)=O)(COP(OCC[N+](C)(C)C)([O-])=O)[C@@](O)([H])/C=C/CCCCCCCC/C=C\CCC","sphingomyelin (d17:2/16:0, d18:2/15:0)*","sphingomyelin (d17:2/16:0, d18:2/15:0)*","SM 33:2;O2","Unknown","Unknown",NA,NA,"HMDB0240677",NA,NA,"Pos Late","sphingomyelin_d17_2_16_0_d18_2_15_0",975,"sphingomyelin_d17_2_16_0_d18_2_15_0","sample_cohort","SM 17:2;O2(4E,8Z)/16:0*"
245,100015793,402,57483,211146,"Lipid","Sphingomyelins",3145,"NAMED","YHBBZTIPONDTRX-TVUHHANTSA-N","[H][C@](NC(CCCCCCCCCCCCCC)=O)(COP(OCC[N+](C)(C)C)([O-])=O)[C@@](O)([H])/C=C/CCCCCCCC/C=C\CCC","sphingomyelin (d17:2/16:0, d18:2/15:0)*","sphingomyelin (d17:2/16:0, d18:2/15:0)*","SM 33:2;O2","Unknown","Unknown",NA,NA,"HMDB0240677",NA,NA,"Pos Late","sphingomyelin_d17_2_16_0_d18_2_15_0",975,"sphingomyelin_d17_2_16_0_d18_2_15_0","sample_cohort","SM D17:2(4E,8Z)/16:0*"
245,100015793,402,57483,211146,"Lipid","Sphingomyelins",3145,"NAMED","YHBBZTIPONDTRX-TVUHHANTSA-N","[H][C@](NC(CCCCCCCCCCCCCC)=O)(COP(OCC[N+](C)(C)C)([O-])=O)[C@@](O)([H])/C=C/CCCCCCCC/C=C\CCC","sphingomyelin (d17:2/16:0, d18:2/15:0)*","sphingomyelin (d17:2/16:0, d18:2/15:0)*","SM 33:2;O2","Unknown","Unknown",NA,NA,"HMDB0240677",NA,NA,"Pos Late","sphingomyelin_d17_2_16_0_d18_2_15_0",975,"sphingomyelin_d17_2_16_0_d18_2_15_0","sample_cohort","SM 17:2;O2/16:0"
245,100015793,402,57483,211146,"Lipid","Sphingomyelins",3145,"NAMED","YHBBZTIPONDTRX-TVUHHANTSA-N","[H][C@](NC(CCCCCCCCCCCCCC)=O)(COP(OCC[N+](C)(C)C)([O-])=O)[C@@](O)([H])/C=C/CCCCCCCC/C=C\CCC","sphingomyelin (d17:2/16:0, d18:2/15:0)*","sphingomyelin (d17:2/16:0, d18:2/15:0)*","SM 33:2;O2","Unknown","Unknown",NA,NA,"HMDB0240677",NA,NA,"Pos Late","sphingomyelin_d17_2_16_0_d18_2_15_0",975,"sphingomyelin_d17_2_16_0_d18_2_15_0","sample_cohort","SM 17:2;O2/16:0"
245,100015793,402,57483,211146,"Lipid","Sphingomyelins",3145,"NAMED","YHBBZTIPONDTRX-TVUHHANTSA-N","[H][C@](NC(CCCCCCCCCCCCCC)=O)(COP(OCC[N+](C)(C)C)([O-])=O)[C@@](O)([H])/C=C/CCCCCCCC/C=C\CCC","sphingomyelin (d17:2/16:0, d18:2/15:0)*","sphingomyelin (d17:2/16:0, d18:2/15:0)*","SM 33:2;O2","Unknown","Unknown",NA,NA,"HMDB0240677",NA,NA,"Pos Late","sphingomyelin_d17_2_16_0_d18_2_15_0",975,"sphingomyelin_d17_2_16_0_d18_2_15_0","sample_cohort","SM D17:2(4E,8Z)/16:0*"
245,100015793,402,57483,211146,"Lipid","Sphingomyelins",3145,"NAMED","YHBBZTIPONDTRX-TVUHHANTSA-N","[H][C@](NC(CCCCCCCCCCCCCC)=O)(COP(OCC[N+](C)(C)C)([O-])=O)[C@@](O)([H])/C=C/CCCCCCCC/C=C\CCC","sphingomyelin (d17:2/16:0, d18:2/15:0)*","sphingomyelin (d17:2/16:0, d18:2/15:0)*","SM 33:2;O2","Unknown","Unknown",NA,NA,"HMDB0240677",NA,NA,"Pos Late","sphingomyelin_d17_2_16_0_d18_2_15_0",975,"sphingomyelin_d17_2_16_0_d18_2_15_0","sample_cohort","SM 17:2;O2/16:0"
246,100015797,209,57658,212715,"Lipid","Long Chain Polyunsaturated Fatty Acid (n3 and n6)",1584,"NAMED","OQOCQFSPEWCSDO-JLNKQSITSA-N","OC(CCCC/C=C\C/C=C\C/C=C\C/C=C\C/C=C\CC)=O","heneicosapentaenoate (21:5n3)","heneicosapentaenoate (21:5n3)",NA,NA,NA,"24257-10-1","10171040",NA,NA,"11998573","Neg","heneicosapentaenoate_21_5n3",976,"heneicosapentaenoate_21_5n3","sample_cohort","6Z,9Z,12Z,15Z,18Z-Heneicosapentaenoic acid"
247,100015832,402,57514,211215,"Lipid","Fatty Acid Metabolism (Acyl Carnitine, Long Chain Saturated)",1891,"NAMED","IUMXSSOVGPXXJL-UHFFFAOYSA-N","O=C(OC(C[N+](C)(C)C)CC([O-])=O)CCCCCCCCCCCCCCCCCCCCC","behenoylcarnitine (C22)*","behenoylcarnitine (C22)*",NA,NA,NA,NA,"28639204","HMDB0062468",NA,"71464577","Pos Late","behenoylcarnitine_c22",978,"behenoylcarnitine_c22","sample_cohort","CAR 22:0"
247,100015832,402,57514,211215,"Lipid","Fatty Acid Metabolism (Acyl Carnitine, Long Chain Saturated)",1891,"NAMED","IUMXSSOVGPXXJL-UHFFFAOYSA-N","O=C(OC(C[N+](C)(C)C)CC([O-])=O)CCCCCCCCCCCCCCCCCCCCC","behenoylcarnitine (C22)*","behenoylcarnitine (C22)*",NA,NA,NA,NA,"28639204","HMDB0062468",NA,"71464577","Pos Late","behenoylcarnitine_c22",978,"behenoylcarnitine_c22","sample_cohort","CAR 22:0"
247,100015832,402,57514,211215,"Lipid","Fatty Acid Metabolism (Acyl Carnitine, Long Chain Saturated)",1891,"NAMED","IUMXSSOVGPXXJL-UHFFFAOYSA-N","O=C(OC(C[N+](C)(C)C)CC([O-])=O)CCCCCCCCCCCCCCCCCCCCC","behenoylcarnitine (C22)*","behenoylcarnitine (C22)*",NA,NA,NA,NA,"28639204","HMDB0062468",NA,"71464577","Pos Late","behenoylcarnitine_c22",978,"behenoylcarnitine_c22","sample_cohort","CAR 22:0"
247,100015832,402,57514,211215,"Lipid","Fatty Acid Metabolism (Acyl Carnitine, Long Chain Saturated)",1891,"NAMED","IUMXSSOVGPXXJL-UHFFFAOYSA-N","O=C(OC(C[N+](C)(C)C)CC([O-])=O)CCCCCCCCCCCCCCCCCCCCC","behenoylcarnitine (C22)*","behenoylcarnitine (C22)*",NA,NA,NA,NA,"28639204","HMDB0062468",NA,"71464577","Pos Late","behenoylcarnitine_c22",978,"behenoylcarnitine_c22","sample_cohort","CAR 22:0"
247,100015832,402,57514,211215,"Lipid","Fatty Acid Metabolism (Acyl Carnitine, Long Chain Saturated)",1891,"NAMED","IUMXSSOVGPXXJL-UHFFFAOYSA-N","O=C(OC(C[N+](C)(C)C)CC([O-])=O)CCCCCCCCCCCCCCCCCCCCC","behenoylcarnitine (C22)*","behenoylcarnitine (C22)*",NA,NA,NA,NA,"28639204","HMDB0062468",NA,"71464577","Pos Late","behenoylcarnitine_c22",978,"behenoylcarnitine_c22","sample_cohort","CAR 22:0"
248,100015834,402,57515,211216,"Lipid","Fatty Acid Metabolism (Acyl Carnitine, Long Chain Saturated)",1892,"NAMED","YDUFZFUYBBPVLJ-UHFFFAOYSA-N","O=C(CCCCCCCCCCCCCCCCCCCCCCC)OC(C[N+](C)(C)C)CC([O-])=O","lignoceroylcarnitine (C24)*","lignoceroylcarnitine (C24)*",NA,NA,NA,NA,NA,"HMDB0240665",NA,NA,"Pos Late","lignoceroylcarnitine_c24",980,"lignoceroylcarnitine_c24","sample_cohort",NA
249,100015836,402,57517,211218,"Lipid","Fatty Acid Metabolism (Acyl Carnitine, Monounsaturated)",1913,"NAMED","ONGUASHYQLGIFC-OCOZRVBESA-N","O=C(OC(C[N+](C)(C)C)CC([O-])=O)CCC/C=C/CCCCCCCCCCCCCCCCCCCC","ximenoylcarnitine (C26:1)*","ximenoylcarnitine (C26:1)*",NA,NA,NA,NA,NA,NA,NA,NA,"Pos Late","ximenoylcarnitine_c26_1",982,"ximenoylcarnitine_c26_1","sample_cohort",NA
250,100015838,402,57519,211220,"Lipid","Fatty Acid Metabolism (Acyl Carnitine, Monounsaturated)",1910,"NAMED","PVOQPLSKYNZHOT-OUKQBFOZSA-N","O=C(OC(CC([O-])=O)C[N+](C)(C)C)CCCCCCCCC/C=C/CCCCCCCC","eicosenoylcarnitine (C20:1)*","eicosenoylcarnitine (C20:1)*",NA,NA,NA,NA,NA,NA,NA,NA,"Pos Late","eicosenoylcarnitine_c20_1",984,"eicosenoylcarnitine_c20_1","sample_cohort",NA
251,100015839,402,57520,211221,"Lipid","Fatty Acid Metabolism (Acyl Carnitine, Polyunsaturated)",1916,"NAMED","OLZWDVKTOGTVLC-UTJQPWESSA-N","O=C(CCCCCCCCC/C=C\C/C=C\CCCCC)OC(C[N+](C)(C)C)CC([O-])=O","dihomo-linoleoylcarnitine (C20:2)*","dihomo-linoleoylcarnitine (C20:2)*",NA,NA,NA,NA,NA,NA,NA,NA,"Pos Late","dihomo_linoleoylcarnitine_c20_2",985,"dihomo_linoleoylcarnitine_c20_2","sample_cohort",NA
252,100015840,402,57521,211222,"Lipid","Fatty Acid Metabolism (Acyl Carnitine, Polyunsaturated)",1918,"NAMED","RDIZZXFTCZPSRY-WYTUUNCASA-N","O=C(CCCCCC/C=C/C/C=C/C/C=C/CCCCC)OC(CC([O-])=O)C[N+](C)(C)C","dihomo-linolenoylcarnitine (C20:3n3 or 6)*","dihomo-linolenoylcarnitine (C20:3n3 or 6)*",NA,NA,NA,NA,NA,NA,NA,NA,"Pos Late","dihomo_linolenoylcarnitine_c20_3n3 or 6",986,"dihomo_linolenoylcarnitine_c20_3n3 or 6","sample_cohort",NA
253,100015846,402,57531,211232,"Lipid","Fatty Acid Metabolism (Acyl Carnitine, Monounsaturated)",1912,"NAMED","QGIHQXKFCAACHN-SEYXRHQNSA-N","O=C(CCCCCCCCCCCCC/C=C\CCCCCCCC)OC(C[N+](C)(C)C)CC([O-])=O","nervonoylcarnitine (C24:1)*","nervonoylcarnitine (C24:1)*",NA,NA,NA,NA,NA,"HMDB0006509",NA,NA,"Pos Late","nervonoylcarnitine_c24_1",987,"nervonoylcarnitine_c24_1","sample_cohort",NA
254,100015850,402,57528,211229,"Lipid","Fatty Acid Metabolism (Acyl Carnitine, Polyunsaturated)",1922,"NAMED","OLORTLVEDIELGC-SNPVRQPZSA-N","O=C(OC(CC([O-])=O)C[N+](C)(C)C)CCCCC/C=C\C/C=C\C/C=C\C/C=C\CCCCC","adrenoylcarnitine (C22:4)*","adrenoylcarnitine (C22:4)*",NA,NA,NA,NA,NA,NA,NA,NA,"Pos Late","adrenoylcarnitine_c22_4",988,"adrenoylcarnitine_c22_4","sample_cohort",NA
255,100015873,209,57641,212681,"Xenobiotics","Drug - Neurological",5876,"NAMED","HPHUVLMMVZITSG-LURJTMIESA-N","CC[C@H](N1CCCC1=O)C(N)=O","levetiracetam","levetiracetam",NA,NA,NA,"102767-28-2","4447633","HMDB0015333","C07841","5284583","Neg","levetiracetam",989,"levetiracetam","sample_cohort","Levetiracetam"
255,100015873,209,57641,212681,"Xenobiotics","Drug - Neurological",5876,"NAMED","HPHUVLMMVZITSG-LURJTMIESA-N","CC[C@H](N1CCCC1=O)C(N)=O","levetiracetam","levetiracetam",NA,NA,NA,"102767-28-2","4447633","HMDB0015333","C07841","5284583","Neg","levetiracetam",989,"levetiracetam","sample_cohort","Levetiracetam"
255,100015873,209,57641,212681,"Xenobiotics","Drug - Neurological",5876,"NAMED","HPHUVLMMVZITSG-LURJTMIESA-N","CC[C@H](N1CCCC1=O)C(N)=O","levetiracetam","levetiracetam",NA,NA,NA,"102767-28-2","4447633","HMDB0015333","C07841","5284583","Neg","levetiracetam",989,"levetiracetam","sample_cohort","Levetiracetam"
255,100015873,209,57641,212681,"Xenobiotics","Drug - Neurological",5876,"NAMED","HPHUVLMMVZITSG-LURJTMIESA-N","CC[C@H](N1CCCC1=O)C(N)=O","levetiracetam","levetiracetam",NA,NA,NA,"102767-28-2","4447633","HMDB0015333","C07841","5284583","Neg","levetiracetam",989,"levetiracetam","sample_cohort","Levetiracetam"
255,100015873,209,57641,212681,"Xenobiotics","Drug - Neurological",5876,"NAMED","HPHUVLMMVZITSG-LURJTMIESA-N","CC[C@H](N1CCCC1=O)C(N)=O","levetiracetam","levetiracetam",NA,NA,NA,"102767-28-2","4447633","HMDB0015333","C07841","5284583","Neg","levetiracetam",989,"levetiracetam","sample_cohort","Levetiracetam"
256,100015882,402,57595,212143,"Lipid","Hexosylceramides (HCER)",3107,"NAMED","FXNTXJCUSRJUFN-QOSDPKFLSA-N","OCC(NC(CCCCCCCCCCCCCCCCCCC)=O)C(OC1OC(CO)C(O)C(O)C1O)/C=C/CCCCCCCCCCCCC","glycosyl ceramide (d18:1/20:0, d16:1/22:0)*","glycosyl ceramide (d18:1/20:0, d16:1/22:0)*","HexCer 38:1;O2","Unknown","Unknown",NA,NA,NA,NA,NA,"Pos Late","glycosyl ceramide_d18_1_20_0_d16_1_22_0",990,"glycosyl ceramide_d18_1_20_0_d16_1_22_0","sample_cohort",NA
257,100015914,402,57602,212153,"Lipid","Phosphatidylcholine (PC)",2401,"NAMED","NXJAJKMUHFSWDW-LIOZOAIASA-N","O=C(CCCCCCCCCCCCCCCCCCCCCCC)OCC(COP(OCC[N+](C)(C)C)([O-])=O)OC(CCC/C=C\C/C=C\C/C=C\C/C=C\CCCCC)=O","1-lignoceroyl-2-arachidonoyl-GPC (24:0/20:4)*","1-lignoceroyl-2-arachidonoyl-GPC (24:0/20:4)*","PC 44:4","PC 20:4_24:0","Unknown",NA,NA,"HMDB0008772",NA,NA,"Pos Late","1_lignoceroyl_2_arachidonoyl_gpc_24_0_20_4",991,"1_lignoceroyl_2_arachidonoyl_gpc_24_0_20_4","sample_cohort","PC 24:0/20:4(5Z,8Z,11Z,14Z)*"
257,100015914,402,57602,212153,"Lipid","Phosphatidylcholine (PC)",2401,"NAMED","NXJAJKMUHFSWDW-LIOZOAIASA-N","O=C(CCCCCCCCCCCCCCCCCCCCCCC)OCC(COP(OCC[N+](C)(C)C)([O-])=O)OC(CCC/C=C\C/C=C\C/C=C\C/C=C\CCCCC)=O","1-lignoceroyl-2-arachidonoyl-GPC (24:0/20:4)*","1-lignoceroyl-2-arachidonoyl-GPC (24:0/20:4)*","PC 44:4","PC 20:4_24:0","Unknown",NA,NA,"HMDB0008772",NA,NA,"Pos Late","1_lignoceroyl_2_arachidonoyl_gpc_24_0_20_4",991,"1_lignoceroyl_2_arachidonoyl_gpc_24_0_20_4","sample_cohort","PC 24:0/20:4*"
257,100015914,402,57602,212153,"Lipid","Phosphatidylcholine (PC)",2401,"NAMED","NXJAJKMUHFSWDW-LIOZOAIASA-N","O=C(CCCCCCCCCCCCCCCCCCCCCCC)OCC(COP(OCC[N+](C)(C)C)([O-])=O)OC(CCC/C=C\C/C=C\C/C=C\C/C=C\CCCCC)=O","1-lignoceroyl-2-arachidonoyl-GPC (24:0/20:4)*","1-lignoceroyl-2-arachidonoyl-GPC (24:0/20:4)*","PC 44:4","PC 20:4_24:0","Unknown",NA,NA,"HMDB0008772",NA,NA,"Pos Late","1_lignoceroyl_2_arachidonoyl_gpc_24_0_20_4",991,"1_lignoceroyl_2_arachidonoyl_gpc_24_0_20_4","sample_cohort","PC 24:0/20:4*"
257,100015914,402,57602,212153,"Lipid","Phosphatidylcholine (PC)",2401,"NAMED","NXJAJKMUHFSWDW-LIOZOAIASA-N","O=C(CCCCCCCCCCCCCCCCCCCCCCC)OCC(COP(OCC[N+](C)(C)C)([O-])=O)OC(CCC/C=C\C/C=C\C/C=C\C/C=C\CCCCC)=O","1-lignoceroyl-2-arachidonoyl-GPC (24:0/20:4)*","1-lignoceroyl-2-arachidonoyl-GPC (24:0/20:4)*","PC 44:4","PC 20:4_24:0","Unknown",NA,NA,"HMDB0008772",NA,NA,"Pos Late","1_lignoceroyl_2_arachidonoyl_gpc_24_0_20_4",991,"1_lignoceroyl_2_arachidonoyl_gpc_24_0_20_4","sample_cohort","PC 24:0/20:4*"
257,100015914,402,57602,212153,"Lipid","Phosphatidylcholine (PC)",2401,"NAMED","NXJAJKMUHFSWDW-LIOZOAIASA-N","O=C(CCCCCCCCCCCCCCCCCCCCCCC)OCC(COP(OCC[N+](C)(C)C)([O-])=O)OC(CCC/C=C\C/C=C\C/C=C\C/C=C\CCCCC)=O","1-lignoceroyl-2-arachidonoyl-GPC (24:0/20:4)*","1-lignoceroyl-2-arachidonoyl-GPC (24:0/20:4)*","PC 44:4","PC 20:4_24:0","Unknown",NA,NA,"HMDB0008772",NA,NA,"Pos Late","1_lignoceroyl_2_arachidonoyl_gpc_24_0_20_4",991,"1_lignoceroyl_2_arachidonoyl_gpc_24_0_20_4","sample_cohort","PC 44:4"
257,100015914,402,57602,212153,"Lipid","Phosphatidylcholine (PC)",2401,"NAMED","NXJAJKMUHFSWDW-LIOZOAIASA-N","O=C(CCCCCCCCCCCCCCCCCCCCCCC)OCC(COP(OCC[N+](C)(C)C)([O-])=O)OC(CCC/C=C\C/C=C\C/C=C\C/C=C\CCCCC)=O","1-lignoceroyl-2-arachidonoyl-GPC (24:0/20:4)*","1-lignoceroyl-2-arachidonoyl-GPC (24:0/20:4)*","PC 44:4","PC 20:4_24:0","Unknown",NA,NA,"HMDB0008772",NA,NA,"Pos Late","1_lignoceroyl_2_arachidonoyl_gpc_24_0_20_4",991,"1_lignoceroyl_2_arachidonoyl_gpc_24_0_20_4","sample_cohort","PC 44:4"
257,100015914,402,57602,212153,"Lipid","Phosphatidylcholine (PC)",2401,"NAMED","NXJAJKMUHFSWDW-LIOZOAIASA-N","O=C(CCCCCCCCCCCCCCCCCCCCCCC)OCC(COP(OCC[N+](C)(C)C)([O-])=O)OC(CCC/C=C\C/C=C\C/C=C\C/C=C\CCCCC)=O","1-lignoceroyl-2-arachidonoyl-GPC (24:0/20:4)*","1-lignoceroyl-2-arachidonoyl-GPC (24:0/20:4)*","PC 44:4","PC 20:4_24:0","Unknown",NA,NA,"HMDB0008772",NA,NA,"Pos Late","1_lignoceroyl_2_arachidonoyl_gpc_24_0_20_4",991,"1_lignoceroyl_2_arachidonoyl_gpc_24_0_20_4","sample_cohort","PC 44:4"
258,100015923,305,57776,213931,"Xenobiotics","Food Component/Plant",5007,"NAMED","BIMZLRFONYSTPT-UHFFFAOYSA-N","O=C(NCC(O)=O)C(O)=O","N-oxalyl glycine (NOG)","N-oxalyl glycine (NOG)",NA,NA,NA,NA,"2338366",NA,NA,"3080614","Polar","n_oxalyl glycine_nog",992,"n_oxalyl glycine_nog","sample_cohort","N-Oxalylglycine"
259,100015962,400,57687,213101,"Amino Acid","Lysine Metabolism",141,"NAMED","CDLVFVFTRQPQFU-UHFFFAOYSA-N","C[N+](C)(C)CCCCC([O-])=O","N,N,N-trimethyl-5-aminovalerate","N,N,N-trimethyl-5-aminovalerate",NA,NA,NA,NA,"34236878",NA,NA,"14274897","Pos Early","n_n_n_trimethyl_5_aminovalerate",993,"n_n_n_trimethyl_5_aminovalerate","sample_cohort","delta-Valerobetaine"
260,100015965,400,63152,221889,"Xenobiotics","Food Component/Plant",5127,"NAMED","WYUFTYLVLQZQNH-UHFFFAOYSA-N","CCOC1C(O)C(O)C(O)C(CO)O1","ethyl alpha-glucopyranoside","ethyl alpha-glucopyranoside",NA,NA,NA,"34625-23-5","378664","HMDB0029968",NA,"11127487","Pos Early","ethyl alpha_glucopyranoside",994,"ethyl alpha_glucopyranoside","sample_cohort","Ethyl glucoside"
260,100015965,400,63152,221889,"Xenobiotics","Food Component/Plant",5127,"NAMED","WYUFTYLVLQZQNH-UHFFFAOYSA-N","CCOC1C(O)C(O)C(O)C(CO)O1","ethyl alpha-glucopyranoside","ethyl alpha-glucopyranoside",NA,NA,NA,"34625-23-5","378664","HMDB0029968",NA,"11127487","Pos Early","ethyl alpha_glucopyranoside",994,"ethyl alpha_glucopyranoside","sample_cohort","Ethyl glucoside"
260,100015965,400,63152,221889,"Xenobiotics","Food Component/Plant",5127,"NAMED","WYUFTYLVLQZQNH-UHFFFAOYSA-N","CCOC1C(O)C(O)C(O)C(CO)O1","ethyl alpha-glucopyranoside","ethyl alpha-glucopyranoside",NA,NA,NA,"34625-23-5","378664","HMDB0029968",NA,"11127487","Pos Early","ethyl alpha_glucopyranoside",994,"ethyl alpha_glucopyranoside","sample_cohort","Ethyl glucoside"
260,100015965,400,63152,221889,"Xenobiotics","Food Component/Plant",5127,"NAMED","WYUFTYLVLQZQNH-UHFFFAOYSA-N","CCOC1C(O)C(O)C(O)C(CO)O1","ethyl alpha-glucopyranoside","ethyl alpha-glucopyranoside",NA,NA,NA,"34625-23-5","378664","HMDB0029968",NA,"11127487","Pos Early","ethyl alpha_glucopyranoside",994,"ethyl alpha_glucopyranoside","sample_cohort","Ethyl glucoside"
260,100015965,400,63152,221889,"Xenobiotics","Food Component/Plant",5127,"NAMED","WYUFTYLVLQZQNH-UHFFFAOYSA-N","CCOC1C(O)C(O)C(O)C(CO)O1","ethyl alpha-glucopyranoside","ethyl alpha-glucopyranoside",NA,NA,NA,"34625-23-5","378664","HMDB0029968",NA,"11127487","Pos Early","ethyl alpha_glucopyranoside",994,"ethyl alpha_glucopyranoside","sample_cohort","Ethyl glucoside"
261,100015971,209,57699,212775,"Lipid","Corticosteroids",3359,"NAMED","INMJYSGZRBTEOR-RXCXIKFNSA-N","O[C@H]([C@]([C@]([C@]1([H])[C@@](CC2)([H])[C@@]3([H])[C@]([C@@]2([H])C[C@@H]4OC5C(O)C(O)C(O)C(C(O)=O)O5)(CC4)C)(CC3=O)C)(CC1)O)CO","cortolone glucuronide (1)","cortolone glucuronide (1)",NA,NA,NA,NA,NA,NA,NA,NA,"Neg","cortolone glucuronide",998,"cortolone glucuronide","sample_cohort","Cortolone-3-glucuronide"
261,100015971,209,57699,212775,"Lipid","Corticosteroids",3359,"NAMED","INMJYSGZRBTEOR-RXCXIKFNSA-N","O[C@H]([C@]([C@]([C@]1([H])[C@@](CC2)([H])[C@@]3([H])[C@]([C@@]2([H])C[C@@H]4OC5C(O)C(O)C(O)C(C(O)=O)O5)(CC4)C)(CC3=O)C)(CC1)O)CO","cortolone glucuronide (1)","cortolone glucuronide (1)",NA,NA,NA,NA,NA,NA,NA,NA,"Neg","cortolone glucuronide",998,"cortolone glucuronide","sample_cohort","Cortolone-3-glucuronide"
262,100015982,209,57788,213705,"Xenobiotics","Drug - Neurological",5871,"NAMED","QQCFBZCATDIWTH-UHFFFAOYSA-N","O=C(N)N1C2=CC(O)=CC=C2C=CC3=CC=CC=C13","3-hydroxycarbamazepine","3-hydroxycarbamazepine",NA,NA,NA,"68011-67-6","119184","HMDB0060653","C16602","135290","Neg","3_hydroxycarbamazepine",1001,"3_hydroxycarbamazepine","sample_cohort","3-Hydroxycarbamazepine"
262,100015982,209,57788,213705,"Xenobiotics","Drug - Neurological",5871,"NAMED","QQCFBZCATDIWTH-UHFFFAOYSA-N","O=C(N)N1C2=CC(O)=CC=C2C=CC3=CC=CC=C13","3-hydroxycarbamazepine","3-hydroxycarbamazepine",NA,NA,NA,"68011-67-6","119184","HMDB0060653","C16602","135290","Neg","3_hydroxycarbamazepine",1001,"3_hydroxycarbamazepine","sample_cohort","3-Hydroxycarbamazepine"
263,100016019,402,57757,213377,"Lipid","Phosphatidylcholine (PC)",2300,"NAMED","NPGWXTIWUUFYAB-DIPNUNPCSA-N","O=C(CCCCCCCCCCCCCCC)OC[C@]([H])(COP(OCC[N+](C)(C)C)([O-])=O)OC(CCCCCCCCCCCCCC)=O","1-palmitoyl-2-pentadecanoyl-GPC (16:0/15:0)*","1-palmitoyl-2-pentadecanoyl-GPC (16:0/15:0)*","PC 31:0","PC 15:0_16:0","Unknown",NA,"24766642","HMDB0007967",NA,"24778680","Pos Late","1_palmitoyl_2_pentadecanoyl_gpc_16_0_15_0",1003,"1_palmitoyl_2_pentadecanoyl_gpc_16_0_15_0","sample_cohort","PC 16:0/15:0"
263,100016019,402,57757,213377,"Lipid","Phosphatidylcholine (PC)",2300,"NAMED","NPGWXTIWUUFYAB-DIPNUNPCSA-N","O=C(CCCCCCCCCCCCCCC)OC[C@]([H])(COP(OCC[N+](C)(C)C)([O-])=O)OC(CCCCCCCCCCCCCC)=O","1-palmitoyl-2-pentadecanoyl-GPC (16:0/15:0)*","1-palmitoyl-2-pentadecanoyl-GPC (16:0/15:0)*","PC 31:0","PC 15:0_16:0","Unknown",NA,"24766642","HMDB0007967",NA,"24778680","Pos Late","1_palmitoyl_2_pentadecanoyl_gpc_16_0_15_0",1003,"1_palmitoyl_2_pentadecanoyl_gpc_16_0_15_0","sample_cohort","PC 16:0/15:0"
263,100016019,402,57757,213377,"Lipid","Phosphatidylcholine (PC)",2300,"NAMED","NPGWXTIWUUFYAB-DIPNUNPCSA-N","O=C(CCCCCCCCCCCCCCC)OC[C@]([H])(COP(OCC[N+](C)(C)C)([O-])=O)OC(CCCCCCCCCCCCCC)=O","1-palmitoyl-2-pentadecanoyl-GPC (16:0/15:0)*","1-palmitoyl-2-pentadecanoyl-GPC (16:0/15:0)*","PC 31:0","PC 15:0_16:0","Unknown",NA,"24766642","HMDB0007967",NA,"24778680","Pos Late","1_palmitoyl_2_pentadecanoyl_gpc_16_0_15_0",1003,"1_palmitoyl_2_pentadecanoyl_gpc_16_0_15_0","sample_cohort","PC 16:0/15:0"
263,100016019,402,57757,213377,"Lipid","Phosphatidylcholine (PC)",2300,"NAMED","NPGWXTIWUUFYAB-DIPNUNPCSA-N","O=C(CCCCCCCCCCCCCCC)OC[C@]([H])(COP(OCC[N+](C)(C)C)([O-])=O)OC(CCCCCCCCCCCCCC)=O","1-palmitoyl-2-pentadecanoyl-GPC (16:0/15:0)*","1-palmitoyl-2-pentadecanoyl-GPC (16:0/15:0)*","PC 31:0","PC 15:0_16:0","Unknown",NA,"24766642","HMDB0007967",NA,"24778680","Pos Late","1_palmitoyl_2_pentadecanoyl_gpc_16_0_15_0",1003,"1_palmitoyl_2_pentadecanoyl_gpc_16_0_15_0","sample_cohort","PC 31:0"
263,100016019,402,57757,213377,"Lipid","Phosphatidylcholine (PC)",2300,"NAMED","NPGWXTIWUUFYAB-DIPNUNPCSA-N","O=C(CCCCCCCCCCCCCCC)OC[C@]([H])(COP(OCC[N+](C)(C)C)([O-])=O)OC(CCCCCCCCCCCCCC)=O","1-palmitoyl-2-pentadecanoyl-GPC (16:0/15:0)*","1-palmitoyl-2-pentadecanoyl-GPC (16:0/15:0)*","PC 31:0","PC 15:0_16:0","Unknown",NA,"24766642","HMDB0007967",NA,"24778680","Pos Late","1_palmitoyl_2_pentadecanoyl_gpc_16_0_15_0",1003,"1_palmitoyl_2_pentadecanoyl_gpc_16_0_15_0","sample_cohort","PC 31:0"
263,100016019,402,57757,213377,"Lipid","Phosphatidylcholine (PC)",2300,"NAMED","NPGWXTIWUUFYAB-DIPNUNPCSA-N","O=C(CCCCCCCCCCCCCCC)OC[C@]([H])(COP(OCC[N+](C)(C)C)([O-])=O)OC(CCCCCCCCCCCCCC)=O","1-palmitoyl-2-pentadecanoyl-GPC (16:0/15:0)*","1-palmitoyl-2-pentadecanoyl-GPC (16:0/15:0)*","PC 31:0","PC 15:0_16:0","Unknown",NA,"24766642","HMDB0007967",NA,"24778680","Pos Late","1_palmitoyl_2_pentadecanoyl_gpc_16_0_15_0",1003,"1_palmitoyl_2_pentadecanoyl_gpc_16_0_15_0","sample_cohort","PC 16:0/15:0"
263,100016019,402,57757,213377,"Lipid","Phosphatidylcholine (PC)",2300,"NAMED","NPGWXTIWUUFYAB-DIPNUNPCSA-N","O=C(CCCCCCCCCCCCCCC)OC[C@]([H])(COP(OCC[N+](C)(C)C)([O-])=O)OC(CCCCCCCCCCCCCC)=O","1-palmitoyl-2-pentadecanoyl-GPC (16:0/15:0)*","1-palmitoyl-2-pentadecanoyl-GPC (16:0/15:0)*","PC 31:0","PC 15:0_16:0","Unknown",NA,"24766642","HMDB0007967",NA,"24778680","Pos Late","1_palmitoyl_2_pentadecanoyl_gpc_16_0_15_0",1003,"1_palmitoyl_2_pentadecanoyl_gpc_16_0_15_0","sample_cohort","PC 31:0"
263,100016019,402,57757,213377,"Lipid","Phosphatidylcholine (PC)",2300,"NAMED","NPGWXTIWUUFYAB-DIPNUNPCSA-N","O=C(CCCCCCCCCCCCCCC)OC[C@]([H])(COP(OCC[N+](C)(C)C)([O-])=O)OC(CCCCCCCCCCCCCC)=O","1-palmitoyl-2-pentadecanoyl-GPC (16:0/15:0)*","1-palmitoyl-2-pentadecanoyl-GPC (16:0/15:0)*","PC 31:0","PC 15:0_16:0","Unknown",NA,"24766642","HMDB0007967",NA,"24778680","Pos Late","1_palmitoyl_2_pentadecanoyl_gpc_16_0_15_0",1003,"1_palmitoyl_2_pentadecanoyl_gpc_16_0_15_0","sample_cohort","PC 16:0/15:0"
263,100016019,402,57757,213377,"Lipid","Phosphatidylcholine (PC)",2300,"NAMED","NPGWXTIWUUFYAB-DIPNUNPCSA-N","O=C(CCCCCCCCCCCCCCC)OC[C@]([H])(COP(OCC[N+](C)(C)C)([O-])=O)OC(CCCCCCCCCCCCCC)=O","1-palmitoyl-2-pentadecanoyl-GPC (16:0/15:0)*","1-palmitoyl-2-pentadecanoyl-GPC (16:0/15:0)*","PC 31:0","PC 15:0_16:0","Unknown",NA,"24766642","HMDB0007967",NA,"24778680","Pos Late","1_palmitoyl_2_pentadecanoyl_gpc_16_0_15_0",1003,"1_palmitoyl_2_pentadecanoyl_gpc_16_0_15_0","sample_cohort","PC 31:0"
263,100016019,402,57757,213377,"Lipid","Phosphatidylcholine (PC)",2300,"NAMED","NPGWXTIWUUFYAB-DIPNUNPCSA-N","O=C(CCCCCCCCCCCCCCC)OC[C@]([H])(COP(OCC[N+](C)(C)C)([O-])=O)OC(CCCCCCCCCCCCCC)=O","1-palmitoyl-2-pentadecanoyl-GPC (16:0/15:0)*","1-palmitoyl-2-pentadecanoyl-GPC (16:0/15:0)*","PC 31:0","PC 15:0_16:0","Unknown",NA,"24766642","HMDB0007967",NA,"24778680","Pos Late","1_palmitoyl_2_pentadecanoyl_gpc_16_0_15_0",1003,"1_palmitoyl_2_pentadecanoyl_gpc_16_0_15_0","sample_cohort","PC 15:0_16:0"
264,100016048,209,61836,218439,"Xenobiotics","Drug - Psychoactive",5945,"NAMED","YOVRGSHRZRJTLZ-UHFFFAOYSA-N","CCCCCc1cc(OC(C)(C)C2C3C=C(C(O)=O)CC2)c3c(O)c1","THC carboxylic acid","THC carboxylic acid",NA,NA,NA,NA,"97019",NA,NA,"107885","Neg","thc carboxylic acid",1005,"thc carboxylic acid","sample_cohort","11-Nor-delta9-THC-9-carboxylic acid"
264,100016048,209,61836,218439,"Xenobiotics","Drug - Psychoactive",5945,"NAMED","YOVRGSHRZRJTLZ-UHFFFAOYSA-N","CCCCCc1cc(OC(C)(C)C2C3C=C(C(O)=O)CC2)c3c(O)c1","THC carboxylic acid","THC carboxylic acid",NA,NA,NA,NA,"97019",NA,NA,"107885","Neg","thc carboxylic acid",1005,"thc carboxylic acid","sample_cohort","11-Nor-delta9-THC-9-carboxylic acid"
265,100016049,209,61848,218461,"Xenobiotics","Drug - Psychoactive",5946,"NAMED","UWXZAZRSQQLWKH-AREXMYMPSA-N","O=C(O[C@H]1[C@H](O)[C@@H](O)[C@H](O)[C@@H](C(O)=O)O1)C2=C[C@H](C3=C4C=C(CCCCC)C=C3O)[C@@H](C(C)(O4)C)CC2","THC carboxylic acid glucuronide","THC carboxylic acid glucuronide",NA,NA,NA,NA,NA,NA,NA,NA,"Neg","thc carboxylic acid glucuronide",1006,"thc carboxylic acid glucuronide","sample_cohort",NA
266,100019794,209,62277,219248,"Lipid","Fatty Acid, Dicarboxylate",1729,"NAMED","OZOJARPUDFLESM-UHFFFAOYSA-N","CCC(O)C1=C(C)C(C(O)=O)=C(CCC(O)=O)O1","hydroxy-CMPF*","hydroxy-CMPF*",NA,NA,NA,NA,NA,NA,NA,NA,"Neg","hydroxy_cmpf",1008,"hydroxy_cmpf","sample_cohort",NA
267,100019800,402,61839,218537,"Lipid","Fatty Acid Metabolism (Acyl Carnitine, Hydroxy)",1951,"NAMED","MHJOYNGEDDXLLU-UHFFFAOYSA-N","CCCCCCCCCCCCCC(O)CC(OC([N+](C)(C)C)CCC([O-])=O)=O","3-hydroxypalmitoylcarnitine","3-hydroxypalmitoylcarnitine",NA,NA,NA,NA,NA,"HMDB0013336",NA,"126456228","Pos Late","3_hydroxypalmitoylcarnitine",1009,"3_hydroxypalmitoylcarnitine","sample_cohort","CAR 16:0;3OH"
267,100019800,402,61839,218537,"Lipid","Fatty Acid Metabolism (Acyl Carnitine, Hydroxy)",1951,"NAMED","MHJOYNGEDDXLLU-UHFFFAOYSA-N","CCCCCCCCCCCCCC(O)CC(OC([N+](C)(C)C)CCC([O-])=O)=O","3-hydroxypalmitoylcarnitine","3-hydroxypalmitoylcarnitine",NA,NA,NA,NA,NA,"HMDB0013336",NA,"126456228","Pos Late","3_hydroxypalmitoylcarnitine",1009,"3_hydroxypalmitoylcarnitine","sample_cohort","CAR 16:0;3OH"
267,100019800,402,61839,218537,"Lipid","Fatty Acid Metabolism (Acyl Carnitine, Hydroxy)",1951,"NAMED","MHJOYNGEDDXLLU-UHFFFAOYSA-N","CCCCCCCCCCCCCC(O)CC(OC([N+](C)(C)C)CCC([O-])=O)=O","3-hydroxypalmitoylcarnitine","3-hydroxypalmitoylcarnitine",NA,NA,NA,NA,NA,"HMDB0013336",NA,"126456228","Pos Late","3_hydroxypalmitoylcarnitine",1009,"3_hydroxypalmitoylcarnitine","sample_cohort","CAR 16:0;3OH"
267,100019800,402,61839,218537,"Lipid","Fatty Acid Metabolism (Acyl Carnitine, Hydroxy)",1951,"NAMED","MHJOYNGEDDXLLU-UHFFFAOYSA-N","CCCCCCCCCCCCCC(O)CC(OC([N+](C)(C)C)CCC([O-])=O)=O","3-hydroxypalmitoylcarnitine","3-hydroxypalmitoylcarnitine",NA,NA,NA,NA,NA,"HMDB0013336",NA,"126456228","Pos Late","3_hydroxypalmitoylcarnitine",1009,"3_hydroxypalmitoylcarnitine","sample_cohort","CAR 16:0;3OH"
268,100019801,402,61840,218539,"Lipid","Fatty Acid Metabolism (Acyl Carnitine, Hydroxy)",1952,"NAMED","YBCVTTMMURGSEY-LMLDZDDJSA-N","CCCCCCCC/C=C\CCCCCC(O)CC(O[C@@H](C[N+](C)(C)C)CC([O-])=O)=O","3-hydroxyoleoylcarnitine","3-hydroxyoleoylcarnitine",NA,NA,NA,NA,"48061587",NA,NA,"129637446","Pos Late","3_hydroxyoleoylcarnitine",1010,"3_hydroxyoleoylcarnitine","sample_cohort",NA
269,100019884,209,61798,218189,"Lipid","Fatty Acid Metabolism (Acyl Glycine)",1834,"NAMED","AAPHATPOQGNLOZ-SNAWJCMRSA-N","CCC/C=C/C(NCC(O)=O)=O","trans-2-hexenoylglycine","trans-2-hexenoylglycine",NA,NA,NA,NA,"25033670",NA,NA,NA,"Neg","trans_2_hexenoylglycine",1011,"trans_2_hexenoylglycine","sample_cohort",NA
270,100019892,209,61700,218003,"Lipid","Fatty Acid, Monohydroxy",1996,"NAMED","CPLYLXYEVLGWFJ-UHFFFAOYSA-N","CCCCCCCCCCCCCCCCCCC(O)C(O)=O","2-hydroxyarachidate*","2-hydroxyarachidate*",NA,NA,NA,NA,"4395406",NA,NA,"5225199","Neg","2_hydroxyarachidate",1012,"2_hydroxyarachidate","sample_cohort","2-Hydroxyeicosanoic acid"
271,100019957,209,61822,218242,"Lipid","Endocannabinoid",2220,"NAMED","CLHUCXCVFSEJRR-UHFFFAOYSA-N","CCCCCCCCCCCCCCCCCC(NC(C(O)=O)CO)=O","N-stearoylserine*","N-stearoylserine*",NA,NA,NA,NA,"15545488",NA,NA,NA,"Neg","n_stearoylserine",1013,"n_stearoylserine","sample_cohort",NA
272,100019960,305,61827,218249,"Lipid","Fatty Acid, Monohydroxy",1982,"NAMED","RGMMREBHCYXQMA-UHFFFAOYSA-N","OC(C(O)CCCCC)=O","2-hydroxyheptanoate*","2-hydroxyheptanoate*",NA,NA,NA,NA,"2032206",NA,NA,"2750949","Polar","2_hydroxyheptanoate",1014,"2_hydroxyheptanoate","sample_cohort","2-Hydroxy enanthoic acid"
273,100019966,209,61843,218451,"Lipid","Fatty Acid, Monohydroxy",2013,"NAMED","MFBDGGFIQVOLTJ-MDZDMXLPSA-N","CCCCCCCC/C=C/CCCCCC(O)CC(O)=O","3-hydroxyoleate*","3-hydroxyoleate*",NA,NA,NA,NA,NA,NA,NA,NA,"Neg","3_hydroxyoleate",1015,"3_hydroxyoleate","sample_cohort",NA
274,100019968,305,61858,218556,"Carbohydrate","Pentose Metabolism",1308,"NAMED","QXKAIJAYHKCRRA-PZGQECOJSA-N","OC[C@H](O)[C@@H](O)[C@@H](O)C(O)=O","lyxonate","lyxonate",NA,NA,NA,NA,NA,"HMDB0060255",NA,NA,"Polar","lyxonate",1016,"lyxonate","sample_cohort","L-Lyxonic acid"
274,100019968,305,61858,218556,"Carbohydrate","Pentose Metabolism",1308,"NAMED","QXKAIJAYHKCRRA-PZGQECOJSA-N","OC[C@H](O)[C@@H](O)[C@@H](O)C(O)=O","lyxonate","lyxonate",NA,NA,NA,NA,NA,"HMDB0060255",NA,NA,"Polar","lyxonate",1016,"lyxonate","sample_cohort","L-Lyxonic acid"
274,100019968,305,61858,218556,"Carbohydrate","Pentose Metabolism",1308,"NAMED","QXKAIJAYHKCRRA-PZGQECOJSA-N","OC[C@H](O)[C@@H](O)[C@@H](O)C(O)=O","lyxonate","lyxonate",NA,NA,NA,NA,NA,"HMDB0060255",NA,NA,"Polar","lyxonate",1016,"lyxonate","sample_cohort","L-Lyxonic acid"
274,100019968,305,61858,218556,"Carbohydrate","Pentose Metabolism",1308,"NAMED","QXKAIJAYHKCRRA-PZGQECOJSA-N","OC[C@H](O)[C@@H](O)[C@@H](O)C(O)=O","lyxonate","lyxonate",NA,NA,NA,NA,NA,"HMDB0060255",NA,NA,"Polar","lyxonate",1016,"lyxonate","sample_cohort","D-Lyxonic acid"
274,100019968,305,61858,218556,"Carbohydrate","Pentose Metabolism",1308,"NAMED","QXKAIJAYHKCRRA-PZGQECOJSA-N","OC[C@H](O)[C@@H](O)[C@@H](O)C(O)=O","lyxonate","lyxonate",NA,NA,NA,NA,NA,"HMDB0060255",NA,NA,"Polar","lyxonate",1016,"lyxonate","sample_cohort","D-Lyxonic acid"
274,100019968,305,61858,218556,"Carbohydrate","Pentose Metabolism",1308,"NAMED","QXKAIJAYHKCRRA-PZGQECOJSA-N","OC[C@H](O)[C@@H](O)[C@@H](O)C(O)=O","lyxonate","lyxonate",NA,NA,NA,NA,NA,"HMDB0060255",NA,NA,"Polar","lyxonate",1016,"lyxonate","sample_cohort","D-Lyxonic acid"
275,100019969,209,62869,220659,"Lipid","Fatty Acid, Dicarboxylate",1720,"NAMED","QCNWZROVPSVEJA-UHFFFAOYSA-N","OC(CCCCCCCCCCCCCCCC(O)=O)=O","heptadecanedioate (C17-DC)","heptadecanedioate (C17-DC)",NA,NA,NA,"2424-90-0","2340922",NA,NA,"3083765","Neg","heptadecanedioate_c17_dc",1017,"heptadecanedioate_c17_dc","sample_cohort","Heptadecanedioic acid"
276,100019975,209,61862,218579,"Lipid","Fatty Acid, Dicarboxylate",1719,"NAMED","IWTMSCUHCJHPPR-ACCUITESSA-N","O=C(O)CCCCCCCCCCCC/C=C/C(O)=O","hexadecenedioate (C16:1-DC)*","hexadecenedioate (C16:1-DC)*",NA,NA,NA,NA,NA,NA,NA,NA,"Neg","hexadecenedioate_c16_1_dc",1019,"hexadecenedioate_c16_1_dc","sample_cohort",NA
277,100019978,209,61861,218578,"Lipid","Fatty Acid, Dicarboxylate",1722,"NAMED","YDPSQMGOAILWPE-FYWRMAATSA-N","O=C(O)CCCCCCCCCCCCCC/C=C/C(O)=O","octadecenedioate (C18:1-DC)","octadecenedioate (C18:1-DC)",NA,NA,NA,NA,NA,NA,NA,"9543674","Neg","octadecenedioate_c18_1_dc",1020,"octadecenedioate_c18_1_dc","sample_cohort",NA
278,100019981,305,61866,218583,"Lipid","Fatty Acid, Dicarboxylate",1697,"NAMED","OXQWBLJQOBXJPM-DUXPYHPUSA-N","OC(CCC/C=C/C(O)=O)=O","heptenedioate (C7:1-DC)*","heptenedioate (C7:1-DC)*",NA,NA,NA,NA,NA,NA,NA,NA,"Polar","heptenedioate_c7_1_dc",1021,"heptenedioate_c7_1_dc","sample_cohort",NA
279,100019982,209,61860,218580,"Lipid","Fatty Acid, Dicarboxylate",1723,"NAMED","ZKQNWTGXRAIVGG-PXELCPQFSA-N","O=C(O)CCCCCCCCCCCC/C=C/C=C/C(O)=O","octadecadienedioate (C18:2-DC)*","octadecadienedioate (C18:2-DC)*",NA,NA,NA,NA,NA,NA,NA,NA,"Neg","octadecadienedioate_c18_2_dc",1022,"octadecadienedioate_c18_2_dc","sample_cohort",NA
280,100019984,209,61874,218624,"Partially Characterized Molecules","Partially Characterized Molecules",6435,"NAMED",NA,NA,"glucuronide of C12H22O4 (1)*","glucuronide of C12H22O4 (1)*",NA,NA,NA,NA,NA,NA,NA,NA,"Neg","glucuronide of c12h22o4",1023,"glucuronide of c12h22o4","sample_cohort",NA
281,100019985,209,61875,218625,"Partially Characterized Molecules","Partially Characterized Molecules",6436,"NAMED",NA,NA,"glucuronide of C12H22O4 (2)*","glucuronide of C12H22O4 (2)*",NA,NA,NA,NA,NA,NA,NA,NA,"Neg","glucuronide of c12h22o4",1024,"glucuronide of c12h22o4","sample_cohort",NA
282,100019986,209,61876,218626,"Partially Characterized Molecules","Partially Characterized Molecules",6440,"NAMED",NA,NA,"glucuronide of C14H26O4 (1)*","glucuronide of C14H26O4 (1)*",NA,NA,NA,NA,NA,NA,NA,NA,"Neg","glucuronide of c14h26o4",1025,"glucuronide of c14h26o4","sample_cohort",NA
283,100019990,209,61881,218632,"Partially Characterized Molecules","Partially Characterized Molecules",6417,"NAMED",NA,NA,"glucuronide of C10H18O2 (1)*","glucuronide of C10H18O2 (1)*",NA,NA,NA,NA,NA,NA,NA,NA,"Neg","glucuronide of c10h18o2",1026,"glucuronide of c10h18o2","sample_cohort",NA
284,100020004,209,61871,218621,"Lipid","Fatty Acid, Dicarboxylate",1730,"NAMED","RIJDKRLRDVBUHJ-UHFFFAOYSA-N","OC(C1=C(CCC(O)=O)OC(CCCCC)=C1C)=O","3-carboxy-4-methyl-5-pentyl-2-furanpropionate (3-CMPFP)**","3-carboxy-4-methyl-5-pentyl-2-furanpropionate (3-CMPFP)**",NA,NA,NA,NA,"168762","HMDB0061643",NA,"194501","Neg","3_carboxy_4_methyl_5_pentyl_2_furanpropionate_3_cmpfp",1027,"3_carboxy_4_methyl_5_pentyl_2_furanpropionate_3_cmpfp","sample_cohort","3-Carboxy-4-methyl-5-pentyl-2-furanpropanoic acid"
284,100020004,209,61871,218621,"Lipid","Fatty Acid, Dicarboxylate",1730,"NAMED","RIJDKRLRDVBUHJ-UHFFFAOYSA-N","OC(C1=C(CCC(O)=O)OC(CCCCC)=C1C)=O","3-carboxy-4-methyl-5-pentyl-2-furanpropionate (3-CMPFP)**","3-carboxy-4-methyl-5-pentyl-2-furanpropionate (3-CMPFP)**",NA,NA,NA,NA,"168762","HMDB0061643",NA,"194501","Neg","3_carboxy_4_methyl_5_pentyl_2_furanpropionate_3_cmpfp",1027,"3_carboxy_4_methyl_5_pentyl_2_furanpropionate_3_cmpfp","sample_cohort","3-Carboxy-4-methyl-5-pentyl-2-furanpropanoic acid"
284,100020004,209,61871,218621,"Lipid","Fatty Acid, Dicarboxylate",1730,"NAMED","RIJDKRLRDVBUHJ-UHFFFAOYSA-N","OC(C1=C(CCC(O)=O)OC(CCCCC)=C1C)=O","3-carboxy-4-methyl-5-pentyl-2-furanpropionate (3-CMPFP)**","3-carboxy-4-methyl-5-pentyl-2-furanpropionate (3-CMPFP)**",NA,NA,NA,NA,"168762","HMDB0061643",NA,"194501","Neg","3_carboxy_4_methyl_5_pentyl_2_furanpropionate_3_cmpfp",1027,"3_carboxy_4_methyl_5_pentyl_2_furanpropionate_3_cmpfp","sample_cohort","3-Carboxy-4-methyl-5-pentyl-2-furanpropanoic acid"
284,100020004,209,61871,218621,"Lipid","Fatty Acid, Dicarboxylate",1730,"NAMED","RIJDKRLRDVBUHJ-UHFFFAOYSA-N","OC(C1=C(CCC(O)=O)OC(CCCCC)=C1C)=O","3-carboxy-4-methyl-5-pentyl-2-furanpropionate (3-CMPFP)**","3-carboxy-4-methyl-5-pentyl-2-furanpropionate (3-CMPFP)**",NA,NA,NA,NA,"168762","HMDB0061643",NA,"194501","Neg","3_carboxy_4_methyl_5_pentyl_2_furanpropionate_3_cmpfp",1027,"3_carboxy_4_methyl_5_pentyl_2_furanpropionate_3_cmpfp","sample_cohort","3-Carboxy-4-methyl-5-pentyl-2-furanpropanoic acid"
285,100020006,209,61873,218623,"Xenobiotics","Chemical",6219,"NAMED","SBYDEYGHJXSIDV-UHFFFAOYSA-N","CC1=C(OS(=O)(O)=O)C=CC2=CC=CC=C21","methylnaphthyl sulfate (2)*","methylnaphthyl sulfate (2)*",NA,NA,NA,NA,NA,NA,NA,NA,"Neg","methylnaphthyl sulfate",1028,"methylnaphthyl sulfate","sample_cohort",NA
286,100020014,209,61887,218638,"Partially Characterized Molecules","Partially Characterized Molecules",6423,"NAMED",NA,NA,"glucuronide of C10H18O2 (7)*","glucuronide of C10H18O2 (7)*",NA,NA,NA,NA,NA,NA,NA,NA,"Neg","glucuronide of c10h18o2",1029,"glucuronide of c10h18o2","sample_cohort",NA
287,100020015,209,61888,218639,"Partially Characterized Molecules","Partially Characterized Molecules",6424,"NAMED",NA,NA,"glucuronide of C10H18O2 (8)*","glucuronide of C10H18O2 (8)*",NA,NA,NA,NA,NA,NA,NA,NA,"Neg","glucuronide of c10h18o2",1030,"glucuronide of c10h18o2","sample_cohort",NA
288,100020206,209,62070,218879,"Xenobiotics","Food Component/Plant",4909,"NAMED","MMIBOZXVZLENRZ-ZFORQUDYSA-N","O=C1c2c(OC=C1c3ccc(O)cc3)cc(O[C@@H]4O[C@@H]([C@H]([C@@H]([C@H]4O)O)O)C(O)=O)cc2","daidzein 7-O-glucuronide","daidzein 7-O-glucuronide",NA,NA,NA,NA,"9491321","HMDB0041718",NA,"11316354","Neg","daidzein 7_o_glucuronide",1034,"daidzein 7_o_glucuronide","sample_cohort","Daidzein 7-glucuronide"
288,100020206,209,62070,218879,"Xenobiotics","Food Component/Plant",4909,"NAMED","MMIBOZXVZLENRZ-ZFORQUDYSA-N","O=C1c2c(OC=C1c3ccc(O)cc3)cc(O[C@@H]4O[C@@H]([C@H]([C@@H]([C@H]4O)O)O)C(O)=O)cc2","daidzein 7-O-glucuronide","daidzein 7-O-glucuronide",NA,NA,NA,NA,"9491321","HMDB0041718",NA,"11316354","Neg","daidzein 7_o_glucuronide",1034,"daidzein 7_o_glucuronide","sample_cohort","Daidzein 7-glucuronide"
289,100020207,209,62061,218865,"Xenobiotics","Food Component/Plant",4911,"NAMED","DKEIWIJUHWVGRC-UHFFFAOYSA-N","O=C1C(C(O)=C2)=C(C=C2OS(=O)(O)=O)OC=C1C(C=C3)=CC=C3O","genistein sulfate*","genistein sulfate*",NA,NA,NA,NA,NA,NA,NA,NA,"Neg","genistein sulfate",1035,"genistein sulfate","sample_cohort","Genistein sulfate"
289,100020207,209,62061,218865,"Xenobiotics","Food Component/Plant",4911,"NAMED","DKEIWIJUHWVGRC-UHFFFAOYSA-N","O=C1C(C(O)=C2)=C(C=C2OS(=O)(O)=O)OC=C1C(C=C3)=CC=C3O","genistein sulfate*","genistein sulfate*",NA,NA,NA,NA,NA,NA,NA,NA,"Neg","genistein sulfate",1035,"genistein sulfate","sample_cohort","Genistein sulfate"
290,100020211,400,62064,218870,"Lipid","Fatty Acid Metabolism (Acyl Glycine)",1854,"NAMED","VMIWHQCIHIUYCS-UHFFFAOYSA-N","O=C(CC(O)C)NCC(O)=O","3-hydroxybutyroylglycine**","3-hydroxybutyroylglycine**",NA,NA,NA,NA,NA,NA,NA,NA,"Pos Early","3_hydroxybutyroylglycine",1037,"3_hydroxybutyroylglycine","sample_cohort",NA
291,100020214,209,62066,218872,"Lipid","Primary Bile Acid Metabolism",3502,"NAMED","ZQYUKJFJPJDMMR-PRRFOZOMSA-N","CC(C1CCC2C3[C@H]([C@H]([C@@]4(C[C@@H](CC[C@@]4(C3CC[C@]12C)C)O)[H])O)O)CCC(NCC(O)=O)=O","glyco-beta-muricholate**","glyco-beta-muricholate**",NA,NA,NA,NA,NA,NA,NA,NA,"Neg","glyco_beta_muricholate",1038,"glyco_beta_muricholate","sample_cohort",NA
292,100020217,400,62947,220818,"Amino Acid","Urea cycle; Arginine and Proline Metabolism",527,"NAMED","KXONJPJIFNGMCN-UHFFFAOYSA-N","O=C(C([N+](C)(C)C)C)N1CCCC1C([O-])=O","N,N,N-trimethyl-alanylproline betaine (TMAP)","N,N,N-trimethyl-alanylproline betaine (TMAP)",NA,NA,NA,NA,NA,"HMDB0240365",NA,NA,"Pos Early","n_n_n_trimethyl_alanylproline betaine_tmap",1039,"n_n_n_trimethyl_alanylproline betaine_tmap","sample_cohort","N,N,N-Trimethyl-alanylproline betaine"
292,100020217,400,62947,220818,"Amino Acid","Urea cycle; Arginine and Proline Metabolism",527,"NAMED","KXONJPJIFNGMCN-UHFFFAOYSA-N","O=C(C([N+](C)(C)C)C)N1CCCC1C([O-])=O","N,N,N-trimethyl-alanylproline betaine (TMAP)","N,N,N-trimethyl-alanylproline betaine (TMAP)",NA,NA,NA,NA,NA,"HMDB0240365",NA,NA,"Pos Early","n_n_n_trimethyl_alanylproline betaine_tmap",1039,"n_n_n_trimethyl_alanylproline betaine_tmap","sample_cohort","N,N,N-Trimethyl-alanylproline betaine"
292,100020217,400,62947,220818,"Amino Acid","Urea cycle; Arginine and Proline Metabolism",527,"NAMED","KXONJPJIFNGMCN-UHFFFAOYSA-N","O=C(C([N+](C)(C)C)C)N1CCCC1C([O-])=O","N,N,N-trimethyl-alanylproline betaine (TMAP)","N,N,N-trimethyl-alanylproline betaine (TMAP)",NA,NA,NA,NA,NA,"HMDB0240365",NA,NA,"Pos Early","n_n_n_trimethyl_alanylproline betaine_tmap",1039,"n_n_n_trimethyl_alanylproline betaine_tmap","sample_cohort","N,N,N-Trimethyl-alanylproline betaine"
292,100020217,400,62947,220818,"Amino Acid","Urea cycle; Arginine and Proline Metabolism",527,"NAMED","KXONJPJIFNGMCN-UHFFFAOYSA-N","O=C(C([N+](C)(C)C)C)N1CCCC1C([O-])=O","N,N,N-trimethyl-alanylproline betaine (TMAP)","N,N,N-trimethyl-alanylproline betaine (TMAP)",NA,NA,NA,NA,NA,"HMDB0240365",NA,NA,"Pos Early","n_n_n_trimethyl_alanylproline betaine_tmap",1039,"n_n_n_trimethyl_alanylproline betaine_tmap","sample_cohort","N,N,N-Trimethyl-alanylproline betaine"
293,100020225,402,62084,218904,"Lipid","Plasmalogen",2850,"NAMED","PWAHARWXEAMNGK-WOCLASLBSA-N","CC/C=C\C/C=C\C/C=C\C/C=C\C/C=C\C/C=C\CCC(OC(COP([O-])(OCC[N+](C)(C)C)=O)CO/C=C\CCCCCC/C=C\CCCCCCCC)=O","1-(1-enyl-oleoyl)-2-docosahexaenoyl-GPC (P-18:1/22:6)*","1-(1-enyl-oleoyl)-2-docosahexaenoyl-GPC (P-18:1/22:6)*","PC O-40:8","PC P-18:1_22:6","PC P-18:1/22:6",NA,NA,"HMDB0011295,HMDB0011328",NA,"53480839,53480781","Pos Late","1_1_enyl_oleoyl_2_docosahexaenoyl_gpc_p_18_1_22_6",1041,"1_1_enyl_oleoyl_2_docosahexaenoyl_gpc_p_18_1_22_6","sample_cohort",NA
294,100020227,209,62087,218912,"Peptide","Modified Peptides",1220,"NAMED","YIJVJUARZXCJJP-WHFBIAKZSA-N","O=C([C@H](CC1)N([H])C1=O)N([H])[C@H](C(O)=O)C","pyroglutamylalanine*","pyroglutamylalanine*",NA,NA,NA,NA,"140586",NA,NA,"159907","Neg","pyroglutamylalanine",1042,"pyroglutamylalanine","sample_cohort","Pyroglutamylalanine"
294,100020227,209,62087,218912,"Peptide","Modified Peptides",1220,"NAMED","YIJVJUARZXCJJP-WHFBIAKZSA-N","O=C([C@H](CC1)N([H])C1=O)N([H])[C@H](C(O)=O)C","pyroglutamylalanine*","pyroglutamylalanine*",NA,NA,NA,NA,"140586",NA,NA,"159907","Neg","pyroglutamylalanine",1042,"pyroglutamylalanine","sample_cohort","Pyroglutamylalanine"
295,100020241,400,62104,218950,"Peptide","Gamma-glutamyl Amino Acid",666,"NAMED","SCTJBDDLOROJJM-UHFFFAOYSA-N","NC(C(O)=O)CCC(NC(CCCNC(N)=O)C(O)=O)=O","gamma-glutamylcitrulline*","gamma-glutamylcitrulline*",NA,NA,NA,NA,NA,NA,NA,NA,"Pos Early","gamma_glutamylcitrulline",1043,"gamma_glutamylcitrulline","sample_cohort",NA
296,100020244,209,62107,218953,"Xenobiotics","Drug - Antibiotic",5539,"NAMED","YKWZTWOYFWCVKH-UHFFFAOYSA-N","O=S(C1=CC=C(NC(C)=O)C=C1)(NC2=NOC(CO)=C2)=O","N4-acetyl-5-hydroxysulfamethoxazole*","N4-acetyl-5-hydroxysulfamethoxazole*",NA,NA,NA,NA,NA,NA,NA,NA,"Neg","n4_acetyl_5_hydroxysulfamethoxazole",1045,"n4_acetyl_5_hydroxysulfamethoxazole","sample_cohort",NA
297,100020254,209,62146,219038,"Partially Characterized Molecules","Partially Characterized Molecules",6464,"NAMED",NA,NA,"glycine conjugate of C10H14O2 (1)*","glycine conjugate of C10H14O2 (1)*",NA,NA,NA,NA,NA,NA,NA,NA,"Neg","glycine conjugate of c10h14o2",1046,"glycine conjugate of c10h14o2","sample_cohort",NA
298,100020259,209,63658,223041,"Partially Characterized Molecules","Partially Characterized Molecules",6447,"NAMED",NA,NA,"glutamine conjugate of C7H12O2*","glutamine conjugate of C7H12O2*",NA,NA,NA,NA,NA,NA,NA,NA,"Neg","glutamine conjugate of c7h12o2",1047,"glutamine conjugate of c7h12o2","sample_cohort",NA
299,100020261,209,63657,223045,"Partially Characterized Molecules","Partially Characterized Molecules",6445,"NAMED",NA,NA,"glutamine conjugate of C6H10O2 (1)*","glutamine conjugate of C6H10O2 (1)*",NA,NA,NA,NA,NA,NA,NA,NA,"Neg","glutamine conjugate of c6h10o2",1048,"glutamine conjugate of c6h10o2","sample_cohort",NA
300,100020262,209,63660,223046,"Partially Characterized Molecules","Partially Characterized Molecules",6446,"NAMED",NA,NA,"glutamine conjugate of C6H10O2 (2)*","glutamine conjugate of C6H10O2 (2)*",NA,NA,NA,NA,NA,NA,NA,NA,"Neg","glutamine conjugate of c6h10o2",1049,"glutamine conjugate of c6h10o2","sample_cohort",NA
301,100020265,209,62140,219032,"Partially Characterized Molecules","Partially Characterized Molecules",6451,"NAMED",NA,NA,"glutamine conjugate of C8H12O4 (1)*","glutamine conjugate of C8H12O4 (1)*",NA,NA,NA,NA,NA,NA,NA,NA,"Neg","glutamine conjugate of c8h12o4",1050,"glutamine conjugate of c8h12o4","sample_cohort",NA
302,100020273,209,62883,220730,"Xenobiotics","Drug - Neurological",5861,"NAMED","XXKSYIHWRBBHIC-JVWRJRKNSA-N","CCCC(C(O[C@H]1[C@H](O)[C@@H](O)[C@H](O)[C@@H](C(O)=O)O1)=O)CCC","valproic acid glucuronide","valproic acid glucuronide",NA,NA,NA,NA,"79488","HMDB0000901",NA,"88111","Neg","valproic acid glucuronide",1052,"valproic acid glucuronide","sample_cohort","Valproic acid glucuronide"
302,100020273,209,62883,220730,"Xenobiotics","Drug - Neurological",5861,"NAMED","XXKSYIHWRBBHIC-JVWRJRKNSA-N","CCCC(C(O[C@H]1[C@H](O)[C@@H](O)[C@H](O)[C@@H](C(O)=O)O1)=O)CCC","valproic acid glucuronide","valproic acid glucuronide",NA,NA,NA,NA,"79488","HMDB0000901",NA,"88111","Neg","valproic acid glucuronide",1052,"valproic acid glucuronide","sample_cohort","Valproic acid glucuronide"
302,100020273,209,62883,220730,"Xenobiotics","Drug - Neurological",5861,"NAMED","XXKSYIHWRBBHIC-JVWRJRKNSA-N","CCCC(C(O[C@H]1[C@H](O)[C@@H](O)[C@H](O)[C@@H](C(O)=O)O1)=O)CCC","valproic acid glucuronide","valproic acid glucuronide",NA,NA,NA,NA,"79488","HMDB0000901",NA,"88111","Neg","valproic acid glucuronide",1052,"valproic acid glucuronide","sample_cohort","Valproic acid"
302,100020273,209,62883,220730,"Xenobiotics","Drug - Neurological",5861,"NAMED","XXKSYIHWRBBHIC-JVWRJRKNSA-N","CCCC(C(O[C@H]1[C@H](O)[C@@H](O)[C@H](O)[C@@H](C(O)=O)O1)=O)CCC","valproic acid glucuronide","valproic acid glucuronide",NA,NA,NA,NA,"79488","HMDB0000901",NA,"88111","Neg","valproic acid glucuronide",1052,"valproic acid glucuronide","sample_cohort","Valproic acid"
302,100020273,209,62883,220730,"Xenobiotics","Drug - Neurological",5861,"NAMED","XXKSYIHWRBBHIC-JVWRJRKNSA-N","CCCC(C(O[C@H]1[C@H](O)[C@@H](O)[C@H](O)[C@@H](C(O)=O)O1)=O)CCC","valproic acid glucuronide","valproic acid glucuronide",NA,NA,NA,NA,"79488","HMDB0000901",NA,"88111","Neg","valproic acid glucuronide",1052,"valproic acid glucuronide","sample_cohort","Valproic acid glucuronide"
303,100020276,402,62152,219058,"Lipid","Sphingomyelins",3141,"NAMED","VDFACZRLDXDTEB-WSYRTZMQSA-N","CCCCCCCCCCC/C=C/[C@@H](O)[C@@H](NC(CCCCCCCCCCCCCC)=O)COP(OCC[N+](C)(C)C)([O-])=O","sphingomyelin (d17:1/14:0, d16:1/15:0)*","sphingomyelin (d17:1/14:0, d16:1/15:0)*","SM 31:1;O2","Unknown","Unknown",NA,NA,NA,NA,NA,"Pos Late","sphingomyelin_d17_1_14_0_d16_1_15_0",1053,"sphingomyelin_d17_1_14_0_d16_1_15_0","sample_cohort",NA
304,100020343,209,62850,220619,"Lipid","Long Chain Polyunsaturated Fatty Acid (n3 and n6)",1573,"NAMED","HXHZGHRLVRFQDR-HZJYTTRNSA-N","OC(CCC/C=C\C/C=C\CCCCC)=O","tetradecadienoate (14:2)*","tetradecadienoate (14:2)*",NA,NA,NA,"39039-37-7","4471834","HMDB0000560",NA,"5312409","Neg","tetradecadienoate_14_2",1054,"tetradecadienoate_14_2","sample_cohort","5,8-Tetradecadienoic acid"
304,100020343,209,62850,220619,"Lipid","Long Chain Polyunsaturated Fatty Acid (n3 and n6)",1573,"NAMED","HXHZGHRLVRFQDR-HZJYTTRNSA-N","OC(CCC/C=C\C/C=C\CCCCC)=O","tetradecadienoate (14:2)*","tetradecadienoate (14:2)*",NA,NA,NA,"39039-37-7","4471834","HMDB0000560",NA,"5312409","Neg","tetradecadienoate_14_2",1054,"tetradecadienoate_14_2","sample_cohort","5,8-Tetradecadienoic acid"
304,100020343,209,62850,220619,"Lipid","Long Chain Polyunsaturated Fatty Acid (n3 and n6)",1573,"NAMED","HXHZGHRLVRFQDR-HZJYTTRNSA-N","OC(CCC/C=C\C/C=C\CCCCC)=O","tetradecadienoate (14:2)*","tetradecadienoate (14:2)*",NA,NA,NA,"39039-37-7","4471834","HMDB0000560",NA,"5312409","Neg","tetradecadienoate_14_2",1054,"tetradecadienoate_14_2","sample_cohort","5,8-Tetradecadienoic acid"
304,100020343,209,62850,220619,"Lipid","Long Chain Polyunsaturated Fatty Acid (n3 and n6)",1573,"NAMED","HXHZGHRLVRFQDR-HZJYTTRNSA-N","OC(CCC/C=C\C/C=C\CCCCC)=O","tetradecadienoate (14:2)*","tetradecadienoate (14:2)*",NA,NA,NA,"39039-37-7","4471834","HMDB0000560",NA,"5312409","Neg","tetradecadienoate_14_2",1054,"tetradecadienoate_14_2","sample_cohort","5,8-Tetradecadienoic acid"
304,100020343,209,62850,220619,"Lipid","Long Chain Polyunsaturated Fatty Acid (n3 and n6)",1573,"NAMED","HXHZGHRLVRFQDR-HZJYTTRNSA-N","OC(CCC/C=C\C/C=C\CCCCC)=O","tetradecadienoate (14:2)*","tetradecadienoate (14:2)*",NA,NA,NA,"39039-37-7","4471834","HMDB0000560",NA,"5312409","Neg","tetradecadienoate_14_2",1054,"tetradecadienoate_14_2","sample_cohort","5,8-Tetradecadienoic acid"
304,100020343,209,62850,220619,"Lipid","Long Chain Polyunsaturated Fatty Acid (n3 and n6)",1573,"NAMED","HXHZGHRLVRFQDR-HZJYTTRNSA-N","OC(CCC/C=C\C/C=C\CCCCC)=O","tetradecadienoate (14:2)*","tetradecadienoate (14:2)*",NA,NA,NA,"39039-37-7","4471834","HMDB0000560",NA,"5312409","Neg","tetradecadienoate_14_2",1054,"tetradecadienoate_14_2","sample_cohort","5,8-Tetradecadienoic acid"
304,100020343,209,62850,220619,"Lipid","Long Chain Polyunsaturated Fatty Acid (n3 and n6)",1573,"NAMED","HXHZGHRLVRFQDR-HZJYTTRNSA-N","OC(CCC/C=C\C/C=C\CCCCC)=O","tetradecadienoate (14:2)*","tetradecadienoate (14:2)*",NA,NA,NA,"39039-37-7","4471834","HMDB0000560",NA,"5312409","Neg","tetradecadienoate_14_2",1054,"tetradecadienoate_14_2","sample_cohort","FA 14:2(5Z,8Z)*"
304,100020343,209,62850,220619,"Lipid","Long Chain Polyunsaturated Fatty Acid (n3 and n6)",1573,"NAMED","HXHZGHRLVRFQDR-HZJYTTRNSA-N","OC(CCC/C=C\C/C=C\CCCCC)=O","tetradecadienoate (14:2)*","tetradecadienoate (14:2)*",NA,NA,NA,"39039-37-7","4471834","HMDB0000560",NA,"5312409","Neg","tetradecadienoate_14_2",1054,"tetradecadienoate_14_2","sample_cohort","Tetradecadienoic acid"
304,100020343,209,62850,220619,"Lipid","Long Chain Polyunsaturated Fatty Acid (n3 and n6)",1573,"NAMED","HXHZGHRLVRFQDR-HZJYTTRNSA-N","OC(CCC/C=C\C/C=C\CCCCC)=O","tetradecadienoate (14:2)*","tetradecadienoate (14:2)*",NA,NA,NA,"39039-37-7","4471834","HMDB0000560",NA,"5312409","Neg","tetradecadienoate_14_2",1054,"tetradecadienoate_14_2","sample_cohort","5,8-Tetradecadienoic acid"
305,100020360,209,62955,220839,"Amino Acid","Tryptophan Metabolism",285,"NAMED","BXZSKDOPGDPDEG-UHFFFAOYSA-N","OC1=CC(C(O)=O)=NC(C1=CC=C2)=C2OC","8-methoxykynurenate","8-methoxykynurenate",NA,NA,NA,"2929-14-8","68710","HMDB0060426","C05830","76230","Neg","8_methoxykynurenate",1055,"8_methoxykynurenate","sample_cohort","8-Methoxykynurenic acid"
305,100020360,209,62955,220839,"Amino Acid","Tryptophan Metabolism",285,"NAMED","BXZSKDOPGDPDEG-UHFFFAOYSA-N","OC1=CC(C(O)=O)=NC(C1=CC=C2)=C2OC","8-methoxykynurenate","8-methoxykynurenate",NA,NA,NA,"2929-14-8","68710","HMDB0060426","C05830","76230","Neg","8_methoxykynurenate",1055,"8_methoxykynurenate","sample_cohort","8-Methoxykynurenic acid"
305,100020360,209,62955,220839,"Amino Acid","Tryptophan Metabolism",285,"NAMED","BXZSKDOPGDPDEG-UHFFFAOYSA-N","OC1=CC(C(O)=O)=NC(C1=CC=C2)=C2OC","8-methoxykynurenate","8-methoxykynurenate",NA,NA,NA,"2929-14-8","68710","HMDB0060426","C05830","76230","Neg","8_methoxykynurenate",1055,"8_methoxykynurenate","sample_cohort","8-Methoxykynurenic acid"
305,100020360,209,62955,220839,"Amino Acid","Tryptophan Metabolism",285,"NAMED","BXZSKDOPGDPDEG-UHFFFAOYSA-N","OC1=CC(C(O)=O)=NC(C1=CC=C2)=C2OC","8-methoxykynurenate","8-methoxykynurenate",NA,NA,NA,"2929-14-8","68710","HMDB0060426","C05830","76230","Neg","8_methoxykynurenate",1055,"8_methoxykynurenate","sample_cohort","8-Methoxykynurenic acid"
305,100020360,209,62955,220839,"Amino Acid","Tryptophan Metabolism",285,"NAMED","BXZSKDOPGDPDEG-UHFFFAOYSA-N","OC1=CC(C(O)=O)=NC(C1=CC=C2)=C2OC","8-methoxykynurenate","8-methoxykynurenate",NA,NA,NA,"2929-14-8","68710","HMDB0060426","C05830","76230","Neg","8_methoxykynurenate",1055,"8_methoxykynurenate","sample_cohort","8-Methoxykynurenic acid"
306,100020371,400,63151,221884,"Amino Acid","Alanine and Aspartate Metabolism",33,"NAMED","QCYOIFVBYZNUNW-BYPYZUCNSA-N","C[C@@](C(O)=O)(N(C)C)[H]","N,N-dimethylalanine","N,N-dimethylalanine",NA,NA,NA,"2812-31-9","4589713",NA,NA,"5488191","Pos Early","n_n_dimethylalanine",1057,"n_n_dimethylalanine","sample_cohort","N,N-Dimethylalanine"
307,100020372,209,63583,222852,"Xenobiotics","Food Component/Plant",5252,"NAMED","DWLVFWDCSFTDOD-UHFFFAOYSA-N","OC(C(C1=CNC2=C1C=CC=C2)=O)=O","3-indoleglyoxylic acid","3-indoleglyoxylic acid",NA,NA,NA,"1477-49-2","66497",NA,NA,"73863","Neg","3_indoleglyoxylic acid",1058,"3_indoleglyoxylic acid","sample_cohort","3-Indoleglyoxylic acid"
308,100020373,305,62885,220735,"Xenobiotics","Chemical",6292,"NAMED","KGRVJHAUYBGFFP-UHFFFAOYSA-N","CC1=CC(C(C)(C)C)=C(C(CC2=C(C(C(C)(C)C)=CC(C)=C2)O)=C1)O","2,2'-methylenebis(6-tert-butyl-p-cresol)","2,2'-methylenebis(6-tert-butyl-p-cresol)",NA,NA,NA,"119-47-1","8092",NA,NA,"8398","Polar","2_2'_methylenebis_6_tert_butyl_p_cresol",1059,"2_2'_methylenebis_6_tert_butyl_p_cresol","sample_cohort","2,2'-Methylenebis(6-tert-butyl-p-cresol)"
309,100020377,209,64131,233912,"Xenobiotics","Food Component/Plant",5262,"NAMED","WYUFTYLVLQZQNH-JAJWTYFOSA-N","O[C@H]([C@H]1O)[C@@H]([C@@H](CO)O[C@H]1OCC)O","ethyl beta-glucopyranoside","ethyl beta-glucopyranoside",NA,NA,NA,NA,"108559","HMDB0029968",NA,"121667","Neg","ethyl beta_glucopyranoside",1060,"ethyl beta_glucopyranoside","sample_cohort","Ethyl glucoside"
310,100020407,209,64041,233186,"Xenobiotics","Food Component/Plant",4925,"NAMED","CGSFDOCYHBJLFW-WMLDXEAASA-N","O=C([C@@]1(CC2=CC(OS(=O)(O)=O)=CC=C2)[H])OC[C@@]1(CC3=CC(O)=CC=C3)[H]","enterolactone sulfate","enterolactone sulfate",NA,NA,NA,NA,NA,"HMDB0240506,HMDB0240505",NA,NA,"Neg","enterolactone sulfate",1062,"enterolactone sulfate","sample_cohort","Enterolactone sulfate"
310,100020407,209,64041,233186,"Xenobiotics","Food Component/Plant",4925,"NAMED","CGSFDOCYHBJLFW-WMLDXEAASA-N","O=C([C@@]1(CC2=CC(OS(=O)(O)=O)=CC=C2)[H])OC[C@@]1(CC3=CC(O)=CC=C3)[H]","enterolactone sulfate","enterolactone sulfate",NA,NA,NA,NA,NA,"HMDB0240506,HMDB0240505",NA,NA,"Neg","enterolactone sulfate",1062,"enterolactone sulfate","sample_cohort","Enterolactone sulfate"
311,100020409,305,63687,223113,"Cofactors and Vitamins","Ascorbate and Aldarate Metabolism",4385,"NAMED","FBFZPSQPKNIVMT-ZAFYKAAXSA-N","O=C1O[C@@]([C@@H](O)CO)([H])C(OS(=O)(O)=O)=C1O","ascorbic acid 3-sulfate*","ascorbic acid 3-sulfate*",NA,NA,NA,NA,"9600241",NA,NA,"11425365","Polar","ascorbic acid 3_sulfate",1063,"ascorbic acid 3_sulfate","sample_cohort","Ascorbic acid 3-sulfate"
312,100020410,209,62530,219863,"Xenobiotics","Benzoate Metabolism",4505,"NAMED","SBLCKJXUMHOIBU-UHFFFAOYSA-N","O=C(NCC(O)=O)C1=CC(OS(=O)(O)=O)=CC=C1","3-hydroxyhippurate sulfate","3-hydroxyhippurate sulfate",NA,NA,NA,NA,"161984",NA,NA,"186339","Neg","3_hydroxyhippurate sulfate",1064,"3_hydroxyhippurate sulfate","sample_cohort","Hippuric acid 3'-sulfate"
313,100020414,209,62503,219798,"Amino Acid","Tryptophan Metabolism",333,"NAMED","OAORYCZPERQARS-UHFFFAOYSA-N","Brc1ccc2c(CC(N)C(O)=O)c[nH]c2c1","6-bromotryptophan","6-bromotryptophan",NA,NA,NA,NA,NA,NA,NA,"9856996","Neg","6_bromotryptophan",1065,"6_bromotryptophan","sample_cohort","Bromotryptophan"
313,100020414,209,62503,219798,"Amino Acid","Tryptophan Metabolism",333,"NAMED","OAORYCZPERQARS-UHFFFAOYSA-N","Brc1ccc2c(CC(N)C(O)=O)c[nH]c2c1","6-bromotryptophan","6-bromotryptophan",NA,NA,NA,NA,NA,NA,NA,"9856996","Neg","6_bromotryptophan",1065,"6_bromotryptophan","sample_cohort","Bromotryptophan"
314,100020416,209,62287,219260,"Cofactors and Vitamins","Tocopherol Metabolism",4412,"NAMED","BNVXCCQXUZCRSR-UHFFFAOYSA-N","OC1=CC2=C(C(C)=C1)OC(CCC(O)=O)(C)CC2","delta-CEHC","delta-CEHC",NA,NA,NA,"84599-16-6","9710906",NA,NA,"35027084","Neg","delta_cehc",1066,"delta_cehc","sample_cohort",NA
315,100020478,209,62276,219247,"Lipid","Fatty Acid, Dicarboxylate",1712,"NAMED","QHRHXXRXWDTFLI-HZJYTTRNSA-N","CCCCC/C=C\C/C=C\CC(O)=O","dodecadienoate (12:2)*","dodecadienoate (12:2)*",NA,NA,NA,NA,NA,NA,NA,"25480","Neg","dodecadienoate_12_2",1068,"dodecadienoate_12_2","sample_cohort",NA
316,100020479,400,62279,219252,"Amino Acid","Tryptophan Metabolism",325,"NAMED","PBMNAYVZYLZVKC-UHFFFAOYSA-N","O=C(OC(C[N+](C)(C)C)CC([O-])=O)CC1=CNC2=CC=CC=C12","indoleacetoylcarnitine*","indoleacetoylcarnitine*",NA,NA,NA,NA,NA,NA,NA,NA,"Pos Early","indoleacetoylcarnitine",1069,"indoleacetoylcarnitine","sample_cohort",NA
317,100020487,400,62309,219289,"Amino Acid","Polyamine Metabolism",553,"NAMED","YGIAGXACEXFIDU-UHFFFAOYSA-N","O=C(C)NCCCNCCCC(O)=O","N-acetyl-isoputreanine","N-acetyl-isoputreanine",NA,NA,NA,NA,NA,NA,NA,"131802901","Pos Early","n_acetyl_isoputreanine",1070,"n_acetyl_isoputreanine","sample_cohort","N-Acetylisoputreanine"
318,100020491,209,62290,219263,"Xenobiotics","Food Component/Plant",5046,"NAMED",NA,NA,"glucuronide of piperine metabolite C17H21NO3 (3)*","glucuronide of piperine metabolite C17H21NO3 (3)*",NA,NA,NA,NA,NA,NA,NA,NA,"Neg","glucuronide of piperine metabolite c17h21no3",1071,"glucuronide of piperine metabolite c17h21no3","sample_cohort",NA
319,100020492,209,62291,219264,"Xenobiotics","Food Component/Plant",5047,"NAMED",NA,NA,"glucuronide of piperine metabolite C17H21NO3 (4)*","glucuronide of piperine metabolite C17H21NO3 (4)*",NA,NA,NA,NA,NA,NA,NA,NA,"Neg","glucuronide of piperine metabolite c17h21no3",1072,"glucuronide of piperine metabolite c17h21no3","sample_cohort",NA
320,100020493,209,62292,219265,"Xenobiotics","Food Component/Plant",5048,"NAMED",NA,NA,"glucuronide of piperine metabolite C17H21NO3 (5)*","glucuronide of piperine metabolite C17H21NO3 (5)*",NA,NA,NA,NA,NA,NA,NA,NA,"Neg","glucuronide of piperine metabolite c17h21no3",1073,"glucuronide of piperine metabolite c17h21no3","sample_cohort",NA
321,100020496,209,62295,219274,"Xenobiotics","Food Component/Plant",5055,"NAMED",NA,NA,"sulfate of piperine metabolite C16H19NO3 (2)*","sulfate of piperine metabolite C16H19NO3 (2)*",NA,NA,NA,NA,NA,NA,NA,NA,"Neg","sulfate of piperine metabolite c16h19no3",1074,"sulfate of piperine metabolite c16h19no3","sample_cohort",NA
322,100020497,209,62296,219275,"Xenobiotics","Food Component/Plant",5056,"NAMED",NA,NA,"sulfate of piperine metabolite C16H19NO3 (3)*","sulfate of piperine metabolite C16H19NO3 (3)*",NA,NA,NA,NA,NA,NA,NA,NA,"Neg","sulfate of piperine metabolite c16h19no3",1075,"sulfate of piperine metabolite c16h19no3","sample_cohort",NA
323,100020502,209,62297,219276,"Xenobiotics","Food Component/Plant",5061,"NAMED",NA,NA,"sulfate of piperine metabolite C18H21NO3 (1)*","sulfate of piperine metabolite C18H21NO3 (1)*",NA,NA,NA,NA,NA,NA,NA,NA,"Neg","sulfate of piperine metabolite c18h21no3",1076,"sulfate of piperine metabolite c18h21no3","sample_cohort",NA
324,100020504,209,62299,219278,"Xenobiotics","Food Component/Plant",5063,"NAMED",NA,NA,"sulfate of piperine metabolite C18H21NO3 (3)*","sulfate of piperine metabolite C18H21NO3 (3)*",NA,NA,NA,NA,NA,NA,NA,NA,"Neg","sulfate of piperine metabolite c18h21no3",1077,"sulfate of piperine metabolite c18h21no3","sample_cohort",NA
325,100020511,209,63253,222128,"Amino Acid","Tryptophan Metabolism",330,"NAMED","XVOLHSHNRIWYEW-UHFFFAOYSA-N","OC(C1OC(OC2=CC=C3C(C=CN3)=C2)C(O)C(O)C1O)=O","5-hydroxyindole glucuronide","5-hydroxyindole glucuronide",NA,NA,NA,NA,NA,NA,NA,NA,"Neg","5_hydroxyindole glucuronide",1078,"5_hydroxyindole glucuronide","sample_cohort",NA
326,100020514,400,62711,220227,"Xenobiotics","Food Component/Plant",5113,"NAMED","STZOUWQDQRPMBI-ZETCQYMHSA-N","O=C(NCC)CC[C@@H](C(O)=O)NC(C)=O","N-acetyltheanine","N-acetyltheanine",NA,NA,NA,NA,NA,NA,NA,NA,"Pos Early","n_acetyltheanine",1079,"n_acetyltheanine","sample_cohort",NA
327,100020515,209,62520,219835,"Xenobiotics","Chemical",6221,"NAMED","HXEZIDSFDHEIIQ-UHFFFAOYSA-N","O=S(OC1=CC=C(C=CC=C2)C2=C1)(O)=O","2-naphthol sulfate","2-naphthol sulfate",NA,NA,NA,NA,"67020",NA,NA,"74428","Neg","2_naphthol sulfate",1080,"2_naphthol sulfate","sample_cohort","2-Naphthyl sulfate"
328,100020519,209,62533,219867,"Xenobiotics","Food Component/Plant",5240,"NAMED","CLCCTVXAPVYLKM-UHFFFAOYSA-N","CC1=CC=C(C)C(OS(=O)(O)=O)=C1","(2,4 or 2,5)-dimethylphenol sulfate","(2,4 or 2,5)-dimethylphenol sulfate",NA,NA,NA,NA,NA,NA,NA,NA,"Neg","2_4 or 2_5_dimethylphenol sulfate",1081,"2_4 or 2_5_dimethylphenol sulfate","sample_cohort",NA
329,100020536,209,63072,221702,"Xenobiotics","Benzoate Metabolism",4541,"NAMED","KHZCNGJFSKSSIJ-UHFFFAOYSA-N","OC1=CC=C(CC)C=C1OS(=O)(O)=O","4-ethylcatechol sulfate","4-ethylcatechol sulfate",NA,NA,NA,NA,NA,NA,NA,NA,"Neg","4_ethylcatechol sulfate",1082,"4_ethylcatechol sulfate","sample_cohort",NA
330,100020541,209,63251,222126,"Lipid","Androgenic Steroids",3434,"NAMED","BRPLOVMHAFXVOQ-HXVIYJDASA-N","C[C@]12CC[C@@H](OC3C(O)C(O)C(O)C(C(O)=O)O3)C[C@]1([H])CC[C@]4([H])[C@]2([H])[C@@H](O)C[C@@]5(C)[C@@]4([H])CCC5=O","11beta-hydroxyandrosterone glucuronide","11beta-hydroxyandrosterone glucuronide",NA,NA,NA,NA,NA,"HMDB0010351",NA,NA,"Neg","11beta_hydroxyandrosterone glucuronide",1083,"11beta_hydroxyandrosterone glucuronide","sample_cohort","11beta-Hydroxyandrosterone-3-glucuronide"
330,100020541,209,63251,222126,"Lipid","Androgenic Steroids",3434,"NAMED","BRPLOVMHAFXVOQ-HXVIYJDASA-N","C[C@]12CC[C@@H](OC3C(O)C(O)C(O)C(C(O)=O)O3)C[C@]1([H])CC[C@]4([H])[C@]2([H])[C@@H](O)C[C@@]5(C)[C@@]4([H])CCC5=O","11beta-hydroxyandrosterone glucuronide","11beta-hydroxyandrosterone glucuronide",NA,NA,NA,NA,NA,"HMDB0010351",NA,NA,"Neg","11beta_hydroxyandrosterone glucuronide",1083,"11beta_hydroxyandrosterone glucuronide","sample_cohort","11beta-Hydroxyandrosterone-3-glucuronide"
330,100020541,209,63251,222126,"Lipid","Androgenic Steroids",3434,"NAMED","BRPLOVMHAFXVOQ-HXVIYJDASA-N","C[C@]12CC[C@@H](OC3C(O)C(O)C(O)C(C(O)=O)O3)C[C@]1([H])CC[C@]4([H])[C@]2([H])[C@@H](O)C[C@@]5(C)[C@@]4([H])CCC5=O","11beta-hydroxyandrosterone glucuronide","11beta-hydroxyandrosterone glucuronide",NA,NA,NA,NA,NA,"HMDB0010351",NA,NA,"Neg","11beta_hydroxyandrosterone glucuronide",1083,"11beta_hydroxyandrosterone glucuronide","sample_cohort","11beta-Hydroxyandrosterone-3-glucuronide"
331,100020542,209,64418,237607,"Lipid","Androgenic Steroids",3390,"NAMED","BRPLOVMHAFXVOQ-KXVRARTKSA-N","O[C@@H]1[C@@]2([H])[C@](CCC3[C@]2(C)CC[C@H](O[C@@H]4O[C@H](C(O)=O)[C@@H](O)[C@H](O)[C@H]4O)C3)([H])[C@@]5([H])[C@](C(CC5)=O)(C)C1","11beta-hydroxyetiocholanolone glucuronide*","11beta-hydroxyetiocholanolone glucuronide*",NA,NA,NA,"17181-15-6",NA,NA,NA,NA,"Neg","11beta_hydroxyetiocholanolone glucuronide",1084,"11beta_hydroxyetiocholanolone glucuronide","sample_cohort",NA
332,100020545,400,63254,222161,"Amino Acid","Lysine Metabolism",113,"NAMED","UNPVIYLDJYPILW-VIFPVBQESA-N","OC([C@@H](NC(C)=O)CCCCN(C)C)=O","N2-acetyl,N6,N6-dimethyllysine","N2-acetyl,N6,N6-dimethyllysine",NA,NA,NA,NA,NA,NA,NA,NA,"Pos Early","n2_acetyl_n6_n6_dimethyllysine",1085,"n2_acetyl_n6_n6_dimethyllysine","sample_cohort",NA
333,100020546,400,62954,220835,"Amino Acid","Lysine Metabolism",112,"NAMED","MKWKYAGEJHBUOX-QMMMGPOBSA-N","OC([C@@H](NC(C)=O)CCCCNC)=O","N2-acetyl,N6-methyllysine","N2-acetyl,N6-methyllysine",NA,NA,NA,NA,NA,NA,NA,NA,"Pos Early","n2_acetyl_n6_methyllysine",1086,"n2_acetyl_n6_methyllysine","sample_cohort",NA
334,100020549,209,62571,219957,"Lipid","Primary Bile Acid Metabolism",3504,"NAMED","RBLDVEUUCHVWMW-LFKDYQRZSA-N","O[C@H]1[C@@]2([H])[C@]3([H])CC[C@H]([C@H](C)CCC(O)=O)[C@@]3(C)[C@@H](O)C[C@]2([H])[C@@]4(C)CC[C@@H](OC5C(O)C(O)C(O)C(C(O)=O)O5)CC4C1","cholic acid glucuronide","cholic acid glucuronide",NA,NA,NA,NA,NA,"HMDB0002577",NA,"21252309","Neg","cholic acid glucuronide",1087,"cholic acid glucuronide","sample_cohort","Cholic acid glucuronide"
334,100020549,209,62571,219957,"Lipid","Primary Bile Acid Metabolism",3504,"NAMED","RBLDVEUUCHVWMW-LFKDYQRZSA-N","O[C@H]1[C@@]2([H])[C@]3([H])CC[C@H]([C@H](C)CCC(O)=O)[C@@]3(C)[C@@H](O)C[C@]2([H])[C@@]4(C)CC[C@@H](OC5C(O)C(O)C(O)C(C(O)=O)O5)CC4C1","cholic acid glucuronide","cholic acid glucuronide",NA,NA,NA,NA,NA,"HMDB0002577",NA,"21252309","Neg","cholic acid glucuronide",1087,"cholic acid glucuronide","sample_cohort","Taurochenodeoxycholic acid 3-sulfate"
334,100020549,209,62571,219957,"Lipid","Primary Bile Acid Metabolism",3504,"NAMED","RBLDVEUUCHVWMW-LFKDYQRZSA-N","O[C@H]1[C@@]2([H])[C@]3([H])CC[C@H]([C@H](C)CCC(O)=O)[C@@]3(C)[C@@H](O)C[C@]2([H])[C@@]4(C)CC[C@@H](OC5C(O)C(O)C(O)C(C(O)=O)O5)CC4C1","cholic acid glucuronide","cholic acid glucuronide",NA,NA,NA,NA,NA,"HMDB0002577",NA,"21252309","Neg","cholic acid glucuronide",1087,"cholic acid glucuronide","sample_cohort","Taurochenodeoxycholic acid 3-sulfate"
334,100020549,209,62571,219957,"Lipid","Primary Bile Acid Metabolism",3504,"NAMED","RBLDVEUUCHVWMW-LFKDYQRZSA-N","O[C@H]1[C@@]2([H])[C@]3([H])CC[C@H]([C@H](C)CCC(O)=O)[C@@]3(C)[C@@H](O)C[C@]2([H])[C@@]4(C)CC[C@@H](OC5C(O)C(O)C(O)C(C(O)=O)O5)CC4C1","cholic acid glucuronide","cholic acid glucuronide",NA,NA,NA,NA,NA,"HMDB0002577",NA,"21252309","Neg","cholic acid glucuronide",1087,"cholic acid glucuronide","sample_cohort","Taurochenodeoxycholic acid 3-sulfate"
334,100020549,209,62571,219957,"Lipid","Primary Bile Acid Metabolism",3504,"NAMED","RBLDVEUUCHVWMW-LFKDYQRZSA-N","O[C@H]1[C@@]2([H])[C@]3([H])CC[C@H]([C@H](C)CCC(O)=O)[C@@]3(C)[C@@H](O)C[C@]2([H])[C@@]4(C)CC[C@@H](OC5C(O)C(O)C(O)C(C(O)=O)O5)CC4C1","cholic acid glucuronide","cholic acid glucuronide",NA,NA,NA,NA,NA,"HMDB0002577",NA,"21252309","Neg","cholic acid glucuronide",1087,"cholic acid glucuronide","sample_cohort","Taurochenodeoxycholic acid 3-sulfate"
334,100020549,209,62571,219957,"Lipid","Primary Bile Acid Metabolism",3504,"NAMED","RBLDVEUUCHVWMW-LFKDYQRZSA-N","O[C@H]1[C@@]2([H])[C@]3([H])CC[C@H]([C@H](C)CCC(O)=O)[C@@]3(C)[C@@H](O)C[C@]2([H])[C@@]4(C)CC[C@@H](OC5C(O)C(O)C(O)C(C(O)=O)O5)CC4C1","cholic acid glucuronide","cholic acid glucuronide",NA,NA,NA,NA,NA,"HMDB0002577",NA,"21252309","Neg","cholic acid glucuronide",1087,"cholic acid glucuronide","sample_cohort","Taurochenodeoxycholic acid 3-sulfate"
334,100020549,209,62571,219957,"Lipid","Primary Bile Acid Metabolism",3504,"NAMED","RBLDVEUUCHVWMW-LFKDYQRZSA-N","O[C@H]1[C@@]2([H])[C@]3([H])CC[C@H]([C@H](C)CCC(O)=O)[C@@]3(C)[C@@H](O)C[C@]2([H])[C@@]4(C)CC[C@@H](OC5C(O)C(O)C(O)C(C(O)=O)O5)CC4C1","cholic acid glucuronide","cholic acid glucuronide",NA,NA,NA,NA,NA,"HMDB0002577",NA,"21252309","Neg","cholic acid glucuronide",1087,"cholic acid glucuronide","sample_cohort","Taurochenodeoxycholic acid 3-sulfate"
334,100020549,209,62571,219957,"Lipid","Primary Bile Acid Metabolism",3504,"NAMED","RBLDVEUUCHVWMW-LFKDYQRZSA-N","O[C@H]1[C@@]2([H])[C@]3([H])CC[C@H]([C@H](C)CCC(O)=O)[C@@]3(C)[C@@H](O)C[C@]2([H])[C@@]4(C)CC[C@@H](OC5C(O)C(O)C(O)C(C(O)=O)O5)CC4C1","cholic acid glucuronide","cholic acid glucuronide",NA,NA,NA,NA,NA,"HMDB0002577",NA,"21252309","Neg","cholic acid glucuronide",1087,"cholic acid glucuronide","sample_cohort","Taurochenodeoxycholic acid 3-sulfate"
334,100020549,209,62571,219957,"Lipid","Primary Bile Acid Metabolism",3504,"NAMED","RBLDVEUUCHVWMW-LFKDYQRZSA-N","O[C@H]1[C@@]2([H])[C@]3([H])CC[C@H]([C@H](C)CCC(O)=O)[C@@]3(C)[C@@H](O)C[C@]2([H])[C@@]4(C)CC[C@@H](OC5C(O)C(O)C(O)C(C(O)=O)O5)CC4C1","cholic acid glucuronide","cholic acid glucuronide",NA,NA,NA,NA,NA,"HMDB0002577",NA,"21252309","Neg","cholic acid glucuronide",1087,"cholic acid glucuronide","sample_cohort","Taurochenodeoxycholic acid 3-sulfate"
334,100020549,209,62571,219957,"Lipid","Primary Bile Acid Metabolism",3504,"NAMED","RBLDVEUUCHVWMW-LFKDYQRZSA-N","O[C@H]1[C@@]2([H])[C@]3([H])CC[C@H]([C@H](C)CCC(O)=O)[C@@]3(C)[C@@H](O)C[C@]2([H])[C@@]4(C)CC[C@@H](OC5C(O)C(O)C(O)C(C(O)=O)O5)CC4C1","cholic acid glucuronide","cholic acid glucuronide",NA,NA,NA,NA,NA,"HMDB0002577",NA,"21252309","Neg","cholic acid glucuronide",1087,"cholic acid glucuronide","sample_cohort","Cholic acid glucuronide"
334,100020549,209,62571,219957,"Lipid","Primary Bile Acid Metabolism",3504,"NAMED","RBLDVEUUCHVWMW-LFKDYQRZSA-N","O[C@H]1[C@@]2([H])[C@]3([H])CC[C@H]([C@H](C)CCC(O)=O)[C@@]3(C)[C@@H](O)C[C@]2([H])[C@@]4(C)CC[C@@H](OC5C(O)C(O)C(O)C(C(O)=O)O5)CC4C1","cholic acid glucuronide","cholic acid glucuronide",NA,NA,NA,NA,NA,"HMDB0002577",NA,"21252309","Neg","cholic acid glucuronide",1087,"cholic acid glucuronide","sample_cohort","Cholic acid glucuronide"
334,100020549,209,62571,219957,"Lipid","Primary Bile Acid Metabolism",3504,"NAMED","RBLDVEUUCHVWMW-LFKDYQRZSA-N","O[C@H]1[C@@]2([H])[C@]3([H])CC[C@H]([C@H](C)CCC(O)=O)[C@@]3(C)[C@@H](O)C[C@]2([H])[C@@]4(C)CC[C@@H](OC5C(O)C(O)C(O)C(C(O)=O)O5)CC4C1","cholic acid glucuronide","cholic acid glucuronide",NA,NA,NA,NA,NA,"HMDB0002577",NA,"21252309","Neg","cholic acid glucuronide",1087,"cholic acid glucuronide","sample_cohort","Cholic acid glucuronide"
334,100020549,209,62571,219957,"Lipid","Primary Bile Acid Metabolism",3504,"NAMED","RBLDVEUUCHVWMW-LFKDYQRZSA-N","O[C@H]1[C@@]2([H])[C@]3([H])CC[C@H]([C@H](C)CCC(O)=O)[C@@]3(C)[C@@H](O)C[C@]2([H])[C@@]4(C)CC[C@@H](OC5C(O)C(O)C(O)C(C(O)=O)O5)CC4C1","cholic acid glucuronide","cholic acid glucuronide",NA,NA,NA,NA,NA,"HMDB0002577",NA,"21252309","Neg","cholic acid glucuronide",1087,"cholic acid glucuronide","sample_cohort","Cholic acid glucuronide"
334,100020549,209,62571,219957,"Lipid","Primary Bile Acid Metabolism",3504,"NAMED","RBLDVEUUCHVWMW-LFKDYQRZSA-N","O[C@H]1[C@@]2([H])[C@]3([H])CC[C@H]([C@H](C)CCC(O)=O)[C@@]3(C)[C@@H](O)C[C@]2([H])[C@@]4(C)CC[C@@H](OC5C(O)C(O)C(O)C(C(O)=O)O5)CC4C1","cholic acid glucuronide","cholic acid glucuronide",NA,NA,NA,NA,NA,"HMDB0002577",NA,"21252309","Neg","cholic acid glucuronide",1087,"cholic acid glucuronide","sample_cohort","Cholic acid glucuronide"
334,100020549,209,62571,219957,"Lipid","Primary Bile Acid Metabolism",3504,"NAMED","RBLDVEUUCHVWMW-LFKDYQRZSA-N","O[C@H]1[C@@]2([H])[C@]3([H])CC[C@H]([C@H](C)CCC(O)=O)[C@@]3(C)[C@@H](O)C[C@]2([H])[C@@]4(C)CC[C@@H](OC5C(O)C(O)C(O)C(C(O)=O)O5)CC4C1","cholic acid glucuronide","cholic acid glucuronide",NA,NA,NA,NA,NA,"HMDB0002577",NA,"21252309","Neg","cholic acid glucuronide",1087,"cholic acid glucuronide","sample_cohort","Cholic acid glucuronide"
334,100020549,209,62571,219957,"Lipid","Primary Bile Acid Metabolism",3504,"NAMED","RBLDVEUUCHVWMW-LFKDYQRZSA-N","O[C@H]1[C@@]2([H])[C@]3([H])CC[C@H]([C@H](C)CCC(O)=O)[C@@]3(C)[C@@H](O)C[C@]2([H])[C@@]4(C)CC[C@@H](OC5C(O)C(O)C(O)C(C(O)=O)O5)CC4C1","cholic acid glucuronide","cholic acid glucuronide",NA,NA,NA,NA,NA,"HMDB0002577",NA,"21252309","Neg","cholic acid glucuronide",1087,"cholic acid glucuronide","sample_cohort","Taurocholic acid 3-sulfate"
334,100020549,209,62571,219957,"Lipid","Primary Bile Acid Metabolism",3504,"NAMED","RBLDVEUUCHVWMW-LFKDYQRZSA-N","O[C@H]1[C@@]2([H])[C@]3([H])CC[C@H]([C@H](C)CCC(O)=O)[C@@]3(C)[C@@H](O)C[C@]2([H])[C@@]4(C)CC[C@@H](OC5C(O)C(O)C(O)C(C(O)=O)O5)CC4C1","cholic acid glucuronide","cholic acid glucuronide",NA,NA,NA,NA,NA,"HMDB0002577",NA,"21252309","Neg","cholic acid glucuronide",1087,"cholic acid glucuronide","sample_cohort","Taurocholic acid 3-sulfate"
334,100020549,209,62571,219957,"Lipid","Primary Bile Acid Metabolism",3504,"NAMED","RBLDVEUUCHVWMW-LFKDYQRZSA-N","O[C@H]1[C@@]2([H])[C@]3([H])CC[C@H]([C@H](C)CCC(O)=O)[C@@]3(C)[C@@H](O)C[C@]2([H])[C@@]4(C)CC[C@@H](OC5C(O)C(O)C(O)C(C(O)=O)O5)CC4C1","cholic acid glucuronide","cholic acid glucuronide",NA,NA,NA,NA,NA,"HMDB0002577",NA,"21252309","Neg","cholic acid glucuronide",1087,"cholic acid glucuronide","sample_cohort","Taurocholic acid 3-sulfate"
334,100020549,209,62571,219957,"Lipid","Primary Bile Acid Metabolism",3504,"NAMED","RBLDVEUUCHVWMW-LFKDYQRZSA-N","O[C@H]1[C@@]2([H])[C@]3([H])CC[C@H]([C@H](C)CCC(O)=O)[C@@]3(C)[C@@H](O)C[C@]2([H])[C@@]4(C)CC[C@@H](OC5C(O)C(O)C(O)C(C(O)=O)O5)CC4C1","cholic acid glucuronide","cholic acid glucuronide",NA,NA,NA,NA,NA,"HMDB0002577",NA,"21252309","Neg","cholic acid glucuronide",1087,"cholic acid glucuronide","sample_cohort","Taurocholic acid 3-sulfate"
334,100020549,209,62571,219957,"Lipid","Primary Bile Acid Metabolism",3504,"NAMED","RBLDVEUUCHVWMW-LFKDYQRZSA-N","O[C@H]1[C@@]2([H])[C@]3([H])CC[C@H]([C@H](C)CCC(O)=O)[C@@]3(C)[C@@H](O)C[C@]2([H])[C@@]4(C)CC[C@@H](OC5C(O)C(O)C(O)C(C(O)=O)O5)CC4C1","cholic acid glucuronide","cholic acid glucuronide",NA,NA,NA,NA,NA,"HMDB0002577",NA,"21252309","Neg","cholic acid glucuronide",1087,"cholic acid glucuronide","sample_cohort","Taurocholic acid 3-sulfate"
334,100020549,209,62571,219957,"Lipid","Primary Bile Acid Metabolism",3504,"NAMED","RBLDVEUUCHVWMW-LFKDYQRZSA-N","O[C@H]1[C@@]2([H])[C@]3([H])CC[C@H]([C@H](C)CCC(O)=O)[C@@]3(C)[C@@H](O)C[C@]2([H])[C@@]4(C)CC[C@@H](OC5C(O)C(O)C(O)C(C(O)=O)O5)CC4C1","cholic acid glucuronide","cholic acid glucuronide",NA,NA,NA,NA,NA,"HMDB0002577",NA,"21252309","Neg","cholic acid glucuronide",1087,"cholic acid glucuronide","sample_cohort","Taurocholic acid 3-sulfate"
334,100020549,209,62571,219957,"Lipid","Primary Bile Acid Metabolism",3504,"NAMED","RBLDVEUUCHVWMW-LFKDYQRZSA-N","O[C@H]1[C@@]2([H])[C@]3([H])CC[C@H]([C@H](C)CCC(O)=O)[C@@]3(C)[C@@H](O)C[C@]2([H])[C@@]4(C)CC[C@@H](OC5C(O)C(O)C(O)C(C(O)=O)O5)CC4C1","cholic acid glucuronide","cholic acid glucuronide",NA,NA,NA,NA,NA,"HMDB0002577",NA,"21252309","Neg","cholic acid glucuronide",1087,"cholic acid glucuronide","sample_cohort","Taurocholic acid 3-sulfate"
334,100020549,209,62571,219957,"Lipid","Primary Bile Acid Metabolism",3504,"NAMED","RBLDVEUUCHVWMW-LFKDYQRZSA-N","O[C@H]1[C@@]2([H])[C@]3([H])CC[C@H]([C@H](C)CCC(O)=O)[C@@]3(C)[C@@H](O)C[C@]2([H])[C@@]4(C)CC[C@@H](OC5C(O)C(O)C(O)C(C(O)=O)O5)CC4C1","cholic acid glucuronide","cholic acid glucuronide",NA,NA,NA,NA,NA,"HMDB0002577",NA,"21252309","Neg","cholic acid glucuronide",1087,"cholic acid glucuronide","sample_cohort","Taurocholic acid 3-sulfate"
334,100020549,209,62571,219957,"Lipid","Primary Bile Acid Metabolism",3504,"NAMED","RBLDVEUUCHVWMW-LFKDYQRZSA-N","O[C@H]1[C@@]2([H])[C@]3([H])CC[C@H]([C@H](C)CCC(O)=O)[C@@]3(C)[C@@H](O)C[C@]2([H])[C@@]4(C)CC[C@@H](OC5C(O)C(O)C(O)C(C(O)=O)O5)CC4C1","cholic acid glucuronide","cholic acid glucuronide",NA,NA,NA,NA,NA,"HMDB0002577",NA,"21252309","Neg","cholic acid glucuronide",1087,"cholic acid glucuronide","sample_cohort","Taurocholic acid 3-sulfate"
334,100020549,209,62571,219957,"Lipid","Primary Bile Acid Metabolism",3504,"NAMED","RBLDVEUUCHVWMW-LFKDYQRZSA-N","O[C@H]1[C@@]2([H])[C@]3([H])CC[C@H]([C@H](C)CCC(O)=O)[C@@]3(C)[C@@H](O)C[C@]2([H])[C@@]4(C)CC[C@@H](OC5C(O)C(O)C(O)C(C(O)=O)O5)CC4C1","cholic acid glucuronide","cholic acid glucuronide",NA,NA,NA,NA,NA,"HMDB0002577",NA,"21252309","Neg","cholic acid glucuronide",1087,"cholic acid glucuronide","sample_cohort","Taurocholic acid 3-sulfate"
334,100020549,209,62571,219957,"Lipid","Primary Bile Acid Metabolism",3504,"NAMED","RBLDVEUUCHVWMW-LFKDYQRZSA-N","O[C@H]1[C@@]2([H])[C@]3([H])CC[C@H]([C@H](C)CCC(O)=O)[C@@]3(C)[C@@H](O)C[C@]2([H])[C@@]4(C)CC[C@@H](OC5C(O)C(O)C(O)C(C(O)=O)O5)CC4C1","cholic acid glucuronide","cholic acid glucuronide",NA,NA,NA,NA,NA,"HMDB0002577",NA,"21252309","Neg","cholic acid glucuronide",1087,"cholic acid glucuronide","sample_cohort","Cholic acid glucuronide"
335,100020550,209,63610,222934,"Lipid","Secondary Bile Acid Metabolism",3518,"NAMED","NNEIBJNHWVDJBA-WOSXBVGSSA-N","O[C@H]1C[C@]2([H])[C@@]3(C)CC[C@@H](OC4C(O)C(O)C(O)C(C(O)=O)O4)CC3CC[C@@]2([H])[C@]5([H])CC[C@H]([C@H](C)CCC(O)=O)[C@@]15C","deoxycholic acid glucuronide","deoxycholic acid glucuronide",NA,NA,NA,NA,NA,NA,NA,NA,"Neg","deoxycholic acid glucuronide",1088,"deoxycholic acid glucuronide","sample_cohort",NA
336,100020578,209,63597,222898,"Xenobiotics","Benzoate Metabolism",4543,"NAMED","USWXDXYEVISELK-UHFFFAOYSA-N","OS(OC1=CC=C(CC=C)C=C1O)(=O)=O","4-allylcatechol sulfate","4-allylcatechol sulfate",NA,NA,NA,NA,NA,NA,NA,NA,"Neg","4_allylcatechol sulfate",1089,"4_allylcatechol sulfate","sample_cohort",NA
337,100020585,209,62528,219861,"Xenobiotics","Tobacco Metabolite",4661,"NAMED","ZAEQSKSORYMOAE-UHFFFAOYSA-N","O=S(OC1=CC=C2C(CC3=C2C=CC=C3)=C1)(O)=O","2-hydroxyfluorene sulfate","2-hydroxyfluorene sulfate",NA,NA,NA,NA,NA,NA,NA,NA,"Neg","2_hydroxyfluorene sulfate",1090,"2_hydroxyfluorene sulfate","sample_cohort",NA
338,100020622,209,63857,223472,"Xenobiotics","Food Component/Plant",5254,"NAMED","IWRNHPTWPBSQSA-UHFFFAOYSA-N","OS(OC1=CC=C(C(OC)=O)C=C1OC)(=O)=O","methyl vanillate sulfate","methyl vanillate sulfate",NA,NA,NA,NA,NA,NA,NA,NA,"Neg","methyl vanillate sulfate",1091,"methyl vanillate sulfate","sample_cohort",NA
339,100020631,209,62735,220261,"Lipid","Fatty Acid Metabolism (Acyl Glutamine)",1807,"NAMED","VCZLDSLBUPQMCV-UHFFFAOYSA-N","CCC(C)CCC(NC(CCC(N)=O)C(O)=O)=O","4-methylhexanoylglutamine","4-methylhexanoylglutamine",NA,NA,NA,NA,NA,NA,NA,NA,"Neg","4_methylhexanoylglutamine",1092,"4_methylhexanoylglutamine","sample_cohort",NA
340,100020743,402,62429,219596,"Lipid","Lysophospholipid",2646,"NAMED","UEORCJDSHVBFKT-HTOVTZSWSA-N","O=C(CCCCCCCC/C=C\CCCCCCCC)OC[C@]([H])(COP(OCC[N+](C)(C)C)([O-])=O)O","1-nonadecenoyl-GPC (19:1)*","1-nonadecenoyl-GPC (19:1)*","LPC 19:1","LPC 19:1","LPC 19:1/0:0",NA,NA,NA,NA,NA,"Pos Late","1_nonadecenoyl_gpc_19_1",1093,"1_nonadecenoyl_gpc_19_1","sample_cohort",NA
341,100020781,402,62463,219704,"Lipid","Lysophospholipid",2680,"NAMED","WBGVYVOIMVQBOT-WSDBEMKQSA-N","OC(COP(OCC[N+](C)(C)C)([O-])=O)COC(CCCC/C=C\C/C=C\C/C=C\C/C=C\C/C=C\C/C=C\CC)=O","1-nisinoyl-GPC (24:6)*","1-nisinoyl-GPC (24:6)*","LPC 24:6","LPC 24:6","LPC 24:6/0:0",NA,NA,NA,NA,NA,"Pos Late","1_nisinoyl_gpc_24_6",1094,"1_nisinoyl_gpc_24_6","sample_cohort",NA
342,100020787,209,62474,219736,"Xenobiotics","Drug - Antibiotic",5530,"NAMED","SDLYZOYQWKDWJG-UHFFFAOYSA-N","FC1=C(C=C(C2=C1)N(C=C(C(O)=O)C2=O)C3CC3)N(CC4)CCN4S(O)(=O)=O","sulfociprofloxacin*","sulfociprofloxacin*",NA,NA,NA,NA,"114121",NA,NA,"128781","Neg","sulfociprofloxacin",1095,"sulfociprofloxacin","sample_cohort","Sulfociprofloxacin"
342,100020787,209,62474,219736,"Xenobiotics","Drug - Antibiotic",5530,"NAMED","SDLYZOYQWKDWJG-UHFFFAOYSA-N","FC1=C(C=C(C2=C1)N(C=C(C(O)=O)C2=O)C3CC3)N(CC4)CCN4S(O)(=O)=O","sulfociprofloxacin*","sulfociprofloxacin*",NA,NA,NA,NA,"114121",NA,NA,"128781","Neg","sulfociprofloxacin",1095,"sulfociprofloxacin","sample_cohort","Sulfociprofloxacin"
342,100020787,209,62474,219736,"Xenobiotics","Drug - Antibiotic",5530,"NAMED","SDLYZOYQWKDWJG-UHFFFAOYSA-N","FC1=C(C=C(C2=C1)N(C=C(C(O)=O)C2=O)C3CC3)N(CC4)CCN4S(O)(=O)=O","sulfociprofloxacin*","sulfociprofloxacin*",NA,NA,NA,NA,"114121",NA,NA,"128781","Neg","sulfociprofloxacin",1095,"sulfociprofloxacin","sample_cohort","Sulfociprofloxacin"
342,100020787,209,62474,219736,"Xenobiotics","Drug - Antibiotic",5530,"NAMED","SDLYZOYQWKDWJG-UHFFFAOYSA-N","FC1=C(C=C(C2=C1)N(C=C(C(O)=O)C2=O)C3CC3)N(CC4)CCN4S(O)(=O)=O","sulfociprofloxacin*","sulfociprofloxacin*",NA,NA,NA,NA,"114121",NA,NA,"128781","Neg","sulfociprofloxacin",1095,"sulfociprofloxacin","sample_cohort","Sulfociprofloxacin"
342,100020787,209,62474,219736,"Xenobiotics","Drug - Antibiotic",5530,"NAMED","SDLYZOYQWKDWJG-UHFFFAOYSA-N","FC1=C(C=C(C2=C1)N(C=C(C(O)=O)C2=O)C3CC3)N(CC4)CCN4S(O)(=O)=O","sulfociprofloxacin*","sulfociprofloxacin*",NA,NA,NA,NA,"114121",NA,NA,"128781","Neg","sulfociprofloxacin",1095,"sulfociprofloxacin","sample_cohort","Sulfociprofloxacin"
343,100020790,402,62477,219743,"Xenobiotics","Drug - Psychoactive",5916,"NAMED","PTJADDMMFYXMMG-UHFFFAOYSA-N","FC1=CC=C(C=C1)C2(CCCNC)OCC3=C2C=CC(C#N)=C3","desmethylcitalopram*","desmethylcitalopram*",NA,NA,NA,NA,"142424","HMDB0014021","C16608","162180","Pos Late","desmethylcitalopram",1096,"desmethylcitalopram","sample_cohort","N-Desmethylcitalopram"
343,100020790,402,62477,219743,"Xenobiotics","Drug - Psychoactive",5916,"NAMED","PTJADDMMFYXMMG-UHFFFAOYSA-N","FC1=CC=C(C=C1)C2(CCCNC)OCC3=C2C=CC(C#N)=C3","desmethylcitalopram*","desmethylcitalopram*",NA,NA,NA,NA,"142424","HMDB0014021","C16608","162180","Pos Late","desmethylcitalopram",1096,"desmethylcitalopram","sample_cohort","N-Desmethylcitalopram"
343,100020790,402,62477,219743,"Xenobiotics","Drug - Psychoactive",5916,"NAMED","PTJADDMMFYXMMG-UHFFFAOYSA-N","FC1=CC=C(C=C1)C2(CCCNC)OCC3=C2C=CC(C#N)=C3","desmethylcitalopram*","desmethylcitalopram*",NA,NA,NA,NA,"142424","HMDB0014021","C16608","162180","Pos Late","desmethylcitalopram",1096,"desmethylcitalopram","sample_cohort","N-Desmethylcitalopram"
344,100020791,402,62478,219744,"Xenobiotics","Drug - Psychoactive",5917,"NAMED","RKUKMUWCRLRPEJ-SFHVURJKSA-N","FC1=CC=C(C=C1)[C@@]2(CCCN)C3=CC=C(C#N)C=C3CO2","didesmethylcitalopram*","didesmethylcitalopram*",NA,NA,NA,NA,"23935928","HMDB0060472","C16609","162976","Pos Late","didesmethylcitalopram",1097,"didesmethylcitalopram","sample_cohort","Didesmethylcitalopram"
344,100020791,402,62478,219744,"Xenobiotics","Drug - Psychoactive",5917,"NAMED","RKUKMUWCRLRPEJ-SFHVURJKSA-N","FC1=CC=C(C=C1)[C@@]2(CCCN)C3=CC=C(C#N)C=C3CO2","didesmethylcitalopram*","didesmethylcitalopram*",NA,NA,NA,NA,"23935928","HMDB0060472","C16609","162976","Pos Late","didesmethylcitalopram",1097,"didesmethylcitalopram","sample_cohort","Didesmethylcitalopram"
344,100020791,402,62478,219744,"Xenobiotics","Drug - Psychoactive",5917,"NAMED","RKUKMUWCRLRPEJ-SFHVURJKSA-N","FC1=CC=C(C=C1)[C@@]2(CCCN)C3=CC=C(C#N)C=C3CO2","didesmethylcitalopram*","didesmethylcitalopram*",NA,NA,NA,NA,"23935928","HMDB0060472","C16609","162976","Pos Late","didesmethylcitalopram",1097,"didesmethylcitalopram","sample_cohort","Didesmethylcitalopram"
344,100020791,402,62478,219744,"Xenobiotics","Drug - Psychoactive",5917,"NAMED","RKUKMUWCRLRPEJ-SFHVURJKSA-N","FC1=CC=C(C=C1)[C@@]2(CCCN)C3=CC=C(C#N)C=C3CO2","didesmethylcitalopram*","didesmethylcitalopram*",NA,NA,NA,NA,"23935928","HMDB0060472","C16609","162976","Pos Late","didesmethylcitalopram",1097,"didesmethylcitalopram","sample_cohort","Didesmethylcitalopram"
345,100020792,402,62476,219742,"Xenobiotics","Drug - Psychoactive",5914,"NAMED","DIOGFDCEWUUSBQ-UHFFFAOYSA-N","FC1=CC=C(C=C1)C2(CCC[N+](C)(C)[O-])OCC3=C2C=CC(C#N)=C3","citalopram N-oxide*","citalopram N-oxide*",NA,NA,NA,NA,"8243682","HMDB0060654","C16607","10068142","Pos Late","citalopram n_oxide",1098,"citalopram n_oxide","sample_cohort","Citalopram N-oxide"
345,100020792,402,62476,219742,"Xenobiotics","Drug - Psychoactive",5914,"NAMED","DIOGFDCEWUUSBQ-UHFFFAOYSA-N","FC1=CC=C(C=C1)C2(CCC[N+](C)(C)[O-])OCC3=C2C=CC(C#N)=C3","citalopram N-oxide*","citalopram N-oxide*",NA,NA,NA,NA,"8243682","HMDB0060654","C16607","10068142","Pos Late","citalopram n_oxide",1098,"citalopram n_oxide","sample_cohort","Citalopram N-oxide"
346,100020805,402,62484,219752,"Xenobiotics","Drug - Psychoactive",5937,"NAMED","JLOAJISUHPIQOX-UHFFFAOYSA-N","N1(C2=NC3=C(SC4=C2C=CC=C4)C=CC=C3)CCNCC1","N-desalkylquetiapine*","N-desalkylquetiapine*",NA,NA,NA,NA,"9544835",NA,NA,"11369918","Pos Late","n_desalkylquetiapine",1099,"n_desalkylquetiapine","sample_cohort",NA
347,100020819,209,63731,223256,"Lipid","Secondary Bile Acid Metabolism",3551,"NAMED","DKXXSIJHWWVNMO-XROMFQGDSA-N","[H][C@@]12[C@@]3(C)CC[C@@H](OS(=O)(O)=O)C[C@@]3([H])C[C@H](O)[C@@]1([H])[C@]4([H])CC[C@]([H])([C@H](C)CCC(NCC(O)=O)=O)[C@@]4(C)CC2","glycoursodeoxycholic acid sulfate (1)","glycoursodeoxycholic acid sulfate (1)",NA,NA,NA,NA,NA,NA,NA,NA,"Neg","glycoursodeoxycholic acid sulfate",1100,"glycoursodeoxycholic acid sulfate","sample_cohort",NA
348,100020820,209,63732,223258,"Lipid","Secondary Bile Acid Metabolism",3583,"NAMED","DKXXSIJHWWVNMO-XROMFQGDSA-N","[H][C@@]12[C@@]3(C)CC[C@@H](OS(=O)(O)=O)C[C@@]3([H])C[C@H](O)[C@@]1([H])[C@]4([H])CC[C@]([H])([C@H](C)CCC(NCC(O)=O)=O)[C@@]4(C)CC2","glycoursodeoxycholic acid sulfate (2)","glycoursodeoxycholic acid sulfate (2)",NA,NA,NA,NA,NA,NA,NA,NA,"Neg","glycoursodeoxycholic acid sulfate",1101,"glycoursodeoxycholic acid sulfate","sample_cohort",NA
349,100020822,305,62524,219858,"Xenobiotics","Food Component/Plant",4871,"NAMED","WEPNMLSXEATIJK-UHFFFAOYSA-N","OC1=CC(CCC(O)=O)=CC=C1OS(O)(=O)=O","dihydrocaffeate sulfate (2)","dihydrocaffeate sulfate (2)",NA,NA,NA,NA,NA,NA,NA,NA,"Polar","dihydrocaffeate sulfate",1102,"dihydrocaffeate sulfate","sample_cohort","Dihydrocaffeic acid 3-sulfate"
349,100020822,305,62524,219858,"Xenobiotics","Food Component/Plant",4871,"NAMED","WEPNMLSXEATIJK-UHFFFAOYSA-N","OC1=CC(CCC(O)=O)=CC=C1OS(O)(=O)=O","dihydrocaffeate sulfate (2)","dihydrocaffeate sulfate (2)",NA,NA,NA,NA,NA,NA,NA,NA,"Polar","dihydrocaffeate sulfate",1102,"dihydrocaffeate sulfate","sample_cohort","Dihydrocaffeic acid 3-sulfate"
350,100020823,209,62526,219859,"Lipid","Secondary Bile Acid Metabolism",3531,"NAMED","AXDXVEYHEODSPN-HVATVPOCSA-N","[H][C@@]12[C@@]3(C)CC[C@@H](OS(=O)(O)=O)C[C@@]3([H])CC[C@@]1([H])[C@]4([H])CC[C@]([H])([C@H](C)CCC(O)=O)[C@@]4(C)CC2","lithocholate sulfate (1)","lithocholate sulfate (1)",NA,NA,NA,NA,NA,NA,NA,"451489","Neg","lithocholate sulfate",1103,"lithocholate sulfate","sample_cohort","Lithocholic acid 3-sulfate"
350,100020823,209,62526,219859,"Lipid","Secondary Bile Acid Metabolism",3531,"NAMED","AXDXVEYHEODSPN-HVATVPOCSA-N","[H][C@@]12[C@@]3(C)CC[C@@H](OS(=O)(O)=O)C[C@@]3([H])CC[C@@]1([H])[C@]4([H])CC[C@]([H])([C@H](C)CCC(O)=O)[C@@]4(C)CC2","lithocholate sulfate (1)","lithocholate sulfate (1)",NA,NA,NA,NA,NA,NA,NA,"451489","Neg","lithocholate sulfate",1103,"lithocholate sulfate","sample_cohort","Lithocholic acid 3-sulfate"
350,100020823,209,62526,219859,"Lipid","Secondary Bile Acid Metabolism",3531,"NAMED","AXDXVEYHEODSPN-HVATVPOCSA-N","[H][C@@]12[C@@]3(C)CC[C@@H](OS(=O)(O)=O)C[C@@]3([H])CC[C@@]1([H])[C@]4([H])CC[C@]([H])([C@H](C)CCC(O)=O)[C@@]4(C)CC2","lithocholate sulfate (1)","lithocholate sulfate (1)",NA,NA,NA,NA,NA,NA,NA,"451489","Neg","lithocholate sulfate",1103,"lithocholate sulfate","sample_cohort","Lithocholic acid 3-sulfate"
350,100020823,209,62526,219859,"Lipid","Secondary Bile Acid Metabolism",3531,"NAMED","AXDXVEYHEODSPN-HVATVPOCSA-N","[H][C@@]12[C@@]3(C)CC[C@@H](OS(=O)(O)=O)C[C@@]3([H])CC[C@@]1([H])[C@]4([H])CC[C@]([H])([C@H](C)CCC(O)=O)[C@@]4(C)CC2","lithocholate sulfate (1)","lithocholate sulfate (1)",NA,NA,NA,NA,NA,NA,NA,"451489","Neg","lithocholate sulfate",1103,"lithocholate sulfate","sample_cohort","Lithocholic acid 3-sulfate"
350,100020823,209,62526,219859,"Lipid","Secondary Bile Acid Metabolism",3531,"NAMED","AXDXVEYHEODSPN-HVATVPOCSA-N","[H][C@@]12[C@@]3(C)CC[C@@H](OS(=O)(O)=O)C[C@@]3([H])CC[C@@]1([H])[C@]4([H])CC[C@]([H])([C@H](C)CCC(O)=O)[C@@]4(C)CC2","lithocholate sulfate (1)","lithocholate sulfate (1)",NA,NA,NA,NA,NA,NA,NA,"451489","Neg","lithocholate sulfate",1103,"lithocholate sulfate","sample_cohort","Lithocholic acid 3-sulfate"
350,100020823,209,62526,219859,"Lipid","Secondary Bile Acid Metabolism",3531,"NAMED","AXDXVEYHEODSPN-HVATVPOCSA-N","[H][C@@]12[C@@]3(C)CC[C@@H](OS(=O)(O)=O)C[C@@]3([H])CC[C@@]1([H])[C@]4([H])CC[C@]([H])([C@H](C)CCC(O)=O)[C@@]4(C)CC2","lithocholate sulfate (1)","lithocholate sulfate (1)",NA,NA,NA,NA,NA,NA,NA,"451489","Neg","lithocholate sulfate",1103,"lithocholate sulfate","sample_cohort","Lithocholic acid 3-sulfate"
350,100020823,209,62526,219859,"Lipid","Secondary Bile Acid Metabolism",3531,"NAMED","AXDXVEYHEODSPN-HVATVPOCSA-N","[H][C@@]12[C@@]3(C)CC[C@@H](OS(=O)(O)=O)C[C@@]3([H])CC[C@@]1([H])[C@]4([H])CC[C@]([H])([C@H](C)CCC(O)=O)[C@@]4(C)CC2","lithocholate sulfate (1)","lithocholate sulfate (1)",NA,NA,NA,NA,NA,NA,NA,"451489","Neg","lithocholate sulfate",1103,"lithocholate sulfate","sample_cohort","Lithocholic acid 3-sulfate"
350,100020823,209,62526,219859,"Lipid","Secondary Bile Acid Metabolism",3531,"NAMED","AXDXVEYHEODSPN-HVATVPOCSA-N","[H][C@@]12[C@@]3(C)CC[C@@H](OS(=O)(O)=O)C[C@@]3([H])CC[C@@]1([H])[C@]4([H])CC[C@]([H])([C@H](C)CCC(O)=O)[C@@]4(C)CC2","lithocholate sulfate (1)","lithocholate sulfate (1)",NA,NA,NA,NA,NA,NA,NA,"451489","Neg","lithocholate sulfate",1103,"lithocholate sulfate","sample_cohort","Lithocholic acid 3-sulfate"
350,100020823,209,62526,219859,"Lipid","Secondary Bile Acid Metabolism",3531,"NAMED","AXDXVEYHEODSPN-HVATVPOCSA-N","[H][C@@]12[C@@]3(C)CC[C@@H](OS(=O)(O)=O)C[C@@]3([H])CC[C@@]1([H])[C@]4([H])CC[C@]([H])([C@H](C)CCC(O)=O)[C@@]4(C)CC2","lithocholate sulfate (1)","lithocholate sulfate (1)",NA,NA,NA,NA,NA,NA,NA,"451489","Neg","lithocholate sulfate",1103,"lithocholate sulfate","sample_cohort","Lithocholic acid 3-sulfate"
350,100020823,209,62526,219859,"Lipid","Secondary Bile Acid Metabolism",3531,"NAMED","AXDXVEYHEODSPN-HVATVPOCSA-N","[H][C@@]12[C@@]3(C)CC[C@@H](OS(=O)(O)=O)C[C@@]3([H])CC[C@@]1([H])[C@]4([H])CC[C@]([H])([C@H](C)CCC(O)=O)[C@@]4(C)CC2","lithocholate sulfate (1)","lithocholate sulfate (1)",NA,NA,NA,NA,NA,NA,NA,"451489","Neg","lithocholate sulfate",1103,"lithocholate sulfate","sample_cohort","Lithocholic acid 3-sulfate"
350,100020823,209,62526,219859,"Lipid","Secondary Bile Acid Metabolism",3531,"NAMED","AXDXVEYHEODSPN-HVATVPOCSA-N","[H][C@@]12[C@@]3(C)CC[C@@H](OS(=O)(O)=O)C[C@@]3([H])CC[C@@]1([H])[C@]4([H])CC[C@]([H])([C@H](C)CCC(O)=O)[C@@]4(C)CC2","lithocholate sulfate (1)","lithocholate sulfate (1)",NA,NA,NA,NA,NA,NA,NA,"451489","Neg","lithocholate sulfate",1103,"lithocholate sulfate","sample_cohort","Lithocholic acid 3-sulfate"
350,100020823,209,62526,219859,"Lipid","Secondary Bile Acid Metabolism",3531,"NAMED","AXDXVEYHEODSPN-HVATVPOCSA-N","[H][C@@]12[C@@]3(C)CC[C@@H](OS(=O)(O)=O)C[C@@]3([H])CC[C@@]1([H])[C@]4([H])CC[C@]([H])([C@H](C)CCC(O)=O)[C@@]4(C)CC2","lithocholate sulfate (1)","lithocholate sulfate (1)",NA,NA,NA,NA,NA,NA,NA,"451489","Neg","lithocholate sulfate",1103,"lithocholate sulfate","sample_cohort","Lithocholic acid 3-sulfate"
351,100020825,400,62557,219908,"Lipid","Fatty Acid Metabolism (Acyl Carnitine, Hydroxy)",1944,"NAMED","VYEONLJQPYRKAN-UHFFFAOYSA-N","C[N+](C)(C)CC(OC(CC(O)CCC)=O)CC([O-])=O","3-hydroxyhexanoylcarnitine (1)","3-hydroxyhexanoylcarnitine (1)",NA,NA,NA,NA,NA,NA,NA,NA,"Pos Early","3_hydroxyhexanoylcarnitine",1104,"3_hydroxyhexanoylcarnitine","sample_cohort","CAR 6:0;OH"
351,100020825,400,62557,219908,"Lipid","Fatty Acid Metabolism (Acyl Carnitine, Hydroxy)",1944,"NAMED","VYEONLJQPYRKAN-UHFFFAOYSA-N","C[N+](C)(C)CC(OC(CC(O)CCC)=O)CC([O-])=O","3-hydroxyhexanoylcarnitine (1)","3-hydroxyhexanoylcarnitine (1)",NA,NA,NA,NA,NA,NA,NA,NA,"Pos Early","3_hydroxyhexanoylcarnitine",1104,"3_hydroxyhexanoylcarnitine","sample_cohort","CAR 6:0;OH"
352,100020827,209,62567,219930,"Xenobiotics","Drug - Analgesics, Anesthetics",5431,"NAMED","VOXWKXZBPMQUJH-UHFFFAOYSA-N","CSC1=CC(NC(C)=O)=CC=C1OS(O)(=O)=O","3-(methylthio)acetaminophen sulfate*","3-(methylthio)acetaminophen sulfate*",NA,NA,NA,NA,NA,NA,NA,NA,"Neg","3_methylthio_acetaminophen sulfate",1105,"3_methylthio_acetaminophen sulfate","sample_cohort",NA
353,100020833,209,63120,221782,"Amino Acid","Leucine, Isoleucine and Valine Metabolism",354,"NAMED","GPPUPQFYDYLTIY-UHFFFAOYSA-N","CCCCCCC(C(O)=O)=O","2-ketocaprylate","2-ketocaprylate",NA,NA,NA,"328-51-8","60921","HMDB0013211",NA,"67600","Neg","2_ketocaprylate",1106,"2_ketocaprylate","sample_cohort","2-Keto-octanoic acid"
353,100020833,209,63120,221782,"Amino Acid","Leucine, Isoleucine and Valine Metabolism",354,"NAMED","GPPUPQFYDYLTIY-UHFFFAOYSA-N","CCCCCCC(C(O)=O)=O","2-ketocaprylate","2-ketocaprylate",NA,NA,NA,"328-51-8","60921","HMDB0013211",NA,"67600","Neg","2_ketocaprylate",1106,"2_ketocaprylate","sample_cohort","2-Keto-octanoic acid"
353,100020833,209,63120,221782,"Amino Acid","Leucine, Isoleucine and Valine Metabolism",354,"NAMED","GPPUPQFYDYLTIY-UHFFFAOYSA-N","CCCCCCC(C(O)=O)=O","2-ketocaprylate","2-ketocaprylate",NA,NA,NA,"328-51-8","60921","HMDB0013211",NA,"67600","Neg","2_ketocaprylate",1106,"2_ketocaprylate","sample_cohort","2-Keto-octanoic acid"
353,100020833,209,63120,221782,"Amino Acid","Leucine, Isoleucine and Valine Metabolism",354,"NAMED","GPPUPQFYDYLTIY-UHFFFAOYSA-N","CCCCCCC(C(O)=O)=O","2-ketocaprylate","2-ketocaprylate",NA,NA,NA,"328-51-8","60921","HMDB0013211",NA,"67600","Neg","2_ketocaprylate",1106,"2_ketocaprylate","sample_cohort","2-Keto-octanoic acid"
353,100020833,209,63120,221782,"Amino Acid","Leucine, Isoleucine and Valine Metabolism",354,"NAMED","GPPUPQFYDYLTIY-UHFFFAOYSA-N","CCCCCCC(C(O)=O)=O","2-ketocaprylate","2-ketocaprylate",NA,NA,NA,"328-51-8","60921","HMDB0013211",NA,"67600","Neg","2_ketocaprylate",1106,"2_ketocaprylate","sample_cohort","2-Keto-octanoic acid"
353,100020833,209,63120,221782,"Amino Acid","Leucine, Isoleucine and Valine Metabolism",354,"NAMED","GPPUPQFYDYLTIY-UHFFFAOYSA-N","CCCCCCC(C(O)=O)=O","2-ketocaprylate","2-ketocaprylate",NA,NA,NA,"328-51-8","60921","HMDB0013211",NA,"67600","Neg","2_ketocaprylate",1106,"2_ketocaprylate","sample_cohort","2-Keto-octanoic acid"
353,100020833,209,63120,221782,"Amino Acid","Leucine, Isoleucine and Valine Metabolism",354,"NAMED","GPPUPQFYDYLTIY-UHFFFAOYSA-N","CCCCCCC(C(O)=O)=O","2-ketocaprylate","2-ketocaprylate",NA,NA,NA,"328-51-8","60921","HMDB0013211",NA,"67600","Neg","2_ketocaprylate",1106,"2_ketocaprylate","sample_cohort","2-Keto-octanoic acid"
354,100020837,209,63042,221621,"Xenobiotics","Drug - Topical Agents",6006,"NAMED","AKEUNCKRJATALU-UHFFFAOYSA-N","OC(C1=C(O)C=CC=C1O)=O","2,6-dihydroxybenzoic acid","2,6-dihydroxybenzoic acid",NA,NA,NA,"303-07-1","8974","HMDB0013676",NA,"9338","Neg","2_6_dihydroxybenzoic acid",1107,"2_6_dihydroxybenzoic acid","sample_cohort","2,6-Dihydroxybenzoic acid"
354,100020837,209,63042,221621,"Xenobiotics","Drug - Topical Agents",6006,"NAMED","AKEUNCKRJATALU-UHFFFAOYSA-N","OC(C1=C(O)C=CC=C1O)=O","2,6-dihydroxybenzoic acid","2,6-dihydroxybenzoic acid",NA,NA,NA,"303-07-1","8974","HMDB0013676",NA,"9338","Neg","2_6_dihydroxybenzoic acid",1107,"2_6_dihydroxybenzoic acid","sample_cohort","2,6-Dihydroxybenzoic acid"
354,100020837,209,63042,221621,"Xenobiotics","Drug - Topical Agents",6006,"NAMED","AKEUNCKRJATALU-UHFFFAOYSA-N","OC(C1=C(O)C=CC=C1O)=O","2,6-dihydroxybenzoic acid","2,6-dihydroxybenzoic acid",NA,NA,NA,"303-07-1","8974","HMDB0013676",NA,"9338","Neg","2_6_dihydroxybenzoic acid",1107,"2_6_dihydroxybenzoic acid","sample_cohort","2,6-Dihydroxybenzoic acid"
354,100020837,209,63042,221621,"Xenobiotics","Drug - Topical Agents",6006,"NAMED","AKEUNCKRJATALU-UHFFFAOYSA-N","OC(C1=C(O)C=CC=C1O)=O","2,6-dihydroxybenzoic acid","2,6-dihydroxybenzoic acid",NA,NA,NA,"303-07-1","8974","HMDB0013676",NA,"9338","Neg","2_6_dihydroxybenzoic acid",1107,"2_6_dihydroxybenzoic acid","sample_cohort","Benzoic acid"
354,100020837,209,63042,221621,"Xenobiotics","Drug - Topical Agents",6006,"NAMED","AKEUNCKRJATALU-UHFFFAOYSA-N","OC(C1=C(O)C=CC=C1O)=O","2,6-dihydroxybenzoic acid","2,6-dihydroxybenzoic acid",NA,NA,NA,"303-07-1","8974","HMDB0013676",NA,"9338","Neg","2_6_dihydroxybenzoic acid",1107,"2_6_dihydroxybenzoic acid","sample_cohort","Benzoic acid"
355,100020842,400,62819,220461,"Amino Acid","Lysine Metabolism",140,"NAMED","UYZSNVLEDLCWGU-UHFFFAOYSA-N","CN(C)CCCCC(O)=O","N,N-dimethyl-5-aminovalerate","N,N-dimethyl-5-aminovalerate",NA,NA,NA,NA,NA,NA,NA,NA,"Pos Early","n_n_dimethyl_5_aminovalerate",1108,"n_n_dimethyl_5_aminovalerate","sample_cohort",NA
356,100020844,209,62784,220399,"Lipid","Secondary Bile Acid Metabolism",3553,"NAMED","GLVWZDCWCRWVFM-LBSADWJPSA-N","[H][C@@]12[C@@]3(C)CC[C@@H](OS(=O)(O)=O)C[C@@]3([H])C[C@H](O)[C@@]1([H])[C@]4([H])CC[C@]([H])([C@H](C)CCC(NCCS(=O)(O)=O)=O)[C@@]4(C)CC2","tauroursodeoxycholic acid sulfate (1)","tauroursodeoxycholic acid sulfate (1)",NA,NA,NA,NA,NA,NA,NA,NA,"Neg","tauroursodeoxycholic acid sulfate",1109,"tauroursodeoxycholic acid sulfate","sample_cohort",NA
357,100020851,209,62796,220411,"Xenobiotics","Food Component/Plant",4934,"NAMED","NUPWKYZXNXCOHY-UHFFFAOYSA-N","CCC1=C(OS(=O)(O)=O)C(O)=CC=C1","3-ethylcatechol sulfate (1)","3-ethylcatechol sulfate (1)",NA,NA,NA,NA,NA,NA,NA,NA,"Neg","3_ethylcatechol sulfate",1110,"3_ethylcatechol sulfate","sample_cohort",NA
358,100020852,209,62797,220412,"Xenobiotics","Food Component/Plant",4935,"NAMED","NUPWKYZXNXCOHY-UHFFFAOYSA-N","CCC1=C(OS(=O)(O)=O)C(O)=CC=C1","3-ethylcatechol sulfate (2)","3-ethylcatechol sulfate (2)",NA,NA,NA,NA,NA,NA,NA,NA,"Neg","3_ethylcatechol sulfate",1111,"3_ethylcatechol sulfate","sample_cohort",NA
359,100020853,209,62798,220413,"Xenobiotics","Food Component/Plant",4849,"NAMED","RRWBOGSYNDIRNR-UHFFFAOYSA-N","OC1=CC=C(C(C)=O)C=C1OS(=O)(O)=O","4-acetylcatechol sulfate (1)","4-acetylcatechol sulfate (1)",NA,NA,NA,NA,NA,NA,NA,NA,"Neg","4_acetylcatechol sulfate",1112,"4_acetylcatechol sulfate","sample_cohort",NA
360,100020854,209,62799,220414,"Xenobiotics","Food Component/Plant",4850,"NAMED","RRWBOGSYNDIRNR-UHFFFAOYSA-N","OC1=CC=C(C(C)=O)C=C1OS(=O)(O)=O","4-acetylcatechol sulfate (2)","4-acetylcatechol sulfate (2)",NA,NA,NA,NA,NA,NA,NA,NA,"Neg","4_acetylcatechol sulfate",1113,"4_acetylcatechol sulfate","sample_cohort",NA
361,100020859,209,63118,221780,"Lipid","Secondary Bile Acid Metabolism",3530,"NAMED","CVNYHSDFZXHMMJ-VPUMZWJWSA-N","O=C1[C@@]([C@]([C@H](C)CCC(O)=O)([H])CC2)(C)[C@]2([H])[C@@]3([H])[C@@](C1)([H])[C@](CC[C@H]4O)(C)[C@](C4)([H])CC3","12-ketolithocholate","12-ketolithocholate",NA,NA,NA,"5130-29-0","2338365","HMDB0000328",NA,"3080612","Neg","12_ketolithocholate",1114,"12_ketolithocholate","sample_cohort","12-Ketolithocholic acid"
361,100020859,209,63118,221780,"Lipid","Secondary Bile Acid Metabolism",3530,"NAMED","CVNYHSDFZXHMMJ-VPUMZWJWSA-N","O=C1[C@@]([C@]([C@H](C)CCC(O)=O)([H])CC2)(C)[C@]2([H])[C@@]3([H])[C@@](C1)([H])[C@](CC[C@H]4O)(C)[C@](C4)([H])CC3","12-ketolithocholate","12-ketolithocholate",NA,NA,NA,"5130-29-0","2338365","HMDB0000328",NA,"3080612","Neg","12_ketolithocholate",1114,"12_ketolithocholate","sample_cohort","12-Ketolithocholic acid"
361,100020859,209,63118,221780,"Lipid","Secondary Bile Acid Metabolism",3530,"NAMED","CVNYHSDFZXHMMJ-VPUMZWJWSA-N","O=C1[C@@]([C@]([C@H](C)CCC(O)=O)([H])CC2)(C)[C@]2([H])[C@@]3([H])[C@@](C1)([H])[C@](CC[C@H]4O)(C)[C@](C4)([H])CC3","12-ketolithocholate","12-ketolithocholate",NA,NA,NA,"5130-29-0","2338365","HMDB0000328",NA,"3080612","Neg","12_ketolithocholate",1114,"12_ketolithocholate","sample_cohort","12-Ketolithocholic acid"
361,100020859,209,63118,221780,"Lipid","Secondary Bile Acid Metabolism",3530,"NAMED","CVNYHSDFZXHMMJ-VPUMZWJWSA-N","O=C1[C@@]([C@]([C@H](C)CCC(O)=O)([H])CC2)(C)[C@]2([H])[C@@]3([H])[C@@](C1)([H])[C@](CC[C@H]4O)(C)[C@](C4)([H])CC3","12-ketolithocholate","12-ketolithocholate",NA,NA,NA,"5130-29-0","2338365","HMDB0000328",NA,"3080612","Neg","12_ketolithocholate",1114,"12_ketolithocholate","sample_cohort","12-Ketolithocholic acid"
361,100020859,209,63118,221780,"Lipid","Secondary Bile Acid Metabolism",3530,"NAMED","CVNYHSDFZXHMMJ-VPUMZWJWSA-N","O=C1[C@@]([C@]([C@H](C)CCC(O)=O)([H])CC2)(C)[C@]2([H])[C@@]3([H])[C@@](C1)([H])[C@](CC[C@H]4O)(C)[C@](C4)([H])CC3","12-ketolithocholate","12-ketolithocholate",NA,NA,NA,"5130-29-0","2338365","HMDB0000328",NA,"3080612","Neg","12_ketolithocholate",1114,"12_ketolithocholate","sample_cohort","12-Ketolithocholic acid"
361,100020859,209,63118,221780,"Lipid","Secondary Bile Acid Metabolism",3530,"NAMED","CVNYHSDFZXHMMJ-VPUMZWJWSA-N","O=C1[C@@]([C@]([C@H](C)CCC(O)=O)([H])CC2)(C)[C@]2([H])[C@@]3([H])[C@@](C1)([H])[C@](CC[C@H]4O)(C)[C@](C4)([H])CC3","12-ketolithocholate","12-ketolithocholate",NA,NA,NA,"5130-29-0","2338365","HMDB0000328",NA,"3080612","Neg","12_ketolithocholate",1114,"12_ketolithocholate","sample_cohort","12-Ketolithocholic acid"
361,100020859,209,63118,221780,"Lipid","Secondary Bile Acid Metabolism",3530,"NAMED","CVNYHSDFZXHMMJ-VPUMZWJWSA-N","O=C1[C@@]([C@]([C@H](C)CCC(O)=O)([H])CC2)(C)[C@]2([H])[C@@]3([H])[C@@](C1)([H])[C@](CC[C@H]4O)(C)[C@](C4)([H])CC3","12-ketolithocholate","12-ketolithocholate",NA,NA,NA,"5130-29-0","2338365","HMDB0000328",NA,"3080612","Neg","12_ketolithocholate",1114,"12_ketolithocholate","sample_cohort","12-Ketolithocholic acid"
361,100020859,209,63118,221780,"Lipid","Secondary Bile Acid Metabolism",3530,"NAMED","CVNYHSDFZXHMMJ-VPUMZWJWSA-N","O=C1[C@@]([C@]([C@H](C)CCC(O)=O)([H])CC2)(C)[C@]2([H])[C@@]3([H])[C@@](C1)([H])[C@](CC[C@H]4O)(C)[C@](C4)([H])CC3","12-ketolithocholate","12-ketolithocholate",NA,NA,NA,"5130-29-0","2338365","HMDB0000328",NA,"3080612","Neg","12_ketolithocholate",1114,"12_ketolithocholate","sample_cohort","12-Ketolithocholic acid"
362,100020867,209,64072,235151,"Xenobiotics","Drug - Antibiotic",5587,"NAMED","NXFQHRVNIOXGAQ-YCRREMRBSA-N","O=C(NC1=O)CN1/N=C/c2ccc([N+]([O-])=O)o2","nitrofurantoin","nitrofurantoin",NA,NA,NA,"67-20-9","5036498","HMDB0014836","C07268,D00439","6604200","Neg","nitrofurantoin",1115,"nitrofurantoin","sample_cohort","Nitrofurantoin"
362,100020867,209,64072,235151,"Xenobiotics","Drug - Antibiotic",5587,"NAMED","NXFQHRVNIOXGAQ-YCRREMRBSA-N","O=C(NC1=O)CN1/N=C/c2ccc([N+]([O-])=O)o2","nitrofurantoin","nitrofurantoin",NA,NA,NA,"67-20-9","5036498","HMDB0014836","C07268,D00439","6604200","Neg","nitrofurantoin",1115,"nitrofurantoin","sample_cohort","Nitrofurantoin"
362,100020867,209,64072,235151,"Xenobiotics","Drug - Antibiotic",5587,"NAMED","NXFQHRVNIOXGAQ-YCRREMRBSA-N","O=C(NC1=O)CN1/N=C/c2ccc([N+]([O-])=O)o2","nitrofurantoin","nitrofurantoin",NA,NA,NA,"67-20-9","5036498","HMDB0014836","C07268,D00439","6604200","Neg","nitrofurantoin",1115,"nitrofurantoin","sample_cohort","Nitrofurantoin"
362,100020867,209,64072,235151,"Xenobiotics","Drug - Antibiotic",5587,"NAMED","NXFQHRVNIOXGAQ-YCRREMRBSA-N","O=C(NC1=O)CN1/N=C/c2ccc([N+]([O-])=O)o2","nitrofurantoin","nitrofurantoin",NA,NA,NA,"67-20-9","5036498","HMDB0014836","C07268,D00439","6604200","Neg","nitrofurantoin",1115,"nitrofurantoin","sample_cohort","Nitrofurantoin"
362,100020867,209,64072,235151,"Xenobiotics","Drug - Antibiotic",5587,"NAMED","NXFQHRVNIOXGAQ-YCRREMRBSA-N","O=C(NC1=O)CN1/N=C/c2ccc([N+]([O-])=O)o2","nitrofurantoin","nitrofurantoin",NA,NA,NA,"67-20-9","5036498","HMDB0014836","C07268,D00439","6604200","Neg","nitrofurantoin",1115,"nitrofurantoin","sample_cohort","Nitrofurantoin"
363,100020868,209,64075,235157,"Xenobiotics","Drug - Antibiotic",5574,"NAMED","IEDVJHCEMCRBQM-UHFFFAOYSA-N","COc1c(OC)c(OC)cc(Cc2c(N)nc(N)nc2)c1","trimethoprim","trimethoprim",NA,NA,NA,"738-70-5","5376","HMDB0014583","C01965,D00145","5578","Neg","trimethoprim",1116,"trimethoprim","sample_cohort","Trimethoprim"
363,100020868,209,64075,235157,"Xenobiotics","Drug - Antibiotic",5574,"NAMED","IEDVJHCEMCRBQM-UHFFFAOYSA-N","COc1c(OC)c(OC)cc(Cc2c(N)nc(N)nc2)c1","trimethoprim","trimethoprim",NA,NA,NA,"738-70-5","5376","HMDB0014583","C01965,D00145","5578","Neg","trimethoprim",1116,"trimethoprim","sample_cohort","Trimethoprim"
363,100020868,209,64075,235157,"Xenobiotics","Drug - Antibiotic",5574,"NAMED","IEDVJHCEMCRBQM-UHFFFAOYSA-N","COc1c(OC)c(OC)cc(Cc2c(N)nc(N)nc2)c1","trimethoprim","trimethoprim",NA,NA,NA,"738-70-5","5376","HMDB0014583","C01965,D00145","5578","Neg","trimethoprim",1116,"trimethoprim","sample_cohort","Trimethoprim"
364,100020873,402,64117,234999,"Xenobiotics","Drug - Antibiotic",5520,"NAMED","AGOYDEPGAOXOCK-KCBOHYOISA-N","CC[C@@H]1[C@@](C)(O)[C@H](O)[C@@H](C)C([C@H](C)C[C@@](C)(OC)[C@H](O[C@H]2[C@H](O)[C@@H](N(C)C)C[C@@H](C)O2)[C@@H](C)[C@H](O[C@H]3C[C@@](C)(OC)[C@@H](O)[C@H](C)O3)[C@@H](C)C(O1)=O)=O","clarithromycin","clarithromycin",NA,NA,NA,"81103-11-9","10342604","HMDB0015342","C06912,D00276","84029","Pos Late","clarithromycin",1117,"clarithromycin","sample_cohort","Clarithromycin"
364,100020873,402,64117,234999,"Xenobiotics","Drug - Antibiotic",5520,"NAMED","AGOYDEPGAOXOCK-KCBOHYOISA-N","CC[C@@H]1[C@@](C)(O)[C@H](O)[C@@H](C)C([C@H](C)C[C@@](C)(OC)[C@H](O[C@H]2[C@H](O)[C@@H](N(C)C)C[C@@H](C)O2)[C@@H](C)[C@H](O[C@H]3C[C@@](C)(OC)[C@@H](O)[C@H](C)O3)[C@@H](C)C(O1)=O)=O","clarithromycin","clarithromycin",NA,NA,NA,"81103-11-9","10342604","HMDB0015342","C06912,D00276","84029","Pos Late","clarithromycin",1117,"clarithromycin","sample_cohort","Clarithromycin"
364,100020873,402,64117,234999,"Xenobiotics","Drug - Antibiotic",5520,"NAMED","AGOYDEPGAOXOCK-KCBOHYOISA-N","CC[C@@H]1[C@@](C)(O)[C@H](O)[C@@H](C)C([C@H](C)C[C@@](C)(OC)[C@H](O[C@H]2[C@H](O)[C@@H](N(C)C)C[C@@H](C)O2)[C@@H](C)[C@H](O[C@H]3C[C@@](C)(OC)[C@@H](O)[C@H](C)O3)[C@@H](C)C(O1)=O)=O","clarithromycin","clarithromycin",NA,NA,NA,"81103-11-9","10342604","HMDB0015342","C06912,D00276","84029","Pos Late","clarithromycin",1117,"clarithromycin","sample_cohort","Clarithromycin"
365,100020892,402,64124,235003,"Xenobiotics","Drug - Respiratory",5988,"NAMED","UCHDWCPVSPXUMX-TZIWLTJVSA-N","CC(c1c(CC[C@@H](SCC2(CC(O)=O)CC2)c3cc(/C=C/c(cc4)nc5c4ccc(Cl)c5)ccc3)cccc1)(O)C","montelukast","montelukast",NA,NA,NA,"158966-92-8","4444507","HMDB0014614","C07482","5281040","Pos Late","montelukast",1118,"montelukast","sample_cohort",NA
366,100020893,209,62805,220431,"Amino Acid","Methionine, Cysteine, SAM and Taurine Metabolism",455,"NAMED","XMZBEAXQGSBWLG-NSCUHMNNSA-N","OC(C(O)=O)C(O)/C=C/SC","2,3-dihydroxy-5-methylthio-4-pentenoate (DMTPA)*","2,3-dihydroxy-5-methylthio-4-pentenoate (DMTPA)*",NA,NA,NA,NA,NA,"HMDB0240388",NA,NA,"Neg","2_3_dihydroxy_5_methylthio_4_pentenoate_dmtpa",1119,"2_3_dihydroxy_5_methylthio_4_pentenoate_dmtpa","sample_cohort","2,3-Dihydroxy-5-methylthio-4-pentenoic acid"
366,100020893,209,62805,220431,"Amino Acid","Methionine, Cysteine, SAM and Taurine Metabolism",455,"NAMED","XMZBEAXQGSBWLG-NSCUHMNNSA-N","OC(C(O)=O)C(O)/C=C/SC","2,3-dihydroxy-5-methylthio-4-pentenoate (DMTPA)*","2,3-dihydroxy-5-methylthio-4-pentenoate (DMTPA)*",NA,NA,NA,NA,NA,"HMDB0240388",NA,NA,"Neg","2_3_dihydroxy_5_methylthio_4_pentenoate_dmtpa",1119,"2_3_dihydroxy_5_methylthio_4_pentenoate_dmtpa","sample_cohort","2,3-Dihydroxy-5-methylthio-4-pentenoic acid"
366,100020893,209,62805,220431,"Amino Acid","Methionine, Cysteine, SAM and Taurine Metabolism",455,"NAMED","XMZBEAXQGSBWLG-NSCUHMNNSA-N","OC(C(O)=O)C(O)/C=C/SC","2,3-dihydroxy-5-methylthio-4-pentenoate (DMTPA)*","2,3-dihydroxy-5-methylthio-4-pentenoate (DMTPA)*",NA,NA,NA,NA,NA,"HMDB0240388",NA,NA,"Neg","2_3_dihydroxy_5_methylthio_4_pentenoate_dmtpa",1119,"2_3_dihydroxy_5_methylthio_4_pentenoate_dmtpa","sample_cohort","2,3-Dihydroxy-5-methylthio-4-pentenoic acid"
366,100020893,209,62805,220431,"Amino Acid","Methionine, Cysteine, SAM and Taurine Metabolism",455,"NAMED","XMZBEAXQGSBWLG-NSCUHMNNSA-N","OC(C(O)=O)C(O)/C=C/SC","2,3-dihydroxy-5-methylthio-4-pentenoate (DMTPA)*","2,3-dihydroxy-5-methylthio-4-pentenoate (DMTPA)*",NA,NA,NA,NA,NA,"HMDB0240388",NA,NA,"Neg","2_3_dihydroxy_5_methylthio_4_pentenoate_dmtpa",1119,"2_3_dihydroxy_5_methylthio_4_pentenoate_dmtpa","sample_cohort","2,3-Dihydroxy-5-methylthio-4-pentenoic acid"
367,100020903,209,62811,220439,"Peptide","Fibrinogen Cleavage Peptide",1179,"NAMED","RTIAWGDTSQOGQP-UHFFFAOYSA-N","NC(CO)C(NCC(NC(CCC(O)=O)C(NCC(NC(CC(O)=O)C(NC(CC1=CC=CC=C1)C(NC(CC(C)C)C(NC(C)C(NC(CCC(O)=O)C(NCC(NCC(NCC(NC(C(C)C)C(NC(CCCNC(N)=N)C(O)=O)=O)=O)=O)=O)=O)=O)=O)=O)=O)=O)=O)=O)=O","fibrinopeptide A (3-16)**","fibrinopeptide A (3-16)**",NA,NA,NA,NA,NA,NA,NA,"25078015","Neg","fibrinopeptide a_3_16",1120,"fibrinopeptide a_3_16","sample_cohort",NA
368,100020908,209,62813,220443,"Peptide","Fibrinogen Cleavage Peptide",1198,"NAMED","CCYANGYMJWBLQM-UHFFFAOYSA-N","OC(C(C)NC(C(CO)NC(C(CC1=CC=CC=C1)NC(C(CC2=CC=CC=C2)NC(CNC(C(CCC(O)=O)NC(C(CCC(O)=O)NC(C(CC(N)=O)NC(C(CC(O)=O)NC(C(CC(N)=O)NC(C(C(C)C)NC(CNC(C(CC3)NC3=O)=O)=O)=O)=O)=O)=O)=O)=O)=O)=O)=O)=O)=O","fibrinopeptide B (1-13)**","fibrinopeptide B (1-13)**",NA,NA,NA,NA,NA,NA,NA,NA,"Neg","fibrinopeptide b_1_13",1121,"fibrinopeptide b_1_13","sample_cohort",NA
369,100020917,400,63285,222267,"Xenobiotics","Drug - Antiviral",5622,"NAMED","XQSPYNMVSIKCOC-NTSWFWBYSA-N","O=c1n([C@@H]2CS[C@H](CO)O2)cc(F)c(N)n1","emtricitabine","emtricitabine",NA,NA,NA,"143491-57-0","54859","HMDB0015017","C12599,D01199","60877","Pos Early","emtricitabine",1122,"emtricitabine","sample_cohort","Emtricitabine"
369,100020917,400,63285,222267,"Xenobiotics","Drug - Antiviral",5622,"NAMED","XQSPYNMVSIKCOC-NTSWFWBYSA-N","O=c1n([C@@H]2CS[C@H](CO)O2)cc(F)c(N)n1","emtricitabine","emtricitabine",NA,NA,NA,"143491-57-0","54859","HMDB0015017","C12599,D01199","60877","Pos Early","emtricitabine",1122,"emtricitabine","sample_cohort","Emtricitabine"
369,100020917,400,63285,222267,"Xenobiotics","Drug - Antiviral",5622,"NAMED","XQSPYNMVSIKCOC-NTSWFWBYSA-N","O=c1n([C@@H]2CS[C@H](CO)O2)cc(F)c(N)n1","emtricitabine","emtricitabine",NA,NA,NA,"143491-57-0","54859","HMDB0015017","C12599,D01199","60877","Pos Early","emtricitabine",1122,"emtricitabine","sample_cohort","Emtricitabine"
369,100020917,400,63285,222267,"Xenobiotics","Drug - Antiviral",5622,"NAMED","XQSPYNMVSIKCOC-NTSWFWBYSA-N","O=c1n([C@@H]2CS[C@H](CO)O2)cc(F)c(N)n1","emtricitabine","emtricitabine",NA,NA,NA,"143491-57-0","54859","HMDB0015017","C12599,D01199","60877","Pos Early","emtricitabine",1122,"emtricitabine","sample_cohort","Emtricitabine"
370,100020920,209,63283,222263,"Xenobiotics","Drug - Antiviral",5619,"NAMED","SGOIRFVFHAKUTI-ZCFIWIBFSA-N","C[C@@H](OCP(O)(O)=O)Cn1c2ncnc(N)c2nc1","tenofovir","tenofovir",NA,NA,NA,"147127-20-6","408154","HMDB0014445","C17407","464205","Neg","tenofovir",1123,"tenofovir","sample_cohort","Tenofovir"
370,100020920,209,63283,222263,"Xenobiotics","Drug - Antiviral",5619,"NAMED","SGOIRFVFHAKUTI-ZCFIWIBFSA-N","C[C@@H](OCP(O)(O)=O)Cn1c2ncnc(N)c2nc1","tenofovir","tenofovir",NA,NA,NA,"147127-20-6","408154","HMDB0014445","C17407","464205","Neg","tenofovir",1123,"tenofovir","sample_cohort","Tenofovir"
370,100020920,209,63283,222263,"Xenobiotics","Drug - Antiviral",5619,"NAMED","SGOIRFVFHAKUTI-ZCFIWIBFSA-N","C[C@@H](OCP(O)(O)=O)Cn1c2ncnc(N)c2nc1","tenofovir","tenofovir",NA,NA,NA,"147127-20-6","408154","HMDB0014445","C17407","464205","Neg","tenofovir",1123,"tenofovir","sample_cohort","Tenofovir"
370,100020920,209,63283,222263,"Xenobiotics","Drug - Antiviral",5619,"NAMED","SGOIRFVFHAKUTI-ZCFIWIBFSA-N","C[C@@H](OCP(O)(O)=O)Cn1c2ncnc(N)c2nc1","tenofovir","tenofovir",NA,NA,NA,"147127-20-6","408154","HMDB0014445","C17407","464205","Neg","tenofovir",1123,"tenofovir","sample_cohort","Tenofovir"
371,100020950,402,64137,235019,"Xenobiotics","Drug - Contraceptive",5768,"NAMED","METQSPRSQINEEU-HXCATZOESA-N","C[C@]12CCC(C=C1[C@@H]3C[C@@H]3[C@@H]4[C@@H]2CC[C@@]5(C)[C@H]4[C@@H]6C[C@@H]6[C@@]57CCC(O7)=O)=O","drospirenone","drospirenone",NA,NA,NA,"67392-87-4","62105","HMDB0015467","D03917","68873","Pos Late","drospirenone",1124,"drospirenone","sample_cohort","Drospirenone"
371,100020950,402,64137,235019,"Xenobiotics","Drug - Contraceptive",5768,"NAMED","METQSPRSQINEEU-HXCATZOESA-N","C[C@]12CCC(C=C1[C@@H]3C[C@@H]3[C@@H]4[C@@H]2CC[C@@]5(C)[C@H]4[C@@H]6C[C@@H]6[C@@]57CCC(O7)=O)=O","drospirenone","drospirenone",NA,NA,NA,"67392-87-4","62105","HMDB0015467","D03917","68873","Pos Late","drospirenone",1124,"drospirenone","sample_cohort","Drospirenone"
371,100020950,402,64137,235019,"Xenobiotics","Drug - Contraceptive",5768,"NAMED","METQSPRSQINEEU-HXCATZOESA-N","C[C@]12CCC(C=C1[C@@H]3C[C@@H]3[C@@H]4[C@@H]2CC[C@@]5(C)[C@H]4[C@@H]6C[C@@H]6[C@@]57CCC(O7)=O)=O","drospirenone","drospirenone",NA,NA,NA,"67392-87-4","62105","HMDB0015467","D03917","68873","Pos Late","drospirenone",1124,"drospirenone","sample_cohort","Drospirenone"
372,100020973,209,63230,222087,"Xenobiotics","Chemical",6298,"NAMED","UAQAOMYUJQVGMD-UHFFFAOYSA-N","CC1=NC=C(OS(=O)(O)=O)C=C1","5-hydroxy-2-methylpyridine sulfate","5-hydroxy-2-methylpyridine sulfate",NA,NA,NA,NA,NA,NA,NA,NA,"Neg","5_hydroxy_2_methylpyridine sulfate",1125,"5_hydroxy_2_methylpyridine sulfate","sample_cohort",NA
373,100020975,209,63227,222084,"Xenobiotics","Chemical",6300,"NAMED","GOXQGRHDLROYBT-UHFFFAOYSA-N","CC1=NC=CC=C1OS(=O)(O)=O","3-hydroxy-2-methylpyridine sulfate","3-hydroxy-2-methylpyridine sulfate",NA,NA,NA,NA,NA,NA,NA,NA,"Neg","3_hydroxy_2_methylpyridine sulfate",1126,"3_hydroxy_2_methylpyridine sulfate","sample_cohort",NA
374,100020992,209,62840,220604,"Peptide","Dipeptide",799,"NAMED","PCMCCGUMENQJAT-UHFFFAOYSA-N","O=C1C(CC2=CC=C(OS(O)(=O)=O)C=C2)NC(C3N1CCC3)=O","cyclo(pro-sulfo-tyr)*","cyclo(pro-sulfo-tyr)*",NA,NA,NA,NA,NA,NA,NA,NA,"Neg","cyclo_pro_sulfo_tyr",1127,"cyclo_pro_sulfo_tyr","sample_cohort",NA
375,100021000,402,62851,220620,"Lipid","Sphingomyelins",3133,"NAMED","FAVAZPKFPKOYCT-VTAPXIELSA-N","CCCCCCCCCCCCCCC(O)C(N[C@@H](COP([O-])(OCC[N+](C)(C)C)=O)[C@@H](/C=C/CCCCCCCCCCCCC)O)=O","hydroxypalmitoyl sphingomyelin (d18:1/16:0(OH))**","hydroxypalmitoyl sphingomyelin (d18:1/16:0(OH))**","SM 34:1;O3","SM 18:1;O2_16:0;O","SM 18:1;O2/16:0;O",NA,NA,NA,NA,NA,"Pos Late","hydroxypalmitoyl sphingomyelin_d18_1_16_0_oh",1128,"hydroxypalmitoyl sphingomyelin_d18_1_16_0_oh","sample_cohort",NA
376,100021012,400,62871,220663,"Xenobiotics","Food Component/Plant",4841,"NAMED","PKECGHXYZFBIDX-UHFFFAOYSA-N","OCC1=CC=C(C(OC(CC([O-])=O)C[N+](C)(C)C)=O)O1","5-hydroxymethyl-2-furoylcarnitine*","5-hydroxymethyl-2-furoylcarnitine*",NA,NA,NA,NA,NA,NA,NA,NA,"Pos Early","5_hydroxymethyl_2_furoylcarnitine",1129,"5_hydroxymethyl_2_furoylcarnitine","sample_cohort",NA
377,100021015,209,62874,220668,"Lipid","Fatty Acid, Branched",1670,"NAMED","ZIFGCGZZIZETEZ-UHFFFAOYSA-N","CCCCCC(CCCCC)CCCCCCC(O)=O","branched-chain fatty acid 18:0 (2)**","branched-chain fatty acid 18:0 (2)**",NA,NA,NA,NA,NA,NA,NA,NA,"Neg","branched_chain fatty acid 18_0",1130,"branched_chain fatty acid 18_0","sample_cohort",NA
378,100021093,209,62890,220741,"Lipid","Secondary Bile Acid Metabolism",3575,"NAMED","IJHJZQKOSUFQCX-WZJRQFJBSA-N","[H][C@@](CCC(NCCS(O)(=O)=O)=O)([C@]1(CC[C@]2([C@@]3([C@@H](C[C@@]4(C[C@H](S(O)(=O)=O)CC[C@@]4([C@]3(C[C@H]([C@]12C)O)[H])C)[H])O)[H])[H])[H])C","taurochenodeoxycholic acid 3-sulfate","taurochenodeoxycholic acid 3-sulfate",NA,NA,NA,NA,"24850141","HMDB0002486",NA,"52931550","Neg","taurochenodeoxycholic acid 3_sulfate",1131,"taurochenodeoxycholic acid 3_sulfate","sample_cohort","Taurochenodeoxycholic acid 3-sulfate"
378,100021093,209,62890,220741,"Lipid","Secondary Bile Acid Metabolism",3575,"NAMED","IJHJZQKOSUFQCX-WZJRQFJBSA-N","[H][C@@](CCC(NCCS(O)(=O)=O)=O)([C@]1(CC[C@]2([C@@]3([C@@H](C[C@@]4(C[C@H](S(O)(=O)=O)CC[C@@]4([C@]3(C[C@H]([C@]12C)O)[H])C)[H])O)[H])[H])[H])C","taurochenodeoxycholic acid 3-sulfate","taurochenodeoxycholic acid 3-sulfate",NA,NA,NA,NA,"24850141","HMDB0002486",NA,"52931550","Neg","taurochenodeoxycholic acid 3_sulfate",1131,"taurochenodeoxycholic acid 3_sulfate","sample_cohort","Taurochenodeoxycholic acid 3-sulfate"
378,100021093,209,62890,220741,"Lipid","Secondary Bile Acid Metabolism",3575,"NAMED","IJHJZQKOSUFQCX-WZJRQFJBSA-N","[H][C@@](CCC(NCCS(O)(=O)=O)=O)([C@]1(CC[C@]2([C@@]3([C@@H](C[C@@]4(C[C@H](S(O)(=O)=O)CC[C@@]4([C@]3(C[C@H]([C@]12C)O)[H])C)[H])O)[H])[H])[H])C","taurochenodeoxycholic acid 3-sulfate","taurochenodeoxycholic acid 3-sulfate",NA,NA,NA,NA,"24850141","HMDB0002486",NA,"52931550","Neg","taurochenodeoxycholic acid 3_sulfate",1131,"taurochenodeoxycholic acid 3_sulfate","sample_cohort","Taurochenodeoxycholic acid 3-sulfate"
378,100021093,209,62890,220741,"Lipid","Secondary Bile Acid Metabolism",3575,"NAMED","IJHJZQKOSUFQCX-WZJRQFJBSA-N","[H][C@@](CCC(NCCS(O)(=O)=O)=O)([C@]1(CC[C@]2([C@@]3([C@@H](C[C@@]4(C[C@H](S(O)(=O)=O)CC[C@@]4([C@]3(C[C@H]([C@]12C)O)[H])C)[H])O)[H])[H])[H])C","taurochenodeoxycholic acid 3-sulfate","taurochenodeoxycholic acid 3-sulfate",NA,NA,NA,NA,"24850141","HMDB0002486",NA,"52931550","Neg","taurochenodeoxycholic acid 3_sulfate",1131,"taurochenodeoxycholic acid 3_sulfate","sample_cohort","Taurochenodeoxycholic acid 3-sulfate"
378,100021093,209,62890,220741,"Lipid","Secondary Bile Acid Metabolism",3575,"NAMED","IJHJZQKOSUFQCX-WZJRQFJBSA-N","[H][C@@](CCC(NCCS(O)(=O)=O)=O)([C@]1(CC[C@]2([C@@]3([C@@H](C[C@@]4(C[C@H](S(O)(=O)=O)CC[C@@]4([C@]3(C[C@H]([C@]12C)O)[H])C)[H])O)[H])[H])[H])C","taurochenodeoxycholic acid 3-sulfate","taurochenodeoxycholic acid 3-sulfate",NA,NA,NA,NA,"24850141","HMDB0002486",NA,"52931550","Neg","taurochenodeoxycholic acid 3_sulfate",1131,"taurochenodeoxycholic acid 3_sulfate","sample_cohort","Taurochenodeoxycholic acid 3-sulfate"
378,100021093,209,62890,220741,"Lipid","Secondary Bile Acid Metabolism",3575,"NAMED","IJHJZQKOSUFQCX-WZJRQFJBSA-N","[H][C@@](CCC(NCCS(O)(=O)=O)=O)([C@]1(CC[C@]2([C@@]3([C@@H](C[C@@]4(C[C@H](S(O)(=O)=O)CC[C@@]4([C@]3(C[C@H]([C@]12C)O)[H])C)[H])O)[H])[H])[H])C","taurochenodeoxycholic acid 3-sulfate","taurochenodeoxycholic acid 3-sulfate",NA,NA,NA,NA,"24850141","HMDB0002486",NA,"52931550","Neg","taurochenodeoxycholic acid 3_sulfate",1131,"taurochenodeoxycholic acid 3_sulfate","sample_cohort","Taurochenodeoxycholic acid 3-sulfate"
378,100021093,209,62890,220741,"Lipid","Secondary Bile Acid Metabolism",3575,"NAMED","IJHJZQKOSUFQCX-WZJRQFJBSA-N","[H][C@@](CCC(NCCS(O)(=O)=O)=O)([C@]1(CC[C@]2([C@@]3([C@@H](C[C@@]4(C[C@H](S(O)(=O)=O)CC[C@@]4([C@]3(C[C@H]([C@]12C)O)[H])C)[H])O)[H])[H])[H])C","taurochenodeoxycholic acid 3-sulfate","taurochenodeoxycholic acid 3-sulfate",NA,NA,NA,NA,"24850141","HMDB0002486",NA,"52931550","Neg","taurochenodeoxycholic acid 3_sulfate",1131,"taurochenodeoxycholic acid 3_sulfate","sample_cohort","Taurochenodeoxycholic acid 3-sulfate"
378,100021093,209,62890,220741,"Lipid","Secondary Bile Acid Metabolism",3575,"NAMED","IJHJZQKOSUFQCX-WZJRQFJBSA-N","[H][C@@](CCC(NCCS(O)(=O)=O)=O)([C@]1(CC[C@]2([C@@]3([C@@H](C[C@@]4(C[C@H](S(O)(=O)=O)CC[C@@]4([C@]3(C[C@H]([C@]12C)O)[H])C)[H])O)[H])[H])[H])C","taurochenodeoxycholic acid 3-sulfate","taurochenodeoxycholic acid 3-sulfate",NA,NA,NA,NA,"24850141","HMDB0002486",NA,"52931550","Neg","taurochenodeoxycholic acid 3_sulfate",1131,"taurochenodeoxycholic acid 3_sulfate","sample_cohort","Taurochenodeoxycholic acid 3-sulfate"
378,100021093,209,62890,220741,"Lipid","Secondary Bile Acid Metabolism",3575,"NAMED","IJHJZQKOSUFQCX-WZJRQFJBSA-N","[H][C@@](CCC(NCCS(O)(=O)=O)=O)([C@]1(CC[C@]2([C@@]3([C@@H](C[C@@]4(C[C@H](S(O)(=O)=O)CC[C@@]4([C@]3(C[C@H]([C@]12C)O)[H])C)[H])O)[H])[H])[H])C","taurochenodeoxycholic acid 3-sulfate","taurochenodeoxycholic acid 3-sulfate",NA,NA,NA,NA,"24850141","HMDB0002486",NA,"52931550","Neg","taurochenodeoxycholic acid 3_sulfate",1131,"taurochenodeoxycholic acid 3_sulfate","sample_cohort","Taurochenodeoxycholic acid 3-sulfate"
378,100021093,209,62890,220741,"Lipid","Secondary Bile Acid Metabolism",3575,"NAMED","IJHJZQKOSUFQCX-WZJRQFJBSA-N","[H][C@@](CCC(NCCS(O)(=O)=O)=O)([C@]1(CC[C@]2([C@@]3([C@@H](C[C@@]4(C[C@H](S(O)(=O)=O)CC[C@@]4([C@]3(C[C@H]([C@]12C)O)[H])C)[H])O)[H])[H])[H])C","taurochenodeoxycholic acid 3-sulfate","taurochenodeoxycholic acid 3-sulfate",NA,NA,NA,NA,"24850141","HMDB0002486",NA,"52931550","Neg","taurochenodeoxycholic acid 3_sulfate",1131,"taurochenodeoxycholic acid 3_sulfate","sample_cohort","Cholic acid glucuronide"
378,100021093,209,62890,220741,"Lipid","Secondary Bile Acid Metabolism",3575,"NAMED","IJHJZQKOSUFQCX-WZJRQFJBSA-N","[H][C@@](CCC(NCCS(O)(=O)=O)=O)([C@]1(CC[C@]2([C@@]3([C@@H](C[C@@]4(C[C@H](S(O)(=O)=O)CC[C@@]4([C@]3(C[C@H]([C@]12C)O)[H])C)[H])O)[H])[H])[H])C","taurochenodeoxycholic acid 3-sulfate","taurochenodeoxycholic acid 3-sulfate",NA,NA,NA,NA,"24850141","HMDB0002486",NA,"52931550","Neg","taurochenodeoxycholic acid 3_sulfate",1131,"taurochenodeoxycholic acid 3_sulfate","sample_cohort","Cholic acid glucuronide"
378,100021093,209,62890,220741,"Lipid","Secondary Bile Acid Metabolism",3575,"NAMED","IJHJZQKOSUFQCX-WZJRQFJBSA-N","[H][C@@](CCC(NCCS(O)(=O)=O)=O)([C@]1(CC[C@]2([C@@]3([C@@H](C[C@@]4(C[C@H](S(O)(=O)=O)CC[C@@]4([C@]3(C[C@H]([C@]12C)O)[H])C)[H])O)[H])[H])[H])C","taurochenodeoxycholic acid 3-sulfate","taurochenodeoxycholic acid 3-sulfate",NA,NA,NA,NA,"24850141","HMDB0002486",NA,"52931550","Neg","taurochenodeoxycholic acid 3_sulfate",1131,"taurochenodeoxycholic acid 3_sulfate","sample_cohort","Cholic acid glucuronide"
378,100021093,209,62890,220741,"Lipid","Secondary Bile Acid Metabolism",3575,"NAMED","IJHJZQKOSUFQCX-WZJRQFJBSA-N","[H][C@@](CCC(NCCS(O)(=O)=O)=O)([C@]1(CC[C@]2([C@@]3([C@@H](C[C@@]4(C[C@H](S(O)(=O)=O)CC[C@@]4([C@]3(C[C@H]([C@]12C)O)[H])C)[H])O)[H])[H])[H])C","taurochenodeoxycholic acid 3-sulfate","taurochenodeoxycholic acid 3-sulfate",NA,NA,NA,NA,"24850141","HMDB0002486",NA,"52931550","Neg","taurochenodeoxycholic acid 3_sulfate",1131,"taurochenodeoxycholic acid 3_sulfate","sample_cohort","Cholic acid glucuronide"
378,100021093,209,62890,220741,"Lipid","Secondary Bile Acid Metabolism",3575,"NAMED","IJHJZQKOSUFQCX-WZJRQFJBSA-N","[H][C@@](CCC(NCCS(O)(=O)=O)=O)([C@]1(CC[C@]2([C@@]3([C@@H](C[C@@]4(C[C@H](S(O)(=O)=O)CC[C@@]4([C@]3(C[C@H]([C@]12C)O)[H])C)[H])O)[H])[H])[H])C","taurochenodeoxycholic acid 3-sulfate","taurochenodeoxycholic acid 3-sulfate",NA,NA,NA,NA,"24850141","HMDB0002486",NA,"52931550","Neg","taurochenodeoxycholic acid 3_sulfate",1131,"taurochenodeoxycholic acid 3_sulfate","sample_cohort","Cholic acid glucuronide"
378,100021093,209,62890,220741,"Lipid","Secondary Bile Acid Metabolism",3575,"NAMED","IJHJZQKOSUFQCX-WZJRQFJBSA-N","[H][C@@](CCC(NCCS(O)(=O)=O)=O)([C@]1(CC[C@]2([C@@]3([C@@H](C[C@@]4(C[C@H](S(O)(=O)=O)CC[C@@]4([C@]3(C[C@H]([C@]12C)O)[H])C)[H])O)[H])[H])[H])C","taurochenodeoxycholic acid 3-sulfate","taurochenodeoxycholic acid 3-sulfate",NA,NA,NA,NA,"24850141","HMDB0002486",NA,"52931550","Neg","taurochenodeoxycholic acid 3_sulfate",1131,"taurochenodeoxycholic acid 3_sulfate","sample_cohort","Cholic acid glucuronide"
378,100021093,209,62890,220741,"Lipid","Secondary Bile Acid Metabolism",3575,"NAMED","IJHJZQKOSUFQCX-WZJRQFJBSA-N","[H][C@@](CCC(NCCS(O)(=O)=O)=O)([C@]1(CC[C@]2([C@@]3([C@@H](C[C@@]4(C[C@H](S(O)(=O)=O)CC[C@@]4([C@]3(C[C@H]([C@]12C)O)[H])C)[H])O)[H])[H])[H])C","taurochenodeoxycholic acid 3-sulfate","taurochenodeoxycholic acid 3-sulfate",NA,NA,NA,NA,"24850141","HMDB0002486",NA,"52931550","Neg","taurochenodeoxycholic acid 3_sulfate",1131,"taurochenodeoxycholic acid 3_sulfate","sample_cohort","Taurocholic acid 3-sulfate"
378,100021093,209,62890,220741,"Lipid","Secondary Bile Acid Metabolism",3575,"NAMED","IJHJZQKOSUFQCX-WZJRQFJBSA-N","[H][C@@](CCC(NCCS(O)(=O)=O)=O)([C@]1(CC[C@]2([C@@]3([C@@H](C[C@@]4(C[C@H](S(O)(=O)=O)CC[C@@]4([C@]3(C[C@H]([C@]12C)O)[H])C)[H])O)[H])[H])[H])C","taurochenodeoxycholic acid 3-sulfate","taurochenodeoxycholic acid 3-sulfate",NA,NA,NA,NA,"24850141","HMDB0002486",NA,"52931550","Neg","taurochenodeoxycholic acid 3_sulfate",1131,"taurochenodeoxycholic acid 3_sulfate","sample_cohort","Taurocholic acid 3-sulfate"
378,100021093,209,62890,220741,"Lipid","Secondary Bile Acid Metabolism",3575,"NAMED","IJHJZQKOSUFQCX-WZJRQFJBSA-N","[H][C@@](CCC(NCCS(O)(=O)=O)=O)([C@]1(CC[C@]2([C@@]3([C@@H](C[C@@]4(C[C@H](S(O)(=O)=O)CC[C@@]4([C@]3(C[C@H]([C@]12C)O)[H])C)[H])O)[H])[H])[H])C","taurochenodeoxycholic acid 3-sulfate","taurochenodeoxycholic acid 3-sulfate",NA,NA,NA,NA,"24850141","HMDB0002486",NA,"52931550","Neg","taurochenodeoxycholic acid 3_sulfate",1131,"taurochenodeoxycholic acid 3_sulfate","sample_cohort","Taurocholic acid 3-sulfate"
378,100021093,209,62890,220741,"Lipid","Secondary Bile Acid Metabolism",3575,"NAMED","IJHJZQKOSUFQCX-WZJRQFJBSA-N","[H][C@@](CCC(NCCS(O)(=O)=O)=O)([C@]1(CC[C@]2([C@@]3([C@@H](C[C@@]4(C[C@H](S(O)(=O)=O)CC[C@@]4([C@]3(C[C@H]([C@]12C)O)[H])C)[H])O)[H])[H])[H])C","taurochenodeoxycholic acid 3-sulfate","taurochenodeoxycholic acid 3-sulfate",NA,NA,NA,NA,"24850141","HMDB0002486",NA,"52931550","Neg","taurochenodeoxycholic acid 3_sulfate",1131,"taurochenodeoxycholic acid 3_sulfate","sample_cohort","Taurocholic acid 3-sulfate"
378,100021093,209,62890,220741,"Lipid","Secondary Bile Acid Metabolism",3575,"NAMED","IJHJZQKOSUFQCX-WZJRQFJBSA-N","[H][C@@](CCC(NCCS(O)(=O)=O)=O)([C@]1(CC[C@]2([C@@]3([C@@H](C[C@@]4(C[C@H](S(O)(=O)=O)CC[C@@]4([C@]3(C[C@H]([C@]12C)O)[H])C)[H])O)[H])[H])[H])C","taurochenodeoxycholic acid 3-sulfate","taurochenodeoxycholic acid 3-sulfate",NA,NA,NA,NA,"24850141","HMDB0002486",NA,"52931550","Neg","taurochenodeoxycholic acid 3_sulfate",1131,"taurochenodeoxycholic acid 3_sulfate","sample_cohort","Taurocholic acid 3-sulfate"
378,100021093,209,62890,220741,"Lipid","Secondary Bile Acid Metabolism",3575,"NAMED","IJHJZQKOSUFQCX-WZJRQFJBSA-N","[H][C@@](CCC(NCCS(O)(=O)=O)=O)([C@]1(CC[C@]2([C@@]3([C@@H](C[C@@]4(C[C@H](S(O)(=O)=O)CC[C@@]4([C@]3(C[C@H]([C@]12C)O)[H])C)[H])O)[H])[H])[H])C","taurochenodeoxycholic acid 3-sulfate","taurochenodeoxycholic acid 3-sulfate",NA,NA,NA,NA,"24850141","HMDB0002486",NA,"52931550","Neg","taurochenodeoxycholic acid 3_sulfate",1131,"taurochenodeoxycholic acid 3_sulfate","sample_cohort","Taurocholic acid 3-sulfate"
378,100021093,209,62890,220741,"Lipid","Secondary Bile Acid Metabolism",3575,"NAMED","IJHJZQKOSUFQCX-WZJRQFJBSA-N","[H][C@@](CCC(NCCS(O)(=O)=O)=O)([C@]1(CC[C@]2([C@@]3([C@@H](C[C@@]4(C[C@H](S(O)(=O)=O)CC[C@@]4([C@]3(C[C@H]([C@]12C)O)[H])C)[H])O)[H])[H])[H])C","taurochenodeoxycholic acid 3-sulfate","taurochenodeoxycholic acid 3-sulfate",NA,NA,NA,NA,"24850141","HMDB0002486",NA,"52931550","Neg","taurochenodeoxycholic acid 3_sulfate",1131,"taurochenodeoxycholic acid 3_sulfate","sample_cohort","Taurocholic acid 3-sulfate"
378,100021093,209,62890,220741,"Lipid","Secondary Bile Acid Metabolism",3575,"NAMED","IJHJZQKOSUFQCX-WZJRQFJBSA-N","[H][C@@](CCC(NCCS(O)(=O)=O)=O)([C@]1(CC[C@]2([C@@]3([C@@H](C[C@@]4(C[C@H](S(O)(=O)=O)CC[C@@]4([C@]3(C[C@H]([C@]12C)O)[H])C)[H])O)[H])[H])[H])C","taurochenodeoxycholic acid 3-sulfate","taurochenodeoxycholic acid 3-sulfate",NA,NA,NA,NA,"24850141","HMDB0002486",NA,"52931550","Neg","taurochenodeoxycholic acid 3_sulfate",1131,"taurochenodeoxycholic acid 3_sulfate","sample_cohort","Taurocholic acid 3-sulfate"
378,100021093,209,62890,220741,"Lipid","Secondary Bile Acid Metabolism",3575,"NAMED","IJHJZQKOSUFQCX-WZJRQFJBSA-N","[H][C@@](CCC(NCCS(O)(=O)=O)=O)([C@]1(CC[C@]2([C@@]3([C@@H](C[C@@]4(C[C@H](S(O)(=O)=O)CC[C@@]4([C@]3(C[C@H]([C@]12C)O)[H])C)[H])O)[H])[H])[H])C","taurochenodeoxycholic acid 3-sulfate","taurochenodeoxycholic acid 3-sulfate",NA,NA,NA,NA,"24850141","HMDB0002486",NA,"52931550","Neg","taurochenodeoxycholic acid 3_sulfate",1131,"taurochenodeoxycholic acid 3_sulfate","sample_cohort","Taurocholic acid 3-sulfate"
378,100021093,209,62890,220741,"Lipid","Secondary Bile Acid Metabolism",3575,"NAMED","IJHJZQKOSUFQCX-WZJRQFJBSA-N","[H][C@@](CCC(NCCS(O)(=O)=O)=O)([C@]1(CC[C@]2([C@@]3([C@@H](C[C@@]4(C[C@H](S(O)(=O)=O)CC[C@@]4([C@]3(C[C@H]([C@]12C)O)[H])C)[H])O)[H])[H])[H])C","taurochenodeoxycholic acid 3-sulfate","taurochenodeoxycholic acid 3-sulfate",NA,NA,NA,NA,"24850141","HMDB0002486",NA,"52931550","Neg","taurochenodeoxycholic acid 3_sulfate",1131,"taurochenodeoxycholic acid 3_sulfate","sample_cohort","Taurocholic acid 3-sulfate"
379,100021100,209,62918,220774,"Lipid","Fatty Acid, Dicarboxylate",1717,"NAMED","MUFSRLVOUKHPIZ-OVYZBVKCSA-N","O=C(O)CCC/C=C\C/C=C\CCCCC(O)=O","tetradecadienedioate (C14:2-DC)*","tetradecadienedioate (C14:2-DC)*",NA,NA,NA,NA,NA,NA,NA,"86018718","Neg","tetradecadienedioate_c14_2_dc",1132,"tetradecadienedioate_c14_2_dc","sample_cohort",NA
380,100021103,209,62922,220778,"Lipid","Pregnenolone Steroids",3294,"NAMED","HIYOTPJZDPVBTL-HXOPQMAFSA-N","O[C@H]1C2=C[C@@H](OS(=O)(O)=O)CC[C@]2(C)C3CC[C@@]4(C)C(CCC4[C@H](O)C)C3C1","pregnenetriol sulfate*","pregnenetriol sulfate*",NA,NA,NA,NA,NA,NA,NA,"129671303","Neg","pregnenetriol sulfate",1133,"pregnenetriol sulfate","sample_cohort",NA
381,100021104,209,62921,220777,"Lipid","Pregnenolone Steroids",3295,"NAMED","KANYWSIUKWPEOE-HXOPQMAFSA-N","C[C@]12CC[C@H](OS(=O)(O)=O)C=C1[C@H](OS(=O)(O)=O)CC3C2CC[C@@]4(C)C3CCC4[C@H](O)C","pregnenetriol disulfate*","pregnenetriol disulfate*",NA,NA,NA,NA,NA,NA,NA,NA,"Neg","pregnenetriol disulfate",1134,"pregnenetriol disulfate","sample_cohort",NA
382,100021105,209,62923,220779,"Lipid","Fatty Acid, Dicarboxylate",1726,"NAMED","NZLFRLCYQVOISV-IWQZZHSRSA-N","OC(CCCCCCCCC/C=C\CCCCCCCC(O)=O)=O","eicosenedioate (C20:1-DC)*","eicosenedioate (C20:1-DC)*",NA,NA,NA,NA,NA,NA,NA,NA,"Neg","eicosenedioate_c20_1_dc",1135,"eicosenedioate_c20_1_dc","sample_cohort",NA
383,100021123,400,62959,220848,"Amino Acid","Lysine Metabolism",120,"NAMED","ZRJHLGYVUCPZNH-MQWKRIRWSA-N","[O-]C([C@@H](N)C(O)CCC[N+](C)(C)C)=O","hydroxy-N6,N6,N6-trimethyllysine*","hydroxy-N6,N6,N6-trimethyllysine*",NA,NA,NA,NA,NA,NA,NA,NA,"Pos Early","hydroxy_n6_n6_n6_trimethyllysine",1136,"hydroxy_n6_n6_n6_trimethyllysine","sample_cohort",NA
384,100021131,402,63613,222938,"Lipid","Fatty Acid Metabolism (Acyl Carnitine, Monounsaturated)",1904,"NAMED","FVOVZEONZTWNTC-OUKQBFOZSA-N","CCCCCCCC/C=C/C(OC(CC([O-])=O)C[N+](C)(C)C)=O","undecenoylcarnitine (C11:1)","undecenoylcarnitine (C11:1)",NA,NA,NA,NA,NA,NA,NA,NA,"Pos Late","undecenoylcarnitine_c11_1",1137,"undecenoylcarnitine_c11_1","sample_cohort",NA
385,100021141,402,63358,222426,"Lipid","Fatty Acid Metabolism (Acyl Carnitine, Hydroxy)",1950,"NAMED","VCRSQDIROUELAR-UHFFFAOYSA-N","OC(CCCCCCC)CC(OC(CC([O-])=O)C[N+](C)(C)C)=O","3-hydroxydecanoylcarnitine","3-hydroxydecanoylcarnitine",NA,NA,NA,NA,"59664325","HMDB0061636",NA,"121454166","Pos Late","3_hydroxydecanoylcarnitine",1139,"3_hydroxydecanoylcarnitine","sample_cohort","CAR 10:0;3OH"
385,100021141,402,63358,222426,"Lipid","Fatty Acid Metabolism (Acyl Carnitine, Hydroxy)",1950,"NAMED","VCRSQDIROUELAR-UHFFFAOYSA-N","OC(CCCCCCC)CC(OC(CC([O-])=O)C[N+](C)(C)C)=O","3-hydroxydecanoylcarnitine","3-hydroxydecanoylcarnitine",NA,NA,NA,NA,"59664325","HMDB0061636",NA,"121454166","Pos Late","3_hydroxydecanoylcarnitine",1139,"3_hydroxydecanoylcarnitine","sample_cohort","CAR 10:0;3OH"
385,100021141,402,63358,222426,"Lipid","Fatty Acid Metabolism (Acyl Carnitine, Hydroxy)",1950,"NAMED","VCRSQDIROUELAR-UHFFFAOYSA-N","OC(CCCCCCC)CC(OC(CC([O-])=O)C[N+](C)(C)C)=O","3-hydroxydecanoylcarnitine","3-hydroxydecanoylcarnitine",NA,NA,NA,NA,"59664325","HMDB0061636",NA,"121454166","Pos Late","3_hydroxydecanoylcarnitine",1139,"3_hydroxydecanoylcarnitine","sample_cohort","CAR 10:0;3OH"
385,100021141,402,63358,222426,"Lipid","Fatty Acid Metabolism (Acyl Carnitine, Hydroxy)",1950,"NAMED","VCRSQDIROUELAR-UHFFFAOYSA-N","OC(CCCCCCC)CC(OC(CC([O-])=O)C[N+](C)(C)C)=O","3-hydroxydecanoylcarnitine","3-hydroxydecanoylcarnitine",NA,NA,NA,NA,"59664325","HMDB0061636",NA,"121454166","Pos Late","3_hydroxydecanoylcarnitine",1139,"3_hydroxydecanoylcarnitine","sample_cohort","CAR 10:0;OH"
386,100021162,402,62984,221101,"Lipid","Ceramide PEs",3163,"NAMED","JTVNQMOIYKXJKF-WSYRTZMQSA-N","CCCCCCCCCCCCC/C=C/[C@@]([H])(O)[C@@]([H])(NC(CCCCCCCCCCCCCCC)=O)COP(O)(OCCN)=O","palmitoyl-sphingosine-phosphoethanolamine (d18:1/16:0)","palmitoyl-sphingosine-phosphoethanolamine (d18:1/16:0)","CerPE 34:1;O2","CerPE 18:1;O2_16:0","CerPE 18:1;O2/16:0",NA,NA,NA,NA,NA,"Pos Late","palmitoyl_sphingosine_phosphoethanolamine_d18_1_16_0",1140,"palmitoyl_sphingosine_phosphoethanolamine_d18_1_16_0","sample_cohort",NA
387,100021198,209,63057,221668,"Lipid","Fatty Acid Metabolism (Acyl Glycine)",1860,"NAMED","MNYZGNSHBPLAFN-UHFFFAOYSA-N","O=C(C1=CC=CC=N1)N([H])CC(O)=O","picolinoylglycine","picolinoylglycine",NA,NA,NA,"5616-29-5","9963296","HMDB0059766",NA,"11788622","Neg","picolinoylglycine",1141,"picolinoylglycine","sample_cohort","Picolinoylglycine"
387,100021198,209,63057,221668,"Lipid","Fatty Acid Metabolism (Acyl Glycine)",1860,"NAMED","MNYZGNSHBPLAFN-UHFFFAOYSA-N","O=C(C1=CC=CC=N1)N([H])CC(O)=O","picolinoylglycine","picolinoylglycine",NA,NA,NA,"5616-29-5","9963296","HMDB0059766",NA,"11788622","Neg","picolinoylglycine",1141,"picolinoylglycine","sample_cohort","Picolinoylglycine"
387,100021198,209,63057,221668,"Lipid","Fatty Acid Metabolism (Acyl Glycine)",1860,"NAMED","MNYZGNSHBPLAFN-UHFFFAOYSA-N","O=C(C1=CC=CC=N1)N([H])CC(O)=O","picolinoylglycine","picolinoylglycine",NA,NA,NA,"5616-29-5","9963296","HMDB0059766",NA,"11788622","Neg","picolinoylglycine",1141,"picolinoylglycine","sample_cohort","Picolinoylglycine"
388,100021208,209,64579,238261,"Xenobiotics","Benzoate Metabolism",4567,"NAMED","ILVXQMHYFMBCMJ-UHFFFAOYSA-N","C=CC(C=C1O)=CC=C1OS(=O)(O)=O","4-vinylcatechol sulfate","4-vinylcatechol sulfate",NA,NA,NA,NA,NA,NA,NA,NA,"Neg","4_vinylcatechol sulfate",1142,"4_vinylcatechol sulfate","sample_cohort",NA
389,100021220,305,63678,223092,"Amino Acid","Methionine, Cysteine, SAM and Taurine Metabolism",483,"NAMED","SBQWITJAJITAMM-UHFFFAOYSA-N","OC(CCC(NCCS(=O)(O)=O)=O)=O","succinoyltaurine","succinoyltaurine",NA,NA,NA,NA,"20509456",NA,NA,NA,"Polar","succinoyltaurine",1143,"succinoyltaurine","sample_cohort","Succinoyltaurine"
389,100021220,305,63678,223092,"Amino Acid","Methionine, Cysteine, SAM and Taurine Metabolism",483,"NAMED","SBQWITJAJITAMM-UHFFFAOYSA-N","OC(CCC(NCCS(=O)(O)=O)=O)=O","succinoyltaurine","succinoyltaurine",NA,NA,NA,NA,"20509456",NA,NA,NA,"Polar","succinoyltaurine",1143,"succinoyltaurine","sample_cohort","Succinoyltaurine"
390,100021238,209,63039,221212,"Peptide","Dipeptide",950,"NAMED","WJSNJMXOBDSZDL-UHFFFAOYSA-N","NC(CC1=CC=CC=C1)C(N2C(C(O)=O)CC(O)C2)=O","phenylalanylhydroxyproline*","phenylalanylhydroxyproline*",NA,NA,NA,NA,"35032073","HMDB0011176",NA,"53480675","Neg","phenylalanylhydroxyproline",1144,"phenylalanylhydroxyproline","sample_cohort","Phe-Hyp"
390,100021238,209,63039,221212,"Peptide","Dipeptide",950,"NAMED","WJSNJMXOBDSZDL-UHFFFAOYSA-N","NC(CC1=CC=CC=C1)C(N2C(C(O)=O)CC(O)C2)=O","phenylalanylhydroxyproline*","phenylalanylhydroxyproline*",NA,NA,NA,NA,"35032073","HMDB0011176",NA,"53480675","Neg","phenylalanylhydroxyproline",1144,"phenylalanylhydroxyproline","sample_cohort","Phe-Hyp"
390,100021238,209,63039,221212,"Peptide","Dipeptide",950,"NAMED","WJSNJMXOBDSZDL-UHFFFAOYSA-N","NC(CC1=CC=CC=C1)C(N2C(C(O)=O)CC(O)C2)=O","phenylalanylhydroxyproline*","phenylalanylhydroxyproline*",NA,NA,NA,NA,"35032073","HMDB0011176",NA,"53480675","Neg","phenylalanylhydroxyproline",1144,"phenylalanylhydroxyproline","sample_cohort","Phe-Hyp"
390,100021238,209,63039,221212,"Peptide","Dipeptide",950,"NAMED","WJSNJMXOBDSZDL-UHFFFAOYSA-N","NC(CC1=CC=CC=C1)C(N2C(C(O)=O)CC(O)C2)=O","phenylalanylhydroxyproline*","phenylalanylhydroxyproline*",NA,NA,NA,NA,"35032073","HMDB0011176",NA,"53480675","Neg","phenylalanylhydroxyproline",1144,"phenylalanylhydroxyproline","sample_cohort","Phe-Hyp"
390,100021238,209,63039,221212,"Peptide","Dipeptide",950,"NAMED","WJSNJMXOBDSZDL-UHFFFAOYSA-N","NC(CC1=CC=CC=C1)C(N2C(C(O)=O)CC(O)C2)=O","phenylalanylhydroxyproline*","phenylalanylhydroxyproline*",NA,NA,NA,NA,"35032073","HMDB0011176",NA,"53480675","Neg","phenylalanylhydroxyproline",1144,"phenylalanylhydroxyproline","sample_cohort","Phe-Hyp"
391,100021261,400,63052,221645,"Peptide","Dipeptide Derivative",670,"NAMED","JCCZCUUYYHWRGX-UHFFFAOYSA-N","NC(CC(C)C)C(N1C(C(O)=O)CC(O)C1)=O","leucylhydroxyproline*","leucylhydroxyproline*",NA,NA,NA,NA,"20170035","HMDB0028930",NA,"20847829","Pos Early","leucylhydroxyproline",1145,"leucylhydroxyproline","sample_cohort","Leucyl-hydroxyproline"
391,100021261,400,63052,221645,"Peptide","Dipeptide Derivative",670,"NAMED","JCCZCUUYYHWRGX-UHFFFAOYSA-N","NC(CC(C)C)C(N1C(C(O)=O)CC(O)C1)=O","leucylhydroxyproline*","leucylhydroxyproline*",NA,NA,NA,NA,"20170035","HMDB0028930",NA,"20847829","Pos Early","leucylhydroxyproline",1145,"leucylhydroxyproline","sample_cohort","Leucyl-hydroxyproline"
391,100021261,400,63052,221645,"Peptide","Dipeptide Derivative",670,"NAMED","JCCZCUUYYHWRGX-UHFFFAOYSA-N","NC(CC(C)C)C(N1C(C(O)=O)CC(O)C1)=O","leucylhydroxyproline*","leucylhydroxyproline*",NA,NA,NA,NA,"20170035","HMDB0028930",NA,"20847829","Pos Early","leucylhydroxyproline",1145,"leucylhydroxyproline","sample_cohort","Leucyl-hydroxyproline"
391,100021261,400,63052,221645,"Peptide","Dipeptide Derivative",670,"NAMED","JCCZCUUYYHWRGX-UHFFFAOYSA-N","NC(CC(C)C)C(N1C(C(O)=O)CC(O)C1)=O","leucylhydroxyproline*","leucylhydroxyproline*",NA,NA,NA,NA,"20170035","HMDB0028930",NA,"20847829","Pos Early","leucylhydroxyproline",1145,"leucylhydroxyproline","sample_cohort","Leucyl-hydroxyproline"
391,100021261,400,63052,221645,"Peptide","Dipeptide Derivative",670,"NAMED","JCCZCUUYYHWRGX-UHFFFAOYSA-N","NC(CC(C)C)C(N1C(C(O)=O)CC(O)C1)=O","leucylhydroxyproline*","leucylhydroxyproline*",NA,NA,NA,NA,"20170035","HMDB0028930",NA,"20847829","Pos Early","leucylhydroxyproline",1145,"leucylhydroxyproline","sample_cohort","Leucyl-hydroxyproline"
391,100021261,400,63052,221645,"Peptide","Dipeptide Derivative",670,"NAMED","JCCZCUUYYHWRGX-UHFFFAOYSA-N","NC(CC(C)C)C(N1C(C(O)=O)CC(O)C1)=O","leucylhydroxyproline*","leucylhydroxyproline*",NA,NA,NA,NA,"20170035","HMDB0028930",NA,"20847829","Pos Early","leucylhydroxyproline",1145,"leucylhydroxyproline","sample_cohort","Leucyl-hydroxyproline"
392,100021262,400,63051,221644,"Peptide","Dipeptide Derivative",669,"NAMED","IFZSZULHIWFRSB-UHFFFAOYSA-N","NC(C(C)CC)C(N1C(C(O)=O)CC(O)C1)=O","isoleucylhydroxyproline*","isoleucylhydroxyproline*",NA,NA,NA,NA,"35032815","HMDB0028908",NA,"61158802","Pos Early","isoleucylhydroxyproline",1146,"isoleucylhydroxyproline","sample_cohort","Isoleucylhydroxyproline"
392,100021262,400,63051,221644,"Peptide","Dipeptide Derivative",669,"NAMED","IFZSZULHIWFRSB-UHFFFAOYSA-N","NC(C(C)CC)C(N1C(C(O)=O)CC(O)C1)=O","isoleucylhydroxyproline*","isoleucylhydroxyproline*",NA,NA,NA,NA,"35032815","HMDB0028908",NA,"61158802","Pos Early","isoleucylhydroxyproline",1146,"isoleucylhydroxyproline","sample_cohort","Isoleucylhydroxyproline"
392,100021262,400,63051,221644,"Peptide","Dipeptide Derivative",669,"NAMED","IFZSZULHIWFRSB-UHFFFAOYSA-N","NC(C(C)CC)C(N1C(C(O)=O)CC(O)C1)=O","isoleucylhydroxyproline*","isoleucylhydroxyproline*",NA,NA,NA,NA,"35032815","HMDB0028908",NA,"61158802","Pos Early","isoleucylhydroxyproline",1146,"isoleucylhydroxyproline","sample_cohort","Isoleucylhydroxyproline"
392,100021262,400,63051,221644,"Peptide","Dipeptide Derivative",669,"NAMED","IFZSZULHIWFRSB-UHFFFAOYSA-N","NC(C(C)CC)C(N1C(C(O)=O)CC(O)C1)=O","isoleucylhydroxyproline*","isoleucylhydroxyproline*",NA,NA,NA,NA,"35032815","HMDB0028908",NA,"61158802","Pos Early","isoleucylhydroxyproline",1146,"isoleucylhydroxyproline","sample_cohort","Isoleucylhydroxyproline"
393,100021324,305,63589,222870,"Xenobiotics","Chemical",6305,"NAMED","KLXACYSQYFWVLM-UHFFFAOYSA-N","ClC1=C(O)C(C(O)=O)=C(O)C(Cl)=C1","3,5-dichloro-2,6-dihydroxybenzoic acid","3,5-dichloro-2,6-dihydroxybenzoic acid",NA,NA,NA,NA,"24339141",NA,NA,"24721632","Polar","3_5_dichloro_2_6_dihydroxybenzoic acid",1147,"3_5_dichloro_2_6_dihydroxybenzoic acid","sample_cohort","3,5-Dichloro-2,6-dihydroxybenzoic acid"
394,100021329,400,63339,222374,"Xenobiotics","Food Component/Plant",5248,"NAMED","BOWUOGIPSRVRSJ-RXMQYKEDSA-N","O=C1NCCCC[C@H]1N","(S)-a-amino-omega-caprolactam","(S)-a-amino-omega-caprolactam",NA,NA,NA,"21568-87-6","388871",NA,"C02837","439823,440599","Pos Early","s_a_amino_omega_caprolactam",1148,"s_a_amino_omega_caprolactam","sample_cohort",NA
395,100021331,209,63153,221892,"Partially Characterized Molecules","Partially Characterized Molecules",6468,"NAMED","IJIWKJRHDDIJKI-MVCMDAJNSA-N","CC1(C)C(OS(O)(=O)=O)CCC2(C)C1CC[C@]3(C)[C@H]2CC[C@@H]3C4(C)OC(CC4)=O","metabolonic lactone sulfate","metabolonic lactone sulfate",NA,NA,NA,NA,NA,NA,NA,NA,"Neg","metabolonic lactone sulfate",1149,"metabolonic lactone sulfate","sample_cohort",NA
396,100021363,209,63853,223434,"Xenobiotics","Food Component/Plant",5256,"NAMED","LOODYTDRRBLQNH-UHFFFAOYSA-N","OC1=CC=C(C=C1OC)C(NCC(O)=O)=O","vanilloylglycine","vanilloylglycine",NA,NA,NA,NA,"2340857","HMDB0060026",NA,"3083688","Neg","vanilloylglycine",1150,"vanilloylglycine","sample_cohort","Vanilloylglycine"
396,100021363,209,63853,223434,"Xenobiotics","Food Component/Plant",5256,"NAMED","LOODYTDRRBLQNH-UHFFFAOYSA-N","OC1=CC=C(C=C1OC)C(NCC(O)=O)=O","vanilloylglycine","vanilloylglycine",NA,NA,NA,NA,"2340857","HMDB0060026",NA,"3083688","Neg","vanilloylglycine",1150,"vanilloylglycine","sample_cohort","Vanilloylglycine"
396,100021363,209,63853,223434,"Xenobiotics","Food Component/Plant",5256,"NAMED","LOODYTDRRBLQNH-UHFFFAOYSA-N","OC1=CC=C(C=C1OC)C(NCC(O)=O)=O","vanilloylglycine","vanilloylglycine",NA,NA,NA,NA,"2340857","HMDB0060026",NA,"3083688","Neg","vanilloylglycine",1150,"vanilloylglycine","sample_cohort","Vanilloylglycine"
396,100021363,209,63853,223434,"Xenobiotics","Food Component/Plant",5256,"NAMED","LOODYTDRRBLQNH-UHFFFAOYSA-N","OC1=CC=C(C=C1OC)C(NCC(O)=O)=O","vanilloylglycine","vanilloylglycine",NA,NA,NA,NA,"2340857","HMDB0060026",NA,"3083688","Neg","vanilloylglycine",1150,"vanilloylglycine","sample_cohort","Vanilloylglycine"
397,100021372,305,63739,223275,"Amino Acid","Methionine, Cysteine, SAM and Taurine Metabolism",456,"NAMED","ONFOSYPQQXJWGS-UHFFFAOYSA-N","CSCCC(O)C(O)=O","2-hydroxy-4-(methylthio)butanoic acid","2-hydroxy-4-(methylthio)butanoic acid",NA,NA,NA,"583-91-5",NA,"HMDB0037115",NA,"11427","Polar","2_hydroxy_4_methylthio_butanoic acid",1151,"2_hydroxy_4_methylthio_butanoic acid","sample_cohort","2-Hydroxy-4-(methylthio)butanoic acid"
397,100021372,305,63739,223275,"Amino Acid","Methionine, Cysteine, SAM and Taurine Metabolism",456,"NAMED","ONFOSYPQQXJWGS-UHFFFAOYSA-N","CSCCC(O)C(O)=O","2-hydroxy-4-(methylthio)butanoic acid","2-hydroxy-4-(methylthio)butanoic acid",NA,NA,NA,"583-91-5",NA,"HMDB0037115",NA,"11427","Polar","2_hydroxy_4_methylthio_butanoic acid",1151,"2_hydroxy_4_methylthio_butanoic acid","sample_cohort","2-Hydroxy-4-(methylthio)butanoic acid"
397,100021372,305,63739,223275,"Amino Acid","Methionine, Cysteine, SAM and Taurine Metabolism",456,"NAMED","ONFOSYPQQXJWGS-UHFFFAOYSA-N","CSCCC(O)C(O)=O","2-hydroxy-4-(methylthio)butanoic acid","2-hydroxy-4-(methylthio)butanoic acid",NA,NA,NA,"583-91-5",NA,"HMDB0037115",NA,"11427","Polar","2_hydroxy_4_methylthio_butanoic acid",1151,"2_hydroxy_4_methylthio_butanoic acid","sample_cohort","2-Hydroxy-4-(methylthio)butanoic acid"
397,100021372,305,63739,223275,"Amino Acid","Methionine, Cysteine, SAM and Taurine Metabolism",456,"NAMED","ONFOSYPQQXJWGS-UHFFFAOYSA-N","CSCCC(O)C(O)=O","2-hydroxy-4-(methylthio)butanoic acid","2-hydroxy-4-(methylthio)butanoic acid",NA,NA,NA,"583-91-5",NA,"HMDB0037115",NA,"11427","Polar","2_hydroxy_4_methylthio_butanoic acid",1151,"2_hydroxy_4_methylthio_butanoic acid","sample_cohort","2-Hydroxy-4-(methylthio)butanoic acid"
397,100021372,305,63739,223275,"Amino Acid","Methionine, Cysteine, SAM and Taurine Metabolism",456,"NAMED","ONFOSYPQQXJWGS-UHFFFAOYSA-N","CSCCC(O)C(O)=O","2-hydroxy-4-(methylthio)butanoic acid","2-hydroxy-4-(methylthio)butanoic acid",NA,NA,NA,"583-91-5",NA,"HMDB0037115",NA,"11427","Polar","2_hydroxy_4_methylthio_butanoic acid",1151,"2_hydroxy_4_methylthio_butanoic acid","sample_cohort","2-Hydroxy-4-(methylthio)butanoic acid"
397,100021372,305,63739,223275,"Amino Acid","Methionine, Cysteine, SAM and Taurine Metabolism",456,"NAMED","ONFOSYPQQXJWGS-UHFFFAOYSA-N","CSCCC(O)C(O)=O","2-hydroxy-4-(methylthio)butanoic acid","2-hydroxy-4-(methylthio)butanoic acid",NA,NA,NA,"583-91-5",NA,"HMDB0037115",NA,"11427","Polar","2_hydroxy_4_methylthio_butanoic acid",1151,"2_hydroxy_4_methylthio_butanoic acid","sample_cohort","2-Hydroxy-4-(methylthio)butanoic acid"
397,100021372,305,63739,223275,"Amino Acid","Methionine, Cysteine, SAM and Taurine Metabolism",456,"NAMED","ONFOSYPQQXJWGS-UHFFFAOYSA-N","CSCCC(O)C(O)=O","2-hydroxy-4-(methylthio)butanoic acid","2-hydroxy-4-(methylthio)butanoic acid",NA,NA,NA,"583-91-5",NA,"HMDB0037115",NA,"11427","Polar","2_hydroxy_4_methylthio_butanoic acid",1151,"2_hydroxy_4_methylthio_butanoic acid","sample_cohort","2-Hydroxy-4-(methylthio)butanoic acid"
397,100021372,305,63739,223275,"Amino Acid","Methionine, Cysteine, SAM and Taurine Metabolism",456,"NAMED","ONFOSYPQQXJWGS-UHFFFAOYSA-N","CSCCC(O)C(O)=O","2-hydroxy-4-(methylthio)butanoic acid","2-hydroxy-4-(methylthio)butanoic acid",NA,NA,NA,"583-91-5",NA,"HMDB0037115",NA,"11427","Polar","2_hydroxy_4_methylthio_butanoic acid",1151,"2_hydroxy_4_methylthio_butanoic acid","sample_cohort","2-Hydroxy-4-(methylthio)butanoic acid"
397,100021372,305,63739,223275,"Amino Acid","Methionine, Cysteine, SAM and Taurine Metabolism",456,"NAMED","ONFOSYPQQXJWGS-UHFFFAOYSA-N","CSCCC(O)C(O)=O","2-hydroxy-4-(methylthio)butanoic acid","2-hydroxy-4-(methylthio)butanoic acid",NA,NA,NA,"583-91-5",NA,"HMDB0037115",NA,"11427","Polar","2_hydroxy_4_methylthio_butanoic acid",1151,"2_hydroxy_4_methylthio_butanoic acid","sample_cohort","2-Hydroxy-4-(methylthio)butanoic acid"
397,100021372,305,63739,223275,"Amino Acid","Methionine, Cysteine, SAM and Taurine Metabolism",456,"NAMED","ONFOSYPQQXJWGS-UHFFFAOYSA-N","CSCCC(O)C(O)=O","2-hydroxy-4-(methylthio)butanoic acid","2-hydroxy-4-(methylthio)butanoic acid",NA,NA,NA,"583-91-5",NA,"HMDB0037115",NA,"11427","Polar","2_hydroxy_4_methylthio_butanoic acid",1151,"2_hydroxy_4_methylthio_butanoic acid","sample_cohort","2-Hydroxy-4-(methylthio)butanoic acid"
397,100021372,305,63739,223275,"Amino Acid","Methionine, Cysteine, SAM and Taurine Metabolism",456,"NAMED","ONFOSYPQQXJWGS-UHFFFAOYSA-N","CSCCC(O)C(O)=O","2-hydroxy-4-(methylthio)butanoic acid","2-hydroxy-4-(methylthio)butanoic acid",NA,NA,NA,"583-91-5",NA,"HMDB0037115",NA,"11427","Polar","2_hydroxy_4_methylthio_butanoic acid",1151,"2_hydroxy_4_methylthio_butanoic acid","sample_cohort","2-Hydroxy-4-(methylthio)butanoic acid"
397,100021372,305,63739,223275,"Amino Acid","Methionine, Cysteine, SAM and Taurine Metabolism",456,"NAMED","ONFOSYPQQXJWGS-UHFFFAOYSA-N","CSCCC(O)C(O)=O","2-hydroxy-4-(methylthio)butanoic acid","2-hydroxy-4-(methylthio)butanoic acid",NA,NA,NA,"583-91-5",NA,"HMDB0037115",NA,"11427","Polar","2_hydroxy_4_methylthio_butanoic acid",1151,"2_hydroxy_4_methylthio_butanoic acid","sample_cohort","Methyl hippurate"
397,100021372,305,63739,223275,"Amino Acid","Methionine, Cysteine, SAM and Taurine Metabolism",456,"NAMED","ONFOSYPQQXJWGS-UHFFFAOYSA-N","CSCCC(O)C(O)=O","2-hydroxy-4-(methylthio)butanoic acid","2-hydroxy-4-(methylthio)butanoic acid",NA,NA,NA,"583-91-5",NA,"HMDB0037115",NA,"11427","Polar","2_hydroxy_4_methylthio_butanoic acid",1151,"2_hydroxy_4_methylthio_butanoic acid","sample_cohort","2-Hydroxy-4-(methylthio)butanoic acid"
397,100021372,305,63739,223275,"Amino Acid","Methionine, Cysteine, SAM and Taurine Metabolism",456,"NAMED","ONFOSYPQQXJWGS-UHFFFAOYSA-N","CSCCC(O)C(O)=O","2-hydroxy-4-(methylthio)butanoic acid","2-hydroxy-4-(methylthio)butanoic acid",NA,NA,NA,"583-91-5",NA,"HMDB0037115",NA,"11427","Polar","2_hydroxy_4_methylthio_butanoic acid",1151,"2_hydroxy_4_methylthio_butanoic acid","sample_cohort","2-Hydroxy-4-(methylthio)butanoic acid"
397,100021372,305,63739,223275,"Amino Acid","Methionine, Cysteine, SAM and Taurine Metabolism",456,"NAMED","ONFOSYPQQXJWGS-UHFFFAOYSA-N","CSCCC(O)C(O)=O","2-hydroxy-4-(methylthio)butanoic acid","2-hydroxy-4-(methylthio)butanoic acid",NA,NA,NA,"583-91-5",NA,"HMDB0037115",NA,"11427","Polar","2_hydroxy_4_methylthio_butanoic acid",1151,"2_hydroxy_4_methylthio_butanoic acid","sample_cohort","2-Hydroxy-4-(methylthio)butanoic acid"
397,100021372,305,63739,223275,"Amino Acid","Methionine, Cysteine, SAM and Taurine Metabolism",456,"NAMED","ONFOSYPQQXJWGS-UHFFFAOYSA-N","CSCCC(O)C(O)=O","2-hydroxy-4-(methylthio)butanoic acid","2-hydroxy-4-(methylthio)butanoic acid",NA,NA,NA,"583-91-5",NA,"HMDB0037115",NA,"11427","Polar","2_hydroxy_4_methylthio_butanoic acid",1151,"2_hydroxy_4_methylthio_butanoic acid","sample_cohort","2-Hydroxy-4-(methylthio)butanoic acid"
397,100021372,305,63739,223275,"Amino Acid","Methionine, Cysteine, SAM and Taurine Metabolism",456,"NAMED","ONFOSYPQQXJWGS-UHFFFAOYSA-N","CSCCC(O)C(O)=O","2-hydroxy-4-(methylthio)butanoic acid","2-hydroxy-4-(methylthio)butanoic acid",NA,NA,NA,"583-91-5",NA,"HMDB0037115",NA,"11427","Polar","2_hydroxy_4_methylthio_butanoic acid",1151,"2_hydroxy_4_methylthio_butanoic acid","sample_cohort","2-Hydroxy-4-(methylthio)butanoic acid"
398,100021374,209,63191,221986,"Lipid","Fatty Acid, Dicarboxylate",1716,"NAMED","JUODHHFNSQAXKF-UHFFFAOYSA-N","CCCCCC(CCCC(O)=O)CCCC(O)=O","branched chain 14:0 dicarboxylic acid**","branched chain 14:0 dicarboxylic acid**",NA,NA,NA,NA,NA,NA,NA,NA,"Neg","branched chain 14_0 dicarboxylic acid",1152,"branched chain 14_0 dicarboxylic acid","sample_cohort",NA
399,100021457,400,63380,222465,"Xenobiotics","Chemical",6302,"NAMED","MCORDGVZLPBVJB-UHFFFAOYSA-N","CCCCOCCOCC(O)=O","(2-butoxyethoxy)acetic acid","(2-butoxyethoxy)acetic acid",NA,NA,NA,NA,"95739",NA,NA,"106312","Pos Early","2_butoxyethoxy_acetic acid",1153,"2_butoxyethoxy_acetic acid","sample_cohort","(2-Butoxyethoxy)acetic acid"
400,100021472,209,63855,223466,"Amino Acid","Phenylalanine Metabolism",148,"NAMED","CWAGPBPLOYGROC-UHFFFAOYSA-N","OC(CCC(NC(CC1=CC=CC=C1)C(O)=O)=O)=O","N-succinyl-phenylalanine","N-succinyl-phenylalanine",NA,NA,NA,NA,"2384788",NA,NA,"3131586","Neg","n_succinyl_phenylalanine",1155,"n_succinyl_phenylalanine","sample_cohort",NA
401,100021478,209,64596,238814,"Amino Acid","Histidine Metabolism",96,"NAMED","MXETUSMIYKMMAT-UHFFFAOYSA-N","CN1C=NC=C1CC(O)C(O)=O","1-methyl-5-imidazolelactate","1-methyl-5-imidazolelactate",NA,NA,NA,"2022510-60-5","65563369",NA,NA,NA,"Neg","1_methyl_5_imidazolelactate",1156,"1_methyl_5_imidazolelactate","sample_cohort",NA
402,100021502,209,63436,222605,"Lipid","Medium Chain Fatty Acid",1521,"NAMED","WXBXVVIUZANZAU-CMDGGOBGSA-N","CCCCCCC/C=C/C(O)=O","(2 or 3)-decenoate (10:1n7 or n8)","(2 or 3)-decenoate (10:1n7 or n8)",NA,NA,NA,NA,NA,NA,NA,NA,"Neg","2 or 3_decenoate_10_1n7 or n8",1157,"2 or 3_decenoate_10_1n7 or n8","sample_cohort",NA
403,100021528,305,64211,236654,"Xenobiotics","Chemical",6326,"NAMED","KWMXBFIAGYXCCC-UHFFFAOYSA-N","COCCOCCC(O)=O","3-(2-methoxyethoxy)propanoic acid","3-(2-methoxyethoxy)propanoic acid",NA,NA,NA,"149577-05-9","10317720",NA,NA,"16718874","Polar","3_2_methoxyethoxy_propanoic acid",1158,"3_2_methoxyethoxy_propanoic acid","sample_cohort","3-(2-Methoxyethoxy)propanoic acid"
404,100021530,400,64177,236998,"Amino Acid","Methionine, Cysteine, SAM and Taurine Metabolism",467,"NAMED","CAMXXPUSAROUCX-BYPYZUCNSA-N","SC[C@@H](C(O)=O)NCCC(O)=O","S-carboxyethylcysteine","S-carboxyethylcysteine",NA,NA,NA,"4033-46-9","19955529",NA,NA,NA,"Pos Early","s_carboxyethylcysteine",1159,"s_carboxyethylcysteine","sample_cohort",NA
405,100021666,209,63615,222957,"Partially Characterized Molecules","Partially Characterized Molecules",6476,"NAMED","NIFITBVFNGQSNA-SOFGYWHQSA-N","CC(C)CCCC/C=C/C(O)=O","branched-chain, straight-chain, or cyclopropyl 10:1 fatty acid (1)*","branched-chain, straight-chain, or cyclopropyl 10:1 fatty acid (1)*",NA,NA,NA,NA,NA,NA,NA,NA,"Neg","branched_chain_straight_chain_or cyclopropyl 10_1 fatty acid",1160,"branched_chain_straight_chain_or cyclopropyl 10_1 fatty acid","sample_cohort",NA
406,100021667,209,63616,222958,"Partially Characterized Molecules","Partially Characterized Molecules",6477,"NAMED","NIFITBVFNGQSNA-SOFGYWHQSA-N","CC(C)CCCC/C=C/C(O)=O","branched-chain, straight-chain, or cyclopropyl 10:1 fatty acid (2)*","branched-chain, straight-chain, or cyclopropyl 10:1 fatty acid (2)*",NA,NA,NA,NA,NA,NA,NA,NA,"Neg","branched_chain_straight_chain_or cyclopropyl 10_1 fatty acid",1161,"branched_chain_straight_chain_or cyclopropyl 10_1 fatty acid","sample_cohort",NA
407,100021673,209,64173,236716,"Lipid","Fatty Acid, Branched",1653,"NAMED","GJWSUKYXUMVMGX-UHFFFAOYSA-N","O=C(CC(C)CC/C=C(C)/C)O","citronellic acid","citronellic acid",NA,NA,NA,"502-47-6","9973","HMDB0035837","C16462","10402","Neg","citronellic acid",1162,"citronellic acid","sample_cohort","Citronellic acid"
407,100021673,209,64173,236716,"Lipid","Fatty Acid, Branched",1653,"NAMED","GJWSUKYXUMVMGX-UHFFFAOYSA-N","O=C(CC(C)CC/C=C(C)/C)O","citronellic acid","citronellic acid",NA,NA,NA,"502-47-6","9973","HMDB0035837","C16462","10402","Neg","citronellic acid",1162,"citronellic acid","sample_cohort","Decenoic acid"
407,100021673,209,64173,236716,"Lipid","Fatty Acid, Branched",1653,"NAMED","GJWSUKYXUMVMGX-UHFFFAOYSA-N","O=C(CC(C)CC/C=C(C)/C)O","citronellic acid","citronellic acid",NA,NA,NA,"502-47-6","9973","HMDB0035837","C16462","10402","Neg","citronellic acid",1162,"citronellic acid","sample_cohort","Decenoic acid"
407,100021673,209,64173,236716,"Lipid","Fatty Acid, Branched",1653,"NAMED","GJWSUKYXUMVMGX-UHFFFAOYSA-N","O=C(CC(C)CC/C=C(C)/C)O","citronellic acid","citronellic acid",NA,NA,NA,"502-47-6","9973","HMDB0035837","C16462","10402","Neg","citronellic acid",1162,"citronellic acid","sample_cohort","Citronellic acid"
407,100021673,209,64173,236716,"Lipid","Fatty Acid, Branched",1653,"NAMED","GJWSUKYXUMVMGX-UHFFFAOYSA-N","O=C(CC(C)CC/C=C(C)/C)O","citronellic acid","citronellic acid",NA,NA,NA,"502-47-6","9973","HMDB0035837","C16462","10402","Neg","citronellic acid",1162,"citronellic acid","sample_cohort","Citronellic acid"
407,100021673,209,64173,236716,"Lipid","Fatty Acid, Branched",1653,"NAMED","GJWSUKYXUMVMGX-UHFFFAOYSA-N","O=C(CC(C)CC/C=C(C)/C)O","citronellic acid","citronellic acid",NA,NA,NA,"502-47-6","9973","HMDB0035837","C16462","10402","Neg","citronellic acid",1162,"citronellic acid","sample_cohort","Citronellic acid"
407,100021673,209,64173,236716,"Lipid","Fatty Acid, Branched",1653,"NAMED","GJWSUKYXUMVMGX-UHFFFAOYSA-N","O=C(CC(C)CC/C=C(C)/C)O","citronellic acid","citronellic acid",NA,NA,NA,"502-47-6","9973","HMDB0035837","C16462","10402","Neg","citronellic acid",1162,"citronellic acid","sample_cohort","Citronellic acid"
407,100021673,209,64173,236716,"Lipid","Fatty Acid, Branched",1653,"NAMED","GJWSUKYXUMVMGX-UHFFFAOYSA-N","O=C(CC(C)CC/C=C(C)/C)O","citronellic acid","citronellic acid",NA,NA,NA,"502-47-6","9973","HMDB0035837","C16462","10402","Neg","citronellic acid",1162,"citronellic acid","sample_cohort","Citronellic acid"
408,100021686,209,64042,233187,"Xenobiotics","Food Component/Plant",5260,"NAMED","MKBJQFWSHNXYFZ-UHFFFAOYSA-N","CCC1=CC(OC)=C(OS(=O)(O)=O)C=C1","4-ethyl-2-methoxyphenol sulfate","4-ethyl-2-methoxyphenol sulfate",NA,NA,NA,NA,NA,NA,NA,NA,"Neg","4_ethyl_2_methoxyphenol sulfate",1163,"4_ethyl_2_methoxyphenol sulfate","sample_cohort",NA
409,100021707,209,63681,223106,"Xenobiotics","Chemical",6306,"NAMED","AJSVSHDVMDXRFN-UHFFFAOYSA-N","OC(C1=C(O)C(Cl)=CC(Br)=C1O)=O","3-bromo-5-chloro-2,6-dihydroxybenzoic acid*","3-bromo-5-chloro-2,6-dihydroxybenzoic acid*",NA,NA,NA,NA,NA,NA,NA,"134581543","Neg","3_bromo_5_chloro_2_6_dihydroxybenzoic acid",1164,"3_bromo_5_chloro_2_6_dihydroxybenzoic acid","sample_cohort","3-Bromo-5-chloro-2,6-dihydroxybenzoic acid"
410,100021709,209,63683,223108,"Partially Characterized Molecules","Partially Characterized Molecules",6479,"NAMED","FQSFPMAZIOPKLO-JXMROGBWSA-N","OC(/C=C/CCCC(C)CCCC)=O","branched-chain, straight-chain, or cyclopropyl 12:1 fatty acid*","branched-chain, straight-chain, or cyclopropyl 12:1 fatty acid*",NA,NA,NA,NA,NA,NA,NA,NA,"Neg","branched_chain_straight_chain_or cyclopropyl 12_1 fatty acid",1165,"branched_chain_straight_chain_or cyclopropyl 12_1 fatty acid","sample_cohort",NA
411,100021711,305,63685,223111,"Lipid","Fatty Acid, Dicarboxylate",1705,"NAMED","FRWVXIATCBRYHA-KPMZXABDSA-N","OC(/C=C/C=C/CCCCC(O)=O)=O","decadienedioic acid (C10:2-DC)**","decadienedioic acid (C10:2-DC)**",NA,NA,NA,NA,NA,NA,NA,"17789717","Polar","decadienedioic acid_c10_2_dc",1166,"decadienedioic acid_c10_2_dc","sample_cohort",NA
412,100021712,209,63688,223114,"Lipid","Secondary Bile Acid Metabolism",3516,"NAMED","GMRIQHBJNVMHJA-LLQZFEROSA-N","O[C@H]1C[C@]2([H])[C@]([C@@]3([H])C[C@H](OS(O)(=O)=O)[C@@]4(C)[C@](CC[C@@]4([C@H](C)CCC(O)=O)[H])([H])[C@]3([H])CC2)(C)CC1","deoxycholic acid 12-sulfate*","deoxycholic acid 12-sulfate*",NA,NA,NA,NA,NA,NA,NA,NA,"Neg","deoxycholic acid 12_sulfate",1167,"deoxycholic acid 12_sulfate","sample_cohort",NA
413,100021726,209,63699,223153,"Partially Characterized Molecules","Partially Characterized Molecules",6481,"NAMED",NA,NA,"GlcNAc sulfate conjugate of C21H34O2 steroid**","GlcNAc sulfate conjugate of C21H34O2 steroid**",NA,NA,NA,NA,NA,NA,NA,NA,"Neg","glcnac sulfate conjugate of c21h34o2 steroid",1168,"glcnac sulfate conjugate of c21h34o2 steroid","sample_cohort",NA
414,100021727,209,64390,237469,"Lipid","Fatty Acid, Branched",1666,"NAMED","VFMNSFWBDMRNLJ-BQBZGAKWSA-N","O=C(C[C@@]1([H])[C@@](C1)([H])CCC)O","cis-3,4-methyleneheptanoate","cis-3,4-methyleneheptanoate",NA,NA,NA,NA,NA,NA,NA,NA,"Neg","cis_3_4_methyleneheptanoate",1169,"cis_3_4_methyleneheptanoate","sample_cohort",NA
415,100021728,402,64389,237480,"Lipid","Fatty Acid Metabolism (Acyl Carnitine, Medium Chain)",1879,"NAMED","LNGSHJPPGDBEPT-VYAYZGMFSA-N","O=C(C[C@@]1([H])[C@@](C1)([H])CCC)OC(CC([O-])=O)C[N+](C)(C)C","cis-3,4-methyleneheptanoylcarnitine","cis-3,4-methyleneheptanoylcarnitine",NA,NA,NA,NA,NA,NA,NA,NA,"Pos Late","cis_3_4_methyleneheptanoylcarnitine",1170,"cis_3_4_methyleneheptanoylcarnitine","sample_cohort",NA
416,100021760,400,63920,223830,"Amino Acid","Lysine Metabolism",142,"NAMED","FTTGAAZKBNZDCZ-LURJTMIESA-N","CC(N[C@@](CCCC(O)=O)(C(O)=O)[H])=O","N-acetyl-2-aminoadipate","N-acetyl-2-aminoadipate",NA,NA,NA,NA,"392027",NA,"C12986","443992","Pos Early","n_acetyl_2_aminoadipate",1171,"n_acetyl_2_aminoadipate","sample_cohort","N-Acetyl-2-aminoadipic acid"
417,100021781,209,64191,236752,"Xenobiotics","Drug - Antibiotic",5562,"NAMED","SYNGDIBHUPXIQA-UHFFFAOYSA-N","CC1CC(C=C(OC)C12C(C3=C(C(Cl)=C(O)C=C3OC)O2)=O)=O","6-O-demethylgriseofulvin","6-O-demethylgriseofulvin",NA,NA,NA,"20168-88-1",NA,NA,NA,NA,"Neg","6_o_demethylgriseofulvin",1172,"6_o_demethylgriseofulvin","sample_cohort",NA
418,100021782,402,64199,237116,"Xenobiotics","Drug - Respiratory",5980,"NAMED","NBQBQRKLQXVPIS-LJQANCHMSA-N","ClC1=CC=C([C@@H](C2=CC=CC=C2)N3CCN(CC(O)=O)CC3)C=C1","De(carboxymethoxy) cetirizine acetic acid","De(carboxymethoxy) cetirizine acetic acid",NA,NA,NA,"942193-17-1",NA,NA,NA,NA,"Pos Late","de_carboxymethoxy_cetirizine acetic acid",1173,"de_carboxymethoxy_cetirizine acetic acid","sample_cohort",NA
419,100021784,209,63988,232906,"Xenobiotics","Chemical",6312,"NAMED","XRHGYUZYPHTUJZ-UHFFFAOYSA-N","O=C(O)C1=CC=C(Cl)C=C1","4-chlorobenzoic acid","4-chlorobenzoic acid",NA,NA,NA,"74-11-3",NA,NA,"C02370","6318","Neg","4_chlorobenzoic acid",1174,"4_chlorobenzoic acid","sample_cohort","Chlorobenzoic acid"
419,100021784,209,63988,232906,"Xenobiotics","Chemical",6312,"NAMED","XRHGYUZYPHTUJZ-UHFFFAOYSA-N","O=C(O)C1=CC=C(Cl)C=C1","4-chlorobenzoic acid","4-chlorobenzoic acid",NA,NA,NA,"74-11-3",NA,NA,"C02370","6318","Neg","4_chlorobenzoic acid",1174,"4_chlorobenzoic acid","sample_cohort","Chlorobenzoic acid"
420,100021839,209,64049,233195,"Xenobiotics","Benzoate Metabolism",4621,"NAMED","LEJCLCZOTCOTQE-UHFFFAOYSA-N","OC1=CC=C(OS(=O)(O)=O)C=C1OC","2-methoxyhydroquinone sulfate (1)","2-methoxyhydroquinone sulfate (1)",NA,NA,NA,NA,NA,NA,NA,NA,"Neg","2_methoxyhydroquinone sulfate",1175,"2_methoxyhydroquinone sulfate","sample_cohort",NA
421,100021840,209,64050,233196,"Xenobiotics","Benzoate Metabolism",4622,"NAMED","DQJWAJBJWZYKLK-UHFFFAOYSA-N","OC1=CC=C(OS(=O)(O)=O)C(OC)=C1","2-methoxyhydroquinone sulfate (2)","2-methoxyhydroquinone sulfate (2)",NA,NA,NA,NA,NA,NA,NA,NA,"Neg","2_methoxyhydroquinone sulfate",1176,"2_methoxyhydroquinone sulfate","sample_cohort",NA
422,100021881,209,64564,238595,"Xenobiotics","Drug - Contraceptive",5763,"NAMED","WLGIWVFFGMPRLM-UHFFFAOYSA-N","CC12CCC3C(CCC4=C3C=CC(OS(=O)(O)=O)=C4)C1CCC2(O)C#C","ethynyl estradiol 3-sulfate","ethynyl estradiol 3-sulfate",NA,NA,NA,"24560-70-1",NA,NA,NA,"68575","Neg","ethynyl estradiol 3_sulfate",1177,"ethynyl estradiol 3_sulfate","sample_cohort",NA
423,100021884,209,64565,238597,"Xenobiotics","Drug - Contraceptive",5774,"NAMED","GCUIJBFFHDSMDP-UHFFFAOYSA-N","CC12CCC3C(CCC4=CC(CCC34)=O)C1CCC2(OS(=O)(O)=O)C#C","norethindrone sulfate","norethindrone sulfate",NA,NA,NA,"19778-24-6",NA,NA,NA,"74603543","Neg","norethindrone sulfate",1178,"norethindrone sulfate","sample_cohort",NA
424,100021885,209,64593,238599,"Xenobiotics","Drug - Contraceptive",5769,"NAMED","KQESAGAIEQFHRL-UHFFFAOYSA-N","CC12CCC(OS(=O)(O)=O)CC1C3CC3C4C2CCC5(C)C4C6CC6C57CCC(O7)=O","4,5-dihydro drospirenine 3-sulfate","4,5-dihydro drospirenine 3-sulfate",NA,NA,NA,NA,NA,"HMDB0061126",NA,"131770037","Neg","4_5_dihydro drospirenine 3_sulfate",1179,"4_5_dihydro drospirenine 3_sulfate","sample_cohort",NA
425,100021902,402,64527,238637,"Xenobiotics","Drug - Psychoactive",5958,"NAMED","AAOVKJBEBIDNHE-UHFFFAOYSA-N","CN1c2c(C(c3ccccc3)=NCC1=O)cc(Cl)cc2","diazepam","diazepam",NA,NA,NA,NA,NA,"HMDB0014967","D00293","3016","Pos Late","diazepam",1180,"diazepam","sample_cohort","Diazepam"
425,100021902,402,64527,238637,"Xenobiotics","Drug - Psychoactive",5958,"NAMED","AAOVKJBEBIDNHE-UHFFFAOYSA-N","CN1c2c(C(c3ccccc3)=NCC1=O)cc(Cl)cc2","diazepam","diazepam",NA,NA,NA,NA,NA,"HMDB0014967","D00293","3016","Pos Late","diazepam",1180,"diazepam","sample_cohort","Diazepam"
425,100021902,402,64527,238637,"Xenobiotics","Drug - Psychoactive",5958,"NAMED","AAOVKJBEBIDNHE-UHFFFAOYSA-N","CN1c2c(C(c3ccccc3)=NCC1=O)cc(Cl)cc2","diazepam","diazepam",NA,NA,NA,NA,NA,"HMDB0014967","D00293","3016","Pos Late","diazepam",1180,"diazepam","sample_cohort","Diazepam"
425,100021902,402,64527,238637,"Xenobiotics","Drug - Psychoactive",5958,"NAMED","AAOVKJBEBIDNHE-UHFFFAOYSA-N","CN1c2c(C(c3ccccc3)=NCC1=O)cc(Cl)cc2","diazepam","diazepam",NA,NA,NA,NA,NA,"HMDB0014967","D00293","3016","Pos Late","diazepam",1180,"diazepam","sample_cohort","Diazepam"
425,100021902,402,64527,238637,"Xenobiotics","Drug - Psychoactive",5958,"NAMED","AAOVKJBEBIDNHE-UHFFFAOYSA-N","CN1c2c(C(c3ccccc3)=NCC1=O)cc(Cl)cc2","diazepam","diazepam",NA,NA,NA,NA,NA,"HMDB0014967","D00293","3016","Pos Late","diazepam",1180,"diazepam","sample_cohort","Diazepam"
425,100021902,402,64527,238637,"Xenobiotics","Drug - Psychoactive",5958,"NAMED","AAOVKJBEBIDNHE-UHFFFAOYSA-N","CN1c2c(C(c3ccccc3)=NCC1=O)cc(Cl)cc2","diazepam","diazepam",NA,NA,NA,NA,NA,"HMDB0014967","D00293","3016","Pos Late","diazepam",1180,"diazepam","sample_cohort","Diazepam"
425,100021902,402,64527,238637,"Xenobiotics","Drug - Psychoactive",5958,"NAMED","AAOVKJBEBIDNHE-UHFFFAOYSA-N","CN1c2c(C(c3ccccc3)=NCC1=O)cc(Cl)cc2","diazepam","diazepam",NA,NA,NA,NA,NA,"HMDB0014967","D00293","3016","Pos Late","diazepam",1180,"diazepam","sample_cohort","Diazepam"
425,100021902,402,64527,238637,"Xenobiotics","Drug - Psychoactive",5958,"NAMED","AAOVKJBEBIDNHE-UHFFFAOYSA-N","CN1c2c(C(c3ccccc3)=NCC1=O)cc(Cl)cc2","diazepam","diazepam",NA,NA,NA,NA,NA,"HMDB0014967","D00293","3016","Pos Late","diazepam",1180,"diazepam","sample_cohort","Diazepam"
425,100021902,402,64527,238637,"Xenobiotics","Drug - Psychoactive",5958,"NAMED","AAOVKJBEBIDNHE-UHFFFAOYSA-N","CN1c2c(C(c3ccccc3)=NCC1=O)cc(Cl)cc2","diazepam","diazepam",NA,NA,NA,NA,NA,"HMDB0014967","D00293","3016","Pos Late","diazepam",1180,"diazepam","sample_cohort","Diazepam"
425,100021902,402,64527,238637,"Xenobiotics","Drug - Psychoactive",5958,"NAMED","AAOVKJBEBIDNHE-UHFFFAOYSA-N","CN1c2c(C(c3ccccc3)=NCC1=O)cc(Cl)cc2","diazepam","diazepam",NA,NA,NA,NA,NA,"HMDB0014967","D00293","3016","Pos Late","diazepam",1180,"diazepam","sample_cohort","Diazepam"
425,100021902,402,64527,238637,"Xenobiotics","Drug - Psychoactive",5958,"NAMED","AAOVKJBEBIDNHE-UHFFFAOYSA-N","CN1c2c(C(c3ccccc3)=NCC1=O)cc(Cl)cc2","diazepam","diazepam",NA,NA,NA,NA,NA,"HMDB0014967","D00293","3016","Pos Late","diazepam",1180,"diazepam","sample_cohort","Diazepam"
426,100021918,209,64328,237314,"Xenobiotics","Chemical",6223,"NAMED","ICKWICRCANNIBI-UHFFFAOYSA-N","CC(C)(c1cc(C(C)(C)C)c(O)cc1)C","2,4-di-tert-butylphenol","2,4-di-tert-butylphenol",NA,NA,NA,"96-76-4",NA,NA,NA,NA,"Neg","2_4_di_tert_butylphenol",1181,"2_4_di_tert_butylphenol","sample_cohort",NA
427,100021921,305,64301,236351,"Xenobiotics","Chemical",6246,"NAMED","JDVPQXZIJDEHAN-UHFFFAOYSA-N","O=C(O)CCC(N)=O","succinamic acid","succinamic acid",NA,NA,NA,"638-32-4",NA,NA,NA,NA,"Polar","succinamic acid",1182,"succinamic acid","sample_cohort",NA
428,100021990,400,64393,237477,"Lipid","Fatty Acid Metabolism (Acyl Carnitine, Hydroxy)",1947,"NAMED","RCXSFDNDEVSQNG-UHFFFAOYSA-N","[O-]C(CC(OC(C(O)CCCCCC)=O)C[N+](C)(C)C)=O","3-hydroxyoctanoylcarnitine (1)","3-hydroxyoctanoylcarnitine (1)",NA,NA,NA,NA,NA,NA,NA,NA,"Pos Early","3_hydroxyoctanoylcarnitine",1183,"3_hydroxyoctanoylcarnitine","sample_cohort","CAR 8:0;OH"
428,100021990,400,64393,237477,"Lipid","Fatty Acid Metabolism (Acyl Carnitine, Hydroxy)",1947,"NAMED","RCXSFDNDEVSQNG-UHFFFAOYSA-N","[O-]C(CC(OC(C(O)CCCCCC)=O)C[N+](C)(C)C)=O","3-hydroxyoctanoylcarnitine (1)","3-hydroxyoctanoylcarnitine (1)",NA,NA,NA,NA,NA,NA,NA,NA,"Pos Early","3_hydroxyoctanoylcarnitine",1183,"3_hydroxyoctanoylcarnitine","sample_cohort","CAR 8:0;OH"
428,100021990,400,64393,237477,"Lipid","Fatty Acid Metabolism (Acyl Carnitine, Hydroxy)",1947,"NAMED","RCXSFDNDEVSQNG-UHFFFAOYSA-N","[O-]C(CC(OC(C(O)CCCCCC)=O)C[N+](C)(C)C)=O","3-hydroxyoctanoylcarnitine (1)","3-hydroxyoctanoylcarnitine (1)",NA,NA,NA,NA,NA,NA,NA,NA,"Pos Early","3_hydroxyoctanoylcarnitine",1183,"3_hydroxyoctanoylcarnitine","sample_cohort","CAR 8:0;OH"
429,100021991,400,64394,237478,"Lipid","Fatty Acid Metabolism (Acyl Carnitine, Hydroxy)",1948,"NAMED","RCXSFDNDEVSQNG-UHFFFAOYSA-N","[O-]C(CC(OC(C(O)CCCCCC)=O)C[N+](C)(C)C)=O","3-hydroxyoctanoylcarnitine (2)","3-hydroxyoctanoylcarnitine (2)",NA,NA,NA,NA,NA,NA,NA,NA,"Pos Early","3_hydroxyoctanoylcarnitine",1184,"3_hydroxyoctanoylcarnitine","sample_cohort","CAR 8:0;OH"
430,100021992,209,64386,237461,"Lipid","Fatty Acid Metabolism (Acyl Glycine)",1837,"NAMED","FFFQOVJTIDIKQJ-YUMQZZPRSA-N","O=C(NCC(O)=O)C[C@@H]1C[C@@H]1CCC","cis-3,4-methyleneheptanoylglycine","cis-3,4-methyleneheptanoylglycine",NA,NA,NA,NA,NA,NA,NA,NA,"Neg","cis_3_4_methyleneheptanoylglycine",1185,"cis_3_4_methyleneheptanoylglycine","sample_cohort",NA
431,100022003,209,64403,237531,"Partially Characterized Molecules","Partially Characterized Molecules",6489,"NAMED",NA,NA,"bilirubin degradation product, C16H18N2O5 (1)**","bilirubin degradation product, C16H18N2O5 (1)**",NA,NA,NA,NA,NA,NA,NA,NA,"Neg","bilirubin degradation product_c16h18n2o5",1186,"bilirubin degradation product_c16h18n2o5","sample_cohort",NA
432,100022004,209,64404,237533,"Partially Characterized Molecules","Partially Characterized Molecules",6490,"NAMED",NA,NA,"bilirubin degradation product, C16H18N2O5 (2)**","bilirubin degradation product, C16H18N2O5 (2)**",NA,NA,NA,NA,NA,NA,NA,NA,"Neg","bilirubin degradation product_c16h18n2o5",1187,"bilirubin degradation product_c16h18n2o5","sample_cohort",NA
433,100022005,209,64409,237542,"Partially Characterized Molecules","Partially Characterized Molecules",6491,"NAMED",NA,NA,"bilirubin degradation product, C17H18N2O4 (1)**","bilirubin degradation product, C17H18N2O4 (1)**",NA,NA,NA,NA,NA,NA,NA,NA,"Neg","bilirubin degradation product_c17h18n2o4",1188,"bilirubin degradation product_c17h18n2o4","sample_cohort",NA
434,100022006,209,64407,237539,"Partially Characterized Molecules","Partially Characterized Molecules",6492,"NAMED",NA,NA,"bilirubin degradation product, C17H18N2O4 (2)**","bilirubin degradation product, C17H18N2O4 (2)**",NA,NA,NA,NA,NA,NA,NA,NA,"Neg","bilirubin degradation product_c17h18n2o4",1189,"bilirubin degradation product_c17h18n2o4","sample_cohort",NA
435,100022007,209,64408,237541,"Partially Characterized Molecules","Partially Characterized Molecules",6493,"NAMED",NA,NA,"bilirubin degradation product, C17H18N2O4 (3)**","bilirubin degradation product, C17H18N2O4 (3)**",NA,NA,NA,NA,NA,NA,NA,NA,"Neg","bilirubin degradation product_c17h18n2o4",1190,"bilirubin degradation product_c17h18n2o4","sample_cohort",NA
436,100022008,209,64405,237535,"Partially Characterized Molecules","Partially Characterized Molecules",6494,"NAMED",NA,NA,"bilirubin degradation product, C17H20N2O5 (1)**","bilirubin degradation product, C17H20N2O5 (1)**",NA,NA,NA,NA,NA,NA,NA,NA,"Neg","bilirubin degradation product_c17h20n2o5",1191,"bilirubin degradation product_c17h20n2o5","sample_cohort",NA
437,100022009,209,64406,237537,"Partially Characterized Molecules","Partially Characterized Molecules",6495,"NAMED",NA,NA,"bilirubin degradation product, C17H20N2O5 (2)**","bilirubin degradation product, C17H20N2O5 (2)**",NA,NA,NA,NA,NA,NA,NA,NA,"Neg","bilirubin degradation product_c17h20n2o5",1192,"bilirubin degradation product_c17h20n2o5","sample_cohort",NA
438,100022013,209,64411,237545,"Lipid","Corticosteroids",3343,"NAMED","OZINUFSVVJAFHD-LUPKFNMHSA-N","[H][C@@]12[C@@]3(C)CC[C@@H](OC4OC(C(O)=O)C(O)C(O)C4O)C[C@@]3([H])CC[C@@]1([H])[C@]5([H])CC[C@@](C(CO)=O)(O)[C@@]5(C)C[C@@H]2O","tetrahydrocortisol glucuronide","tetrahydrocortisol glucuronide",NA,NA,NA,NA,NA,NA,NA,NA,"Neg","tetrahydrocortisol glucuronide",1193,"tetrahydrocortisol glucuronide","sample_cohort",NA
439,100022014,209,64414,237567,"Partially Characterized Molecules","Partially Characterized Molecules",6496,"NAMED",NA,NA,"bilirubin degradation product, C16H18N2O5 (3)**","bilirubin degradation product, C16H18N2O5 (3)**",NA,NA,NA,NA,NA,NA,NA,NA,"Neg","bilirubin degradation product_c16h18n2o5",1194,"bilirubin degradation product_c16h18n2o5","sample_cohort",NA
440,100022015,209,64415,237569,"Partially Characterized Molecules","Partially Characterized Molecules",6497,"NAMED",NA,NA,"bilirubin degradation product, C16H18N2O5 (4)**","bilirubin degradation product, C16H18N2O5 (4)**",NA,NA,NA,NA,NA,NA,NA,NA,"Neg","bilirubin degradation product_c16h18n2o5",1195,"bilirubin degradation product_c16h18n2o5","sample_cohort",NA
441,100022120,400,64568,238235,"Amino Acid","Tryptophan Metabolism",269,"NAMED","YLEQTOAIAOPFBY-UHFFFAOYSA-N","OC(C(N)(C)N(C1=C(C2)C=CC=C1)C2=O)=O","oxindolylalanine","oxindolylalanine",NA,NA,NA,NA,NA,NA,NA,"20977764","Pos Early","oxindolylalanine",1196,"oxindolylalanine","sample_cohort","Oxyindolylalanine"
441,100022120,400,64568,238235,"Amino Acid","Tryptophan Metabolism",269,"NAMED","YLEQTOAIAOPFBY-UHFFFAOYSA-N","OC(C(N)(C)N(C1=C(C2)C=CC=C1)C2=O)=O","oxindolylalanine","oxindolylalanine",NA,NA,NA,NA,NA,NA,NA,"20977764","Pos Early","oxindolylalanine",1196,"oxindolylalanine","sample_cohort","Oxyindolylalanine"
442,100022127,209,64591,238327,"Lipid","Corticosteroids",3356,"NAMED","QUOCEDQXFGCYTL-QMELEVSMSA-N","[H][C@@]12C[C@H](OC3C(O)C(O)C(O)C(C(O)=O)O3)CC[C@]1(C)[C@@]([C@@]4([H])CC2)([H])C(C[C@@]5(C)[C@@]4([H])CC[C@]5(O)C(CO)=O)=O","tetrahydrocortisone glucuronide (5)","tetrahydrocortisone glucuronide (5)",NA,NA,NA,NA,NA,NA,NA,NA,"Neg","tetrahydrocortisone glucuronide",1197,"tetrahydrocortisone glucuronide","sample_cohort",NA
443,100022172,305,64623,239195,"Xenobiotics","Chemical",6394,"NAMED","QZHDEAJFRJCDMF-UHFFFAOYSA-N","FC(F)(F)C(F)(F)C(F)(F)C(F)(F)C(F)(F)C(F)(F)S(=O)(O)=O","perfluorohexanesulfonate (PFHxS)","perfluorohexanesulfonate (PFHxS)",NA,NA,NA,"355-46-4",NA,"HMDB0094700",NA,NA,"Polar","perfluorohexanesulfonate_pfhxs",1198,"perfluorohexanesulfonate_pfhxs","sample_cohort","Perfluorohexane-1-sulphonic acid"
443,100022172,305,64623,239195,"Xenobiotics","Chemical",6394,"NAMED","QZHDEAJFRJCDMF-UHFFFAOYSA-N","FC(F)(F)C(F)(F)C(F)(F)C(F)(F)C(F)(F)C(F)(F)S(=O)(O)=O","perfluorohexanesulfonate (PFHxS)","perfluorohexanesulfonate (PFHxS)",NA,NA,NA,"355-46-4",NA,"HMDB0094700",NA,NA,"Polar","perfluorohexanesulfonate_pfhxs",1198,"perfluorohexanesulfonate_pfhxs","sample_cohort","Perfluorohexane-1-sulphonic acid"
444,100022475,209,64873,240049,"Xenobiotics","Food Component/Plant",5000,"NAMED","CLJGMBYGTHRUNF-PJQJKGEDSA-N","C[C@@H]1CC[C@@H](C(C)C)[C@H](O[C@H]2[C@H](O)[C@@H](O)[C@H](O)[C@@H](C(O)=O)O2)C1","menthol glucuronide","menthol glucuronide",NA,NA,NA,"79466-08-3",NA,NA,NA,NA,"Neg","menthol glucuronide",1199,"menthol glucuronide","sample_cohort","Menthol glucuronide"
444,100022475,209,64873,240049,"Xenobiotics","Food Component/Plant",5000,"NAMED","CLJGMBYGTHRUNF-PJQJKGEDSA-N","C[C@@H]1CC[C@@H](C(C)C)[C@H](O[C@H]2[C@H](O)[C@@H](O)[C@H](O)[C@@H](C(O)=O)O2)C1","menthol glucuronide","menthol glucuronide",NA,NA,NA,"79466-08-3",NA,NA,NA,NA,"Neg","menthol glucuronide",1199,"menthol glucuronide","sample_cohort","Menthol glucuronide"
445,100022479,209,64879,240090,"Amino Acid","Lactoyl Amino Acid",642,"NAMED",NA,"OC([C@@H](NC([C@H](C)O)=O)[C@H](CC)C)=O","N-lactoyl isoleucine","N-lactoyl isoleucine",NA,NA,NA,"210769-85-0",NA,NA,NA,NA,"Neg","n_lactoyl isoleucine",1200,"n_lactoyl isoleucine","sample_cohort",NA
446,100022480,209,64880,240091,"Amino Acid","Lactoyl Amino Acid",643,"NAMED",NA,"OC([C@@H](NC([C@H](C)O)=O)CC(C)C)=O","N-lactoyl leucine","N-lactoyl leucine",NA,NA,NA,"210769-82-7",NA,NA,NA,NA,"Neg","n_lactoyl leucine",1201,"n_lactoyl leucine","sample_cohort",NA
447,100022482,209,64881,240092,"Amino Acid","Lactoyl Amino Acid",645,"NAMED",NA,"OC([C@@H](NC([C@H](C)O)=O)CC1=CC=CC=C1)=O","N-lactoyl phenylalanine","N-lactoyl phenylalanine",NA,NA,NA,"183241-73-8",NA,NA,NA,NA,"Neg","n_lactoyl phenylalanine",1202,"n_lactoyl phenylalanine","sample_cohort",NA
448,100022484,209,64882,240093,"Amino Acid","Lactoyl Amino Acid",646,"NAMED",NA,"OC([C@@H](NC([C@H](C)O)=O)CC1=CC=C(C=C1)O)=O","N-lactoyl tyrosine","N-lactoyl tyrosine",NA,NA,NA,"1373771-50-6",NA,NA,NA,NA,"Neg","n_lactoyl tyrosine",1203,"n_lactoyl tyrosine","sample_cohort",NA
449,100022485,209,64883,240094,"Amino Acid","Lactoyl Amino Acid",647,"NAMED",NA,"OC([C@@H](NC([C@H](C)O)=O)C(C)C)=O","N-lactoyl valine","N-lactoyl valine",NA,NA,NA,"21753-44-6",NA,NA,NA,NA,"Neg","n_lactoyl valine",1204,"n_lactoyl valine","sample_cohort",NA
450,100022517,402,64896,240146,"Lipid","Lysoplasmalogen",2854,"NAMED",NA,"[H][C@](O)(COP(OCC[N+](C)(C)C)([O-])=O)COCCCCCCCC/C=C\CCCCCCCC","1-oleyl-GPC (O-18:1)*","1-oleyl-GPC (O-18:1)*","LPC O-18:1","LPC O-18:1","LPC O-18:1/0:0",NA,NA,NA,NA,NA,"Pos Late","1_oleyl_gpc_o_18_1",1205,"1_oleyl_gpc_o_18_1","sample_cohort",NA
