"","CHEM_ID","LIB_ID","COMP_ID","CHRO_LIB_ENTRY_ID","SUPER_PATHWAY","SUB_PATHWAY","PATHWAY_SORTORDER","TYPE","INCHIKEY","SMILES","CHEMICAL_NAME","PLOT_NAME","LIPID SPECIES LEVEL","LIPID MOLECULAR SPECIES LEVEL","LIPID SN POSITION LEVEL","CAS","CHEMSPIDER","HMDB","KEGG","PUBCHEM","PLATFORM","CHEMICAL_NAME_final","original_index","final_metabolite_id","metabolite_id_origin"
"1",35,400,42370,166164,"Amino Acid","Glutamate Metabolism",64,"NAMED","DWAKNKKXGALPNW-UHFFFAOYSA-N","OC(C1CCC=N1)=O","S-1-pyrroline-5-carboxylate","S-1-pyrroline-5-carboxylate",NA,NA,NA,"2906-39-0","10140206","HMDB0001301","C04322","11966181","Pos Early","s_1_pyrroline_5_carboxylate",1,"HMDB0001301","COMETS"
"2",50,400,485,155305,"Amino Acid","Polyamine Metabolism",554,"NAMED","ATHGHQPFGPMSJY-UHFFFAOYSA-N","NCCCCNCCCN","spermidine","spermidine",NA,NA,NA,"124-20-9","1071","HMDB0001257","C00315","1102","Pos Early","spermidine",2,"HMDB0001257","COMETS"
"3",55,400,27665,155829,"Cofactors and Vitamins","Nicotinate and Nicotinamide Metabolism",4351,"NAMED","LDHMAVIPBRSVRG-UHFFFAOYSA-N","C[N+]1=CC(C([NH-])=O)=CC=C1","1-methylnicotinamide","1-methylnicotinamide",NA,NA,NA,"1005-24-9","8305504","HMDB0000699","C02918","457","Pos Early","1_methylnicotinamide",3,"HMDB0000699","COMETS"
"4",62,209,38395,143675,"Lipid","Fatty Acid, Dihydroxy",2053,"NAMED","CQSLTKIXAJTQGA-FLIBITNWSA-N","CCCCCC(C(C/C=C\CCCCCCCC(O)=O)O)O","12,13-DiHOME","12,13-DiHOME",NA,NA,NA,"263399-35-5","8412123","HMDB0004705","C14829","10236635","Neg","12_13_dihome",4,"HMDB0004705","COMETS"
"5",93,305,528,146398,"Energy","TCA Cycle",1464,"NAMED","KPGXRSRHYNQIFN-UHFFFAOYSA-N","O=C(C(O)=O)CCC(O)=O","alpha-ketoglutarate","alpha-ketoglutarate",NA,NA,NA,"328-50-7,22202-68-2,305-72-6","50","HMDB0000208","C00026","51","Polar","alpha_ketoglutarate",5,"HMDB0000208","COMETS"
"6",93,305,528,146398,"Energy","TCA Cycle",1464,"NAMED","KPGXRSRHYNQIFN-UHFFFAOYSA-N","O=C(C(O)=O)CCC(O)=O","alpha-ketoglutarate","alpha-ketoglutarate",NA,NA,NA,"328-50-7,22202-68-2,305-72-6","50","HMDB0000208","C00026","51","Polar","alpha_ketoglutarate",5,"HMDB0000208_M33453","COMETS"
"7",98,209,1417,124553,"Amino Acid","Tryptophan Metabolism",278,"NAMED","HCZHHEIFKROPDY-UHFFFAOYSA-N","OC1=C(C=CC=C2)C2=NC(C(O)=O)=C1","kynurenate","kynurenate",NA,NA,NA,"492-27-3","3712","HMDB0000715","C01717","3845","Neg","kynurenate",6,"HMDB0000715","COMETS"
"8",111,305,1549,147711,"Amino Acid","Leucine, Isoleucine and Valine Metabolism",434,"NAMED","DBXBTMSZEOQQDU-UHFFFAOYSA-N","CC(C(O)=O)CO","3-hydroxyisobutyrate","3-hydroxyisobutyrate",NA,NA,NA,"2068-83-9","10140307","HMDB0000336","C01188,C06001","11966314","Polar","3_hydroxyisobutyrate",7,"HMDB0000336","COMETS"
"9",112,305,531,146400,"Lipid","Mevalonate Metabolism",3204,"NAMED","NPOAOTPXWNWTSH-UHFFFAOYSA-N","CC(CC(O)=O)(CC(O)=O)O","3-hydroxy-3-methylglutarate","3-hydroxy-3-methylglutarate",NA,NA,NA,"503-49-1","4573695","HMDB0000355","C03761","1662,5459993","Polar","3_hydroxy_3_methylglutarate",8,"HMDB0000355","COMETS"
"10",132,400,1414,155361,"Carbohydrate","Glycolysis, Gluconeogenesis, and Pyruvate Metabolism",1255,"NAMED","OSJPPGNTCRNQQC-UHFFFAOYSA-N","OC(C(O)=O)COP(O)(O)=O","3-phosphoglycerate","3-phosphoglycerate",NA,NA,NA,"80731-10-8","10669764","HMDB0000807","C00597","724","Pos Early","3_phosphoglycerate",9,"HMDB0000807","COMETS"
"11",136,209,22842,124689,"Lipid","Primary Bile Acid Metabolism",3486,"NAMED","BHQCQFFYRZLCQQ-OLRQUHAPSA-N","O[C@H]1[C@@]2([H])[C@]3([H])CC[C@H]([C@H](C)CCC(O)=O)[C@@]3(C)[C@@H](O)C[C@]2([H])[C@@]4(C)CC[C@@H](O)CC4C1","cholate","cholate",NA,NA,NA,"81-25-4",NA,"HMDB0000619","C00695","221493","Neg","cholate",10,"HMDB0000619","COMETS"
"12",158,209,1418,123205,"Nucleotide","Pyrimidine Metabolism, Thymine containing",4315,"NAMED","NBAKTGXDIBVZOO-UHFFFAOYSA-N","O=C(NCC1C)NC1=O","5,6-dihydrothymine","5,6-dihydrothymine",NA,NA,NA,"696-04-8","84456","HMDB0000079","C00906","93556","Neg","5_6_dihydrothymine",11,"HMDB0000079","COMETS"
"13",171,305,3127,145750,"Nucleotide","Purine Metabolism, (Hypo)Xanthine/Inosine containing",4155,"NAMED","FDGQSTZJBFJUBT-UHFFFAOYSA-N","O=C1C(N=CN2)=C2N=CN1","hypoxanthine","hypoxanthine",NA,NA,NA,"68-94-0","768","HMDB0000157","C00262","790,135398638","Polar","hypoxanthine",12,"HMDB0000157","COMETS"
"14",171,305,3127,145750,"Nucleotide","Purine Metabolism, (Hypo)Xanthine/Inosine containing",4155,"NAMED","FDGQSTZJBFJUBT-UHFFFAOYSA-N","O=C1C(N=CN2)=C2N=CN1","hypoxanthine","hypoxanthine",NA,NA,NA,"68-94-0","768","HMDB0000157","C00262","790,135398638","Polar","hypoxanthine",12,"HMDB0000157_HPOS_QI139","COMETS"
"15",179,209,38399,143740,"Lipid","Fatty Acid, Dihydroxy",2054,"NAMED","XEBKSQSGNGRGDW-YFHOEESVSA-N","CCCCC/C=C\CC(C(CCCCCCCC(O)=O)O)O","9,10-DiHOME","9,10-DiHOME",NA,NA,NA,"263399-34-4","8142232","HMDB0004704","C14828","9966640","Neg","9_10_dihome",13,"HMDB0004704","COMETS"
"16",180,209,1105,125969,"Lipid","Long Chain Polyunsaturated Fatty Acid (n3 and n6)",1590,"NAMED","OYHQOLUKZRVURQ-HZJYTTRNSA-N","OC(CCCCCCC/C=C\C/C=C\CCCCC)=O","linoleate (18:2n6)","linoleate (18:2n6)",NA,NA,NA,"60-33-3","4444105","HMDB0000673","C01595","5280450","Neg","linoleate_18_2n6",14,"HMDB0000673","COMETS"
"17",181,209,1645,125740,"Lipid","Medium Chain Fatty Acid",1525,"NAMED","POULHZVOKOAJMA-UHFFFAOYSA-N","O=C(O)CCCCCCCCCCC","laurate (12:0)","laurate (12:0)",NA,NA,NA,"143-07-7","3756","HMDB0000638","C02679","3893","Neg","laurate_12_0",15,"HMDB0000638","COMETS"
"18",182,305,1899,146452,"Cofactors and Vitamins","Nicotinate and Nicotinamide Metabolism",4335,"NAMED","GJAWHXHKYYXBSV-UHFFFAOYSA-N","OC(C(C=CC=N1)=C1C(O)=O)=O","quinolinate","quinolinate",NA,NA,NA,"89-00-9","1037","HMDB0000232","C03722","1066","Polar","quinolinate",16,"HMDB0000232","COMETS"
"19",189,400,1498,155380,"Amino Acid","Lysine Metabolism",119,"NAMED","MXNRLFUSFKVQSK-UHFFFAOYSA-N","C[N+](C)(CCCCC(C([O-])=O)N)C","N6,N6,N6-trimethyllysine","N6,N6,N6-trimethyllysine",NA,NA,NA,"23284-33-5","140379","HMDB0001325","C03793","440120","Pos Early","n6_n6_n6_trimethyllysine",18,"HMDB0001325","COMETS"
"20",192,400,37496,156406,"Amino Acid","Polyamine Metabolism",547,"NAMED","KLZGKIDSEJWEDW-UHFFFAOYSA-N","CC(NCCCCN)=O","N-acetylputrescine","N-acetylputrescine",NA,NA,NA,"18233-70-0","109095","HMDB0002064","C02714","122356","Pos Early","n_acetylputrescine",19,"HMDB0002064","COMETS"
"21",194,209,2829,124831,"Amino Acid","Methionine, Cysteine, SAM and Taurine Metabolism",444,"NAMED","PYUSHNKNPOHWEZ-UHFFFAOYSA-N","CSCCC(C(O)=O)NC=O","N-formylmethionine","N-formylmethionine",NA,NA,NA,"4289-98-9","388809","HMDB0001015","C03145","439750","Neg","n_formylmethionine",20,"HMDB0001015","COMETS"
"22",197,209,42382,124939,"Amino Acid","Methionine, Cysteine, SAM and Taurine Metabolism",453,"NAMED","ZJUKTBDSGOFHSH-UHFFFAOYSA-N","OC1C(N2C=NC3=C2N=CN=C3N)OC(CSCCC(N)C(O)=O)C1O","S-adenosylhomocysteine (SAH)","S-adenosylhomocysteine (SAH)",NA,NA,NA,"979-92-0","16788012","HMDB0000939","C00021","439155","Neg","s_adenosylhomocysteine_sah",21,"HMDB0000939","COMETS"
"23",207,209,2831,123233,"Nucleotide","Purine Metabolism, Adenine containing",4177,"NAMED","IVOMOUWHDPKRLL-UHFFFAOYSA-N","NC1=NC=NC2=C1N=CN2C3OC(CO4)C(OP4(O)=O)C3O","adenosine 3',5'-cyclic monophosphate (cAMP)","adenosine 3',5'-cyclic monophosphate (cAMP)",NA,NA,NA,"60-92-4","268","HMDB0000058","C00575","6076","Neg","adenosine 3'_5'_cyclic monophosphate_camp",22,"HMDB0000058","COMETS"
"24",208,400,3108,155484,"Nucleotide","Purine Metabolism, Adenine containing",4173,"NAMED","XTWYTFMLZFPYCI-KQYNXXCUSA-N","NC1=NC=NC2=C1N=CN2[C@@]3([H])[C@@](O)([H])[C@@](O)([H])[C@](COP(OP(O)(O)=O)(O)=O)([H])O3","adenosine 5'-diphosphate (ADP)","ADP",NA,NA,NA,"20398-34-9","5800","HMDB0001341","C00008","6022","Pos Early","adenosine 5'_diphosphate_adp",23,"HMDB0001341","COMETS"
"25",209,400,32342,155907,"Nucleotide","Purine Metabolism, Adenine containing",4174,"NAMED","UDMBCSSLTHHNCD-UHFFFAOYSA-N","NC1=NC=NC2=C1N=CN2C3OC(C(C3O)O)COP(O)(O)=O","adenosine 5'-monophosphate (AMP)","AMP",NA,NA,NA,"149022-20-8","10239183","HMDB0000045","C00020","6083","Pos Early","adenosine 5'_monophosphate_amp",24,"HMDB0000045","COMETS"
"26",212,400,1419,155365,"Amino Acid","Polyamine Metabolism",565,"NAMED","WUUGFSXJNOTRMR-IOSLPCCCSA-N","NC1=NC=NC2=C1N=CN2[C@H]3[C@H](O)[C@H](O)[C@@H](CSC)O3","5-methylthioadenosine (MTA)","5-methylthioadenosine (MTA)",NA,NA,NA,"2457-80-9","388321","HMDB0001173","C00170","439176","Pos Early","5_methylthioadenosine_mta",25,"HMDB0001173","COMETS"
"27",215,209,558,125963,"Cofactors and Vitamins","Nicotinate and Nicotinamide Metabolism",4361,"NAMED","SDMADEZQMYCSNO-UHFFFAOYSA-N","NC1=NC=NC2=C1N=CN2C3OC(C(C3O)O)COP(O)(OP(O)(OC4OC(C(C4O)O)CO)=O)=O","adenosine 5'-diphosphoribose (ADP-ribose)","adenosine 5'-diphosphoribose (ADP-ribose)",NA,NA,NA,"68414-18-6","3674071","HMDB0001178","C00301","192","Neg","adenosine 5'_diphosphoribose_adp_ribose",26,"COMP558","COMETS"
"28",229,209,1110,125971,"Lipid","Long Chain Polyunsaturated Fatty Acid (n3 and n6)",1596,"NAMED","YZXBAPSDXZZRGB-DOFZRALJSA-N","CCCCC/C=C\C/C=C\C/C=C\C/C=C\CCCC(O)=O","arachidonate (20:4n6)","arachidonate (20:4n6)",NA,NA,NA,"506-32-1","392692","HMDB0001043","C00219","444899","Neg","arachidonate_20_4n6",27,"HMDB0001043","COMETS"
"29",229,209,1110,125971,"Lipid","Long Chain Polyunsaturated Fatty Acid (n3 and n6)",1596,"NAMED","YZXBAPSDXZZRGB-DOFZRALJSA-N","CCCCC/C=C\C/C=C\C/C=C\C/C=C\CCCC(O)=O","arachidonate (20:4n6)","arachidonate (20:4n6)",NA,NA,NA,"506-32-1","392692","HMDB0001043","C00219","444899","Neg","arachidonate_20_4n6",27,"HMDB0001043_HMDB60102","COMETS"
"30",231,400,1638,155435,"Amino Acid","Urea cycle; Arginine and Proline Metabolism",491,"NAMED","ODKSFYDXXFIFQN-UHFFFAOYSA-N","N=C(N)NCCCC(N)C(O)=O","arginine","arginine",NA,NA,NA,"1119-34-2","227","HMDB0000517","C00062","6322","Pos Early","arginine",28,"HMDB0000517","COMETS"
"31",234,400,443,155304,"Amino Acid","Alanine and Aspartate Metabolism",36,"NAMED","CKLJMWTZIZZHCS-UHFFFAOYSA-N","NC(C(O)=O)CC(O)=O","aspartate","aspartate",NA,NA,NA,"56-84-8","5745","HMDB0000191","C00049","5960","Pos Early","aspartate",29,"HMDB0000191","COMETS"
"32",235,305,1432,145724,"Amino Acid","Phenylalanine Metabolism",162,"NAMED","CCVYRRGZDBSHFU-UHFFFAOYSA-N","OC(CC1=C(O)C=CC=C1)=O","2-hydroxyphenylacetate","2-hydroxyphenylacetate",NA,NA,NA,"614-75-5","11476","HMDB0000669","C05852","11970","Polar","2_hydroxyphenylacetate",30,"HMDB0000669","COMETS"
"33",240,209,32197,123321,"Amino Acid","Tyrosine Metabolism",187,"NAMED","JVGVDSSUAVXRDY-UHFFFAOYSA-N","OC(C(O)=O)CC1=CC=C(O)C=C1","3-(4-hydroxyphenyl)lactate","3-(4-hydroxyphenyl)lactate (HPLA)",NA,NA,NA,"6482-98-0","9010","HMDB0000755","C03672","9378","Neg","3_4_hydroxyphenyl_lactate",31,"HMDB0000755","COMETS"
"34",241,209,566,124529,"Amino Acid","Phenylalanine Metabolism",156,"NAMED","BTNMPGBKDVTSJY-UHFFFAOYSA-N","O=C(C(O)=O)CC1=CC=CC=C1","phenylpyruvate","phenylpyruvate",NA,NA,NA,"156-06-9","972","HMDB0000205","C00166","997","Neg","phenylpyruvate",32,"HMDB0000205","COMETS"
"35",244,400,55,155295,"Nucleotide","Pyrimidine Metabolism, Uracil containing",4274,"NAMED","UCMIRNVEIXFBKS-UHFFFAOYSA-N","NCCC(O)=O","beta-alanine","beta-alanine",NA,NA,NA,"107-95-9,56-41-7","234","HMDB0000056","C00099","239","Pos Early","beta_alanine",33,"HMDB0000056","COMETS"
"36",249,400,1768,155446,"Amino Acid","Histidine Metabolism",87,"NAMED","CQOVPNPJLQNMDC-ZETCQYMHSA-N","OC([C@H](CC1=CNC=N1)NC(CCN)=O)=O","carnosine","carnosine",NA,NA,NA,"305-84-0","388363","HMDB0000033","C00386","439224","Pos Early","carnosine",34,"HMDB0000033","COMETS"
"37",250,402,2137,158009,"Cofactors and Vitamins","Hemoglobin and Porphyrin Metabolism",4447,"NAMED","QBUVFDKTZJNUPP-YBRAVLHJSA-N","CC1=C(/C=C(N2)/C(C=C)=C(C)C2=O)NC(/C=C3C(CCC(O)=O)=C(C)C(/C=C(N4)\C(C)=C(C=C)C4=O)=N\3)=C1CCC(O)=O","biliverdin","biliverdin",NA,NA,NA,"55482-27-4,55482-27-4","10628548","HMDB0001008","C00500","5280353","Pos Late","biliverdin",35,"HMDB0001008","COMETS"
"38",252,305,1437,147106,"Energy","TCA Cycle",1467,"NAMED","KDYFGRWQOYBRFD-UHFFFAOYSA-N","OC(CCC(O)=O)=O","succinate","succinate",NA,NA,NA,"110-15-6","1078","HMDB0000254","C00042","1110","Polar","succinate",36,"HMDB0000254","COMETS"
"39",254,305,542,145710,"Lipid","Ketone Bodies",1961,"NAMED","WHBMMWSBFZVSSR-UHFFFAOYSA-N","CC(O)CC(O)=O","3-hydroxybutyrate (BHBA)","3-hydroxybutyrate (BHBA)",NA,NA,NA,"625-72-9","428","HMDB0000357","C03197,C01089","94318,441,92135","Polar","3_hydroxybutyrate_bhba",37,"HMDB0000357","COMETS"
"40",254,305,542,145710,"Lipid","Ketone Bodies",1961,"NAMED","WHBMMWSBFZVSSR-UHFFFAOYSA-N","CC(O)CC(O)=O","3-hydroxybutyrate (BHBA)","3-hydroxybutyrate (BHBA)",NA,NA,NA,"625-72-9","428","HMDB0000011","C03197,C01089","94318,441,92135","Polar","3_hydroxybutyrate_bhba",37,"HMDB0000011","COMETS"
"41",266,402,63,164177,"Lipid","Sterol",3221,"NAMED","HVYWMOMLDIMFJA-LBHVWCRMSA-N","CC1(C2C(C)CCCC(C)C)C(CC2)C(CC=C3C4(CC[C@H](O)C3)C)C4CC1","cholesterol","cholesterol",NA,NA,NA,"57-88-5","4937803","HMDB0000067","C00187","5997,6432564,11025495","Pos Late","cholesterol",38,"HMDB0000067","COMETS"
"42",267,400,34396,156099,"Lipid","Phospholipid Metabolism",2256,"NAMED","YHHSONZFOIEMCP-UHFFFAOYSA-N","C[N+](C)(CCOP(O)([O-])=O)C","choline phosphate","phosphocholine",NA,NA,NA,"72556-74-2","119298","HMDB0001565","C00588","1014","Pos Early","choline phosphate",39,"HMDB0001565","COMETS"
"43",272,209,5983,126005,"Lipid","Corticosteroids",3330,"NAMED","OMFXVFTZEKFJBZ-UHFFFAOYSA-N","CC(C(CC1)=CC2=O)(CC2)C3C1C(CCC4C(CO)=O)C4(C)CC3O","corticosterone","corticosterone",NA,NA,NA,"50-22-6","5550","HMDB0001547","C02140","5753","Neg","corticosterone",40,"HMDB0001547","COMETS"
"44",273,209,1769,124819,"Lipid","Corticosteroids",3348,"NAMED","MFYSYFVPBJMHGN-ZPOLXVRWSA-N","O[C@@]1([C@@](CO)=O)[C@](C2)(C)[C@](CC1)([H])[C@@](CCC3=CC4=O)([H])[C@]([C@@]3(C)CC4)([H])C2=O","cortisone","cortisone",NA,NA,NA,"53-06-5","361685","HMDB0002802","C00762","222786","Neg","cortisone",41,"HMDB0002802","COMETS"
"45",275,400,513,155307,"Amino Acid","Creatine Metabolism",538,"NAMED","DDRJAANPRJIHGJ-UHFFFAOYSA-N","CN(C(N1)=N)CC1=O","creatinine","creatinine",NA,NA,NA,"60-27-5","568","HMDB0000562","C00791","588","Pos Early","creatinine",42,"HMDB0000562","COMETS"
"46",278,400,35637,156206,"Amino Acid","Glutathione Metabolism",585,"NAMED","ZUKPVRWZDMRIEO-UHFFFAOYSA-N","NC(C(NCC(O)=O)=O)CS","cysteinylglycine","cysteinylglycine",NA,NA,NA,"19246-18-5","58762","HMDB0000078","C01419","439498","Pos Early","cysteinylglycine",43,"HMDB0000078","COMETS"
"47",279,400,56,155296,"Amino Acid","Methionine, Cysteine, SAM and Taurine Metabolism",469,"NAMED","LEVWYRKDKASIDU-UHFFFAOYSA-N","NC(C(O)=O)CSSCC(N)C(O)=O","cystine","cystine",NA,NA,NA,"56-89-3","575","HMDB0000192","C00491","67678","Pos Early","cystine",44,"HMDB0000192","COMETS"
"48",297,402,17747,158164,"Lipid","Sphingosines",3188,"NAMED","WWUZIQQURGPMPG-CCEZHUSRSA-N","CCCCCCCCCCCCC/C=C/C(C(CO)N)O","sphingosine","sphingosine",NA,NA,NA,"123-78-4","4510275","HMDB0000252","C00319","5280335","Pos Late","sphingosine",45,"HMDB0000252","COMETS"
"49",302,209,1114,125714,"Lipid","Secondary Bile Acid Metabolism",3513,"NAMED","KXGVEGMKQFWNSR-OHAQSFBXSA-N","CC12[C@@]([C@]3([H])CC[C@]4([H])C[C@H](O)CC[C@]4(C)[C@@]3([H])C[C@@H]2O)([H])CC[C@]1([H])[C@]([H])(C)CCC(O)=O","deoxycholate","deoxycholate",NA,NA,NA,"83-44-3","389318","HMDB0000626","C04483","222528,440355","Neg","deoxycholate",46,"CHEM302","COMETS"
"50",302,209,1114,125714,"Lipid","Secondary Bile Acid Metabolism",3513,"NAMED","KXGVEGMKQFWNSR-OHAQSFBXSA-N","CC12[C@@]([C@]3([H])CC[C@]4([H])C[C@H](O)CC[C@]4(C)[C@@]3([H])C[C@@H]2O)([H])CC[C@]1([H])[C@]([H])(C)CCC(O)=O","deoxycholate","deoxycholate",NA,NA,NA,"83-44-3","389318","HMDB0000626","C04483","222528,440355","Neg","deoxycholate",46,"CHEM100002178","COMETS"
"51",313,402,17769,158166,"Lipid","Sphingolipid Synthesis",3028,"NAMED","OTKJDMGTUTTYMP-UHFFFAOYSA-N","CCCCCCCCCCCCCCCC(C(CO)N)O","sphinganine","sphinganine",NA,NA,NA,"3102-56-5","3014","HMDB0000269","C00836","3126","Pos Late","sphinganine",47,"HMDB0000269","COMETS"
"52",314,209,12125,165436,"Lipid","Long Chain Saturated Fatty Acid",1542,"NAMED","UKMSUNONTOPOIO-UHFFFAOYSA-N","CCCCCCCCCCCCCCCCCCCCCC(O)=O","behenate (22:0)*","behenate (22:0)*",NA,NA,NA,"112-85-6","7923","HMDB0000944","C08281","8215","Neg","behenate_22_0",48,"HMDB0000944","COMETS"
"53",327,209,2134,124607,"Cofactors and Vitamins","Riboflavin Metabolism",4368,"NAMED","VWWQXMAJTJZDQX-KUIMXZBMSA-N","OC(C(O)C(O)COP(OP(OC[C@H]1O[C@@H](N(C=N2)C3=C2C(N)=NC=N3)[C@H](O)[C@@H]1O)(O)=O)(O)=O)CN(C(C=C(C)C(C)=C4)=C4N=C5C(N6)=O)C5=NC6=O","flavin adenine dinucleotide (FAD)","FAD",NA,NA,NA,"146-14-5,84366-81-4","559059","HMDB0001248","C00016","643975","Neg","flavin adenine dinucleotide_fad",49,"HMDB0001248","COMETS"
"54",330,305,1643,146876,"Energy","TCA Cycle",1468,"NAMED","VZCYOOQTPOCHFL-OWOJBTEDSA-N","OC(/C=C/C(O)=O)=O","fumarate","fumarate",NA,NA,NA,"100-17-8","10197150","HMDB0000134","C00122","444972","Polar","fumarate",50,"HMDB0000134","COMETS"
"55",331,400,36738,156248,"Peptide","Gamma-glutamyl Amino Acid",651,"NAMED","OWQDWQKWSLFFFR-UHFFFAOYSA-N","O=C(O)C(N)CCC(NC(C(O)=O)CCC(O)=O)=O","gamma-glutamylglutamate","gamma-glutamylglutamate",NA,NA,NA,"1116-22-9","83831","HMDB0011737","C05282","92865","Pos Early","gamma_glutamylglutamate",51,"HMDB0011737","COMETS"
"56",338,305,587,147098,"Xenobiotics","Food Component/Plant",4842,"NAMED","RGHNJXZEOKUKBD-SQOUGZDYSA-N","OC([C@H](O)[C@@H](O)[C@H](O)[C@H](O)CO)=O","gluconate","gluconate",NA,NA,NA,"527-07-1","10240","HMDB0000625","C00257","10690,3085666","Polar","gluconate",52,"HMDB0000625","COMETS"
"57",339,305,396,146390,"Lipid","Fatty Acid, Dicarboxylate",1682,"NAMED","JFCQEDHGNNZCLN-UHFFFAOYSA-N","OC(CCCC(O)=O)=O","glutarate (C5-DC)","glutarate (C5-DC)",NA,NA,NA,"110-94-1","3618533","HMDB0000661","C00489","743,4418048","Polar","glutarate_c5_dc",53,"HMDB0000661","COMETS"
"58",340,400,58,160611,"Amino Acid","Glycine, Serine and Threonine Metabolism",1,"NAMED","DHMQDGOQFOQNFH-UHFFFAOYSA-N","NCC(O)=O","glycine","glycine",NA,NA,NA,"56-40-6","730","HMDB0000123","C00037","750","Pos Early","glycine",54,"HMDB0000123","COMETS"
"59",342,209,18476,126842,"Lipid","Primary Bile Acid Metabolism",3487,"NAMED","RFDAIACWWDREDC-FRVQLJSFSA-N","O=C(CNC(CC[C@H]([C@@H]1[C@@]2(C)[C@@H](O)C[C@]3([H])[C@@]4(C)CC[C@@H](O)C[C@@]4([H])C[C@@H](O)[C@@]3([H])[C@]2([H])CC1)C)=O)O","glycocholate","glycocholate",NA,NA,NA,"475-31-0,863-57-0","9734","HMDB0000138","C01921","10140","Neg","glycocholate",55,"HMDB0000138_C18_Q84","COMETS"
"60",342,209,18476,126842,"Lipid","Primary Bile Acid Metabolism",3487,"NAMED","RFDAIACWWDREDC-FRVQLJSFSA-N","O=C(CNC(CC[C@H]([C@@H]1[C@@]2(C)[C@@H](O)C[C@]3([H])[C@@]4(C)CC[C@@H](O)C[C@@]4([H])C[C@@H](O)[C@@]3([H])[C@]2([H])CC1)C)=O)O","glycocholate","glycocholate",NA,NA,NA,"475-31-0,863-57-0","9734","HMDB0000138","C01921","10140","Neg","glycocholate",55,"HMDB0000138","COMETS"
"61",344,400,43802,157048,"Amino Acid","Creatine Metabolism",536,"NAMED","BPMFZUMJYQTVII-UHFFFAOYSA-N","NC(NCC(O)=O)=N","guanidinoacetate","guanidinoacetate",NA,NA,NA,"352-97-6","743","HMDB0000128","C00581","763","Pos Early","guanidinoacetate",56,"HMDB0000128","COMETS"
"62",355,209,59,123153,"Amino Acid","Histidine Metabolism",73,"NAMED","HNDVDQJCIGZPNO-UHFFFAOYSA-N","NC(C(O)=O)CC1=CN=CN1","histidine","histidine",NA,NA,NA,"5934-29-2","752","HMDB0000177","C00135","6274","Neg","histidine",57,"HMDB0000177","COMETS"
"63",356,209,1712,124815,"Lipid","Corticosteroids",3338,"NAMED","JYGXADMDTFJGBT-VWUMJDOOSA-N","O[C@@]1([C@@](CO)=O)[C@]2(C)[C@](CC1)([H])[C@@](CCC3=CC4=O)([H])[C@]([C@@]3(C)CC4)([H])[C@@H](O)C2","cortisol","cortisol",NA,NA,NA,"50-23-7",NA,"HMDB0000063","C00735","5754","Neg","cortisol",58,"HMDB0000063","COMETS"
"64",358,400,590,155331,"Amino Acid","Methionine, Cysteine, SAM and Taurine Metabolism",477,"NAMED","VVIUBCNYACGLLV-UHFFFAOYSA-N","NCCS(O)=O","hypotaurine","hypotaurine",NA,NA,NA,"300-84-5","96959","HMDB0000965","C00519","107812","Pos Early","hypotaurine",59,"HMDB0000965","COMETS"
"65",361,209,1123,123191,"Nucleotide","Purine Metabolism, (Hypo)Xanthine/Inosine containing",4154,"NAMED","UGQMRVRMYYASKQ-KQYNXXCUSA-N","O[C@H]1[C@H](N2C(N=CN=C3O)=C3N=C2)O[C@H](CO)[C@H]1O","inosine","inosine",NA,NA,NA,"58-63-9","21241953","HMDB0000195","C00294","6021","Neg","inosine",60,"HMDB0000195","COMETS"
"66",361,209,1123,123191,"Nucleotide","Purine Metabolism, (Hypo)Xanthine/Inosine containing",4154,"NAMED","UGQMRVRMYYASKQ-KQYNXXCUSA-N","O[C@H]1[C@H](N2C(N=CN=C3O)=C3N=C2)O[C@H](CO)[C@H]1O","inosine","inosine",NA,NA,NA,"58-63-9","21241953","HMDB0000195","C00294","6021","Neg","inosine",60,"HMDB0000195_HPOS_QI141","COMETS"
"67",363,305,1124,145716,"Lipid","Inositol Metabolism",2224,"NAMED","CDAISMWEOUEBRE-GPIVLXJGSA-N","O[C@@H]1[C@@H](O)[C@H](O)[C@H](O)[C@H](O)[C@H]1O","myo-inositol","myo-inositol",NA,NA,NA,"87-89-8","10239179","HMDB0000211","C00137","892","Polar","myo_inositol",61,"HMDB0000211","COMETS"
"68",376,400,1125,155350,"Amino Acid","Leucine, Isoleucine and Valine Metabolism",391,"NAMED","AGPKZVBTJJNPAG-UHFFFAOYSA-N","NC(C(O)=O)C(C)CC","isoleucine","isoleucine",NA,NA,NA,"73-32-5","769","HMDB0000172","C06418,C00407,C16424","6306","Pos Early","isoleucine",62,"HMDB0000172","COMETS"
"69",381,305,6146,147948,"Amino Acid","Lysine Metabolism",126,"NAMED","OYIFNHCXNCRBQI-UHFFFAOYSA-N","OC(CCCC(N)C(O)=O)=O","2-aminoadipate","2-aminoadipate",NA,NA,NA,"1118-90-7,542-32-5","456","HMDB0000510","C00956","92136","Polar","2_aminoadipate",63,"HMDB0000510","COMETS"
"70",391,400,2132,155460,"Amino Acid","Urea cycle; Arginine and Proline Metabolism",500,"NAMED","RHGKLRLOHDJJDR-UHFFFAOYSA-N","NC(C(O)=O)CCCNC(N)=O","citrulline","citrulline",NA,NA,NA,"372-75-8","810","HMDB0000904","C00327","9750","Pos Early","citrulline",64,"HMDB0000904","COMETS"
"71",397,400,60,155300,"Amino Acid","Leucine, Isoleucine and Valine Metabolism",338,"NAMED","ROHFNLRQFUQHCH-YFKPBYRVSA-N","O=C([C@H](CC(C)C)N)O","leucine","leucine",NA,NA,NA,"61-90-5",NA,"HMDB0000687","C00123","6106","Pos Early","leucine",65,"HMDB0000687","COMETS"
"72",405,209,1483,125730,"Lipid","Secondary Bile Acid Metabolism",3528,"NAMED","SMEROWZSTRWXGI-UHFFFAOYSA-N","O=C(CCC(C(CCC1C2CCC3CC4O)C1(CCC2C3(CC4)C)C)C)O","lithocholate","lithocholate",NA,NA,NA,"434-13-9","9519","HMDB0000761","C03990","9903","Neg","lithocholate",66,"HMDB0000761","COMETS"
"73",407,400,1301,155354,"Amino Acid","Lysine Metabolism",108,"NAMED","KDXKERNSBIXSRK-UHFFFAOYSA-N","NC(C(O)=O)CCCCN","lysine","lysine",NA,NA,NA,"56-87-1","5747","HMDB0003405","C00739,C00047","5962","Pos Early","lysine",67,"HMDB0003405","COMETS"
"74",409,209,1303,123199,"Energy","TCA Cycle",1470,"NAMED","BJEPYKJPYRNKOW-UHFFFAOYSA-N","OC(C(O)=O)CC(O)=O","malate","malate",NA,NA,NA,"6915-15-7","510","HMDB0031518","C00149,C00711,C00497","525","Neg","malate",68,"HMDB0031518","COMETS"
"75",409,209,1303,123199,"Energy","TCA Cycle",1470,"NAMED","BJEPYKJPYRNKOW-UHFFFAOYSA-N","OC(C(O)=O)CC(O)=O","malate","malate",NA,NA,NA,"6915-15-7","510","HMDB0000156","C00149,C00711,C00497","525","Neg","malate",68,"HMDB0000156","COMETS"
"76",409,209,1303,123199,"Energy","TCA Cycle",1470,"NAMED","BJEPYKJPYRNKOW-UHFFFAOYSA-N","OC(C(O)=O)CC(O)=O","malate","malate",NA,NA,NA,"6915-15-7","510","HMDB0000744","C00149,C00711,C00497","525","Neg","malate",68,"HMDB0000744","COMETS"
"77",415,400,1302,155355,"Amino Acid","Methionine, Cysteine, SAM and Taurine Metabolism",441,"NAMED","FFEARJCKVFRZRR-UHFFFAOYSA-N","CSCCC(N)C(O)=O","methionine","methionine",NA,NA,NA,"63-68-3","5907","HMDB0000696","C00073","6137","Pos Early","methionine",69,"HMDB0000696","COMETS"
"78",418,305,1496,145730,"Lipid","Fatty Acid Metabolism (also BCAA Metabolism)",1797,"NAMED","ZIYVHBGGAOATLY-UHFFFAOYSA-N","O=C(C(C(O)=O)C)O","methylmalonate (MMA)","methylmalonate (MMA)",NA,NA,NA,"516-05-2","473","HMDB0000202","C02170","487","Polar","methylmalonate_mma",70,"HMDB0000202","COMETS"
"79",424,209,1336,125720,"Lipid","Long Chain Saturated Fatty Acid",1533,"NAMED","IPCSVZSSVZVIGE-UHFFFAOYSA-N","OC(CCCCCCCCCCCCCCC)=O","palmitate (16:0)","palmitate (16:0)",NA,NA,NA,"57-10-3","960","HMDB0000220","C00249","985","Neg","palmitate_16_0",71,"HMDB0000220","COMETS"
"80",432,400,594,155332,"Cofactors and Vitamins","Nicotinate and Nicotinamide Metabolism",4339,"NAMED","DFPAKSUCGFBDDF-UHFFFAOYSA-N","NC(C1=CN=CC=C1)=O","nicotinamide","nicotinamide",NA,NA,NA,"98-92-0","911","HMDB0001406","C00153","936","Pos Early","nicotinamide",72,"HMDB0001406","COMETS"
"81",437,209,12035,125748,"Lipid","Medium Chain Fatty Acid",1515,"NAMED","FBUKVWPVBMHYJY-UHFFFAOYSA-N","CCCCCCCCC(O)=O","pelargonate (9:0)","pelargonate (9:0)",NA,NA,NA,"112-05-0","4574394","HMDB0000847","C01601","8158","Neg","pelargonate_9_0",73,"HMDB0000847","COMETS"
"82",439,209,1358,125724,"Lipid","Long Chain Saturated Fatty Acid",1537,"NAMED","QIQXTHQIDYTFRH-UHFFFAOYSA-N","CCCCCCCCCCCCCCCCCC(O)=O","stearate (18:0)","stearate (18:0)",NA,NA,NA,"57-11-4","5091","HMDB0000827","C01530","5281","Neg","stearate_18_0",74,"HMDB0000827","COMETS"
"83",444,400,1493,155375,"Amino Acid","Urea cycle; Arginine and Proline Metabolism",495,"NAMED","AHLPHDHHMVZTML-BYPYZUCNSA-N","O=C(O)[C@@H](N)CCCN","ornithine","ornithine",NA,NA,NA,"3184-13-2","6026","HMDB0000214","C00077","6262","Pos Early","ornithine",75,"HMDB0000214","COMETS"
"84",445,305,1505,146440,"Nucleotide","Pyrimidine Metabolism, Orotate containing",4242,"NAMED","PXQPEWDEAKTCGB-UHFFFAOYSA-N","O=C(C1=CC(O)=NC(O)=N1)O","orotate","orotate",NA,NA,NA,"50887-69-9","942","HMDB0000226","C00295","967","Polar","orotate",76,"HMDB0000226","COMETS"
"85",452,209,33447,126083,"Lipid","Long Chain Monounsaturated Fatty Acid",1552,"NAMED","SECPZKHBENQXJG-FPLPWBNLSA-N","CCCCCC\C=C/CCCCCCCC(O)=O","palmitoleate (16:1n7)","palmitoleate (16:1n7)",NA,NA,NA,"373-49-9","393216","HMDB0003229","C08362","445638","Neg","palmitoleate_16_1n7",77,"HMDB0003229","COMETS"
"86",460,400,64,155301,"Amino Acid","Phenylalanine Metabolism",143,"NAMED","COLNVLDHVKWLRT-UHFFFAOYSA-N","NC(C(O)=O)CC1=CC=CC=C1","phenylalanine","phenylalanine",NA,NA,NA,"63-91-2","5910","HMDB0000159","C00079","6140","Pos Early","phenylalanine",78,"HMDB0000159","COMETS"
"87",461,400,42109,156915,"Energy","Oxidative Phosphorylation",1487,"NAMED","NBIIXXVUZAFLBC-UHFFFAOYSA-N","O=P(O)(O)O","phosphate","phosphate",NA,NA,NA,"7664-38-2","1032","HMDB0001429","C00009","1061","Pos Early","phosphate",79,"HMDB0001429","COMETS"
"88",461,400,42109,156915,"Energy","Oxidative Phosphorylation",1487,"NAMED","NBIIXXVUZAFLBC-UHFFFAOYSA-N","O=P(O)(O)O","phosphate","phosphate",NA,NA,NA,"7664-38-2","1032","HMDB0001429","C00009","1061","Pos Early","phosphate",79,"HMDB0001429_M11438","COMETS"
"89",477,209,38271,151095,"Lipid","Fatty Acid, Branched",1675,"NAMED","PAHGJZDQXIOYTH-UHFFFAOYSA-N","CC(C)CCCC(C)CCCC(C)CCCC(C)C(O)=O","pristanate","pristanate",NA,NA,NA,"1189-37-3","110458","HMDB0000795",NA,"123929","Neg","pristanate",81,"HMDB0000795","COMETS"
"90",480,400,1898,155455,"Amino Acid","Urea cycle; Arginine and Proline Metabolism",503,"NAMED","ONIBWKKTOPOVIA-UHFFFAOYSA-N","OC(C1CCCN1)=O","proline","proline",NA,NA,NA,"147-85-3","128566","HMDB0000162","C00148,C000763","8988,145742,614","Pos Early","proline",82,"HMDB0000162","COMETS"
"91",480,400,1898,155455,"Amino Acid","Urea cycle; Arginine and Proline Metabolism",503,"NAMED","ONIBWKKTOPOVIA-UHFFFAOYSA-N","OC(C1CCCN1)=O","proline","proline",NA,NA,NA,"147-85-3","128566","HMDB0003411","C00148,C000763","8988,145742,614","Pos Early","proline",82,"HMDB0003411","COMETS"
"92",482,209,527,123163,"Carbohydrate","Glycolysis, Gluconeogenesis, and Pyruvate Metabolism",1258,"NAMED","JVTAAEKCZFNVCJ-UHFFFAOYSA-N","CC(O)C(O)=O","lactate","lactate",NA,NA,NA,"79-33-4","592","HMDB0000190","C00186","612","Neg","lactate",83,"HMDB0000190","COMETS"
"93",498,402,1806,165222,"Cofactors and Vitamins","Vitamin A Metabolism",4465,"NAMED","FPIPGXGPPPQFEQ-OVSJKPMPSA-N","C/C(/C=C/C(C(C)(CCC1)C)=C1C)=C\C=C\C(C)=C\CO","retinol (vitamin A)","retinol (vitamin A)",NA,NA,NA,"68-26-8","393012","HMDB0000305","C00473","445354","Pos Late","retinol_vitamin a",84,"HMDB0000305","COMETS"
"94",500,209,1827,123225,"Cofactors and Vitamins","Riboflavin Metabolism",4367,"NAMED","AUNGANRZJHBGPY-UHFFFAOYSA-N","OC(C(O)C(O)CO)CN1C(C=C2C)=C(C=C2C)N=C(C(N3)=O)C1=NC3=O","riboflavin (vitamin B2)","riboflavin (vitamin B2)",NA,NA,NA,"83-88-5","431981","HMDB0000244","C00255","493570","Neg","riboflavin_vitamin b2",85,"HMDB0000244","COMETS"
"95",501,305,1515,164364,"Xenobiotics","Drug - Topical Agents",6004,"NAMED","YGSDEFSMJLZEOE-UHFFFAOYSA-N","OC1=C(C(O)=O)C=CC=C1","salicylate","salicylate",NA,NA,NA,"69-72-7","331","HMDB0001895","C00805","338","Polar","salicylate",86,"HMDB0001895","COMETS"
"96",503,400,1648,155437,"Amino Acid","Glycine, Serine and Threonine Metabolism",10,"NAMED","MTCFGRXMJLQNBG-REOHCLBHSA-N","OC([C@@H](N)CO)=O","serine","serine",NA,NA,NA,"56-45-1","5736","HMDB0000187","C00065","5951","Pos Early","serine",87,"HMDB0000187","COMETS"
"97",504,400,2342,155468,"Amino Acid","Tryptophan Metabolism",293,"NAMED","QZAYGJVTTNCVMB-UHFFFAOYSA-N","NCCC1=CNC(C=C2)=C1C=C2O","serotonin","serotonin",NA,NA,NA,"153-98-0","5013","HMDB0000259","C00780","5202","Pos Early","serotonin",88,"HMDB0000259","COMETS"
"98",507,400,603,155336,"Amino Acid","Polyamine Metabolism",561,"NAMED","PFNFFQXMRSDOHW-UHFFFAOYSA-N","NCCCNCCCCNCCCN","spermine","spermine",NA,NA,NA,"71-44-3","1072","HMDB0001256","C00750","1103","Pos Early","spermine",89,"HMDB0001256","COMETS"
"99",512,209,2125,124601,"Amino Acid","Methionine, Cysteine, SAM and Taurine Metabolism",478,"NAMED","XOAAWQZATWQOTB-UHFFFAOYSA-N","NCCS(=O)(O)=O","taurine","taurine",NA,NA,NA,"107-35-7","1091","HMDB0000251","C00245","1123","Neg","taurine",90,"HMDB0000251","COMETS"
"100",519,209,1365,125728,"Lipid","Long Chain Saturated Fatty Acid",1530,"NAMED","TUNFSRHWOTWDNC-UHFFFAOYSA-N","OC(CCCCCCCCCCCCC)=O","myristate (14:0)","myristate (14:0)",NA,NA,NA,"544-63-8","10539","HMDB0000806","C06424","11005","Neg","myristate_14_0",91,"HMDB0000806","COMETS"
"101",533,400,1670,155443,"Amino Acid","Urea cycle; Arginine and Proline Metabolism",493,"NAMED","XSQUKJJJFZCRTK-UHFFFAOYSA-N","O=C(N)N","urea","urea",NA,NA,NA,"57-13-6","1143","HMDB0000294","C00086","1176","Pos Early","urea",92,"HMDB0000294","COMETS"
"102",535,209,606,123185,"Nucleotide","Pyrimidine Metabolism, Uracil containing",4254,"NAMED","DRTQHJPVMGBUCF-UHFFFAOYSA-N","OC1C(N(C=CC2=O)C(N2)=O)OC(CO)C1O","uridine","uridine",NA,NA,NA,"58-96-8","5807","HMDB0000296","C00299","6029","Neg","uridine",93,"HMDB0000296","COMETS"
"103",536,209,52602,165330,"Nucleotide","Pyrimidine Metabolism, Uracil containing",4270,"NAMED","MXHRCPNRJAMMIM-UHFFFAOYSA-N","O=C(NC1=O)N(C=C1)C(CC2O)OC2CO","2'-deoxyuridine","2'-deoxyuridine",NA,NA,NA,"951-78-0","13118","HMDB0000012","C00526","13712","Neg","2'_deoxyuridine",94,"HMDB0000012","COMETS"
"104",537,400,607,155340,"Amino Acid","Histidine Metabolism",81,"NAMED","LOIYMIARKYCTBW-OWOJBTEDSA-N","O=C(O)/C=C/C1=CNC=N1","trans-urocanate","trans-urocanate",NA,NA,NA,"104-98-3","643824","HMDB0000301","C00785","736715","Pos Early","trans_urocanate",95,"HMDB0000301","COMETS"
"105",561,400,57,155297,"Amino Acid","Glutamate Metabolism",46,"NAMED","WHUUTDBJXJRKMK-VKHMYHEASA-N","O=C(O)[C@@H](N)CCC(O)=O","glutamate","glutamate",NA,NA,NA,"56-86-0","591","HMDB0000148","C00025,C00217","33032","Pos Early","glutamate",96,"HMDB0000148","COMETS"
"106",561,400,57,155297,"Amino Acid","Glutamate Metabolism",46,"NAMED","WHUUTDBJXJRKMK-VKHMYHEASA-N","O=C(O)[C@@H](N)CCC(O)=O","glutamate","glutamate",NA,NA,NA,"56-86-0","591","HMDB0000148","C00025,C00217","33032","Pos Early","glutamate",96,"HMDB0000148_HMDB03339_M32322","COMETS"
"107",563,400,53,155293,"Amino Acid","Glutamate Metabolism",47,"NAMED","ZDXPYRJPNDTMRX-VKHMYHEASA-N","OC([C@@H](N)CCC(N)=O)=O","glutamine","glutamine",NA,NA,NA,"56-85-9","5746","HMDB0000641","C00064","5961","Pos Early","glutamine",97,"HMDB0000641","COMETS"
"108",564,400,1284,155352,"Amino Acid","Glycine, Serine and Threonine Metabolism",17,"NAMED","AYFVYJQAPQTCCC-GBXIJSLDSA-N","N[C@H](C(O)=O)[C@H](O)C","threonine","threonine",NA,NA,NA,"72-19-5","6051","HMDB0000167","C00188","6288","Pos Early","threonine",98,"HMDB0000167","COMETS"
"109",565,400,54,155294,"Amino Acid","Tryptophan Metabolism",260,"NAMED","QIVBCDIJIAJPQS-VIFPVBQESA-N","O=C(O)[C@@H](N)CC1=CNC2=C1C=CC=C2","tryptophan","tryptophan",NA,NA,NA,"73-22-3","6066","HMDB0000929","C00078","6305","Pos Early","tryptophan",99,"HMDB0000929","COMETS"
"110",566,400,1649,155438,"Amino Acid","Leucine, Isoleucine and Valine Metabolism",422,"NAMED","KZSNJWFQEVHDMF-BYPYZUCNSA-N","N[C@H](C(O)=O)C(C)C","valine","valine",NA,NA,NA,"72-18-4","6050","HMDB0000883","C00183","6287","Pos Early","valine",100,"HMDB0000883","COMETS"
"111",572,305,48152,151982,"Carbohydrate","Glycolysis, Gluconeogenesis, and Pyruvate Metabolism",1241,"NAMED","WQZGKKKJIJFFOK-DVKNGEFBSA-N","O[C@H]1O[C@H](CO)[C@@H](O)[C@H](O)[C@H]1O","glucose","glucose",NA,NA,NA,"50-99-7","71358","HMDB0000122","C00031","5793","Polar","glucose",101,"HMDB0000122","COMETS"
"112",572,305,48152,151982,"Carbohydrate","Glycolysis, Gluconeogenesis, and Pyruvate Metabolism",1241,"NAMED","WQZGKKKJIJFFOK-DVKNGEFBSA-N","O[C@H]1O[C@H](CO)[C@@H](O)[C@H](O)[C@H]1O","glucose","glucose",NA,NA,NA,"50-99-7","71358","HMDB0000122","C00031","5793","Polar","glucose",101,"HMDB0000122_C18_QI108","COMETS"
"113",796,305,4968,152126,"Amino Acid","Methionine, Cysteine, SAM and Taurine Metabolism",461,"NAMED","TYEYBOSBBBHJIV-UHFFFAOYSA-N","OC(C(CC)=O)=O","alpha-ketobutyrate","alpha-ketobutyrate",NA,NA,NA,"600-18-0","2829426","HMDB0000005","C00109","58","Polar","alpha_ketobutyrate",102,"HMDB0000005","COMETS"
"114",798,209,555,124777,"Nucleotide","Purine Metabolism, Adenine containing",4181,"NAMED","OIRDTQYFTABQOQ-KQYNXXCUSA-N","NC1=NC=NC2=C1N=CN2[C@@]3([H])[C@@](O)([H])[C@@](O)([H])[C@](CO)([H])O3","adenosine","adenosine",NA,NA,NA,"58-61-7","54923","HMDB0000050","C00212","60961","Neg","adenosine",103,"HMDB0000050","COMETS"
"115",799,400,3141,155487,"Amino Acid","Glycine, Serine and Threonine Metabolism",7,"NAMED","KWIUHFFTVRNATP-UHFFFAOYSA-N","O=C(C[N+](C)(C)C)[O-]","betaine","betaine",NA,NA,NA,"107-43-7","19951173,242","HMDB0000043","C00719","247","Pos Early","betaine",104,"HMDB0000043","COMETS"
"116",800,400,1868,155454,"Amino Acid","Methionine, Cysteine, SAM and Taurine Metabolism",462,"NAMED","XUJNEKJLAYXESH-REOHCLBHSA-N","SC[C@H](N)C(O)=O","cysteine","cysteine",NA,NA,NA,"56-89-3,52-90-4","5653","HMDB0000574","C00097","5862","Pos Early","cysteine",105,"HMDB0000574","COMETS"
"117",800,400,1868,155454,"Amino Acid","Methionine, Cysteine, SAM and Taurine Metabolism",462,"NAMED","XUJNEKJLAYXESH-REOHCLBHSA-N","SC[C@H](N)C(O)=O","cysteine","cysteine",NA,NA,NA,"56-89-3,52-90-4","5653","HMDB0000574","C00097","5862","Pos Early","cysteine",105,"HMDB0000574_M31453","COMETS"
"118",803,305,48153,152039,"Carbohydrate","Fructose, Mannose and Galactose Metabolism",1371,"NAMED","WQZGKKKJIJFFOK-DXQLJALPSA-N","O[C@@H]1C(CO)O[C@@H](O)[C@@H](O)[C@H]1O","mannose","mannose",NA,NA,NA,"3458-28-4","141983","HMDB0000169","C00159,C02209,C00936","82308,439680,185698,18950","Polar","mannose",106,"HMDB0000169","COMETS"
"119",803,305,48153,152039,"Carbohydrate","Fructose, Mannose and Galactose Metabolism",1371,"NAMED","WQZGKKKJIJFFOK-DXQLJALPSA-N","O[C@@H]1C(CO)O[C@@H](O)[C@@H](O)[C@H]1O","mannose","mannose",NA,NA,NA,"3458-28-4","141983","HMDB0000169","C00159,C02209,C00936","82308,439680,185698,18950","Polar","mannose",106,"HMDB0000169_M00584","COMETS"
"120",806,400,5086,155492,"Amino Acid","Glycine, Serine and Threonine Metabolism",6,"NAMED","FFDGPVCHZBVARC-UHFFFAOYSA-N","CN(C)CC(O)=O","dimethylglycine","dimethylglycine",NA,NA,NA,"1118-68-9","653","HMDB0000092","C03626","673","Pos Early","dimethylglycine",107,"HMDB0000092","COMETS"
"121",811,400,1126,155351,"Amino Acid","Alanine and Aspartate Metabolism",29,"NAMED","QNAYBMKLOCPYGJ-REOHCLBHSA-N","O=C(O)[C@@H](N)C","alanine","alanine",NA,NA,NA,"56-41-7","5735","HMDB0000161","C00041","5950","Pos Early","alanine",108,"HMDB0000161","COMETS"
"122",815,400,1299,155353,"Amino Acid","Tyrosine Metabolism",168,"NAMED","OUYCCCASQSFEME-QMMMGPOBSA-N","N[C@@H](CC1=CC=C(O)C=C1)C(O)=O","tyrosine","tyrosine",NA,NA,NA,"60-18-4","5833","HMDB0000158","C00082","6057","Pos Early","tyrosine",109,"HMDB0000158","COMETS"
"123",821,209,33442,125870,"Nucleotide","Pyrimidine Metabolism, Uracil containing",4256,"NAMED","PTJWIQPHWPFNBW-GBNDHIKLSA-N","O[C@]1([H])[C@@](O)([H])[C@](CO)([H])O[C@]1(C2=CNC(NC2=O)=O)[H]","pseudouridine","pseudouridine",NA,NA,NA,"1445-07-4","21403010","HMDB0000767","C02067","15047","Neg","pseudouridine",110,"HMDB0000767","COMETS"
"124",823,305,48990,160586,"Carbohydrate","Glycolysis, Gluconeogenesis, and Pyruvate Metabolism",1257,"NAMED","LCTONWCANYUPML-UHFFFAOYSA-N","CC(C(O)=O)=O","pyruvate","pyruvate",NA,NA,NA,"127-17-3","96901","HMDB0000243","C00022","1060","Polar","pyruvate",111,"HMDB0000243","COMETS"
"125",823,305,48990,160586,"Carbohydrate","Glycolysis, Gluconeogenesis, and Pyruvate Metabolism",1257,"NAMED","LCTONWCANYUPML-UHFFFAOYSA-N","CC(C(O)=O)=O","pyruvate","pyruvate",NA,NA,NA,"127-17-3","96901","HMDB0000243","C00022","1060","Polar","pyruvate",111,"HMDB0000243_M00599","COMETS"
"126",825,209,605,124785,"Nucleotide","Pyrimidine Metabolism, Uracil containing",4255,"NAMED","ISAKRJDGNUQOIC-UHFFFAOYSA-N","O=C(NC=C1)NC1=O","uracil","uracil",NA,NA,NA,"66-22-8","1141","HMDB0000300","C00106","1174","Neg","uracil",112,"HMDB0000300","COMETS"
"127",826,305,15581,146484,"Carbohydrate","Pentose Metabolism",1285,"NAMED","PYMYPHUHKUWMLA-VPENINKCSA-N","O=C[C@@H]([C@H]([C@@H](CO)O)O)O","xylose","xylose",NA,NA,NA,"609-06-3","85957","HMDB0000098","C00181","135191","Polar","xylose",113,"HMDB0000098","COMETS"
"128",827,209,514,123161,"Nucleotide","Pyrimidine Metabolism, Cytidine containing",4286,"NAMED","UHDGCWIWMRVCDJ-XVFCMESISA-N","OC[C@@H]1[C@H]([C@H]([C@H](N2C(N=C(C=C2)N)=O)O1)O)O","cytidine","cytidine",NA,NA,NA,"65-46-3","5940","HMDB0000089","C00475","6175","Neg","cytidine",114,"HMDB0000089","COMETS"
"129",848,400,553,155318,"Xenobiotics","Tobacco Metabolite",4647,"NAMED","UIKROCXWUNQSPJ-VIFPVBQESA-N","O=C1CC[C@@H]([C@]2=CN=CC=C2)N1C","cotinine","cotinine",NA,NA,NA,"486-56-6","746405","HMDB0001046",NA,"408","Pos Early","cotinine",115,"HMDB0001046","COMETS"
"130",849,400,569,155325,"Xenobiotics","Xanthine Metabolism",4627,"NAMED","RYYVLZVUVIJVGH-UHFFFAOYSA-N","O=C(N(C)C1=C2N(C)C=N1)N(C)C2=O","caffeine","caffeine",NA,NA,NA,"58-08-2","2424","HMDB0001847","C07481","2519","Pos Early","caffeine",116,"HMDB0001847","COMETS"
"131",878,305,48195,153126,"Carbohydrate","Fructose, Mannose and Galactose Metabolism",1365,"NAMED","RFSUNEUAIZKAJO-ARQDHWQXSA-N","OC[C@@]1(O)O[C@H](CO)[C@@H](O)[C@@H]1O","fructose","fructose",NA,NA,NA,"57-48-7","5764","HMDB0000660","C00095","2723872","Polar","fructose",117,"HMDB0000660","COMETS"
"132",878,305,48195,153126,"Carbohydrate","Fructose, Mannose and Galactose Metabolism",1365,"NAMED","RFSUNEUAIZKAJO-ARQDHWQXSA-N","OC[C@@]1(O)O[C@H](CO)[C@@H](O)[C@@H]1O","fructose","fructose",NA,NA,NA,"57-48-7","5764","HMDB0000660","C00095","2723872","Polar","fructose",117,"HMDB0000660_M00577","COMETS"
"133",880,209,554,124775,"Nucleotide","Purine Metabolism, Adenine containing",4182,"NAMED","GFFGJBXGBJISGV-UHFFFAOYSA-N","NC1=NC=NC2=C1N=CN2","adenine","adenine",NA,NA,NA,"73-24-5","185","HMDB0000034","C00147","190","Neg","adenine",118,"HMDB0000034","COMETS"
"134",888,209,1642,125736,"Lipid","Medium Chain Fatty Acid",1517,"NAMED","GHVNFZFCNZKVNT-UHFFFAOYSA-N","CCCCCCCCCC(O)=O","caprate (10:0)","caprate (10:0)",NA,NA,NA,"334-48-5","2863","HMDB0000511","C01571","2969","Neg","caprate_10_0",119,"HMDB0000511","COMETS"
"135",891,209,1121,125718,"Lipid","Long Chain Saturated Fatty Acid",1535,"NAMED","KEMQGTRYUADPNZ-UHFFFAOYSA-N","O=C(O)CCCCCCCCCCCCCCCC","margarate (17:0)","margarate (17:0)",NA,NA,NA,"506-12-7","10033","HMDB0002259",NA,"10465","Neg","margarate_17_0",120,"HMDB0002259","COMETS"
"136",892,209,1356,125722,"Lipid","Long Chain Saturated Fatty Acid",1539,"NAMED","ISYWECDDZWTKFF-UHFFFAOYSA-N","CCCCCCCCCCCCCCCCCCC(O)=O","nonadecanoate (19:0)","nonadecanoate (19:0)",NA,NA,NA,"646-30-0","12071","HMDB0000772","C16535","12591","Neg","nonadecanoate_19_0",121,"HMDB0000772","COMETS"
"137",893,209,1118,125716,"Lipid","Long Chain Saturated Fatty Acid",1540,"NAMED","VKOBVWXKNCXXDE-UHFFFAOYSA-N","CCCCCCCCCCCCCCCCCCCC(O)=O","arachidate (20:0)","arachidate (20:0)",NA,NA,NA,"506-30-9","10035","HMDB0002212","C06425","10467","Neg","arachidate_20_0",122,"HMDB0002212","COMETS"
"138",913,305,15586,146486,"Carbohydrate","Glycogen Metabolism",1318,"NAMED","GUBGYTABKSRVRQ-ASMJPISFSA-N","O[C@@H]1[C@H]([C@H](O[C@@H]([C@H]1O)CO)O[C@H]2[C@@H]([C@H]([C@H](O[C@@H]2CO)O)O)O)O","maltose","maltose",NA,NA,NA,"6363-53-7","388469","HMDB0000163","C00208","10991489","Polar","maltose",123,"HMDB0000163","COMETS"
"139",917,400,512,155306,"Amino Acid","Alanine and Aspartate Metabolism",40,"NAMED","DCXYFEDJOCDNAF-REOHCLBHSA-N","NC(C[C@H](N)C(O)=O)=O","asparagine","asparagine",NA,NA,NA,"70-47-3","6031","HMDB0000168","C00152","6267","Pos Early","asparagine",124,"HMDB0000168","COMETS"
"140",923,305,601,145712,"Nucleotide","Pyrimidine Metabolism, Orotate containing",4241,"NAMED","UFIVEPVSAGBUSI-UHFFFAOYSA-N","O=C(C(NC1=O)CC(N1)=O)O","dihydroorotate","dihydroorotate",NA,NA,NA,"155-54-4","628","HMDB0003349","C00337","648","Polar","dihydroorotate",126,"HMDB0003349","COMETS"
"141",925,209,1644,125738,"Lipid","Medium Chain Fatty Acid",1513,"NAMED","MNWFXJYAOYHMED-UHFFFAOYSA-N","CCCCCCC(O)=O","heptanoate (7:0)","heptanoate (7:0)",NA,NA,NA,"111-14-8","7803","HMDB0000666","C17714","8094","Neg","heptanoate_7_0",127,"HMDB0000666","COMETS"
"142",926,209,32489,125850,"Lipid","Medium Chain Fatty Acid",1512,"NAMED","FUZZWVXGSFPDMH-UHFFFAOYSA-N","CCCCCC(O)=O","caproate (6:0)","caproate (6:0)",NA,NA,NA,"142-62-1","8552","HMDB0000535","C01585","8892","Neg","caproate_6_0",128,"HMDB0000535","COMETS"
"143",932,209,32492,125852,"Lipid","Medium Chain Fatty Acid",1514,"NAMED","WWZKQHOCKIZLMA-UHFFFAOYSA-N","CCCCCCCC(O)=O","caprylate (8:0)","caprylate (8:0)",NA,NA,NA,"124-07-2","370","HMDB0000482","C06423","379","Neg","caprylate_8_0",129,"HMDB0000482","COMETS"
"144",935,209,1519,124565,"Carbohydrate","Disaccharides and Oligosaccharides",1344,"NAMED","CZMRCDWAGMRECN-UGDNZRGBSA-N","OC[C@]1(O[C@@H]2[C@@H]([C@H]([C@@H]([C@H](O2)CO)O)O)O)[C@H]([C@@H]([C@@H](CO)O1)O)O","sucrose","sucrose",NA,NA,NA,"57-50-1","5768","HMDB0000258","C00089","5988","Neg","sucrose",130,"HMDB0000258","COMETS"
"145",980,209,1361,125726,"Lipid","Long Chain Saturated Fatty Acid",1532,"NAMED","WQEPLUUGTLDZJY-UHFFFAOYSA-N","O=C(O)CCCCCCCCCCCCCC","pentadecanoate (15:0)","pentadecanoate (15:0)",NA,NA,NA,"10002-84-2,1002-84-2","13249","HMDB0000826","C16537","13849","Neg","pentadecanoate_15_0",131,"HMDB0000826","COMETS"
"146",1001,400,32306,155905,"Amino Acid","Urea cycle; Arginine and Proline Metabolism",521,"NAMED","PMMYEEVYMWASQN-DMTCNVIQSA-N","O[C@@H]1C[C@@H](C(O)=O)NC1","trans-4-hydroxyproline","hydroxyproline",NA,NA,NA,"51-35-4","5605","HMDB0000725","C01157","5810","Pos Early","trans_4_hydroxyproline",132,"HMDB0000725","COMETS"
"147",1002,305,1107,146424,"Nucleotide","Purine Metabolism, (Hypo)Xanthine/Inosine containing",4168,"NAMED","POJWUDADGALRAB-UHFFFAOYSA-N","O=C(N1)C(NC(N)=O)NC1=O","allantoin","allantoin",NA,NA,NA,"97-59-6","199","HMDB0000462","C02348,C01551,C02350","439714,204,439713","Polar","allantoin",133,"HMDB0000462","COMETS"
"148",1004,305,3147,147146,"Nucleotide","Purine Metabolism, (Hypo)Xanthine/Inosine containing",4156,"NAMED","LRFVTYWOQMYALW-UHFFFAOYSA-N","O=C(N1)C(N=CN2)=C2NC1=O","xanthine","xanthine",NA,NA,NA,"69-89-6","1151","HMDB0000292","C00385","1188","Polar","xanthine",134,"HMDB0000292","COMETS"
"149",1004,305,3147,147146,"Nucleotide","Purine Metabolism, (Hypo)Xanthine/Inosine containing",4156,"NAMED","LRFVTYWOQMYALW-UHFFFAOYSA-N","O=C(N1)C(N=CN2)=C2NC1=O","xanthine","xanthine",NA,NA,NA,"69-89-6","1151","HMDB0000292","C00385","1188","Polar","xanthine",134,"HMDB0000292_HPOS_QI191","COMETS"
"150",1021,209,1494,123209,"Amino Acid","Glutathione Metabolism",588,"NAMED","ODHCTXKNWHHXJC-VKHMYHEASA-N","O=C1CC[C@@H]([C@@](O)=O)N1","5-oxoproline","5-oxoproline",NA,NA,NA,"98-79-3","7127","HMDB0000267","C02237,C01879","439685,7405","Neg","5_oxoproline",135,"HMDB0000267","COMETS"
"151",1022,400,1512,155387,"Amino Acid","Tryptophan Metabolism",288,"NAMED","SIOXPEMLGUPBBT-UHFFFAOYSA-N","O=C(O)C1=NC=CC=C1","picolinate","picolinate",NA,NA,NA,"98-98-6","993","HMDB0002243","C10164","1018","Pos Early","picolinate",136,"HMDB0002243","COMETS"
"152",1023,400,1516,155390,"Amino Acid","Glycine, Serine and Threonine Metabolism",5,"NAMED","FSYKKLYZXJSNPZ-UHFFFAOYSA-N","CNCC(O)=O","sarcosine","sarcosine",NA,NA,NA,"107-97-1","1057","HMDB0000271","C00213","1088","Pos Early","sarcosine",137,"HMDB0000271","COMETS"
"153",1024,209,1508,124797,"Cofactors and Vitamins","Pantothenate and CoA Metabolism",4372,"NAMED","GHOKWGTUZJEAQD-ZETCQYMHSA-N","O=C(NCCC(O)=O)[C@H](O)C(C)(C)CO","pantothenate","pantothenate (Vitamin B5)",NA,NA,NA,"137-08-6","6361","HMDB0000210","C00864","6613","Neg","pantothenate",138,"HMDB0000210","COMETS"
"154",1025,400,1444,155369,"Amino Acid","Lysine Metabolism",134,"NAMED","HXEACLLIILLPRG-UHFFFAOYSA-N","OC(C1NCCCC1)=O","pipecolate","pipecolate",NA,NA,NA,"4043-87-2",NA,"HMDB0000070",NA,NA,"Pos Early","pipecolate",139,"HMDB0000070","COMETS"
"155",1026,400,1600,155428,"Lipid","Phospholipid Metabolism",2261,"NAMED","SUHOOTKUPISOBE-UHFFFAOYSA-N","NCCOP(O)(O)=O","phosphoethanolamine","phosphoethanolamine (PE)",NA,NA,NA,"1071-23-4","990","HMDB0000224","C00346","1015","Pos Early","phosphoethanolamine",140,"HMDB0000224","COMETS"
"156",1052,305,1572,146444,"Carbohydrate","Glycolysis, Gluconeogenesis, and Pyruvate Metabolism",1261,"NAMED","RBNPOMFGQQGHHO-UHFFFAOYSA-N","O=C(O)C(O)CO","glycerate","glycerate",NA,NA,NA,"600-19-1","732","HMDB0000139","C00258","439194,752","Polar","glycerate",141,"HMDB0000139","COMETS"
"157",1053,305,3155,147504,"Nucleotide","Pyrimidine Metabolism, Uracil containing",4273,"NAMED","JSJWCHRYRHKBBW-UHFFFAOYSA-N","OC(CCNC(N)=O)=O","3-ureidopropionate","3-ureidopropionate",NA,NA,NA,"462-88-4","109","HMDB0000026","C02642","111","Polar","3_ureidopropionate",142,"HMDB0000026","COMETS"
"158",1082,209,1587,126818,"Amino Acid","Leucine, Isoleucine and Valine Metabolism",342,"NAMED","WXNXCEHXYPACJF-ZETCQYMHSA-N","O=C(O)[C@H](CC(C)C)NC(C)=O","N-acetylleucine","N-acetylleucine",NA,NA,NA,"1188-21-2","64075","HMDB0011756","C02710","70912","Neg","n_acetylleucine",143,"HMDB0011756","COMETS"
"159",1083,209,1589,124587,"Amino Acid","Methionine, Cysteine, SAM and Taurine Metabolism",442,"NAMED","XUYPXLNMDZIRQH-LURJTMIESA-N","O=C(O)[C@H](CCSC)NC(C)=O","N-acetylmethionine","N-acetylmethionine",NA,NA,NA,"65-82-7","395338","HMDB0011745","C02712","448580","Neg","n_acetylmethionine",144,"HMDB0011745","COMETS"
"160",1084,209,1591,124807,"Amino Acid","Leucine, Isoleucine and Valine Metabolism",423,"NAMED","IHYJTAOFMMMOPX-LURJTMIESA-N","O=C(O)[C@@H](NC(C)=O)C(C)C","N-acetylvaline","N-acetylvaline",NA,NA,NA,"96-81-1","60154","HMDB0011757",NA,"66789","Neg","n_acetylvaline",145,"HMDB0011757","COMETS"
"161",1087,209,1552,125983,"Lipid","Long Chain Monounsaturated Fatty Acid",1570,"NAMED","DPUOLQHDNGRHBS-KTKRTIGZSA-N","OC(CCCCCCCCCCC\C=C/CCCCCCCC)=O","erucate (22:1n9)","erucate (22:1n9)",NA,NA,NA,"112-86-7","7924","HMDB0002068","C08316","8216,5281116","Neg","erucate_22_1n9",146,"HMDB0002068","COMETS"
"162",1090,402,43807,159596,"Cofactors and Vitamins","Hemoglobin and Porphyrin Metabolism",4444,"NAMED","BPYKTIZUTYGOLE-KDUUSRDASA-N","CC(C(N\1)=O)=C(C=C)C1=C/C2=C(C)C(CCC(O)=O)=C(CC3=C(CCC(O)=O)C(C)=C(/C=C4NC(C(C=C)=C/4C)=O)N3)N2","bilirubin (Z,Z)","bilirubin",NA,NA,NA,"635-65-4","4444055","HMDB0000054","C00486","5280352","Pos Late","bilirubin_z_z",147,"HMDB0000054","COMETS"
"163",1090,402,43807,159596,"Cofactors and Vitamins","Hemoglobin and Porphyrin Metabolism",4444,"NAMED","BPYKTIZUTYGOLE-KDUUSRDASA-N","CC(C(N\1)=O)=C(C=C)C1=C/C2=C(C)C(CCC(O)=O)=C(CC3=C(CCC(O)=O)C(C)=C(/C=C4NC(C(C=C)=C/4C)=O)N3)N2","bilirubin (Z,Z)","bilirubin",NA,NA,NA,"635-65-4","4444055","HMDB0000054","C00486","5280352","Pos Late","bilirubin_z_z",147,"HMDB0000054_M27716","COMETS"
"164",1094,209,2761,161549,"Amino Acid","Tyrosine Metabolism",251,"NAMED","XUIIKFGFIJCVMT-LBPRGKRZSA-N","OC1=C(I)C=C(OC2=C(I)C=C(C[C@H](N)C(O)=O)C=C2I)C=C1I","thyroxine","thyroxine",NA,NA,NA,"51-48-9","5614","HMDB0000248","C01829","5819","Neg","thyroxine",148,"HMDB00248_HMDB01918","Moore"
"165",1099,209,1573,124583,"Nucleotide","Purine Metabolism, Guanine containing",4217,"NAMED","NYHBQMYGNKIUIF-UUOKFMHZSA-N","O=C1C(N=CN2[C@@]3([H])[C@@](O)([H])[C@@](O)([H])[C@](CO)([H])O3)=C2N=C(N)N1","guanosine","guanosine",NA,NA,NA,"118-00-3","6544","HMDB0000133","C00387","6802","Neg","guanosine",149,"HMDB0000133","COMETS"
"166",1102,209,2734,123231,"Peptide","Gamma-glutamyl Amino Acid",663,"NAMED","VVLXCWVSSLFQDS-QWRGUYRKSA-N","OC(C=C1)=CC=C1C[C@@H](C(O)=O)NC(CC[C@@H](C(O)=O)N)=O","gamma-glutamyltyrosine","gamma-glutamyltyrosine",NA,NA,NA,"7432-23-7","85142","HMDB0011741",NA,"94340","Neg","gamma_glutamyltyrosine",150,"HMDB0011741","COMETS"
"167",1104,400,1584,155418,"Xenobiotics","Food Component/Plant",5001,"NAMED","KTHADMDGDNYQRX-UHFFFAOYSA-N","O=C(OC)CC1=CNC2=C1C=CC=C2","methyl indole-3-acetate","methyl indole-3-acetate",NA,NA,NA,"1912-33-0","67279","HMDB0029738",NA,"74706","Pos Early","methyl indole_3_acetate",151,"HMDB0029738","COMETS"
"168",1105,402,1561,164189,"Cofactors and Vitamins","Tocopherol Metabolism",4396,"NAMED","GVJHHUAWPYXKBD-IEOSBIPESA-N","CC1=C2C(O[C@@](CCC[C@H](C)CCC[C@H](C)CCC[C@H](C)C)(C)CC2)=C(C)C(C)=C1O","alpha-tocopherol","alpha-tocopherol",NA,NA,NA,"10191-41-0,59-02-9","14265","HMDB0001893","C02477","86472","Pos Late","alpha_tocopherol",152,"HMDB0001893","COMETS"
"169",1110,305,1585,147717,"Amino Acid","Alanine and Aspartate Metabolism",31,"NAMED","KTHDTJVBEPMMGL-VKHMYHEASA-N","O=C(O)[C@@H](NC(C)=O)C","N-acetylalanine","N-acetylalanine",NA,NA,NA,"97-69-8","79449","HMDB0000766","C02847","88064","Polar","n_acetylalanine",153,"HMDB0000766","COMETS"
"170",1110,305,1585,147717,"Amino Acid","Alanine and Aspartate Metabolism",31,"NAMED","KTHDTJVBEPMMGL-VKHMYHEASA-N","O=C(O)[C@@H](NC(C)=O)C","N-acetylalanine","N-acetylalanine",NA,NA,NA,"97-69-8","79449","HMDB0000766","C02847","88064","Polar","n_acetylalanine",153,"HMDB0000766_HPOS_TF18","COMETS"
"171",1111,209,1567,124579,"Amino Acid","Tyrosine Metabolism",208,"NAMED","CGQCWMIAEPEHNQ-UHFFFAOYSA-N","OC(C(O)=O)C1=CC=C(O)C(OC)=C1","vanillylmandelate (VMA)","vanillylmandelate (VMA)",NA,NA,NA,"55-10-7","1207","HMDB0000291","C05584","1245","Neg","vanillylmandelate_vma",154,"HMDB0000291","COMETS"
"172",1113,400,1558,155399,"Amino Acid","Polyamine Metabolism",569,"NAMED","UZTFMUBKZQVKLK-UHFFFAOYSA-N","CC(NCCCC(O)=O)=O","4-acetamidobutanoate","4-acetamidobutanoate",NA,NA,NA,"3025-96-5","17180","HMDB0003681","C02946","18189","Pos Early","4_acetamidobutanoate",155,"HMDB0003681","COMETS"
"173",1123,209,1563,125732,"Lipid","Primary Bile Acid Metabolism",3489,"NAMED","RUDATBOHQWOJDD-LXEZOOAESA-N","C[C@]12CC[C@]3([H])[C@@]4(C)CC[C@@H](O)C[C@@]4([H])C[C@@H](O)[C@@]3([H])[C@]1([H])CC[C@@]2(C(CCC(O)=O)C)[H]","chenodeoxycholate","chenodeoxycholate",NA,NA,NA,"474-25-9,474-24-9",NA,"HMDB0000518","C02528","10133","Neg","chenodeoxycholate",157,"HMDB0000518","COMETS"
"174",1124,209,1564,124575,"Energy","TCA Cycle",1458,"NAMED","KRKNYBCHXYNGOX-UHFFFAOYSA-N","OC(CC(CC(O)=O)(O)C(O)=O)=O","citrate","citrate",NA,NA,NA,"77-92-9","305","HMDB0000094","C00158","311","Neg","citrate",158,"HMDB0000094","COMETS"
"175",1125,209,1559,124573,"Nucleotide","Pyrimidine Metabolism, Uracil containing",4266,"NAMED","OIVLITBTBDPEFK-UHFFFAOYSA-N","O=C(CCN1)NC1=O","5,6-dihydrouracil","5,6-dihydrouracil",NA,NA,NA,"504-07-4","629","HMDB0000076","C00429","649","Neg","5_6_dihydrouracil",159,"HMDB0000076","COMETS"
"176",1134,209,1604,124593,"Nucleotide","Purine Metabolism, (Hypo)Xanthine/Inosine containing",4166,"NAMED","LEHOTFFKMJEONL-UHFFFAOYSA-N","O=C1NC(NC(NC2=O)=O)=C2N1","urate","urate",NA,NA,NA,"120K5305,69-93-2",NA,"HMDB0000289","C00366","1175","Neg","urate",160,"HMDB0000289","COMETS"
"177",1134,209,1604,124593,"Nucleotide","Purine Metabolism, (Hypo)Xanthine/Inosine containing",4166,"NAMED","LEHOTFFKMJEONL-UHFFFAOYSA-N","O=C1NC(NC(NC2=O)=O)=C2N1","urate","urate",NA,NA,NA,"120K5305,69-93-2",NA,"HMDB0000289","C00366","1175","Neg","urate",160,"HMDB0000289_HPOS_QI186","COMETS"
"178",1135,209,1605,125991,"Lipid","Secondary Bile Acid Metabolism",3538,"NAMED","RUDATBOHQWOJDD-UZVSRGJWSA-N","O[C@@H]1[C@@]2([H])[C@]3([H])CC[C@@]([C@@H](CCC(O)=O)C)([H])[C@@]3(C)CC[C@]2([H])[C@@]4(C)CC[C@@H](O)C[C@@]4([H])C1","ursodeoxycholate","ursodeoxycholate",NA,NA,NA,"128-13-2","29131","HMDB0000946","C07880","31401","Neg","ursodeoxycholate",161,"HMDB0000946","COMETS"
"179",1137,402,38102,158973,"Lipid","Endocannabinoid",2182,"NAMED","BOWVQLFMWHZBEF-KTKRTIGZSA-N","O=C(NCCO)CCCCCCC/C=C\CCCCCCCC","oleoyl ethanolamide","oleoyl ethanolamide",NA,NA,NA,"111-58-0,11-58-0","4446574","HMDB0002088",NA,"5283454","Pos Late","oleoyl ethanolamide",162,"HMDB0002088","COMETS"
"180",1140,400,2730,155470,"Peptide","Gamma-glutamyl Amino Acid",652,"NAMED","JBFYFLXEJFQWMU-WDSKDSINSA-N","O=C(N)CC[C@@H](C(O)=O)NC(CC[C@@H](C(O)=O)N)=O","gamma-glutamylglutamine","gamma-glutamylglutamine",NA,NA,NA,"10148-81-9","133013","HMDB0011738","C05283","150914","Pos Early","gamma_glutamylglutamine",163,"HMDB0011738","COMETS"
"181",1141,209,1669,124595,"Amino Acid","Tyrosine Metabolism",181,"NAMED","KKADPXVIOXHVKN-UHFFFAOYSA-N","OC1=CC=C(CC(C(O)=O)=O)C=C1","4-hydroxyphenylpyruvate","4-hydroxyphenylpyruvate",NA,NA,NA,"156-39-8","954","HMDB0000707","C01179","979","Neg","4_hydroxyphenylpyruvate",164,"HMDB0000707","COMETS"
"182",1143,209,40605,223227,"Lipid","Short Chain Fatty Acid",1506,"NAMED","FERIUCNNQQJTOY-UHFFFAOYSA-N","OC(CCC)=O","butyrate/isobutyrate (4:0)","butyrate/isobutyrate (4:0)",NA,NA,NA,"109-92-6","259","HMDB0000039","C00246","264","Neg","butyrate_isobutyrate_4_0",165,"COMP40605","Moore"
"183",1162,305,32377,147564,"Carbohydrate","Aminosugar Metabolism",1437,"NAMED","SQVRNKJHWKZAKO-UHFFFAOYSA-N","OC1(C(O)=O)CC(O)C(NC(C)=O)C(C(O)C(O)CO)O1","N-acetylneuraminate","N-acetylneuraminate",NA,NA,NA,"131-48-6","10292217","HMDB0000230","C00270","439197","Polar","n_acetylneuraminate",166,"HMDB0000230","COMETS"
"184",1215,400,48149,157725,"Carbohydrate","Aminosugar Metabolism",1449,"NAMED","YTTRPBWEMMPYSW-VFFCQLMOSA-N","O[C@H]1[C@H](O)[C@@H](CO)O[C@@H](NC(CC(N)C(O)=O)=O)[C@@H]1NC(C)=O","N-acetylglucosaminylasparagine","N-acetylglucosaminylasparagine",NA,NA,NA,"2776-93-4","21403014","HMDB0000489","C04540","123826","Pos Early","n_acetylglucosaminylasparagine",167,"HMDB0000489","COMETS"
"185",1218,400,33963,156059,"Lipid","Ketone Bodies",1959,"NAMED","WDJHALXBUFZDSR-UHFFFAOYSA-N","O=C(CC(C)=O)O","acetoacetate","acetoacetate",NA,NA,NA,"3483-11-2,623-58-5","94","HMDB0000060","C00164","96","Pos Early","acetoacetate",168,"HMDB0000060","COMETS"
"186",1221,400,27718,155838,"Amino Acid","Creatine Metabolism",537,"NAMED","CVSVTCORWBXHQV-UHFFFAOYSA-N","CN(C(N)=N)CC(O)=O","creatine","creatine",NA,NA,NA,"57-00-1","566","HMDB0000064","C00300","586","Pos Early","creatine",169,"HMDB0000064","COMETS"
"187",1230,209,18474,124889,"Lipid","Estrogenic Steroids",3459,"NAMED","JKKFKPJIXZFSSB-DFGXFYAUSA-N","C[C@@](CC1)(C2=O)[C@](CC2)([H])[C@@](CC3)([H])[C@]1([H])C(C=C4)=C3C=C4OS(O)(=O)=O","estrone 3-sulfate","estrone 3-sulfate",NA,NA,NA,"438-67-5","16740220","HMDB0001425","C02538","3001028","Neg","estrone 3_sulfate",171,"HMDB0001425","COMETS"
"188",1231,209,17805,126039,"Lipid","Long Chain Polyunsaturated Fatty Acid (n3 and n6)",1593,"NAMED","XSXIVVZCUAHUJO-HZJYTTRNSA-N","O=C(O)CCCCCCCCC/C=C\C/C=C\CCCCC","dihomo-linoleate (20:2n6)","dihomolinoleate (20:2n6)",NA,NA,NA,"2091-39-6","4944228","HMDB0005060","C16525","6439848","Neg","dihomo_linoleate_20_2n6",172,"HMDB0005060","COMETS"
"189",1242,400,15650,155564,"Nucleotide","Purine Metabolism, Adenine containing",4188,"NAMED","GFYLSDSUCHVORB-IOSLPCCCSA-N","N=C1C2=C(N([C@@]3([H])[C@@](O)([H])[C@@](O)([H])[C@](CO)([H])O3)C=N2)N=CN1C","N1-methyladenosine","1-methyladenosine",NA,NA,NA,"15763-06-1","4573813","HMDB0003331","C02494","27476","Pos Early","n1_methyladenosine",175,"HMDB0003331","COMETS"
"190",1254,209,15122,126021,"Lipid","Glycerolipid Metabolism",2868,"NAMED","PEDCQBHIVMGVHV-UHFFFAOYSA-N","OC(CO)CO","glycerol","glycerol",NA,NA,NA,"56-81-5","733","HMDB0000131","C00116","753","Neg","glycerol",176,"HMDB0000131","COMETS"
"191",1256,400,15506,155556,"Lipid","Phospholipid Metabolism",2255,"NAMED","CRBHXDCYXIISFC-UHFFFAOYSA-N","[O-]CC[N+](C)(C)C","choline","choline",NA,NA,NA,"67-48-1","149278","HMDB0000097","C00114","305","Pos Early","choline",177,"HMDB0000097","COMETS"
"192",1258,400,4970,155491,"Amino Acid","Tryptophan Metabolism",281,"NAMED","RWZYAGGXGHYGMB-UHFFFAOYSA-N","OC(C1=CC=CC=C1N)=O","anthranilate","anthranilate",NA,NA,NA,"118-92-3","222","HMDB0001123","C00108","227","Pos Early","anthranilate",178,"HMDB0001123","COMETS"
"193",1268,400,18369,155662,"Peptide","Gamma-glutamyl Amino Acid",656,"NAMED","MYFMARDICOWMQP-YUMQZZPRSA-N","CC(C)C[C@@H](C(O)=O)NC(CC[C@@H](C(O)=O)N)=O","gamma-glutamylleucine","gamma-glutamylleucine",NA,NA,NA,"2566-39-4","133115","HMDB0011171",NA,"151023","Pos Early","gamma_glutamylleucine",179,"HMDB0011171","COMETS"
"194",1342,400,12017,155509,"Amino Acid","Tyrosine Metabolism",210,"NAMED","PFDUUKDQEHURQC-ZETCQYMHSA-N","COC1=C(O)C=CC(C[C@@H](C(O)=O)N)=C1","3-methoxytyrosine","3-methoxytyrosine",NA,NA,NA,"300-48-1","8948","HMDB0001434",NA,"9307","Pos Early","3_methoxytyrosine",180,"HMDB0001434","COMETS"
"195",1383,209,12032,126015,"Xenobiotics","Drug - Analgesics, Anesthetics",5419,"NAMED","RZVAJINKPMORJF-UHFFFAOYSA-N","OC1=CC=C(NC(C)=O)C=C1","4-acetamidophenol","4-acetamidophenol",NA,NA,NA,"103-90-2","1906","HMDB0001859","C06804","1983","Neg","4_acetamidophenol",181,"HMDB0001859","COMETS"
"196",1383,209,12032,126015,"Xenobiotics","Drug - Analgesics, Anesthetics",5419,"NAMED","RZVAJINKPMORJF-UHFFFAOYSA-N","OC1=CC=C(NC(C)=O)C=C1","4-acetamidophenol","4-acetamidophenol",NA,NA,NA,"103-90-2","1906","HMDB0001859","C06804","1983","Neg","4_acetamidophenol",181,"HMDB0001859_HMDB59911","COMETS"
"197",1384,209,12122,124623,"Xenobiotics","Drug - Analgesics, Anesthetics",5435,"NAMED","CMWTZPSULFXXJA-VIFPVBQESA-N","COC1=CC=C2C(C=CC([C@H](C)C(O)=O)=C2)=C1","naproxen","naproxen",NA,NA,NA,"22204-53-1","137720","HMDB0001923","C01517","156391","Neg","naproxen",182,"HMDB0001923","COMETS"
"198",1442,209,12129,126017,"Amino Acid","Leucine, Isoleucine and Valine Metabolism",369,"NAMED","AXFYFNCPONWUHW-UHFFFAOYSA-N","CC(C)(O)CC(O)=O","beta-hydroxyisovalerate","beta-hydroxyisovalerate",NA,NA,NA,"625-08-1","62571","HMDB0000754",NA,"69362","Neg","beta_hydroxyisovalerate",183,"HMDB0000754","COMETS"
"199",1487,209,17799,124883,"Xenobiotics","Drug - Analgesics, Anesthetics",5439,"NAMED","HEFNNWSXXWATRW-UHFFFAOYSA-N","CC(C1=CC=C(CC(C)C)C=C1)C(O)=O","ibuprofen","ibuprofen",NA,NA,NA,"15687-27-1","3544","HMDB0001925","C01588","3672","Neg","ibuprofen",184,"HMDB0001925","COMETS"
"200",1488,402,32463,158509,"Lipid","Endocannabinoid",2190,"NAMED","LGEQQWMQCRIYKG-DOFZRALJSA-N","O=C(NCCO)CCC/C=C\C/C=C\C/C=C\C/C=C\CCCCC","arachidonoyl ethanolamide","arachidonoyl ethanolamide",NA,NA,NA,"94421-68-8","4445241","HMDB0004080","C11695","5281969","Pos Late","arachidonoyl ethanolamide",185,"HMDB0004080","COMETS"
"201",1489,209,38165,127721,"Lipid","Endocannabinoid",2185,"NAMED","HXYVTAGFYLMHSO-UHFFFAOYSA-N","CCCCCCCCCCCCCCCC(NCCO)=O","palmitoyl ethanolamide","palmitoyl ethanolamide",NA,NA,NA,"544-31-0","4509","HMDB0002100","C16512","4671","Neg","palmitoyl ethanolamide",186,"HMDB0002100_C18_QI112","COMETS"
"202",1489,209,38165,127721,"Lipid","Endocannabinoid",2185,"NAMED","HXYVTAGFYLMHSO-UHFFFAOYSA-N","CCCCCCCCCCCCCCCC(NCCO)=O","palmitoyl ethanolamide","palmitoyl ethanolamide",NA,NA,NA,"544-31-0","4509","HMDB0002100","C16512","4671","Neg","palmitoyl ethanolamide",186,"HMDB0002100","COMETS"
"203",1518,402,44877,164219,"Lipid","Ceramides",3049,"NAMED","YDNKGFDKKRUKPY-TURZORIXSA-N","OC[C@@H]([C@H](O)/C=C/CCCCCCCCCCCCC)NC(CCCCCCCCCCCCCCC)=O","N-palmitoyl-sphingosine (d18:1/16:0)","N-palmitoyl-sphingosine (d18:1/16:0)","CER 34:1;O2","CER 18:1; O2_16:0","CER 18:1; O2/16:0","24696-26-2","4446677","HMDB0004949",NA,"5283564","Pos Late","n_palmitoyl_sphingosine_d18_1_16_0",187,"HMDB0004949","COMETS"
"204",1518,402,44877,164219,"Lipid","Ceramides",3049,"NAMED","YDNKGFDKKRUKPY-TURZORIXSA-N","OC[C@@H]([C@H](O)/C=C/CCCCCCCCCCCCC)NC(CCCCCCCCCCCCCCC)=O","N-palmitoyl-sphingosine (d18:1/16:0)","N-palmitoyl-sphingosine (d18:1/16:0)","CER 34:1;O2","CER 18:1; O2_16:0","CER 18:1; O2/16:0","24696-26-2","4446677","HMDB0004949",NA,"5283564","Pos Late","n_palmitoyl_sphingosine_d18_1_16_0",187,"HMDB0004949_C8_QI84","COMETS"
"205",1526,402,19263,164198,"Lipid","Phosphatidylethanolamine (PE)",2431,"NAMED","FHQVHHIBKUMWTI-OTMQOFQLSA-N","CCCCCCCC\C=C/CCCCCCCC(O[C@](COC(CCCCCCCCCCCCCCC)=O)(COP([O-])(OCC[N+]([H])([H])[H])=O)[H])=O","1-palmitoyl-2-oleoyl-GPE (16:0/18:1)","1-palmitoyl-2-oleoyl-GPE (16:0/18:1)","PE 34:1","PE 16:0_18:1","Unknown","26662-94-2","4446615","HMDB0005320",NA,"5283496","Pos Late","1_palmitoyl_2_oleoyl_gpe_16_0_18_1",188,"HMDB0005320","COMETS"
"206",1528,402,52450,210818,"Lipid","Phosphatidylinositol (PI)",2560,"NAMED","BSNJSZUDOMPYIR-DMDPBSJXSA-N","O=C(CCCCCCC/C=C\C/C=C\CCCCC)O[C@@H](COP(OC1C(O)C(O)C(O)C(O)C1O)(O)=O)COC(CCCCCCCCCCCCCCC)=O","1-palmitoyl-2-linoleoyl-GPI (16:0/18:2)","1-palmitoyl-2-linoleoyl-GPI (16:0/18:2)","PI 34:2","PI 16:0_18:2","Unknown",NA,"21403024","HMDB0009784",NA,"46891795","Pos Late","1_palmitoyl_2_linoleoyl_gpi_16_0_18_2",189,"HMDB0009784","COMETS"
"207",1537,402,42446,165129,"Lipid","Phosphatidylcholine (PC)",2309,"NAMED","JLPULHDHAOZNQI-ZTIMHPMXSA-N","O=P([O-])(OC[C@@H](COC(CCCCCCCCCCCCCCC)=O)OC(CCCCCCC/C=C\C/C=C\CCCCC)=O)OCC[N+](C)(C)C","1-palmitoyl-2-linoleoyl-GPC (16:0/18:2)","1-palmitoyl-2-linoleoyl-GPC (16:0/18:2)","PC 34:2","PC 16:0_18:2","Unknown","40811-94-7","4450224","HMDB0007973",NA,"5287971","Pos Late","1_palmitoyl_2_linoleoyl_gpc_16_0_18_2",190,"HMDB0007973","COMETS"
"208",1537,402,42446,165129,"Lipid","Phosphatidylcholine (PC)",2309,"NAMED","JLPULHDHAOZNQI-ZTIMHPMXSA-N","O=P([O-])(OC[C@@H](COC(CCCCCCCCCCCCCCC)=O)OC(CCCCCCC/C=C\C/C=C\CCCCC)=O)OCC[N+](C)(C)C","1-palmitoyl-2-linoleoyl-GPC (16:0/18:2)","1-palmitoyl-2-linoleoyl-GPC (16:0/18:2)","PC 34:2","PC 16:0_18:2","Unknown","40811-94-7","4450224","HMDB0007973",NA,"5287971","Pos Late","1_palmitoyl_2_linoleoyl_gpc_16_0_18_2",190,"HMDB0007973_C8_QI27","COMETS"
"209",1538,402,19503,164530,"Lipid","Sphingomyelins",3134,"NAMED","LKQLRGMMMAHREN-YJFXYUILSA-N","CCCCCCCCCCCCCCCCCC(N[C@@](COP([O-])(OCC[N+](C)(C)C)=O)([C@](O)(/C=C/CCCCCCCCCCCCC)[H])[H])=O","stearoyl sphingomyelin (d18:1/18:0)","stearoyl sphingomyelin (d18:1/18:0)","SM 36:1;O2","SM 18:1;O2_18:0","SM 18:1;O2/18:0","85187-10-6,85187-10-6","4956085","HMDB0001348","C00550","6453725","Pos Late","stearoyl sphingomyelin_d18_1_18_0",191,"HMDB0001348","COMETS"
"210",1538,402,19503,164530,"Lipid","Sphingomyelins",3134,"NAMED","LKQLRGMMMAHREN-YJFXYUILSA-N","CCCCCCCCCCCCCCCCCC(N[C@@](COP([O-])(OCC[N+](C)(C)C)=O)([C@](O)(/C=C/CCCCCCCCCCCCC)[H])[H])=O","stearoyl sphingomyelin (d18:1/18:0)","stearoyl sphingomyelin (d18:1/18:0)","SM 36:1;O2","SM 18:1;O2_18:0","SM 18:1;O2/18:0","85187-10-6,85187-10-6","4956085","HMDB0001348","C00550","6453725","Pos Late","stearoyl sphingomyelin_d18_1_18_0",191,"HMDB0001348_C8_QI94","COMETS"
"211",1539,402,52461,165127,"Lipid","Phosphatidylcholine (PC)",2306,"NAMED","WTJKGGKOPKCXLL-PFDVCBLKSA-N","O=C(CCCCCCC/C=C\CCCCCCCC)O[C@@H](COC(CCCCCCCCCCCCCCC)=O)COP(OCC[N+](C)(C)C)([O-])=O","1-palmitoyl-2-oleoyl-GPC (16:0/18:1)","1-palmitoyl-2-oleoyl-GPC (16:0/18:1)","PC 34:1","PC 16:0_18:1","Unknown","26853-31-6,26853-31-6","4940699","HMDB0007972","C13875","6436017","Pos Late","1_palmitoyl_2_oleoyl_gpc_16_0_18_1",192,"HMDB0007972","COMETS"
"212",1547,402,54979,208064,"Lipid","Ceramides",3053,"NAMED","VODZWWMEJITOND-NXCSZAMKSA-N","OC[C@H](NC(CCCCCCCCCCCCCCCCC)=O)[C@H](O)/C=C/CCCCCCCCCCCCC","N-stearoyl-sphingosine (d18:1/18:0)*","N-stearoyl-sphingosine (d18:1/18:0)*","CER 36:1;O2","CER 18:1; O2_18:0","CER 18:1; O2/18:0","104404-17-3","4446678","HMDB0004950",NA,"5283565","Pos Late","n_stearoyl_sphingosine_d18_1_18_0",193,"HMDB0004950","COMETS"
"213",1628,209,32346,124921,"Lipid","Primary Bile Acid Metabolism",3494,"NAMED","GHCZAUBVMUEKKP-AZDOMVTHSA-N","O=C(NCC(O)=O)CC[C@@H](C)[C@@H]1[C@](CC[C@H]2[C@@]3([H])[C@H](O)C[C@@]4([H])C2(C)CC[C@@H](O)C4)(C)[C@]3([H])CC1","glycochenodeoxycholate","glycochenodeoxycholate",NA,NA,NA,"16564-43-5",NA,"HMDB0000637","C05466","12544","Neg","glycochenodeoxycholate",194,"HMDB0000637","COMETS"
"214",1629,209,18494,124667,"Lipid","Primary Bile Acid Metabolism",3495,"NAMED","BHTRKEVKTKCXOH-BJLOMENOSA-N","C[C@@]12[C@@]([H])(CC[C@@]2([C@@H](CCC(NCCS(O)(=O)=O)=O)C)[H])[C@@]([C@@H](C[C@]3([H])C[C@H](O)CC4)O)([H])[C@]([C@]34C)([H])CC1","taurochenodeoxycholate","taurochenodeoxycholate",NA,NA,NA,"6009-98-9","343282","HMDB0000951","C05465","387316","Neg","taurochenodeoxycholate",195,"HMDB0000951","COMETS"
"215",1648,209,18497,125762,"Lipid","Primary Bile Acid Metabolism",3488,"NAMED","WBWWGRHZICKQGZ-HGVCTONRSA-N","C[C@@]12[C@@]([H])(CC[C@]2([H])[C@@H](CCC(NCCS(O)(=O)=O)=O)C)[C@@]([C@H](O)C[C@@]3([H])[C@@]4(CC[C@@H](O)C3)C)([H])[C@@]4([H])C[C@@H]1O","taurocholate","taurocholate",NA,NA,NA,"145-42-6",NA,"HMDB0000036","C05122","6675,46783527","Neg","taurocholate",196,"HMDB0000036_C18_Q89","COMETS"
"216",1648,209,18497,125762,"Lipid","Primary Bile Acid Metabolism",3488,"NAMED","WBWWGRHZICKQGZ-HGVCTONRSA-N","C[C@@]12[C@@]([H])(CC[C@]2([H])[C@@H](CCC(NCCS(O)(=O)=O)=O)C)[C@@]([C@H](O)C[C@@]3([H])[C@@]4(CC[C@@H](O)C3)C)([H])[C@@]4([H])C[C@@H]1O","taurocholate","taurocholate",NA,NA,NA,"145-42-6",NA,"HMDB0000036","C05122","6675,46783527","Neg","taurocholate",196,"HMDB0000036","COMETS"
"217",1668,209,12261,124839,"Lipid","Secondary Bile Acid Metabolism",3523,"NAMED","AWDRATDZQPNJFN-RZGBOAIJSA-N","C[C@@]12[C@@]([H])(CC[C@]2([H])[C@@H](CCC(NCCS(O)(=O)=O)=O)C)[C@@](CC[C@@]3([H])[C@@]4(CC[C@@H](O)C3)C)([H])[C@@]4([H])C[C@@H]1O","taurodeoxycholate","taurodeoxycholate",NA,NA,NA,"207737-97-1","2015539","HMDB0000896","C05463","2733768","Neg","taurodeoxycholate",197,"HMDB0000896_C18_Q86","COMETS"
"218",1668,209,12261,124839,"Lipid","Secondary Bile Acid Metabolism",3523,"NAMED","AWDRATDZQPNJFN-RZGBOAIJSA-N","C[C@@]12[C@@]([H])(CC[C@]2([H])[C@@H](CCC(NCCS(O)(=O)=O)=O)C)[C@@](CC[C@@]3([H])[C@@]4(CC[C@@H](O)C3)C)([H])[C@@]4([H])C[C@@H]1O","taurodeoxycholate","taurodeoxycholate",NA,NA,NA,"207737-97-1","2015539","HMDB0000896","C05463","2733768","Neg","taurodeoxycholate",197,"HMDB0000896","COMETS"
"219",1869,209,18281,124655,"Xenobiotics","Benzoate Metabolism",4502,"NAMED","ONJSZLXSECQROL-UHFFFAOYSA-N","O=C(C1=CC=CC=C1O)NCC(O)=O","2-hydroxyhippurate (salicylurate)","2-hydroxyhippurate (salicylurate)",NA,NA,NA,"487-54-7","9835","HMDB0000840","C07588","10253","Neg","2_hydroxyhippurate_salicylurate",198,"HMDB0000840","COMETS"
"220",1869,209,18281,124655,"Xenobiotics","Benzoate Metabolism",4502,"NAMED","ONJSZLXSECQROL-UHFFFAOYSA-N","O=C(C1=CC=CC=C1O)NCC(O)=O","2-hydroxyhippurate (salicylurate)","2-hydroxyhippurate (salicylurate)",NA,NA,NA,"487-54-7","9835","HMDB0000840","C07588","10253","Neg","2_hydroxyhippurate_salicylurate",198,"HMDB0000840_C18_QI93","COMETS"
"221",2029,209,18362,124661,"Lipid","Fatty Acid, Dicarboxylate",1702,"NAMED","BDJRBEYXGGNYIS-UHFFFAOYSA-N","O=C(O)CCCCCCCC(O)=O","azelate (C9-DC)","azelate (C9-DC)",NA,NA,NA,"123-99-9","2179","HMDB0000784","C08261","2266","Neg","azelate_c9_dc",199,"HMDB0000784","COMETS"
"222",2049,209,37475,127693,"Xenobiotics","Drug - Analgesics, Anesthetics",5422,"NAMED","IGTYILLPRJOVFY-UHFFFAOYSA-N","CC(NC1=CC=C(OS(=O)(O)=O)C=C1)=O","4-acetaminophen sulfate","4-acetaminophen sulfate",NA,NA,NA,"32113-41-0,10066-90-7","75741","HMDB0059911","C06804","83939","Neg","4_acetaminophen sulfate",201,"HMDB59911","Moore"
"223",2050,209,18467,126840,"Lipid","Long Chain Polyunsaturated Fatty Acid (n3 and n6)",1583,"NAMED","JAZBEHYOTPTENJ-JLNKQSITSA-N","O=C(O)CCC\C=C/C/C=C\C/C=C\C/C=C\C/C=C\CC","eicosapentaenoate (EPA; 20:5n3)","eicosapentaenoate (EPA; 20:5n3)",NA,NA,NA,"10-2005-9,10417-94-4","393682","HMDB0001999","C06428","446284","Neg","eicosapentaenoate_epa_20_5n3",202,"HMDB0001999","COMETS"
"224",2051,305,15745,146490,"Amino Acid","Leucine, Isoleucine and Valine Metabolism",416,"NAMED","WXUAQHNMJWJLTG-UHFFFAOYSA-N","CC(C(O)=O)CC(O)=O","methylsuccinate","methylsuccinate",NA,NA,NA,"498-21-5","9922","HMDB0001844",NA,"10349","Polar","methylsuccinate",203,"HMDB0001844","COMETS"
"225",2054,305,15765,147158,"Amino Acid","Leucine, Isoleucine and Valine Metabolism",413,"NAMED","UKFXDFUAPNAMPJ-UHFFFAOYSA-N","CCC(C(O)=O)C(O)=O","ethylmalonate","ethylmalonate",NA,NA,NA,"601-75-2","11263","HMDB0000622",NA,"11756","Polar","ethylmalonate",204,"HMDB0000622","COMETS"
"226",100000007,400,15500,155554,"Lipid","Carnitine Metabolism",1955,"NAMED","PHIQHXFUZVPYII-ZCFIWIBFSA-N","[O-]C(C[C@@H](O)C[N+](C)(C)C)=O","carnitine","carnitine",NA,NA,NA,"461-05-2","10455","HMDB0000062","C00487,C00308","288","Pos Early","carnitine",205,"HMDB0000062","COMETS"
"227",100000008,209,15778,124867,"Xenobiotics","Benzoate Metabolism",4513,"NAMED","WPYMKLBDIGXBTP-UHFFFAOYSA-N","OC(C1=CC=CC=C1)=O","benzoate","benzoate",NA,NA,NA,"65-85-0","238","HMDB0001870","C00180","243","Neg","benzoate",206,"HMDB0001870","COMETS"
"228",100000010,209,15749,126035,"Xenobiotics","Benzoate Metabolism",4611,"NAMED","XMIIGOLPHOKFCH-UHFFFAOYSA-N","OC(CCC1=CC=CC=C1)=O","3-phenylpropionate (hydrocinnamate)","3-phenylpropionate (hydrocinnamate)",NA,NA,NA,"501-52-0","10181339","HMDB0000764","C05629","107","Neg","3_phenylpropionate_hydrocinnamate",207,"HMDB0000764","COMETS"
"229",100000011,209,57745,213340,"Amino Acid","Phenylalanine Metabolism",161,"NAMED","WLJVXDMOQOGPHL-UHFFFAOYSA-N","O=C(O)CC1=CC=CC=C1","phenylacetate","phenylacetate",NA,NA,NA,"103-82-2","10181341","HMDB0000209","C07086","999","Neg","phenylacetate",208,"HMDB0000209","COMETS"
"230",100000014,209,15753,124647,"Xenobiotics","Benzoate Metabolism",4498,"NAMED","QIAFMBKCNZACKA-UHFFFAOYSA-N","O=C(C1=CC=CC=C1)NCC(O)=O","hippurate","hippurate",NA,NA,NA,"495-69-2","451","HMDB0000714","C01586","464","Neg","hippurate",209,"HMDB0000714","COMETS"
"231",100000015,209,15679,123267,"Amino Acid","Tryptophan Metabolism",284,"NAMED","FBZONXHGGPHHIY-UHFFFAOYSA-N","OC1=C2C(C(O)=CC(C(O)=O)=N2)=CC=C1","xanthurenate","xanthurenate",NA,NA,NA,"59-007","5497","HMDB0000881","C02470","5699","Neg","xanthurenate",210,"HMDB0000881","COMETS"
"232",100000016,305,15730,145770,"Lipid","Fatty Acid, Dicarboxylate",1699,"NAMED","TYFQFVWCELRYAO-UHFFFAOYSA-N","OC(CCCCCCC(O)=O)=O","suberate (C8-DC)","suberate (C8-DC)",NA,NA,NA,"505-48-6","10025","HMDB0000893","C08278","10457","Polar","suberate_c8_dc",211,"HMDB0000893","COMETS"
"233",100000036,209,15676,123263,"Amino Acid","Leucine, Isoleucine and Valine Metabolism",400,"NAMED","JVQYSWDUAOAHFM-UHFFFAOYSA-N","CCC(C)C(C(O)=O)=O","3-methyl-2-oxovalerate","3-methyl-2-oxovalerate",NA,NA,NA,"51829-07-3,1460-34-0","46","HMDB0000491","C03465,C06008,C00671","439286,440877","Neg","3_methyl_2_oxovalerate",212,"HMDB03736","Moore"
"234",100000039,400,18374,155665,"Amino Acid","Methionine, Cysteine, SAM and Taurine Metabolism",447,"NAMED","QEFRNWWLZKMPFJ-YGVKFDHGSA-N","O=C(O)[C@@H](N)CCS(C)=O","methionine sulfoxide","methionine sulfoxide",NA,NA,NA,"3226-65-1","139840","HMDB0002005","C02989","158980","Pos Early","methionine sulfoxide",213,"HMDB0002005","COMETS"
"235",100000042,209,15677,123265,"Amino Acid","Histidine Metabolism",75,"NAMED","JDHILDINMRGULE-LURJTMIESA-N","N[C@H](C(O)=O)CC1=CN=CN1C","3-methylhistidine","3-methylhistidine",NA,NA,NA,"368-16-1","58494","HMDB0000479","C01152","64969","Neg","3_methylhistidine",214,"HMDB0000479","COMETS"
"236",100000043,209,15736,126033,"Xenobiotics","Drug - Analgesics, Anesthetics",5423,"NAMED","IPROLSVTVHAQLE-UHFFFAOYSA-N","OC1C(C(O)=O)OC(OC2=CC=C(NC(C)=O)C=C2)C(O)C1O","4-acetamidophenylglucuronide","4-acetamidophenylglucuronide",NA,NA,NA,"120595-80-4","3239926","HMDB0010316",NA,"4022661,83944","Neg","4_acetamidophenylglucuronide",215,"HMDB0010316","COMETS"
"237",100000044,209,15747,123273,"Amino Acid","Histidine Metabolism",90,"NAMED","MYYIAHXIVFADCU-QMMMGPOBSA-N","CN1C=NC=C1C[C@@H]([C@@](O)=O)NC(CCN)=O","anserine","anserine",NA,NA,NA,"10030-52-1","100482","HMDB0000194","C01262","112072","Neg","anserine",216,"HMDB0000194","COMETS"
"238",100000054,400,15685,155573,"Amino Acid","Lysine Metabolism",122,"NAMED","YSMODUONRAFBET-AKGZTFGVSA-N","N[C@@H](CCC(O)CN)C(O)=O","5-hydroxylysine","5-hydroxylysine",NA,NA,NA,"13204-98-3","1002","HMDB0000450","C16741","3032849","Pos Early","5_hydroxylysine",217,"HMDB0000450","COMETS"
"239",100000096,400,15681,155572,"Amino Acid","Guanidino and Acetamido Metabolism",572,"NAMED","TUHVEAJXIMEOSA-UHFFFAOYSA-N","N=C(N)NCCCC(O)=O","4-guanidinobutanoate","4-guanidinobutanoate",NA,NA,NA,"463-003,463-00-3","486","HMDB0003464","C01035","500","Pos Early","4_guanidinobutanoate",218,"HMDB0003464","COMETS"
"240",100000257,305,15443,146478,"Carbohydrate","Aminosugar Metabolism",1425,"NAMED","AEMOLEFTQBMNLQ-QIUUJYRFSA-N","O[C@@H]1O[C@H]([C@](O)=O)[C@@H](O)[C@H](O)[C@H]1O","glucuronate","glucuronate",NA,NA,NA,"207300-70-7","58552","HMDB0000127","C16245","441478,23677976,94715,65041,444791","Polar","glucuronate",219,"HMDB0000127","COMETS"
"241",100000258,400,43847,157058,"Lipid","Glycerolipid Metabolism",2869,"NAMED","AWUCVROLDVIAJX-UHFFFAOYSA-N","O=P(O)(OCC(CO)O)O","glycerol 3-phosphate","glycerol 3-phosphate",NA,NA,NA,"29849-82-9","734","HMDB0000126","C0093","754","Pos Early","glycerol 3_phosphate",220,"HMDB0000126","COMETS"
"242",100000258,400,43847,157058,"Lipid","Glycerolipid Metabolism",2869,"NAMED","AWUCVROLDVIAJX-UHFFFAOYSA-N","O=P(O)(OCC(CO)O)O","glycerol 3-phosphate","glycerol 3-phosphate",NA,NA,NA,"29849-82-9","734","HMDB0000126","C0093","754","Pos Early","glycerol 3_phosphate",220,"HMDB0000126_M15365","COMETS"
"243",100000263,400,15716,155583,"Amino Acid","Histidine Metabolism",86,"NAMED","ACZFBYCNAVEFLC-UHFFFAOYSA-N","OC(C(O)=O)CC1=CN=CN1","imidazole lactate","imidazole lactate",NA,NA,NA,"14403-45-3","389128","HMDB0002320","C05568","793","Pos Early","imidazole lactate",221,"HMDB0002320","COMETS"
"244",100000265,400,15140,155539,"Amino Acid","Tryptophan Metabolism",273,"NAMED","YGPSJZOEDVAXAB-QMMMGPOBSA-N","N[C@H](C(O)=O)CC(C1=CC=CC=C1N)=O","kynurenine","kynurenine",NA,NA,NA,"2922-83-0","141580","HMDB0000684","C00328","161166","Pos Early","kynurenine",222,"HMDB0000684","COMETS"
"245",100000269,400,15990,155613,"Lipid","Phospholipid Metabolism",2259,"NAMED","SUHOQUVVVLNYQR-MRVPVSSYSA-N","O=P(OCC[N+](C)(C)C)([O-])OC[C@H](O)CO","glycerophosphorylcholine (GPC)","glycerophosphorylcholine (GPC)",NA,NA,NA,"28319-77-9","571409","HMDB0000086","C00670","71920","Pos Early","glycerophosphorylcholine_gpc",223,"HMDB0000086","COMETS"
"246",100000272,305,15142,145758,"Amino Acid","Glycine, Serine and Threonine Metabolism",19,"NAMED","AYFVYJQAPQTCCC-HRFVKAFMSA-N","O=C(O)[C@@H](N)[C@H](C)O","allo-threonine","allo-threonine",NA,NA,NA,"28954-12-3","89699","HMDB0004041","C05519","99289","Polar","allo_threonine",224,"HMDB0004041","COMETS"
"247",100000275,209,15910,126826,"Carbohydrate","Glycogen Metabolism",1313,"NAMED","LUEWUZLMQUOBSB-ZLBHSGTGSA-N","O[C@H]1[C@H](O)[C@@H](CO)O[C@H](O[C@H]2[C@H](O)[C@@H](O)[C@@H](O[C@@H]3[C@@H](CO)O[C@H](O[C@@H]4[C@@H](CO)O[C@H](O)[C@H](O)[C@H]4O)[C@H](O)[C@H]3O)O[C@@H]2CO)[C@@H]1O","maltotetraose","maltotetraose",NA,NA,NA,"34612-38-9","393830","HMDB0001296","C02052","439639","Neg","maltotetraose",225,"HMDB0001296","COMETS"
"248",100000276,209,44688,126149,"Carbohydrate","Glycogen Metabolism",1315,"NAMED","FYGDTMLNYKFZSV-DZOUCCHMSA-N","O[C@H]1[C@H](O)[C@@H](CO)O[C@H](O[C@@H]2[C@@H](CO)O[C@H](O[C@@H]3[C@@H](CO)OC(O)[C@H](O)[C@H]3O)[C@H](O)[C@H]2O)[C@@H]1O","maltotriose","maltotriose",NA,NA,NA,"1109-28-0","388669","HMDB0001262","C01835","439586","Neg","maltotriose",226,"HMDB0001262","COMETS"
"249",100000282,305,15720,164302,"Amino Acid","Glutamate Metabolism",49,"NAMED","RFMMMVDNIPUKGG-YFKPBYRVSA-N","O=C(O)CC[C@@H](C(O)=O)NC(C)=O","N-acetylglutamate","N-acetylglutamate",NA,NA,NA,"5817-08-3","1266066","HMDB0001138","C00624","70914","Polar","n_acetylglutamate",227,"HMDB0001138","COMETS"
"250",100000295,209,15336,123251,"Xenobiotics","Food Component/Plant",5111,"NAMED","FEWJPZIEWOKRBE-JCYAYHJZSA-N","OC([C@H](O)[C@@H](O)C(O)=O)=O","tartarate","tartarate",NA,NA,NA,"87-69-4,6106-24-7","852","HMDB0000956","C00552,C02107,C00898","444305,875","Neg","tartarate",228,"HMDB0000956","COMETS"
"251",100000299,209,15136,124851,"Nucleotide","Purine Metabolism, (Hypo)Xanthine/Inosine containing",4158,"NAMED","UBORTCNDUKBEOP-UUOKFMHZSA-N","OC1=C(N=CN2[C@@]3([H])[C@@](O)([H])[C@@](O)([H])[C@](CO)([H])O3)C2=NC(O)=N1","xanthosine","xanthosine",NA,NA,NA,"146-80-5","58484","HMDB0000299","C01762","64959","Neg","xanthosine",229,"HMDB0000299","COMETS"
"252",100000406,305,15772,146492,"Carbohydrate","Pentose Metabolism",1280,"NAMED","HEBKCHPVOIAQTA-ZXFHETKHSA-N","OC[C@@H](O)[C@@H](O)[C@@H](O)CO","ribitol","ribitol",NA,NA,NA,"488-81-3","10254628","HMDB0002917","C00379,C01904,C00474,C00532","6912","Polar","ribitol",230,"HMDB0002917_HMDB00568","COMETS"
"253",100000406,305,15772,146492,"Carbohydrate","Pentose Metabolism",1280,"NAMED","HEBKCHPVOIAQTA-ZXFHETKHSA-N","OC[C@@H](O)[C@@H](O)[C@@H](O)CO","ribitol","ribitol",NA,NA,NA,"488-81-3","10254628","HMDB0001851","C00379,C01904,C00474,C00532","6912","Polar","ribitol",230,"HMDB0001851","COMETS"
"254",100000406,305,15772,146492,"Carbohydrate","Pentose Metabolism",1280,"NAMED","HEBKCHPVOIAQTA-ZXFHETKHSA-N","OC[C@@H](O)[C@@H](O)[C@@H](O)CO","ribitol","ribitol",NA,NA,NA,"488-81-3","10254628","HMDB0000568","C00379,C01904,C00474,C00532","6912","Polar","ribitol",230,"HMDB02917_HMDB00568","Moore"
"255",100000406,305,15772,146492,"Carbohydrate","Pentose Metabolism",1280,"NAMED","HEBKCHPVOIAQTA-ZXFHETKHSA-N","OC[C@@H](O)[C@@H](O)[C@@H](O)CO","ribitol","ribitol",NA,NA,NA,"488-81-3","10254628","HMDB0000508","C00379,C01904,C00474,C00532","6912","Polar","ribitol",230,"HMDB0000508","COMETS"
"256",100000409,305,15667,152132,"Xenobiotics","Food Component/Plant",4817,"NAMED","BITYXLXUCSKTJS-UHFFFAOYSA-N","OC(CC(O)=O)(C(C)C)C(O)=O","2-isopropylmalate","2-isopropylmalate",NA,NA,NA,"3237-44-3","76","HMDB0000402","C02504","77","Polar","2_isopropylmalate",231,"HMDB0000402","COMETS"
"257",100000436,209,18477,123291,"Lipid","Secondary Bile Acid Metabolism",3521,"NAMED","WVULKSPCQVQLCU-BUXLTGKBSA-N","O=C(NCC(O)=O)CC[C@@H](C)[C@@H]1[C@@]2(C)[C@@H](O)C[C@]3([H])[C@@]4(C)CC[C@@H](O)C[C@@]4([H])CC[C@@]3([H])[C@@]2(CC1)[H]","glycodeoxycholate","glycodeoxycholate",NA,NA,NA,"360-65-6",NA,"HMDB0000631","C05464","3035026","Neg","glycodeoxycholate",232,"HMDB0000631_C18_Q82","COMETS"
"258",100000436,209,18477,123291,"Lipid","Secondary Bile Acid Metabolism",3521,"NAMED","WVULKSPCQVQLCU-BUXLTGKBSA-N","O=C(NCC(O)=O)CC[C@@H](C)[C@@H]1[C@@]2(C)[C@@H](O)C[C@]3([H])[C@@]4(C)CC[C@@H](O)C[C@@]4([H])CC[C@@]3([H])[C@@]2(CC1)[H]","glycodeoxycholate","glycodeoxycholate",NA,NA,NA,"360-65-6",NA,"HMDB0000631","C05464","3035026","Neg","glycodeoxycholate",232,"HMDB0000631","COMETS"
"259",100000437,209,18394,125760,"Xenobiotics","Xanthine Metabolism",4630,"NAMED","ZFXYFBGIUFBOJW-UHFFFAOYSA-N","O=C(N1C)C(N=CN2)=C2N(C)C1=O","theophylline","theophylline",NA,NA,NA,"58-55-9","2068","HMDB0001889","C07130","2153","Neg","theophylline",233,"HMDB0001889","COMETS"
"260",100000442,305,18335,146498,"Xenobiotics","Food Component/Plant",4942,"NAMED","AAWZDTNXLSGCEK-WYWMIBKRSA-N","O[C@@]1([C@](O)(C[C@@](C(O)=O)(C[C@]1(O)[H])O)[H])[H]","quinate","quinate",NA,NA,NA,"77-95-2","10246715","HMDB0003072","C00296","6508","Polar","quinate",234,"HMDB0003072","COMETS"
"261",100000445,400,18392,155668,"Xenobiotics","Xanthine Metabolism",4629,"NAMED","YAPQBXQYLJRXSA-UHFFFAOYSA-N","CN1C=NC(N(C(N2)=O)C)=C1C2=O","theobromine","theobromine",NA,NA,NA,"83-67-0","5236","HMDB0002825","C07480","5429","Pos Early","theobromine",235,"HMDB0002825","COMETS"
"262",100000447,305,18280,152144,"Amino Acid","Tyrosine Metabolism",225,"NAMED","WXTMDXOMEHJXQO-UHFFFAOYSA-N","O=C(O)C1=CC(O)=CC=C1O","gentisate","gentisate",NA,NA,NA,"490-79-9","3350","HMDB0000152","C00628","3469","Polar","gentisate",236,"HMDB0000152","COMETS"
"263",100000453,400,18254,155639,"Xenobiotics","Xanthine Metabolism",4628,"NAMED","QUNWUDVFRNGTCO-UHFFFAOYSA-N","O=C(N2C)NC1=C(N(C)C=N1)C2=O","paraxanthine","paraxanthine",NA,NA,NA,"611-59-6","4525","HMDB0001860","C13747","4687","Pos Early","paraxanthine",237,"HMDB0001860","COMETS"
"264",100000463,400,18349,155652,"Amino Acid","Tryptophan Metabolism",304,"NAMED","XGILAAMKEQUXLS-UHFFFAOYSA-N","OC(C(O)=O)CC1=CNC2=C1C=CC=C2","indolelactate","indolelactate",NA,NA,NA,"832-97-3","83867","HMDB0000671","C02043","92904","Pos Early","indolelactate",238,"HMDB0000671","COMETS"
"265",100000467,209,27672,123315,"Amino Acid","Tryptophan Metabolism",328,"NAMED","BXFFHSIDQOFMLE-UHFFFAOYSA-N","O=S(OC2=CNC1=CC=CC=C12)(O)=O","3-indoxyl sulfate","3-indoxyl sulfate",NA,NA,NA,"2642-37-7","9840","HMDB0000682",NA,"10258","Neg","3_indoxyl sulfate",239,"HMDB0000682","COMETS"
"266",100000491,400,33422,156014,"Peptide","Gamma-glutamyl Amino Acid",660,"NAMED","XHHOHZPNYFQJKL-QWRGUYRKSA-N","O=C(O)[C@H](CC1=CC=CC=C1)NC(CC[C@@H](C(O)=O)N)=O","gamma-glutamylphenylalanine","gamma-glutamylphenylalanine",NA,NA,NA,"7432-24-8","99868","HMDB0000594",NA,"111299","Pos Early","gamma_glutamylphenylalanine",240,"HMDB0000594","COMETS"
"267",100000551,209,22116,124905,"Amino Acid","Leucine, Isoleucine and Valine Metabolism",349,"NAMED","BKAJNAXTPSGJCU-UHFFFAOYSA-N","CC(C)CC(C(O)=O)=O","4-methyl-2-oxopentanoate","4-methyl-2-oxopentanoate",NA,NA,NA,"816-66-0","69","HMDB0000695","C00233","70","Neg","4_methyl_2_oxopentanoate",241,"HMDB0000695","COMETS"
"268",100000580,209,20675,123293,"Carbohydrate","Glycolysis, Gluconeogenesis, and Pyruvate Metabolism",1238,"NAMED","MPCAJMNYNOGXPB-SLPGGIOYSA-N","O[C@@H]1[C@@H](CO)OC[C@H](O)[C@H]1O","1,5-anhydroglucitol (1,5-AG)","1,5-anhydroglucitol (1,5-AG)",NA,NA,NA,"154-58-5",NA,"HMDB0002712","C07326","64960","Neg","1_5_anhydroglucitol_1_5_ag",243,"HMDB0002712","COMETS"
"269",100000616,402,52449,208070,"Lipid","Phosphatidylinositol (PI)",2580,"NAMED","KRTOMQDUKGRFDJ-YKOKTLGVSA-N","CCCCCCCCCCCCCCCCCC(OC[C@]([H])(COP(O)(O[C@](C(O)(C(O)(C(O)([C@](O)1[H])[H])[H])[H])([C@]1(O)[H])[H])=O)OC(CCC/C=C\C/C=C\C/C=C\C/C=C\CCCCC)=O)=O","1-stearoyl-2-arachidonoyl-GPI (18:0/20:4)","1-stearoyl-2-arachidonoyl-GPI (18:0/20:4)","PI 38:4","PI 18:0_20:4","Unknown","383907-33-3","21403055","HMDB0009815",NA,NA,"Pos Late","1_stearoyl_2_arachidonoyl_gpi_18_0_20_4",245,"HMDB0009815","COMETS"
"270",100000626,402,34445,158668,"Lipid","Sphingosines",3190,"NAMED","DUYSYHSSBDVJSM-KRWOKUGFSA-N","OP([O-])(OC[C@@]([H])([C@](O)(/C=C/CCCCCCCCCCCCC)[H])[NH3+])=O","sphingosine 1-phosphate","sphingosine 1-phosphate",NA,NA,NA,"26993-30-6","4446673","HMDB0000277","C06124","5283560","Pos Late","sphingosine 1_phosphate",246,"HMDB0000277","COMETS"
"271",100000639,402,19265,180966,"Lipid","Phosphatidylserine (PS)",2528,"NAMED","AJFWREUFUPEYII-PAHWMLEVSA-N","CCCCCCCCCCCCCCCCCC(OC[C@]([H])(COP(O)(OC[C@]([NH3+])(C([O-])=O)[H])=O)OC(CCCCCCC/C=C\CCCCCCCC)=O)=O","1-stearoyl-2-oleoyl-GPS (18:0/18:1)","1-stearoyl-2-oleoyl-GPS (18:0/18:1)","PS 36:1","PS 18:0_18:1","Unknown",NA,"7826037","HMDB0010163",NA,"9547087","Pos Late","1_stearoyl_2_oleoyl_gps_18_0_18_1",248,"HMDB0010163","COMETS"
"272",100000657,402,19130,164201,"Lipid","Phosphatidylcholine (PC)",2301,"NAMED","KILNVBDSWZSGLL-KXQOOQHDSA-N","CCCCCCCCCCCCCCCC(OC[C@]([H])(COP([O-])(OCC[N+](C)(C)C)=O)OC(CCCCCCCCCCCCCCC)=O)=O","1,2-dipalmitoyl-GPC (16:0/16:0)","1,2-dipalmitoyl-GPC (16:0/16:0)","PC 32:0","PC 16:0_16:0","PC 16:0/16:0","63-89-8","398235","HMDB0000564","D03585","452110","Pos Late","1_2_dipalmitoyl_gpc_16_0_16_0",250,"HMDB0000564","COMETS"
"273",100000665,209,44675,126139,"Lipid","Long Chain Polyunsaturated Fatty Acid (n3 and n6)",1586,"NAMED","MBMBGCFOFBJSGT-KUBAVDMBSA-N","CC\C=C/C\C=C/C\C=C/C/C=C\C/C=C\C/C=C\CCC(O)=O","docosahexaenoate (DHA; 22:6n3)","docosahexaenoate (DHA; 22:6n3)",NA,NA,NA,"6217-54-5","393183","HMDB0002183","C06429","445580","Neg","docosahexaenoate_dha_22_6n3",251,"HMDB0002183","COMETS"
"274",100000665,209,44675,126139,"Lipid","Long Chain Polyunsaturated Fatty Acid (n3 and n6)",1586,"NAMED","MBMBGCFOFBJSGT-KUBAVDMBSA-N","CC\C=C/C\C=C/C\C=C/C/C=C\C/C=C\C/C=C\CCC(O)=O","docosahexaenoate (DHA; 22:6n3)","docosahexaenoate (DHA; 22:6n3)",NA,NA,NA,"6217-54-5","393183","HMDB0002183","C06429","445580","Neg","docosahexaenoate_dha_22_6n3",251,"HMDB0002183_M19323","COMETS"
"275",100000672,402,19258,164196,"Lipid","Phosphatidylcholine (PC)",2285,"NAMED","RFVFQQWKPSOBED-PSXMRANNSA-N","CCCCCCCCCCCCCCCC(O[C@](COC(CCCCCCCCCCCCC)=O)(COP([O-])(OCC[N+](C)(C)C)=O)[H])=O","1-myristoyl-2-palmitoyl-GPC (14:0/16:0)","1-myristoyl-2-palmitoyl-GPC (14:0/16:0)","PC 30:0","PC 14:0_16:0","Unknown","69525-80-0","114798","HMDB0007869",NA,"129657","Pos Late","1_myristoyl_2_palmitoyl_gpc_14_0_16_0",252,"CHEM100000672","COMETS"
"276",100000672,402,19258,164196,"Lipid","Phosphatidylcholine (PC)",2285,"NAMED","RFVFQQWKPSOBED-PSXMRANNSA-N","CCCCCCCCCCCCCCCC(O[C@](COC(CCCCCCCCCCCCC)=O)(COP([O-])(OCC[N+](C)(C)C)=O)[H])=O","1-myristoyl-2-palmitoyl-GPC (14:0/16:0)","1-myristoyl-2-palmitoyl-GPC (14:0/16:0)","PC 30:0","PC 14:0_16:0","Unknown","69525-80-0","114798","HMDB0007869",NA,"129657","Pos Late","1_myristoyl_2_palmitoyl_gpc_14_0_16_0",252,"HMDB0007869","COMETS"
"277",100000672,402,19258,164196,"Lipid","Phosphatidylcholine (PC)",2285,"NAMED","RFVFQQWKPSOBED-PSXMRANNSA-N","CCCCCCCCCCCCCCCC(O[C@](COC(CCCCCCCCCCCCC)=O)(COP([O-])(OCC[N+](C)(C)C)=O)[H])=O","1-myristoyl-2-palmitoyl-GPC (14:0/16:0)","1-myristoyl-2-palmitoyl-GPC (14:0/16:0)","PC 30:0","PC 14:0_16:0","Unknown","69525-80-0","114798","HMDB0007869",NA,"129657","Pos Late","1_myristoyl_2_palmitoyl_gpc_14_0_16_0",252,"HMDB0007869_C8_QI21","COMETS"
"278",100000690,400,21272,221336,"Xenobiotics","Drug - Antibiotic",5543,"NAMED","OFVLGDICTFRJMM-UHFFFAOYSA-N","OC1=CC=CC2=C1C(C3=C(O)C(C(C(C(N)=O)=C(O)C4N(C)C)=O)(O)C4CC3C2(O)C)=O","tetracycline","tetracycline",NA,NA,NA,"60-54-8","10257122","HMDB0014897","C06570","54675776","Pos Early","tetracycline",254,"CHEM100000690","COMETS"
"279",100000706,209,22132,124683,"Amino Acid","Leucine, Isoleucine and Valine Metabolism",353,"NAMED","LVRFTAZAXQPQHI-UHFFFAOYSA-N","OC(C(CC(C)C)O)=O","alpha-hydroxyisocaproate","alpha-hydroxyisocaproate",NA,NA,NA,"10303-64-7","75520","HMDB0000665","C03264","83697,92779,439960","Neg","alpha_hydroxyisocaproate",255,"HMDB0000665","COMETS"
"280",100000707,305,20676,147767,"Lipid","Fatty Acid, Dicarboxylate",1694,"NAMED","VZCYOOQTPOCHFL-UHFFFAOYSA-N","O=C(C=CC(O)=O)O","maleate","maleate",NA,NA,NA,"110-16-7","392248","HMDB0000176","C01384","444266","Polar","maleate",256,"HMDB0000176","COMETS"
"281",100000708,209,44656,126996,"Amino Acid","Leucine, Isoleucine and Valine Metabolism",357,"NAMED","GWYFCOCPABKNJV-UHFFFAOYSA-N","CC(C)CC(O)=O","isovalerate (i5:0)","isovalerate (C5)",NA,NA,NA,"503-74-2","10001","HMDB0000718","C08262","10430","Neg","isovalerate_i5_0",257,"HMDB0000718","COMETS"
"282",100000708,209,44656,126996,"Amino Acid","Leucine, Isoleucine and Valine Metabolism",357,"NAMED","GWYFCOCPABKNJV-UHFFFAOYSA-N","CC(C)CC(O)=O","isovalerate (i5:0)","isovalerate (C5)",NA,NA,NA,"503-74-2","10001","HMDB0000718","C08262","10430","Neg","isovalerate_i5_0",257,"HMDB0000718_M34732","COMETS"
"283",100000743,209,22036,126061,"Lipid","Fatty Acid, Monohydroxy",1983,"NAMED","JKRDADVRIYVCCY-UHFFFAOYSA-N","O=C(C(CCCCCC)O)O","2-hydroxyoctanoate","2-hydroxyoctanoate",NA,NA,NA,"617-73-2","84994","HMDB0002264",NA,"94180,6995013,5312860","Neg","2_hydroxyoctanoate",259,"HMDB0002264","COMETS"
"284",100000773,209,22001,126860,"Lipid","Fatty Acid, Monohydroxy",2003,"NAMED","NDPLAKGOSZHTPH-UHFFFAOYSA-N","OC(CC(O)=O)CCCCC","3-hydroxyoctanoate","3-hydroxyoctanoate",NA,NA,NA,"88930-08-9","24791","HMDB0001954","C20793","26613","Neg","3_hydroxyoctanoate",260,"HMDB0001954","COMETS"
"285",100000774,209,22130,124681,"Amino Acid","Phenylalanine Metabolism",157,"NAMED","VOXXWSYKYCBWHO-UHFFFAOYSA-N","OC(C(O)=O)CC1=CC=CC=C1","phenyllactate (PLA)","phenyllactate (PLA)",NA,NA,NA,"828-01-3","3715","HMDB0000779","C05607","3848","Neg","phenyllactate_pla",261,"HMDB0000779","COMETS"
"286",100000776,402,44681,159624,"Lipid","Fatty Acid Metabolism (Acyl Carnitine, Long Chain Saturated)",1887,"NAMED","XOMRRQXKHMYMOC-UHFFFAOYSA-N","[O-]C(CC(OC(CCCCCCCCCCCCCCC)=O)C[N+](C)(C)C)=O","palmitoylcarnitine (C16)","palmitoylcarnitine (C16)",NA,NA,NA,"6865-14-1","448","HMDB0000222","C02990","461","Pos Late","palmitoylcarnitine_c16",262,"HMDB0000222","COMETS"
"287",100000776,402,44681,159624,"Lipid","Fatty Acid Metabolism (Acyl Carnitine, Long Chain Saturated)",1887,"NAMED","XOMRRQXKHMYMOC-UHFFFAOYSA-N","[O-]C(CC(OC(CCCCCCCCCCCCCCC)=O)C[N+](C)(C)C)=O","palmitoylcarnitine (C16)","palmitoylcarnitine (C16)",NA,NA,NA,"6865-14-1","448","HMDB0000222","C02990","461","Pos Late","palmitoylcarnitine_c16",262,"HMDB0000222_M22189","COMETS"
"288",100000781,400,32328,155906,"Lipid","Fatty Acid Metabolism (Acyl Carnitine, Medium Chain)",1867,"NAMED","VVPRQWTYSNDTEA-UHFFFAOYSA-N","O=C(CCCCC)OC(CC([O-])=O)C[N+](C)(C)C","hexanoylcarnitine (C6)","hexanoylcarnitine (C6)",NA,NA,NA,"6920-35-0","4932273","HMDB0000756",NA,"6426853","Pos Early","hexanoylcarnitine_c6",263,"HMDB0000756","COMETS"
"289",100000787,305,22185,147184,"Amino Acid","Alanine and Aspartate Metabolism",37,"NAMED","OTCCIMWXFLJLIA-BYPYZUCNSA-N","OC([C@@H](NC(C)=O)CC(O)=O)=O","N-acetylaspartate (NAA)","N-acetylaspartate (NAA)",NA,NA,NA,"997-55-7,997-55-7","58576","HMDB0000812","C01042","65065","Polar","n_acetylaspartate_naa",264,"HMDB0000812","COMETS"
"290",100000792,209,32425,124935,"Lipid","Androgenic Steroids",3370,"NAMED","CZWCKYRVOZZJNM-DYIPZHMLSA-N","[H][C@@]1(CC[C@]2(C)[C@]3(CCC2=O)[H])[C@@]4(C)C(C[C@H](OS(=O)(O)=O)CC4)=CC[C@]13[H]","dehydroepiandrosterone sulfate (DHEA-S)","dehydroepiandrosterone sulfate (DHEA-S)",NA,NA,NA,"651-48-9","12074","HMDB0001032","C04555","12594","Neg","dehydroepiandrosterone sulfate_dhea_s",265,"HMDB0001032","COMETS"
"291",100000802,400,32198,155890,"Lipid","Fatty Acid Metabolism (Acyl Carnitine, Short Chain)",1863,"NAMED","RDHQFKQIGNGIED-MRVPVSSYSA-N","C[N+](C)(C)C[C@H](OC(C)=O)CC([O-])=O","acetylcarnitine (C2)","acetylcarnitine (C2)",NA,NA,NA,"5080-50-2","5406074","HMDB0000201","C02571","7045767","Pos Early","acetylcarnitine_c2",266,"HMDB0000201","COMETS"
"292",100000808,305,22176,165753,"Amino Acid","Methionine, Cysteine, SAM and Taurine Metabolism",468,"NAMED","NOKPBJYHPHHWAN-REOHCLBHSA-N","N[C@H](C(O)=O)CSS(O)(=O)=O","cysteine s-sulfate","cysteine s-sulfate",NA,NA,NA,"1637-71-4","102939","HMDB0000731","C05824","115015","Polar","cysteine s_sulfate",267,"HMDB0000731","COMETS"
"293",100000840,209,20693,143841,"Xenobiotics","Food Component/Plant",5244,"NAMED","ROBFUDYVXSDBQM-UHFFFAOYSA-N","O=C(C(O)C(O)=O)O","tartronate (hydroxymalonate)","tartronate (hydroxymalonate)",NA,NA,NA,"80-69-3","44","HMDB0035227","C02287","45","Neg","tartronate_hydroxymalonate",269,"HMDB0035227","COMETS"
"294",100000841,209,20694,143843,"Cofactors and Vitamins","Ascorbate and Aldarate Metabolism",4392,"NAMED","MUBZPKHOEPUJKR-UHFFFAOYSA-N","O=C(O)C(O)=O","oxalate (ethanedioate)","oxalate (ethanedioate)",NA,NA,NA,"144-62-7","946","HMDB0002329","C00209","971","Neg","oxalate_ethanedioate",270,"HMDB0002329","COMETS"
"295",100000846,305,20699,146508,"Xenobiotics","Food Component/Plant",4932,"NAMED","UNXHWFMMPAWVPI-UHFFFAOYSA-N","OCC(O)C(CO)O","erythritol","erythritol",NA,NA,NA,"149-32-6","13835932","HMDB0002994","C00503","222285","Polar","erythritol",271,"HMDB0002994","COMETS"
"296",100000863,305,21134,147544,"Lipid","Fatty Acid, Dicarboxylate",1688,"NAMED","WNLRTRBMVRJNCN-UHFFFAOYSA-N","OC(CCCCC(O)=O)=O","adipate (C6-DC)","adipate",NA,NA,NA,"124-04-9","191","HMDB0000448","C06104","196","Polar","adipate_c6_dc",274,"HMDB0000448","COMETS"
"297",100000870,209,21151,124899,"Xenobiotics","Food Component/Plant",5079,"NAMED","CVHZOJJKTDOEJC-UHFFFAOYSA-N","O=S(C1=CC=CC=C1C2=O)(N2)=O","saccharin","saccharin",NA,NA,NA,"81-07-2","4959","HMDB0029723","C12283","5143","Neg","saccharin",275,"HMDB0029723","COMETS"
"298",100000900,400,21025,155725,"Xenobiotics","Chemical",6210,"NAMED","NBZBKCUXIYYUSX-UHFFFAOYSA-N","O=C(O)CNCC(O)=O","iminodiacetate (IDA)","iminodiacetate (IDA)",NA,NA,NA,"142-73-4","8557","HMDB0011753","C19911","8897","Pos Early","iminodiacetate_ida",277,"HMDB0011753","COMETS"
"299",100000924,209,21184,126057,"Lipid","Monoacylglycerol",2883,"NAMED","RZRNAYUHWVFMIP-KTKRTIGZSA-N","O=C(OCC(O)CO)CCCCCCC/C=C\CCCCCCCC","1-oleoylglycerol (18:1)","1-oleoylglycerol (18:1)","MG 18:1","MG 18:1","MG 18:1/0:0/0:0","111-03-5","4446588","HMDB0011567",NA,"5283468","Neg","1_oleoylglycerol_18_1",278,"HMDB0011567","COMETS"
"300",100000936,209,44526,124713,"Amino Acid","Leucine, Isoleucine and Valine Metabolism",429,"NAMED","QHKABHOOEWYVLI-UHFFFAOYSA-N","OC(C(C(C)C)=O)=O","3-methyl-2-oxobutyrate","3-methyl-2-oxobutyrate",NA,NA,NA,"3715-29-5","48","HMDB0000019","C00141","49","Neg","3_methyl_2_oxobutyrate",279,"HMDB0000019","COMETS"
"301",100000936,209,44526,124713,"Amino Acid","Leucine, Isoleucine and Valine Metabolism",429,"NAMED","QHKABHOOEWYVLI-UHFFFAOYSA-N","OC(C(C(C)C)=O)=O","3-methyl-2-oxobutyrate","3-methyl-2-oxobutyrate",NA,NA,NA,"3715-29-5","48","HMDB0000019","C00141","49","Neg","3_methyl_2_oxobutyrate",279,"HMDB0000019_M21047","COMETS"
"302",100000961,400,22137,155792,"Amino Acid","Urea cycle; Arginine and Proline Metabolism",501,"NAMED","QUOGESRFPZDMMT-YFKPBYRVSA-N","N[C@H](C(O)=O)CCCCNC(N)=N","homoarginine","homoarginine",NA,NA,NA,"156-86-5","8732","HMDB0000670","C01924","9085","Pos Early","homoarginine",280,"HMDB0000670","COMETS"
"303",100000963,209,22138,123305,"Amino Acid","Urea cycle; Arginine and Proline Metabolism",502,"NAMED","XIGSAGMEBXLVJJ-YFKPBYRVSA-N","N[C@H](C(O)=O)CCCCNC(N)=O","homocitrulline","homocitrulline",NA,NA,NA,"1190-49-4","58582","HMDB0000679","C02427","65072","Neg","homocitrulline",281,"HMDB0000679","COMETS"
"304",100000987,209,32506,125864,"Lipid","Monoacylglycerol",2900,"NAMED","IEPGNWMPIFDNSD-HZJYTTRNSA-N","O=C(OC(CO)CO)CCCCCCC/C=C\C/C=C\CCCCC","2-linoleoylglycerol (18:2)","2-linoleoylglycerol (18:2)","MG 18:2","MG 18:2","MG 0:0/18:2/0:0","3443-82-1","4517636","HMDB0011538",NA,"5365676","Neg","2_linoleoylglycerol_18_2",282,"HMDB0011538","COMETS"
"305",100000997,209,22053,123301,"Lipid","Fatty Acid, Monohydroxy",2005,"NAMED","FYSSBMZUBSBFJL-UHFFFAOYSA-N","OC(CC(O)=O)CCCCCCC","3-hydroxydecanoate","3-hydroxydecanoate",NA,NA,NA,"5561-87-5","24790","HMDB0002203",NA,"26612","Neg","3_hydroxydecanoate",283,"HMDB0002203","COMETS"
"306",100001002,209,22163,124685,"Xenobiotics","Chemical",6201,"NAMED","KCXVZYZYPLLWCC-UHFFFAOYSA-N","O=C(CN(CCN(CC(O)=O)CC(O)=O)CC(O)=O)O","EDTA","EDTA",NA,NA,NA,"60-00-4","5826","HMDB0015109","C00284","6049","Neg","edta",284,"HMDB0015109","COMETS"
"307",100001006,400,27710,155837,"Amino Acid","Glycine, Serine and Threonine Metabolism",2,"NAMED","OKJIRPAQVSHGFK-UHFFFAOYSA-N","O=C(O)C(NC(C)=O)[H]","N-acetylglycine","N-acetylglycine",NA,NA,NA,"543-24-8","10507","HMDB0000532",NA,"10972","Pos Early","n_acetylglycine",285,"HMDB0000532","COMETS"
"308",100001007,305,27731,147186,"Carbohydrate","Pentose Metabolism",1281,"NAMED","QXKAIJAYHKCRRA-BXXZVTAOSA-N","OC([C@H](O)[C@H](O)[C@H](O)CO)=O","ribonate","ribonate",NA,NA,NA,"5336-08-3","4574162","HMDB0000867","C01685","5460677","Polar","ribonate",286,"HMDB0000867","COMETS"
"309",100001022,305,27738,146524,"Cofactors and Vitamins","Ascorbate and Aldarate Metabolism",4389,"NAMED","JPIJQSOTBSSVTP-UHFFFAOYSA-N","O=C(O)C(O)([H])C([H])(O)CO","threonate","threonate",NA,NA,NA,"70753-61-6","133224","HMDB0000943","C01620","151152,5460407","Polar","threonate",287,"HMDB0000943","COMETS"
"310",100001026,305,27719,152158,"Carbohydrate","Fructose, Mannose and Galactose Metabolism",1391,"NAMED","RGHNJXZEOKUKBD-MGCNEYSASA-N","O[C@H]([C@H]([C@H]([C@@H](CO)O)O)O)C(O)=O","galactonate","galactonate",NA,NA,NA,"299-28-5","114198","HMDB0000565","C00880,C15930","12310779,128869","Polar","galactonate",288,"HMDB0000565","COMETS"
"311",100001033,402,27414,164190,"Lipid","Sterol",3250,"NAMED","KZJWDPNRJALLNS-XGEQACPASA-N","C[C@@]1([C@]([C@@H](CC[C@@H]([C@H](C)C)CC)C)([H])CC2)[C@@]2([H])[C@@](CC=C3[C@@]4(CC[C@H](O)C3)C)([H])[C@@]4([H])CC1","beta-sitosterol","beta-sitosterol",NA,NA,NA,"83-46-5","192962","HMDB0000852","C01753","222284","Pos Late","beta_sitosterol",289,"HMDB0000852","COMETS"
"312",100001034,209,27513,126866,"Amino Acid","Tryptophan Metabolism",305,"NAMED","SEOVTRFCIGRIMH-UHFFFAOYSA-N","OC(CC1=CNC2=C1C=CC=C2)=O","indoleacetate","indoleacetate",NA,NA,NA,"87-51-4,6505-45-9","780","HMDB0000197","C00954","802","Neg","indoleacetate",290,"HMDB0000197","COMETS"
"313",100001051,209,30460,124693,"Amino Acid","Histidine Metabolism",74,"NAMED","BRMWTNUJHUMWMS-LURJTMIESA-N","N[C@H](C(O)=O)CC1=CN(C)C=N1","1-methylhistidine","1-methylhistidine",NA,NA,NA,"332-80-9","83153","HMDB0000001","C01152","92105","Neg","1_methylhistidine",292,"HMDB0000001","COMETS"
"314",100001054,400,32412,155935,"Lipid","Fatty Acid Metabolism (also BCAA Metabolism)",1791,"NAMED","QWYFHHGCZUCMBN-SECBINFHSA-N","CCCC(O[C@H](CC([O-])=O)C[N+](C)(C)C)=O","butyrylcarnitine (C4)","butyrylcarnitine (C4)",NA,NA,NA,"25576-40-3","184820","HMDB0002013","C02862","439829","Pos Early","butyrylcarnitine_c4",293,"HMDB0002013","COMETS"
"315",100001055,400,33441,156017,"Amino Acid","Leucine, Isoleucine and Valine Metabolism",432,"NAMED","LRCNOZRCYBNMEP-VIFPVBQESA-N","CC(C)C(O[C@@H](CC([O-])=O)C[N+](C)(C)C)=O","isobutyrylcarnitine (C4)","isobutyrylcarnitine (C4)",NA,NA,NA,"25518-49-4",NA,"HMDB0000736",NA,"168379","Pos Early","isobutyrylcarnitine_c4",294,"HMDB0000736","COMETS"
"316",100001063,209,31904,125786,"Lipid","Secondary Bile Acid Metabolism",3571,"NAMED","RHCPKKNRWFXMAT-RRWYKFPJSA-N","[H][C@]1([C@]2(C)[C@](CC1)([H])[C@]3([H])C(C[C@]4([H])C[C@H](O)CC[C@]4(C)[C@@]3([H])C[C@@H]2O)=O)[C@H](C)CCC(O)=O","7-ketodeoxycholate","7-ketodeoxycholate",NA,NA,NA,"911-40-0","163659","HMDB0000391",NA,"188292","Neg","7_ketodeoxycholate",295,"HMDB0000391","COMETS"
"317",100001064,209,31912,151471,"Lipid","Secondary Bile Acid Metabolism",3533,"NAMED","XBSQTYHEGZTYJE-PGVYWSLXSA-N","O[C@@H](C[C@]1(CC[C@]([C@@]([H])2CC3)([H])[C@](CC[C@@]2(C)[C@]3([H])[C@@H](CCC(NCC(O)=O)=O)C)4[H])[H])CC[C@@]14C","glycolithocholate","glycolithocholate",NA,NA,NA,"474-74-8","103116","HMDB0000698","C15557","115245","Neg","glycolithocholate",296,"HMDB0000698","COMETS"
"318",100001073,209,31591,126075,"Lipid","Androgenic Steroids",3383,"NAMED","ZMITXKRGXGRMKS-HLUDHZFRSA-N","C[C@]1([C@](CC2)([H])[C@]3([H])CC[C@@]4([H])C[C@H](OS(=O)(O)=O)CC[C@]4(C)[C@@]3([H])CC1)C2=O","androsterone sulfate","androsterone sulfate",NA,NA,NA,"2479-86-9","19988780","HMDB0002759",NA,"159663","Neg","androsterone sulfate",297,"CHEM100002152","COMETS"
"319",100001073,209,31591,126075,"Lipid","Androgenic Steroids",3383,"NAMED","ZMITXKRGXGRMKS-HLUDHZFRSA-N","C[C@]1([C@](CC2)([H])[C@]3([H])CC[C@@]4([H])C[C@H](OS(=O)(O)=O)CC[C@]4(C)[C@@]3([H])CC1)C2=O","androsterone sulfate","androsterone sulfate",NA,NA,NA,"2479-86-9","19988780","HMDB0002759",NA,"159663","Neg","androsterone sulfate",297,"CHEM100002068","COMETS"
"320",100001073,209,31591,126075,"Lipid","Androgenic Steroids",3383,"NAMED","ZMITXKRGXGRMKS-HLUDHZFRSA-N","C[C@]1([C@](CC2)([H])[C@]3([H])CC[C@@]4([H])C[C@H](OS(=O)(O)=O)CC[C@]4(C)[C@@]3([H])CC1)C2=O","androsterone sulfate","androsterone sulfate",NA,NA,NA,"2479-86-9","19988780","HMDB0002759",NA,"159663","Neg","androsterone sulfate",297,"CHEM100001073","COMETS"
"321",100001081,400,31675,155868,"Amino Acid","Glutamate Metabolism",62,"NAMED","HNJBEVLQSNELDL-UHFFFAOYSA-N","O=C1CCCN1","2-pyrrolidinone","2-pyrrolidinone",NA,NA,NA,"616-45-5","11530","HMDB0002039",NA,"12025","Pos Early","2_pyrrolidinone",298,"HMDB0002039","COMETS"
"322",100001083,209,32405,125818,"Amino Acid","Tryptophan Metabolism",311,"NAMED","GOLXRNDWAUTYKT-UHFFFAOYSA-N","OC(CCC1=CNC2=C1C=CC=C2)=O","indolepropionate","indolepropionate",NA,NA,NA,"830-96-6","3613","HMDB0002302",NA,"3744","Neg","indolepropionate",299,"HMDB0002302","COMETS"
"323",100001086,209,31536,125774,"Xenobiotics","Food Component/Plant",5005,"NAMED","KSPQDMRTZZYQLM-UHFFFAOYSA-N","O=C(NCC(O)=O)C1=CC=CO1","N-(2-furoyl)glycine","N-(2-furoyl)glycine",NA,NA,NA,"5657-19-2,5657-19-2","20549","HMDB0000439",NA,"21863","Neg","n_2_furoyl_glycine",300,"HMDB0000439","COMETS"
"324",100001092,400,32401,155930,"Cofactors and Vitamins","Nicotinate and Nicotinamide Metabolism",4357,"NAMED","WWNNZCOKKKDOPX-UHFFFAOYSA-N","C[N+]1=CC(C([O-])=O)=CC=C1","trigonelline (N'-methylnicotinate)","trigonelline (N'-methylnicotinate)",NA,NA,NA,"535-83-1","5369","HMDB0000875","C01004","5570","Pos Early","trigonelline_n'_methylnicotinate",301,"HMDB0000875","COMETS"
"325",100001102,209,32388,125800,"Lipid","Fatty Acid, Dicarboxylate",1709,"NAMED","TVIDDXQYHWJXFK-UHFFFAOYSA-N","OC(CCCCCCCCCCC(O)=O)=O","dodecanedioate (C12-DC)","dodecanedioate (C12)",NA,NA,NA,"693-23-2","12213","HMDB0000623","C02678","12736","Neg","dodecanedioate_c12_dc",302,"HMDB0000623","COMETS"
"326",100001103,400,33487,156024,"Amino Acid","Glutamate Metabolism",56,"NAMED","ZGEYCCHDTIDZAE-UHFFFAOYSA-N","O=C(CCC(C(O)=O)N)OC","glutamate, gamma-methyl ester","glutamate, gamma-methyl ester",NA,NA,NA,"1499-55-4,1499-55-4","66546","HMDB0061715",NA,"68662","Pos Early","glutamate_gamma_methyl ester",303,"HMDB0061715","COMETS"
"327",100001104,209,32390,125802,"Amino Acid","Tyrosine Metabolism",169,"NAMED","CAHKINHBCWCHCF-JTQLQIEISA-N","OC1=CC=C(C[C@@H](C(O)=O)NC(C)=O)C=C1","N-acetyltyrosine","N-acetyltyrosine",NA,NA,NA,"537-55-3","61606","HMDB0000866",NA,"68310","Neg","n_acetyltyrosine",304,"HMDB0000866","COMETS"
"328",100001106,209,32391,125804,"Xenobiotics","Xanthine Metabolism",4633,"NAMED","OTSBKHHWSQYEHK-UHFFFAOYSA-N","CN1C(N(C(N2)=C(C1=O)NC2=O)C)=O","1,3-dimethylurate","1,3-dimethylurate",NA,NA,NA,"944-73-0","63527","HMDB0001857",NA,"70346","Neg","1_3_dimethylurate",305,"HMDB0001857","COMETS"
"329",100001108,209,32445,125834,"Xenobiotics","Xanthine Metabolism",4638,"NAMED","GMSNIKWWOQHZGF-UHFFFAOYSA-N","O=C1N(C)C2=C(N=CN2)C(N1)=O","3-methylxanthine","3-methylxanthine",NA,NA,NA,"1076-22-8","63805","HMDB0001886","C16357","70639","Neg","3_methylxanthine",306,"HMDB0001886","COMETS"
"330",100001112,209,32457,151499,"Lipid","Fatty Acid, Monohydroxy",2008,"NAMED","MUCMKTPAZLSKTL-UHFFFAOYSA-N","OC(CC(CCCCCCCCC)O)=O","3-hydroxylaurate","3-hydroxylaurate",NA,NA,NA,"53941-38-1","85026","HMDB0000387",NA,"94216","Neg","3_hydroxylaurate",307,"HMDB0000387","COMETS"
"331",100001121,209,31555,124697,"Cofactors and Vitamins","Vitamin B6 Metabolism",4487,"NAMED","HXACOUQIXZGNBF-UHFFFAOYSA-N","OC1=C(C(O)=O)C(CO)=CN=C1C","pyridoxate","pyridoxate",NA,NA,NA,"82-82-6","6467","HMDB0000017","C00847","6723","Neg","pyridoxate",308,"HMDB0000017","COMETS"
"332",100001126,400,43829,157051,"Peptide","Gamma-glutamyl Amino Acid",664,"NAMED","AQAKHZVPOOGUCK-XPUUQOCRSA-N","O=C(N[C@H]([C@@](O)=O)C(C)C)CC[C@@H]([C@](O)=O)N","gamma-glutamylvaline","gamma-glutamylvaline",NA,NA,NA,"2746-34-1",NA,"HMDB0011172",NA,"7015683","Pos Early","gamma_glutamylvaline",309,"HMDB0011172","COMETS"
"333",100001126,400,43829,157051,"Peptide","Gamma-glutamyl Amino Acid",664,"NAMED","AQAKHZVPOOGUCK-XPUUQOCRSA-N","O=C(N[C@H]([C@@](O)=O)C(C)C)CC[C@@H]([C@](O)=O)N","gamma-glutamylvaline","gamma-glutamylvaline",NA,NA,NA,"2746-34-1",NA,"HMDB0011172",NA,"7015683","Pos Early","gamma_glutamylvaline",309,"HMDB0011172_M32393","COMETS"
"334",100001145,209,31943,125798,"Lipid","Fatty Acid, Monohydroxy",2007,"NAMED","OQYZCCKCJQWHIE-UHFFFAOYSA-N","OC(CC(O)CCCCCCC(O)=O)=O","3-hydroxysebacate","3-hydroxysebacate",NA,NA,NA,"73141-46-5","2285525","HMDB0000350",NA,"3017884","Neg","3_hydroxysebacate",312,"HMDB0000350","COMETS"
"335",100001150,209,31932,143851,"Lipid","Fatty Acid Metabolism (also BCAA Metabolism)",1795,"NAMED","WOMAZEJKVZLLFE-UHFFFAOYSA-N","O=C(CC)NCC(O)=O","propionylglycine","propionylglycine (C3)",NA,NA,NA,"21709-90-0","89122","HMDB0000783",NA,"98681","Neg","propionylglycine",313,"HMDB0000783","COMETS"
"336",100001155,400,31928,155879,"Amino Acid","Leucine, Isoleucine and Valine Metabolism",405,"NAMED","HOACIBQKYRHBOW-UHFFFAOYSA-N","O=C(O)CNC(C(C)CC)=O","2-methylbutyrylglycine","2-methylbutyrylglycine (C5)",NA,NA,NA,"52320-67-9","168243","HMDB0000339",NA,"193872","Pos Early","2_methylbutyrylglycine",314,"HMDB0000339","COMETS"
"337",100001162,400,32452,155955,"Lipid","Fatty Acid Metabolism (also BCAA Metabolism)",1794,"NAMED","UFAHZIUFPNSHSL-UHFFFAOYSA-N","[O-]C(CC(OC(CC)=O)C[N+](C)(C)C)=O","propionylcarnitine (C3)","propionylcarnitine (C3)",NA,NA,NA,"17298-37-2","96904","HMDB0000824","C03017","107738","Pos Early","propionylcarnitine_c3",315,"HMDB0000824","COMETS"
"338",100001167,400,35127,156146,"Amino Acid","Urea cycle; Arginine and Proline Metabolism",523,"NAMED","ONPXCLZMBSJLSP-ALKRTJFJSA-N","OC([C@H]1N(C([C@H]2NCCC2)=O)CC(O)C1)=O","pro-hydroxy-pro","prolylhydroxyproline",NA,NA,NA,"18684-24-7","9847785","HMDB0006695",NA,"11902893","Pos Early","pro_hydroxy_pro",316,"HMDB0006695","COMETS"
"339",100001170,209,32397,125810,"Amino Acid","Leucine, Isoleucine and Valine Metabolism",411,"NAMED","ZMZQVAUJTDKQGE-UHFFFAOYSA-N","O=C(O)C(CC)CO","3-hydroxy-2-ethylpropionate","3-hydroxy-2-ethylpropionate",NA,NA,NA,"4374-62-3","164207","HMDB0000396",NA,"188979","Neg","3_hydroxy_2_ethylpropionate",317,"HMDB0000396","COMETS"
"340",100001178,209,31787,142911,"Lipid","Fatty Acid, Dicarboxylate",1728,"NAMED","WMCQWXZMVIETAO-UHFFFAOYSA-N","CCCC1=C(C)C(C(O)=O)=C(CCC(O)=O)O1","3-carboxy-4-methyl-5-propyl-2-furanpropanoate (CMPF)","3-carboxy-4-methyl-5-propyl-2-furanpropanoate (CMPF)",NA,NA,NA,"86879-39-2","110498","HMDB0061112",NA,"123979","Neg","3_carboxy_4_methyl_5_propyl_2_furanpropanoate_cmpf",318,"HMDB0061112","COMETS"
"341",100001181,209,32504,125862,"Lipid","Long Chain Polyunsaturated Fatty Acid (n3 and n6)",1585,"NAMED","YUFFSWGQGVEMMI-JLNKQSITSA-N","O=C(O)CCCCC/C=C\C/C=C\C/C=C\C/C=C\C/C=C\CC","docosapentaenoate (n3 DPA; 22:5n3)","docosapentaenoate (DPA; 22:5n3)",NA,NA,NA,"2234-74-4",NA,"HMDB0006528","C16513","6441454","Neg","docosapentaenoate_n3 dpa_22_5n3",319,"HMDB0006528","COMETS"
"342",100001181,209,32504,125862,"Lipid","Long Chain Polyunsaturated Fatty Acid (n3 and n6)",1585,"NAMED","YUFFSWGQGVEMMI-JLNKQSITSA-N","O=C(O)CCCCC/C=C\C/C=C\C/C=C\C/C=C\C/C=C\CC","docosapentaenoate (n3 DPA; 22:5n3)","docosapentaenoate (DPA; 22:5n3)",NA,NA,NA,"2234-74-4",NA,"HMDB0001976","C16513","6441454","Neg","docosapentaenoate_n3 dpa_22_5n3",319,"HMDB0001976","COMETS"
"343",100001182,209,32415,125824,"Lipid","Long Chain Polyunsaturated Fatty Acid (n3 and n6)",1600,"NAMED","HVGRZDASOHMCSK-AVQMFFATSA-N","CCCCC/C=C/C/C=C/CCCCCCCCCCCC(O)=O","docosadienoate (22:2n6)","docosadienoate (22:2n6)",NA,NA,NA,"7370-49-2","4445934","HMDB0061714","C16533","5282807","Neg","docosadienoate_22_2n6",320,"HMDB0061714","COMETS"
"344",100001193,209,32980,125866,"Lipid","Long Chain Polyunsaturated Fatty Acid (n3 and n6)",1598,"NAMED","TWSWSIQAPQLDBP-CGRWFSSPSA-N","O=C(CCCCC/C=C/C/C=C/C/C=C/C/C=C/CCCCC)O","adrenate (22:4n6)","adrenate (22:4n6)",NA,NA,NA,"2091-25-0","4445971","HMDB0002226","C16527","5282844,5497181","Neg","adrenate_22_4n6",321,"HMDB0002226","COMETS"
"345",100001197,209,32497,125854,"Lipid","Medium Chain Fatty Acid",1523,"NAMED","FRPZMMHWLSIFAZ-UHFFFAOYSA-N","O=C(CCCCCCCCC=C)O[H]","10-undecenoate (11:1n1)","10-undecenoate (11:1n1)",NA,NA,NA,"1333-28-4","10771160","HMDB0033724","C13910","14891","Neg","10_undecenoate_11_1n1",322,"HMDB0033724","COMETS"
"346",100001198,209,32418,125828,"Lipid","Long Chain Monounsaturated Fatty Acid",1549,"NAMED","YWWVWXASSLXJHU-WAYWQWQTSA-N","O=C(CCCCCCC/C=C\CCCC)O","myristoleate (14:1n5)","myristoleate (14:1n5)",NA,NA,NA,"544-64-9","4444564","HMDB0002000","C08322","5281119","Neg","myristoleate_14_1n5",323,"HMDB0002000_C18_Q40","COMETS"
"347",100001198,209,32418,125828,"Lipid","Long Chain Monounsaturated Fatty Acid",1549,"NAMED","YWWVWXASSLXJHU-WAYWQWQTSA-N","O=C(CCCCCCC/C=C\CCCC)O","myristoleate (14:1n5)","myristoleate (14:1n5)",NA,NA,NA,"544-64-9","4444564","HMDB0002000","C08322","5281119","Neg","myristoleate_14_1n5",323,"HMDB0002000","COMETS"
"348",100001208,400,32350,155911,"Amino Acid","Histidine Metabolism",94,"NAMED","ZHCKPJGJQOPTLB-UHFFFAOYSA-N","O=C(O)CC1=CN(C)C=N1","1-methyl-4-imidazoleacetate","1-methyl-4-imidazoleacetate",NA,NA,NA,"2625-49-2","68319","HMDB0002820","C05828","75810","Pos Early","1_methyl_4_imidazoleacetate",324,"HMDB0002820","COMETS"
"349",100001211,209,32398,125812,"Lipid","Fatty Acid, Dicarboxylate",1704,"NAMED","CXMXRPHRNRROMY-UHFFFAOYSA-N","OC(CCCCCCCCC(O)=O)=O","sebacate (C10-DC)","sebacate (C10-DC)",NA,NA,NA,"111-20-6","5004","HMDB0000792","C08277","5192","Neg","sebacate_c10_dc",325,"HMDB0000792_C18_QI94","COMETS"
"350",100001211,209,32398,125812,"Lipid","Fatty Acid, Dicarboxylate",1704,"NAMED","CXMXRPHRNRROMY-UHFFFAOYSA-N","OC(CCCCCCCCC(O)=O)=O","sebacate (C10-DC)","sebacate (C10-DC)",NA,NA,NA,"111-20-6","5004","HMDB0000792","C08277","5192","Neg","sebacate_c10_dc",325,"HMDB0000792","COMETS"
"351",100001212,305,32446,152164,"Amino Acid","Guanidino and Acetamido Metabolism",573,"NAMED","VVHOUVWJCQOYGG-UHFFFAOYSA-N","N=C(N)NC(C(O)=O)CC(O)=O","guanidinosuccinate","guanidinosuccinate",NA,NA,NA,"6133-30-8","88329","HMDB0003157","C03139","439918","Polar","guanidinosuccinate",326,"HMDB0003157","COMETS"
"352",100001226,209,32426,144353,"Cofactors and Vitamins","Hemoglobin and Porphyrin Metabolism",4448,"NAMED","OBHRVMZSZIDDEK-UHFFFAOYSA-N","CC1=C(CC(NC2=O)C(CC)=C2C)NC(CC3=C(CCC(O)=O)C(C)=C(CC(NC4=O)C(C)=C4CC)N3)=C1CCC(O)=O","I-urobilinogen","I-urobilinogen",NA,NA,NA,"14684-37-8","24980","HMDB0004157","C05789","9548718","Neg","i_urobilinogen",327,"HMDB0004157","COMETS"
"353",100001229,209,33969,126890,"Lipid","Long Chain Polyunsaturated Fatty Acid (n3 and n6)",1580,"NAMED","JIWBIWFOSCKQMA-LTKCOYKYSA-N","CC\C=C/C\C=C/C\C=C/C\C=C/CCCCC(O)=O","stearidonate (18:4n3)","stearidonate (18:4n3)",NA,NA,NA,"111174-40-4","4471933","HMDB0006547","C16300","5312508","Neg","stearidonate_18_4n3",328,"HMDB0006547","COMETS"
"354",100001232,209,33968,126127,"Lipid","Medium Chain Fatty Acid",1527,"NAMED","IJBFSOLHRKELLR-FPLPWBNLSA-N","CCCCCC\C=C/CCCC(O)=O","5-dodecenoate (12:1n7)","5-dodecenoate (12:1n7)",NA,NA,NA,"2430-94-6","4471803","HMDB0000529",NA,"5312378","Neg","5_dodecenoate_12_1n7",329,"HMDB0000529","COMETS"
"355",100001247,402,33936,158581,"Lipid","Fatty Acid Metabolism (Acyl Carnitine, Medium Chain)",1875,"NAMED","CXTATJFJDMJMIY-UHFFFAOYSA-N","[O-]C(CC(C[N+](C)(C)C)OC(CCCCCCC)=O)=O","octanoylcarnitine (C8)","octanoylcarnitine (C8)",NA,NA,NA,"3671-77-0","110274","HMDB0000791","C02838","123701,11953814","Pos Late","octanoylcarnitine_c8",330,"HMDB0000791","COMETS"
"356",100001250,209,33983,126892,"Lipid","Primary Bile Acid Metabolism",3499,"NAMED","XSOLDPYUICCHJX-OEYGYFRSSA-N","O=S(CCNC(CC[C@@H](C)[C@@]1([H])CCC2C3[C@@H](O)[C@@H](O)[C@]4([H])C[C@H](O)CC[C@]4(C)C3CC[C@]12C)=O)(O)=O","tauro-beta-muricholate","tauro-beta-muricholate",NA,NA,NA,"25696-60-0","147312","HMDB0000932",NA,"121596216,21124703,168408","Neg","tauro_beta_muricholate",331,"HMDB0000932","COMETS"
"357",100001251,402,33941,158585,"Lipid","Fatty Acid Metabolism (Acyl Carnitine, Medium Chain)",1883,"NAMED","LZOSYCMHQXPBFU-UHFFFAOYSA-N","[O-]C(CC(C[N+](C)(C)C)OC(CCCCCCCCC)=O)=O","decanoylcarnitine (C10)","decanoylcarnitine (C10)",NA,NA,NA,"1492-27-9","8420677","HMDB0000651",NA,"10245190","Pos Late","decanoylcarnitine_c10",332,"HMDB0000651","COMETS"
"358",100001253,305,33943,146952,"Amino Acid","Glutamate Metabolism",50,"NAMED","KSMRODHGGIIXDV-YFKPBYRVSA-N","OC([C@H](CCC(N)=O)NC(C)=O)=O","N-acetylglutamine","N-acetylglutamine",NA,NA,NA,"2490-97-3","158492","HMDB0006029","C02716","182230","Polar","n_acetylglutamine",333,"HMDB0006029","COMETS"
"359",100001254,209,33959,126119,"Amino Acid","Tryptophan Metabolism",261,"NAMED","DZTHIGRZJZPRDV-LBPRGKRZSA-N","O=C(O)[C@@H](NC(C)=O)CC1=CNC2=C1C=CC=C2","N-acetyltryptophan","N-acetyltryptophan",NA,NA,NA,"1218-34-4","610602","HMDB0013713","C03137","439917,700653","Neg","n_acetyltryptophan",334,"HMDB0013713","COMETS"
"360",100001256,209,33950,126109,"Amino Acid","Phenylalanine Metabolism",145,"NAMED","CBQJSKKFNMDLON-JTQLQIEISA-N","O=C(O)[C@@H](NC(C)=O)CC1=CC=CC=C1","N-acetylphenylalanine","N-acetylphenylalanine",NA,NA,NA,"2018-61-3","67404","HMDB0000512","C03519","74839","Neg","n_acetylphenylalanine",335,"HMDB0000512","COMETS"
"361",100001257,305,33942,147568,"Amino Acid","Alanine and Aspartate Metabolism",42,"NAMED","HXFOXFJUNFFYMO-BYPYZUCNSA-N","OC([C@@H](NC(C)=O)CC(N)=O)=O","N-acetylasparagine","N-acetylasparagine",NA,NA,NA,"4033-40-3","90090","HMDB0006028",NA,"99715","Polar","n_acetylasparagine",336,"HMDB0006028","COMETS"
"362",100001263,402,33955,158599,"Lipid","Lysophospholipid",2624,"NAMED","ASWBNKHCZGQVJV-UHFFFAOYSA-N","O=P(OCC[N+](C)(C)C)([O-])OCC(O)COC(CCCCCCCCCCCCCCC)=O","1-palmitoyl-GPC (16:0)","1-palmitoyl-GPC (16:0)","LPC 16:0","LPC 16:0","LPC 16:0/0:0","17364-16-8","78064","HMDB0010382","C04102","86554","Pos Late","1_palmitoyl_gpc_16_0",337,"HMDB0010382","COMETS"
"363",100001263,402,33955,158599,"Lipid","Lysophospholipid",2624,"NAMED","ASWBNKHCZGQVJV-UHFFFAOYSA-N","O=P(OCC[N+](C)(C)C)([O-])OCC(O)COC(CCCCCCCCCCCCCCC)=O","1-palmitoyl-GPC (16:0)","1-palmitoyl-GPC (16:0)","LPC 16:0","LPC 16:0","LPC 16:0/0:0","17364-16-8","78064","HMDB0010382","C04102","86554","Pos Late","1_palmitoyl_gpc_16_0",337,"HMDB0010382_C8_QI04","COMETS"
"364",100001266,400,33953,156051,"Amino Acid","Urea cycle; Arginine and Proline Metabolism",507,"NAMED","SNEIUMQYRCDYCH-LURJTMIESA-N","O=C(O)[C@@H](NC(C)=O)CCCNC(N)=N","N-acetylarginine","N-acetylarginine",NA,NA,NA,"155-84-0","60752","HMDB0004620","C02562","67427","Pos Early","n_acetylarginine",338,"HMDB0004620","COMETS"
"365",100001267,402,33935,158580,"Xenobiotics","Food Component/Plant",5043,"NAMED","MXXWOMGUGJBKIW-YPCIICBESA-N","O=C(N1CCCCC1)/C=C/C=C/C2=CC(OCO3)=C3C=C2","piperine","piperine",NA,NA,NA,"94-62-2","553590","HMDB0029377","C03882","638024","Pos Late","piperine",339,"HMDB0029377_C8_QI297","COMETS"
"366",100001267,402,33935,158580,"Xenobiotics","Food Component/Plant",5043,"NAMED","MXXWOMGUGJBKIW-YPCIICBESA-N","O=C(N1CCCCC1)/C=C/C=C/C2=CC(OCO3)=C3C=C2","piperine","piperine",NA,NA,NA,"94-62-2","553590","HMDB0029377","C03882","638024","Pos Late","piperine",339,"HMDB0029377","COMETS"
"367",100001269,402,33997,164179,"Lipid","Sterol",3253,"NAMED","SGNBVLSWZMBQTH-PODYLUTMSA-N","C[C@H](CC[C@@H](C)C(C)C)[C@@]1([H])CC[C@@]2([H])[C@]3([H])CC=C4C[C@@H](O)CC[C@]4(C)[C@@]3([H])CC[C@@]21C","campesterol","campesterol",NA,NA,NA,"474-62-4","151215","HMDB0002869","C01789","173183","Pos Late","campesterol",340,"HMDB0002869","COMETS"
"368",100001270,402,33952,158596,"Lipid","Fatty Acid Metabolism (Acyl Carnitine, Long Chain Saturated)",1885,"NAMED","PSHXNVGSVNEJBD-UHFFFAOYSA-N","O=C(CCCCCCCCCCCCC)OC(CC([O-])=O)C[N+](C)(C)C","myristoylcarnitine (C14)","myristoylcarnitine (C14)",NA,NA,NA,"18822-89-4","4932274","HMDB0005066",NA,"6426854","Pos Late","myristoylcarnitine_c14",341,"HMDB0005066","COMETS"
"369",100001271,402,33961,158603,"Lipid","Lysophospholipid",2635,"NAMED","IHNKQIMGVNPMTC-RUZDIDTESA-N","O[C@H](COC(CCCCCCCCCCCCCCCCC)=O)COP(OCC[N+](C)(C)C)([O-])=O","1-stearoyl-GPC (18:0)","1-stearoyl-GPC (18:0)","LPC 18:0","LPC 18:0","LPC 18:0/0:0","19420-57-6","435389","HMDB0010384",NA,"497300","Pos Late","1_stearoyl_gpc_18_0",342,"HMDB0010384","COMETS"
"370",100001272,402,48258,160285,"Lipid","Lysophospholipid",2637,"NAMED","YAMUFBLWGFFICM-PTGWMXDISA-N","O[C@H](COC(CCCCCCC/C=C\CCCCCCCC)=O)COP(OCC[N+](C)(C)C)([O-])=O","1-oleoyl-GPC (18:1)","1-oleoyl-GPC (18:1)","LPC 18:1","LPC 18:1","LPC 18:1/0:0","19420-56-5","17240641","HMDB0002815","C03916","16081932","Pos Late","1_oleoyl_gpc_18_1",343,"HMDB0002815","COMETS"
"371",100001272,402,48258,160285,"Lipid","Lysophospholipid",2637,"NAMED","YAMUFBLWGFFICM-PTGWMXDISA-N","O[C@H](COC(CCCCCCC/C=C\CCCCCCCC)=O)COP(OCC[N+](C)(C)C)([O-])=O","1-oleoyl-GPC (18:1)","1-oleoyl-GPC (18:1)","LPC 18:1","LPC 18:1","LPC 18:1/0:0","19420-56-5","17240641","HMDB0002815","C03916","16081932","Pos Late","1_oleoyl_gpc_18_1",343,"HMDB0002815_M33960","COMETS"
"372",100001274,209,33939,126095,"Amino Acid","Glycine, Serine and Threonine Metabolism",18,"NAMED","PEDXUVCGOLSNLQ-UHFFFAOYSA-N","CC(O)C(C(O)=O)NC(C)=O","N-acetylthreonine","N-acetylthreonine",NA,NA,NA,"17093-74-2","3841173","HMDB0062557",NA,"152204","Neg","n_acetylthreonine",344,"CHEM100001274","COMETS"
"373",100001275,209,33945,126103,"Peptide","Acetylated Peptides",1208,"NAMED","UTYVDVLMYQPLQB-UHFFFAOYSA-N","OC(CNC(CC1=CC=CC=C1)=O)=O","phenylacetylglycine","phenylacetylglycine",NA,NA,NA,"500-98-1","61452","HMDB0000821","C05598","68144","Neg","phenylacetylglycine",345,"HMDB0000821","COMETS"
"374",100001276,209,33967,126125,"Amino Acid","Leucine, Isoleucine and Valine Metabolism",393,"NAMED","JDTWZSUNGHMMJM-MSZQBOFLSA-N","CC(N[C@H](C(O)=O)C(C)CC)=O","N-acetylisoleucine","N-acetylisoleucine",NA,NA,NA,"3077-46-1","2081100","HMDB0061684",NA,"306109","Neg","n_acetylisoleucine",346,"HMDB0061684","COMETS"
"375",100001277,209,33972,126131,"Lipid","Long Chain Monounsaturated Fatty Acid",1563,"NAMED","BBOWBNGUEWHNQZ-KTKRTIGZSA-N","O=C(O)CCCCCCCC/C=C\CCCCCCCC","10-nonadecenoate (19:1n9)","10-nonadecenoate (19:1n9)",NA,NA,NA,"73033-09-7","4471938","HMDB0013622",NA,"5312513","Neg","10_nonadecenoate_19_1n9",347,"HMDB0013622","COMETS"
"376",100001278,209,33971,126129,"Lipid","Long Chain Monounsaturated Fatty Acid",1554,"NAMED","GDTXICBNEOEPAZ-FPLPWBNLSA-N","O=C(O)CCCCCCCC/C=C\CCCCCC","10-heptadecenoate (17:1n7)","10-heptadecenoate (17:1n7)",NA,NA,NA,"29743-97-3","4471860","HMDB0060038",NA,"5312435","Neg","10_heptadecenoate_17_1n7",348,"HMDB0060038","COMETS"
"377",100001279,209,34093,126896,"Lipid","Secondary Bile Acid Metabolism",3559,"NAMED","DKPMWHFRUGMUKF-OAEKOJLISA-N","C[C@]12CC[C@@H](O)C[C@@]1([H])[C@@H](O)[C@@H](O)C3C2CC[C@@]4(C)C3CCC4C(CCC(O)=O)C","hyocholate (gamma-muricholate)","hyocholate",NA,NA,NA,"547-75-1","21403098","HMDB0000760","C17649","92805","Neg","hyocholate_gamma_muricholate",349,"HMDB0000760","COMETS"
"378",100001292,209,34420,126946,"Peptide","Polypeptide",1085,"NAMED","VCEHWDBVPZFHAG-POFDKVPJSA-N","O=C(N[C@H](C(N[C@H](C(N1[C@H](C(N[C@H](C(O)=O)CC2=CC=CC=C2)=O)CCC1)=O)CO)=O)CC3=CC=CC=C3)CNC([C@H]4N(C([C@H]5N(C([C@H](CCCNC(N)=N)N)=O)CCC5)=O)CCC4)=O","bradykinin, des-arg(9)","bradykinin, des-arg(9)",NA,NA,NA,"15958-92-6","94778","HMDB0004246","C00306","105044","Neg","bradykinin_des_arg",352,"CHEM100001292","COMETS"
"379",100001292,209,34420,126946,"Peptide","Polypeptide",1085,"NAMED","VCEHWDBVPZFHAG-POFDKVPJSA-N","O=C(N[C@H](C(N[C@H](C(N1[C@H](C(N[C@H](C(O)=O)CC2=CC=CC=C2)=O)CCC1)=O)CO)=O)CC3=CC=CC=C3)CNC([C@H]4N(C([C@H]5N(C([C@H](CCCNC(N)=N)N)=O)CCC5)=O)CCC4)=O","bradykinin, des-arg(9)","bradykinin, des-arg(9)",NA,NA,NA,"15958-92-6","94778","HMDB0004246","C00306","105044","Neg","bradykinin_des_arg",352,"CHEM100000967","COMETS"
"380",100001293,400,33946,156044,"Amino Acid","Histidine Metabolism",76,"NAMED","KBOJOGQFRVVWBH-ZETCQYMHSA-N","OC([C@@H](NC(C)=O)CC1=CNC=N1)=O","N-acetylhistidine","N-acetylhistidine",NA,NA,NA,"39145-52-3","68142","HMDB0032055","C02997","75619","Pos Early","n_acetylhistidine",353,"HMDB0032055","COMETS"
"381",100001294,400,33949,156047,"Peptide","Gamma-glutamyl Amino Acid",653,"NAMED","ACIJGUBIMXQCMF-BYPYZUCNSA-N","O=C(O)[C@@H](N)CCC(NCC(O)=O)=O","gamma-glutamylglycine","gamma-glutamylglycine",NA,NA,NA,"1948-29-4","145071","HMDB0011667",NA,"100099","Pos Early","gamma_glutamylglycine",354,"HMDB0011667","COMETS"
"382",100001295,209,33947,126107,"Peptide","Gamma-glutamyl Amino Acid",662,"NAMED","CATMPQFFVNKDEY-AAEUAGOBSA-N","O=C(O)[C@@H](N)CCC(N[C@@H](CC1=CNC2=C1C=CC=C2)C(O)=O)=O","gamma-glutamyltryptophan","gamma-glutamyltryptophan",NA,NA,NA,"66471-20-3","2302065","HMDB0029160",NA,"3989307","Neg","gamma_glutamyltryptophan",355,"HMDB0029160","COMETS"
"383",100001296,400,34384,156088,"Xenobiotics","Food Component/Plant",5101,"NAMED","CMUNUTVVOOHQPW-LURJTMIESA-N","C[N+]1(C)[C@H]([C@@]([O-])=O)CCC1","stachydrine","stachydrine",NA,NA,NA,"4136-37-2","103115","HMDB0004827","C10172","115244","Pos Early","stachydrine",356,"HMDB0004827","COMETS"
"384",100001300,209,33937,126093,"Amino Acid","Leucine, Isoleucine and Valine Metabolism",430,"NAMED","NGEWQZIDQIYUNV-UHFFFAOYSA-N","OC(C(O)=O)C(C)C","alpha-hydroxyisovalerate","alpha-hydroxyisovalerate",NA,NA,NA,"600-37-3","90190","HMDB0000407",NA,"99823","Neg","alpha_hydroxyisovalerate",357,"HMDB0000407","COMETS"
"385",100001300,209,33937,126093,"Amino Acid","Leucine, Isoleucine and Valine Metabolism",430,"NAMED","NGEWQZIDQIYUNV-UHFFFAOYSA-N","OC(C(O)=O)C(C)C","alpha-hydroxyisovalerate","alpha-hydroxyisovalerate",NA,NA,NA,"600-37-3","90190","HMDB0000407",NA,"99823","Neg","alpha_hydroxyisovalerate",357,"HMDB0000407_M33937","COMETS"
"386",100001313,400,44872,157084,"Peptide","Gamma-glutamyl Amino Acid",659,"NAMED","RQNSKRXMANOPQY-BQBZGAKWSA-N","O=C(O)[C@H](CCSC)NC(CC[C@@H](C(O)=O)N)=O","gamma-glutamylmethionine","gamma-glutamylmethionine",NA,NA,NA,"17663-87-5","5373147","HMDB0029155",NA,"7009567","Pos Early","gamma_glutamylmethionine",358,"HMDB0029155","COMETS"
"387",100001314,400,33364,156009,"Peptide","Gamma-glutamyl Amino Acid",661,"NAMED","GWNXFCYUJXASDX-JUZNGCLZSA-N","CC(O)[C@@H](C(O)=O)NC(CC[C@@H](C(O)=O)N)=O","gamma-glutamylthreonine","gamma-glutamylthreonine",NA,NA,NA,"5652-48-2","21403107","HMDB0029159",NA,"76078708","Pos Early","gamma_glutamylthreonine",359,"HMDB0029159","COMETS"
"388",100001315,209,36103,143727,"Xenobiotics","Benzoate Metabolism",4589,"NAMED","WGNAKZGUSRVWRH-UHFFFAOYSA-N","O=S(OC1=CC=C(C)C=C1)(O)=O","p-cresol sulfate","p-cresol sulfate",NA,NA,NA,"3233-57-7","3806480","HMDB0011635",NA,"4615423","Neg","p_cresol sulfate",360,"HMDB0011635","COMETS"
"389",100001320,305,42420,148204,"Carbohydrate","Aminosugar Metabolism",1450,"NAMED","JPIJQSOTBSSVTP-PWNYCUMCSA-N","OC[C@@H](O)[C@@H](O)C(O)=O","erythronate*","erythronate*",NA,NA,NA,"88759-55-1","2061231","HMDB0000613",NA,"2781043","Polar","erythronate",361,"HMDB0000613","COMETS"
"390",100001320,305,42420,148204,"Carbohydrate","Aminosugar Metabolism",1450,"NAMED","JPIJQSOTBSSVTP-PWNYCUMCSA-N","OC[C@@H](O)[C@@H](O)C(O)=O","erythronate*","erythronate*",NA,NA,NA,"88759-55-1","2061231","HMDB0000613",NA,"2781043","Polar","erythronate",361,"HMDB0000613_M33477","COMETS"
"391",100001335,209,33587,143715,"Lipid","Long Chain Monounsaturated Fatty Acid",1566,"NAMED","BITHHVVYSMSWAG-KTKRTIGZSA-N","O=C(O)CCCCCCCCC/C=C\CCCCCCCC","eicosenoate (20:1)","eicosenoate (20:1n9 or 1n11)",NA,NA,NA,NA,"4445895","HMDB0002231","C16526","5282768,5282769,94159","Neg","eicosenoate_20_1",367,"HMDB0002231","COMETS"
"392",100001337,209,34035,143703,"Lipid","Long Chain Polyunsaturated Fatty Acid (n3 and n6)",1592,"NAMED","DTOSIQBPPRVQHS-PDBXOOCHSA-N","O=C(O)CCCCCCC/C=C\C/C=C\C/C=C\CC","linolenate [alpha or gamma; (18:3n3 or 6)]","linolenate (18:3n3 or 3n6)",NA,NA,NA,NA,"4444437","HMDB0003073","C06426,C06427","5280933,5280934","Neg","linolenate_alpha or gamma__18_3n3 or 6",368,"HMDB0003073","COMETS"
"393",100001337,209,34035,143703,"Lipid","Long Chain Polyunsaturated Fatty Acid (n3 and n6)",1592,"NAMED","DTOSIQBPPRVQHS-PDBXOOCHSA-N","O=C(O)CCCCCCC/C=C\C/C=C\C/C=C\CC","linolenate [alpha or gamma; (18:3n3 or 6)]","linolenate (18:3n3 or 3n6)",NA,NA,NA,NA,"4444437","HMDB0001388","C06426,C06427","5280933,5280934","Neg","linolenate_alpha or gamma__18_3n3 or 6",368,"HMDB0001388","COMETS"
"394",100001337,209,34035,143703,"Lipid","Long Chain Polyunsaturated Fatty Acid (n3 and n6)",1592,"NAMED","DTOSIQBPPRVQHS-PDBXOOCHSA-N","O=C(O)CCCCCCC/C=C\C/C=C\C/C=C\CC","linolenate [alpha or gamma; (18:3n3 or 6)]","linolenate (18:3n3 or 3n6)",NA,NA,NA,NA,"4444437","HMDB0001388","C06426,C06427","5280933,5280934","Neg","linolenate_alpha or gamma__18_3n3 or 6",368,"HMDB0001388_HMDB03073","COMETS"
"395",100001359,209,46173,144239,"Energy","TCA Cycle",1460,"NAMED",NA,NA,"aconitate [cis or trans]","aconitate [cis or trans]",NA,NA,NA,NA,NA,"HMDB0000958","C004174,C02341","444212,643757","Neg","aconitate_cis or trans",369,"HMDB00072_HMDB00958","Moore"
"396",100001383,402,45453,159645,"Lipid","Lysophospholipid",2619,"NAMED","VXUOFDJKYGDUJI-OAQYLSRUSA-N","CCCCCCCCCCCCCC(OC[C@](O)([H])COP(OCC[N+](C)(C)C)([O-])=O)=O","1-myristoyl-GPC (14:0)","1-myristoyl-GPC (14:0)","LPC 14:0","LPC 14:0","LPC 14:0/0:0","20559-16-4","405289","HMDB0010379","C04230","460604","Pos Late","1_myristoyl_gpc_14_0",370,"HMDB0010379","COMETS"
"397",100001383,402,45453,159645,"Lipid","Lysophospholipid",2619,"NAMED","VXUOFDJKYGDUJI-OAQYLSRUSA-N","CCCCCCCCCCCCCC(OC[C@](O)([H])COP(OCC[N+](C)(C)C)([O-])=O)=O","1-myristoyl-GPC (14:0)","1-myristoyl-GPC (14:0)","LPC 14:0","LPC 14:0","LPC 14:0/0:0","20559-16-4","405289","HMDB0010379","C04230","460604","Pos Late","1_myristoyl_gpc_14_0",370,"CHEM100001563","COMETS"
"398",100001383,402,45453,159645,"Lipid","Lysophospholipid",2619,"NAMED","VXUOFDJKYGDUJI-OAQYLSRUSA-N","CCCCCCCCCCCCCC(OC[C@](O)([H])COP(OCC[N+](C)(C)C)([O-])=O)=O","1-myristoyl-GPC (14:0)","1-myristoyl-GPC (14:0)","LPC 14:0","LPC 14:0","LPC 14:0/0:0","20559-16-4","405289","HMDB0010379","C04230","460604","Pos Late","1_myristoyl_gpc_14_0",370,"HMDB0010379_C8_QI02","COMETS"
"399",100001384,402,45456,159647,"Lipid","Lysophospholipid",2648,"NAMED","UATOAILWGVYRQS-HHHXNRCGSA-N","CCCCCCCCCCCCCCCCCCCC(OC[C@](O)([H])COP(OCC[N+](C)(C)C)([O-])=O)=O","1-arachidoyl-GPC (20:0)","1-arachidoyl-GPC (20:0)","LPC 20:0","LPC 20:0","LPC 20:0/0:0","108341-80-6","21403128","HMDB0010390","C04230","24779473","Pos Late","1_arachidoyl_gpc_20_0",371,"HMDB0010390","COMETS"
"400",100001386,402,41754,159409,"Cofactors and Vitamins","Hemoglobin and Porphyrin Metabolism",4443,"NAMED","GGIDWJQWCUJYRY-UHFFFAOYSA-K","CC1=C(CCC(O)=O)C(/C=C(C(CCC([O-])=O)=C/2C)\[N-]C2=C/C3=N/C(C(C=C)=C3C)=C\4)=N/C1=C\C(N([Fe+2])C4=C5C)=C5C=C","heme","heme",NA,NA,NA,"14875-96-8",NA,"HMDB0003178","C00032","26945","Pos Late","heme",372,"HMDB0003178","COMETS"
"401",100001391,402,34409,158657,"Lipid","Fatty Acid Metabolism (Acyl Carnitine, Long Chain Saturated)",1889,"NAMED","FNPHNLNTJNMAEE-HSZRJFAPSA-N","[O-]C(C[C@@H](OC(CCCCCCCCCCCCCCCCC)=O)C[N+](C)(C)C)=O","stearoylcarnitine (C18)","stearoylcarnitine (C18)",NA,NA,NA,"18822-91-8","21233653","HMDB0000848",NA,"3006797","Pos Late","stearoylcarnitine_c18",373,"HMDB0000848","COMETS"
"402",100001393,400,34407,156109,"Amino Acid","Leucine, Isoleucine and Valine Metabolism",360,"NAMED","IGQBPDJNUXPEMT-UHFFFAOYSA-N","[O-]C(CC(C[N+](C)(C)C)OC(CC(C)C)=O)=O","isovalerylcarnitine (C5)","isovalerylcarnitine (C5)",NA,NA,NA,"31023-24-2","4932271","HMDB0000688","C20826","169235","Pos Early","isovalerylcarnitine_c5",375,"HMDB0000688","COMETS"
"403",100001395,402,34419,158662,"Lipid","Lysophospholipid",2640,"NAMED","SPJFYYJXNPEZDW-UTJQPWESSA-N","O=P(OCC(O)COC(CCCCCCC/C=C\C/C=C\CCCCC)=O)([O-])OCC[N+](C)(C)C","1-linoleoyl-GPC (18:2)","1-linoleoyl-GPC (18:2)","LPC 18:2","LPC 18:2","LPC 18:2/0:0",NA,"10160888","HMDB0010386","C04100","11988421","Pos Late","1_linoleoyl_gpc_18_2",376,"HMDB0010386","COMETS"
"404",100001395,402,34419,158662,"Lipid","Lysophospholipid",2640,"NAMED","SPJFYYJXNPEZDW-UTJQPWESSA-N","O=P(OCC(O)COC(CCCCCCC/C=C\C/C=C\CCCCC)=O)([O-])OCC[N+](C)(C)C","1-linoleoyl-GPC (18:2)","1-linoleoyl-GPC (18:2)","LPC 18:2","LPC 18:2","LPC 18:2/0:0",NA,"10160888","HMDB0010386","C04100","11988421","Pos Late","1_linoleoyl_gpc_18_2",376,"HMDB0010386_C8_QI06","COMETS"
"405",100001396,400,34390,156093,"Xenobiotics","Xanthine Metabolism",4639,"NAMED","PFWLFWPASULGAN-UHFFFAOYSA-N","OC1=C(N2C)C(N=C2)=NC(O)=N1","7-methylxanthine","7-methylxanthine",NA,NA,NA,"552-62-5","61660","HMDB0001991","C16353","68374","Pos Early","7_methylxanthine",377,"HMDB0001991","COMETS"
"406",100001397,209,34404,126930,"Xenobiotics","Xanthine Metabolism",4636,"NAMED","BYXCFUMGEBZDDI-UHFFFAOYSA-N","CN(C(N1C)=O)C(NC2=O)=C(N2C)C1=O","1,3,7-trimethylurate","1,3,7-trimethylurate",NA,NA,NA,"5415-44-1","71754","HMDB0002123","C16361","79437","Neg","1_3_7_trimethylurate",378,"HMDB0002123","COMETS"
"407",100001398,209,34399,126922,"Xenobiotics","Xanthine Metabolism",4635,"NAMED","HMLZLHKHNBLLJD-UHFFFAOYSA-N","CN1C(NC(C(N2C)=C1NC2=O)=O)=O","3,7-dimethylurate","3,7-dimethylurate",NA,NA,NA,"13087-49-5","74994","HMDB0001982","C16360","83126","Neg","3_7_dimethylurate",379,"HMDB0001982","COMETS"
"408",100001399,209,34400,126924,"Xenobiotics","Xanthine Metabolism",4634,"NAMED","NOFNCLGCUJJPKU-UHFFFAOYSA-N","CN1C(NC(N2)=C(C1=O)N(C)C2=O)=O","1,7-dimethylurate","1,7-dimethylurate",NA,NA,NA,"33868-03-0","82720","HMDB0011103","C16356","91611","Neg","1_7_dimethylurate",380,"HMDB0011103","COMETS"
"409",100001400,305,34395,152168,"Xenobiotics","Xanthine Metabolism",4631,"NAMED","QFDRTQONISXGJA-UHFFFAOYSA-N","CN1C(NC(N2)=C(C1=O)NC2=O)=O","1-methylurate","1-methylurate",NA,NA,NA,"708-79-2","62926","HMDB0003099","C16359","69726","Polar","1_methylurate",381,"HMDB0003099","COMETS"
"410",100001402,305,34401,165248,"Xenobiotics","Xanthine Metabolism",4641,"NAMED","RDZNZFGKEVDNPK-UHFFFAOYSA-N","O=C(NC(NC=O)=C1NC(C)=O)N(C)C1=O","5-acetylamino-6-formylamino-3-methyluracil","5-acetylamino-6-formylamino-3-methyluracil",NA,NA,NA,"85438-96-6","97287","HMDB0011105","C16365","108214","Polar","5_acetylamino_6_formylamino_3_methyluracil",382,"HMDB0011105","COMETS"
"411",100001403,305,34424,165245,"Xenobiotics","Xanthine Metabolism",4640,"NAMED","POQOTWQIYYNXAT-UHFFFAOYSA-N","O=C(NC(N)=C1NC(C)=O)N(C)C1=O","5-acetylamino-6-amino-3-methyluracil","5-acetylamino-6-amino-3-methyluracil",NA,NA,NA,"1196153-01-1","79659","HMDB0004400","C16366","88299","Polar","5_acetylamino_6_amino_3_methyluracil",383,"HMDB0004400","COMETS"
"412",100001405,209,34389,126906,"Xenobiotics","Xanthine Metabolism",4637,"NAMED","MVOYJPOZRLFTCP-UHFFFAOYSA-N","O=C(N1C)NC2=C(NC=N2)C1=O","1-methylxanthine","1-methylxanthine",NA,NA,NA,"6136-37-4","72464","HMDB0010738","C16358","80220","Neg","1_methylxanthine",384,"HMDB0010738","COMETS"
"413",100001409,400,48351,179271,"Nucleotide","Purine Metabolism, (Hypo)Xanthine/Inosine containing",4161,"NAMED","WJNGQIYEQLPJMN-UHFFFAOYSA-N","OC(C1O)C(OC1CO)N(C=N2)C(N=CN3C)=C2C3=O","N1-methylinosine","N1-methylinosine",NA,NA,NA,"20245-33-4","513976","HMDB0002721",NA,"650095","Pos Early","n1_methylinosine",385,"HMDB0002721","COMETS"
"414",100001412,400,35137,156155,"Nucleotide","Purine Metabolism, Guanine containing",4227,"NAMED","RSPURTUNRHNVGF-IOSLPCCCSA-N","O=C1C(N=CN2[C@@]3([H])[C@@](O)([H])[C@@](O)([H])[C@](CO)([H])O3)=C2N=C(N(C)C)N1","N2,N2-dimethylguanosine","N2,N2-dimethylguanosine",NA,NA,NA,"2140-67-2","83878","HMDB0004824",NA,"135501639","Pos Early","n2_n2_dimethylguanosine",386,"HMDB0004824","COMETS"
"415",100001413,209,35130,126964,"Nucleotide","Pyrimidine Metabolism, Cytidine containing",4291,"NAMED","NIDVTARKFBZMOT-PEBGCTIMSA-N","O[C@]1([H])[C@@](O)([H])[C@](CO)([H])O[C@]1(N2C(N=C(NC(C)=O)C=C2)=O)[H]","N4-acetylcytidine","N4-acetylcytidine",NA,NA,NA,"3768-18-1","96702","HMDB0005923",NA,"107461","Neg","n4_acetylcytidine",387,"HMDB0005923","COMETS"
"416",100001415,209,35157,126974,"Nucleotide","Purine Metabolism, Adenine containing",4199,"NAMED","UNUYMBPXEFMLNW-HZPYULPISA-N","OC(C)C(C(O)=O)NC(NC1=NC=NC2=C1N=CN2[C@@H]3O[C@H](CO)[C@@H](O)[C@H]3O)=O","N6-carbamoylthreonyladenosine","N6-carbamoylthreonyladenosine",NA,NA,NA,"24719-82-2","141829","HMDB0041623",NA,"161466","Neg","n6_carbamoylthreonyladenosine",388,"HMDB0041623","COMETS"
"417",100001416,305,35172,147813,"Nucleotide","Pyrimidine Metabolism, Orotate containing",4244,"NAMED","FKCRAVPPBFWEJD-XVFCMESISA-N","O=C(C=C(C(O)=O)N1[C@H]2[C@H](O)[C@H](O)[C@@H](CO)O2)NC1=O","orotidine","orotidine",NA,NA,NA,"314-50-1","83729","HMDB0000788",NA,"92751","Polar","orotidine",389,"HMDB0000788","COMETS"
"418",100001417,209,35126,126960,"Peptide","Acetylated Peptides",1205,"NAMED","JFLIEFSWGNOPJJ-JTQLQIEISA-N","O=C(CC1=CC=CC=C1)N[C@@H](CCC(N)=O)C(O)=O","phenylacetylglutamine","phenylacetylglutamine",NA,NA,NA,"28047-15-6","270643","HMDB0006344","C04148","92258","Neg","phenylacetylglutamine",390,"HMDB0006344","COMETS"
"419",100001417,209,35126,126960,"Peptide","Acetylated Peptides",1205,"NAMED","JFLIEFSWGNOPJJ-JTQLQIEISA-N","O=C(CC1=CC=CC=C1)N[C@@H](CCC(N)=O)C(O)=O","phenylacetylglutamine","phenylacetylglutamine",NA,NA,NA,"28047-15-6","270643","HMDB0006344","C04148","92258","Neg","phenylacetylglutamine",390,"HMDB0006344_C18_QI113","COMETS"
"420",100001423,209,35527,127577,"Xenobiotics","Benzoate Metabolism",4506,"NAMED","ZMHLUFWWWPBTIU-UHFFFAOYSA-N","O=C(NCC(O)=O)C1=CC=C(O)C=C1","4-hydroxyhippurate","4-hydroxyhippurate",NA,NA,NA,"2482-25-9","133104","HMDB0013678",NA,"151012","Neg","4_hydroxyhippurate",391,"HMDB0013678","COMETS"
"421",100001425,209,61833,218435,"Nucleotide","Pyrimidine Metabolism, Uracil containing",4257,"NAMED","ZPTBLXKRQACLCR-XVFCMESISA-N","OC[C@H]1O[C@@H](N2CCC(NC2=O)=O)[C@@H]([C@@H]1O)O","5,6-dihydrouridine","5,6-dihydrouridine",NA,NA,NA,"5627-05-4","85115","HMDB0000497",NA,"94312","Neg","5_6_dihydrouridine",392,"HMDB0000497","COMETS"
"422",100001437,400,35159,161190,"Amino Acid","Glutathione Metabolism",582,"NAMED","BNRXZEPOHPEEAS-UHFFFAOYSA-N","NC(C(O)=O)CCC(NC(CSSCC(N)C(O)=O)C(NCC(O)=O)=O)=O","cysteine-glutathione disulfide","cysteine-glutathione disulfide",NA,NA,NA,"13081-14-6","3455404","HMDB0000656","R00900","3080690","Pos Early","cysteine_glutathione disulfide",395,"HMDB0000656","COMETS"
"423",100001446,209,35136,128207,"Nucleotide","Pyrimidine Metabolism, Uracil containing",4259,"NAMED","DWRXFEITVBNRMK-JXOAFFINSA-N","O[C@@H]1[C@H](O)[C@@H](CO)O[C@H]1N(C=C2C)C(NC2=O)=O","5-methyluridine (ribothymidine)","5-methyluridine (ribothymidine)",NA,NA,NA,"1463-10-1","393058","HMDB0000884",NA,"445408","Neg","5_methyluridine_ribothymidine",396,"HMDB0000884","COMETS"
"424",100001446,209,35136,128207,"Nucleotide","Pyrimidine Metabolism, Uracil containing",4259,"NAMED","DWRXFEITVBNRMK-JXOAFFINSA-N","O[C@@H]1[C@H](O)[C@@H](CO)O[C@H]1N(C=C2C)C(NC2=O)=O","5-methyluridine (ribothymidine)","5-methyluridine (ribothymidine)",NA,NA,NA,"1463-10-1","393058","HMDB0000884",NA,"445408","Neg","5_methyluridine_ribothymidine",396,"HMDB0000884_C18_QI117","COMETS"
"425",100001456,209,35114,126958,"Nucleotide","Purine Metabolism, Guanine containing",4221,"NAMED","FZWGECJQACGGTI-UHFFFAOYSA-N","O=C1C(N2C)=C(N=C2)N=C(N)N1","7-methylguanine","7-methylguanine",NA,NA,NA,"578-76-7","10883","HMDB0000897","C02242","135398679","Neg","7_methylguanine",398,"HMDB0000897","COMETS"
"426",100001461,402,42398,159466,"Lipid","Lysophospholipid",2693,"NAMED","BBYWOYAFBUOUFP-JOCHJYFZSA-N","O=P(OCC[NH3+])([O-])OC[C@H](O)COC(CCCCCCCCCCCCCCCCC)=O","1-stearoyl-GPE (18:0)","1-stearoyl-GPE (18:0)","LPE 18:0","LPE 18:0","LPE 18:0/0:0","69747-55-3","7826018","HMDB0011130",NA,"9547068","Pos Late","1_stearoyl_gpe_18_0",399,"HMDB0011130","COMETS"
"427",100001461,402,42398,159466,"Lipid","Lysophospholipid",2693,"NAMED","BBYWOYAFBUOUFP-JOCHJYFZSA-N","O=P(OCC[NH3+])([O-])OC[C@H](O)COC(CCCCCCCCCCCCCCCCC)=O","1-stearoyl-GPE (18:0)","1-stearoyl-GPE (18:0)","LPE 18:0","LPE 18:0","LPE 18:0/0:0","69747-55-3","7826018","HMDB0011130",NA,"9547068","Pos Late","1_stearoyl_gpe_18_0",399,"HMDB0011130_M34416","COMETS"
"428",100001468,209,40469,143005,"Cofactors and Vitamins","Nicotinate and Nicotinamide Metabolism",4359,"NAMED","JLQSXXWTCJPCBC-UHFFFAOYSA-N","O=C(C1=C([H])N(C(C([H])=C1[H])=O)C([H])([H])[H])N([H])[H]","N1-methyl-2-pyridone-5-carboxamide","N1-methyl-2-pyridone-5-carboxamide",NA,NA,NA,"701-44-0","62899","HMDB0004193","C05842","69698","Neg","n1_methyl_2_pyridone_5_carboxamide",401,"HMDB0004193","COMETS"
"429",100001485,400,34456,156123,"Peptide","Gamma-glutamyl Amino Acid",655,"NAMED","SNCKGJWJABDZHI-SIPWABPFSA-N","CCC(C)[C@@H](C(O)=O)NC(CC[C@@H](C(O)=O)N)=O","gamma-glutamylisoleucine*","gamma-glutamylisoleucine*",NA,NA,NA,NA,"21403145","HMDB0011170",NA,"22885096","Pos Early","gamma_glutamylisoleucine",402,"HMDB0011170","COMETS"
"430",100001501,402,35160,158710,"Lipid","Fatty Acid Metabolism (Acyl Carnitine, Monounsaturated)",1909,"NAMED","IPOLTUVFXFHAHI-WHIOSMTNSA-N","[O-]C(C[C@@H](OC(CCCCCCC/C=C\CCCCCCCC)=O)C[N+](C)(C)C)=O","oleoylcarnitine (C18:1)","oleoylcarnitine (C18:1)",NA,NA,NA,"38677-66-6","21403150","HMDB0005065",NA,"6441392","Pos Late","oleoylcarnitine_c18_1",403,"HMDB0005065","COMETS"
"431",100001509,400,45095,157090,"Amino Acid","Leucine, Isoleucine and Valine Metabolism",403,"NAMED","IHCPDBBYTYJYIL-UHFFFAOYSA-N","CCC(C)C(OC(CC([O-])=O)C[N+](C)(C)C)=O","2-methylbutyrylcarnitine (C5)","2-methylbutyrylcarnitine (C5)",NA,NA,NA,"31023-25-3","4932320","HMDB0000378",NA,"6426901","Pos Early","2_methylbutyrylcarnitine_c5",404,"HMDB0000378","COMETS"
"432",100001509,400,45095,157090,"Amino Acid","Leucine, Isoleucine and Valine Metabolism",403,"NAMED","IHCPDBBYTYJYIL-UHFFFAOYSA-N","CCC(C)C(OC(CC([O-])=O)C[N+](C)(C)C)=O","2-methylbutyrylcarnitine (C5)","2-methylbutyrylcarnitine (C5)",NA,NA,NA,"31023-25-3","4932320","HMDB0000378",NA,"6426901","Pos Early","2_methylbutyrylcarnitine_c5",404,"HMDB0000378_M35431","COMETS"
"433",100001510,209,32553,143728,"Amino Acid","Tyrosine Metabolism",196,"NAMED","CTYRPMDGLDAWRQ-UHFFFAOYSA-N","OS(OC1=CC=CC=C1)(=O)=O","phenol sulfate","phenol sulfate",NA,NA,NA,"937-34-8","67018","HMDB0060015","C02180","74426","Neg","phenol sulfate",405,"HMDB0060015","COMETS"
"434",100001511,402,33230,158553,"Lipid","Lysophospholipid",2626,"NAMED","LFUDDCMNKWEORN-KHPPLWFESA-N","O=P(OCC[N+](C)(C)C)([O-])OCC(O)COC(CCCCCCC/C=C\CCCCCC)=O","1-palmitoleoyl-GPC (16:1)*","1-palmitoleoyl-GPC (16:1)*","LPC 16:1","LPC 16:1","LPC 16:1/0:0",NA,"21403152","HMDB0010383",NA,"24779461","Pos Late","1_palmitoleoyl_gpc_16_1",406,"CHEM100001511","COMETS"
"435",100001511,402,33230,158553,"Lipid","Lysophospholipid",2626,"NAMED","LFUDDCMNKWEORN-KHPPLWFESA-N","O=P(OCC[N+](C)(C)C)([O-])OCC(O)COC(CCCCCCC/C=C\CCCCCC)=O","1-palmitoleoyl-GPC (16:1)*","1-palmitoleoyl-GPC (16:1)*","LPC 16:1","LPC 16:1","LPC 16:1/0:0",NA,"21403152","HMDB0010383",NA,"24779461","Pos Late","1_palmitoleoyl_gpc_16_1",406,"CHEM100001561","COMETS"
"436",100001511,402,33230,158553,"Lipid","Lysophospholipid",2626,"NAMED","LFUDDCMNKWEORN-KHPPLWFESA-N","O=P(OCC[N+](C)(C)C)([O-])OCC(O)COC(CCCCCCC/C=C\CCCCCC)=O","1-palmitoleoyl-GPC (16:1)*","1-palmitoleoyl-GPC (16:1)*","LPC 16:1","LPC 16:1","LPC 16:1/0:0",NA,"21403152","HMDB0010383",NA,"24779461","Pos Late","1_palmitoleoyl_gpc_16_1",406,"HMDB0010383","COMETS"
"437",100001511,402,33230,158553,"Lipid","Lysophospholipid",2626,"NAMED","LFUDDCMNKWEORN-KHPPLWFESA-N","O=P(OCC[N+](C)(C)C)([O-])OCC(O)COC(CCCCCCC/C=C\CCCCCC)=O","1-palmitoleoyl-GPC (16:1)*","1-palmitoleoyl-GPC (16:1)*","LPC 16:1","LPC 16:1","LPC 16:1/0:0",NA,"21403152","HMDB0010383",NA,"24779461","Pos Late","1_palmitoleoyl_gpc_16_1",406,"HMDB0010383_C8_QI03","COMETS"
"438",100001538,400,35661,156219,"Xenobiotics","Drug - Analgesics, Anesthetics",5466,"NAMED","NNJVILVZKWQKPM-UHFFFAOYSA-N","CC1=CC=CC(C)=C1NC(CN(CC)CC)=O","lidocaine","lidocaine",NA,NA,NA,"137-58-6","3548","HMDB0014426","D00358","3676","Pos Early","lidocaine",407,"HMDB0014426","COMETS"
"439",100001539,400,33080,156000,"Xenobiotics","Drug - Analgesics, Anesthetics",5467,"NAMED","WRMRXPASUROZGT-UHFFFAOYSA-N","CC1=CC=CC(C)=C1NC(CNCC)=O","N-ethylglycinexylidide","N-ethylglycinexylidide",NA,NA,NA,"7728-40-7","22824","HMDB0060656","C16561","24415","Pos Early","n_ethylglycinexylidide",408,"HMDB0060656","COMETS"
"440",100001541,209,36746,128281,"Amino Acid","Leucine, Isoleucine and Valine Metabolism",401,"NAMED","RILPIWOPNGRASR-UHFFFAOYSA-N","O=C(C(C(CC)C)O)O","2-hydroxy-3-methylvalerate","2-hydroxy-3-methylvalerate",NA,NA,NA,"488-15-3","144317","HMDB0000317",NA,"164623","Neg","2_hydroxy_3_methylvalerate",410,"HMDB0000317","COMETS"
"441",100001548,209,35668,152536,"Lipid","Androgenic Steroids",3403,"NAMED","WAQBISPOEAOCOG-DYKIIFRCSA-N","O=C1CC[C@@]2(C)C(CC[C@]3([H])[C@]2([H])CC[C@@]4(C)[C@@]3([H])CC[C@@H]4OS(=O)(O)=O)=C1","testosterone sulfate","testosterone sulfate",NA,NA,NA,"651-45-6","19979647","HMDB0002833",NA,"119207","Neg","testosterone sulfate",411,"HMDB0002833","COMETS"
"442",100001550,400,33009,155996,"Xenobiotics","Food Component/Plant",4970,"NAMED","XULZWQRXYTVUTE-ZETCQYMHSA-N","C[N+]1(C)[C@@H](CCCC1)[C@]([O-])=O","homostachydrine*","homostachydrine*",NA,NA,NA,"1195-94-4","390180","HMDB0033433","C08283","441447","Pos Early","homostachydrine",412,"HMDB0033433","COMETS"
"443",100001551,402,33228,158552,"Lipid","Lysophospholipid",2659,"NAMED","LAXQYRRMGGEGOH-JXRLJXCWSA-N","C[N+](C)(C)CCOP(OC[C@@](O)([H])COC(CCC\C=C/C\C=C/C/C=C\C/C=C\CCCCC)=O)([O-])=O","1-arachidonoyl-GPC (20:4n6)*","1-arachidonoyl-GPC (20:4n6)*","LPC 20:4","LPC 20:4(5,8,11,14)","LPC 20:4/0:0",NA,"21403155","HMDB0010395","C05208","24779476","Pos Late","1_arachidonoyl_gpc_20_4n6",413,"HMDB0010395","COMETS"
"444",100001551,402,33228,158552,"Lipid","Lysophospholipid",2659,"NAMED","LAXQYRRMGGEGOH-JXRLJXCWSA-N","C[N+](C)(C)CCOP(OC[C@@](O)([H])COC(CCC\C=C/C\C=C/C/C=C\C/C=C\CCCCC)=O)([O-])=O","1-arachidonoyl-GPC (20:4n6)*","1-arachidonoyl-GPC (20:4n6)*","LPC 20:4","LPC 20:4(5,8,11,14)","LPC 20:4/0:0",NA,"21403155","HMDB0010395","C05208","24779476","Pos Late","1_arachidonoyl_gpc_20_4n6",413,"HMDB0010395_C8_QI10","COMETS"
"445",100001552,402,33821,158575,"Lipid","Lysophospholipid",2654,"NAMED","BBNHCUBQEQJHIG-FZZJNMCHSA-N","C[N+](C)(C)CCOP(OC[C@@](O)([H])COC(CCCCCC\C=C/C/C=C\C/C=C\CCCCC)=O)([O-])=O","1-dihomo-linolenoyl-GPC (20:3n3 or 6)*","1-dihomo-linolenoyl-GPC (20:3n3 or 6)*","LPC 20:3","LPC 20:3","LPC 20:3/0:0",NA,"21403156","HMDB0010394",NA,"52924055","Pos Late","1_dihomo_linolenoyl_gpc_20_3n3 or 6",414,"CHEM100001552","COMETS"
"446",100001552,402,33821,158575,"Lipid","Lysophospholipid",2654,"NAMED","BBNHCUBQEQJHIG-FZZJNMCHSA-N","C[N+](C)(C)CCOP(OC[C@@](O)([H])COC(CCCCCC\C=C/C/C=C\C/C=C\CCCCC)=O)([O-])=O","1-dihomo-linolenoyl-GPC (20:3n3 or 6)*","1-dihomo-linolenoyl-GPC (20:3n3 or 6)*","LPC 20:3","LPC 20:3","LPC 20:3/0:0",NA,"21403156","HMDB0010394",NA,"52924055","Pos Late","1_dihomo_linolenoyl_gpc_20_3n3 or 6",414,"HMDB0010394","COMETS"
"447",100001553,402,33871,158577,"Lipid","Lysophospholipid",2653,"NAMED","YYQVCMMXPIJVHY-ZOIJLGJPSA-N","C[N+](C)(C)CCOP(OC[C@@](O)([H])COC(CCCCCCCCC/C=C\C/C=C\CCCCC)=O)([O-])=O","1-dihomo-linoleoyl-GPC (20:2)*","1-eicosadienoyl-GPC* (20:2)*","LPC 20:2","LPC 20:2","LPC 20:2/0:0",NA,"21403157","HMDB0010392",NA,NA,"Pos Late","1_dihomo_linoleoyl_gpc_20_2",415,"CHEM100001553","COMETS"
"448",100001554,209,33387,142527,"Lipid","Lysophospholipid",2657,"NAMED","IGJKYDBBINVMLH-JXRLJXCWSA-N","OC[C@](OC(CCC\C=C/C\C=C/C/C=C\C/C=C\CCCCC)=O)([H])COP(OCC[N+](C)(C)C)([O-])=O","2-arachidonoyl-GPC (20:4)*","2-arachidonoyl-GPC (20:4)*","LPC 20:4","LPC 20:4","LPC 0:0/20:4",NA,"21403158","HMDB0061699",NA,"52924038","Neg","2_arachidonoyl_gpc_20_4",416,"CHEM100001554","COMETS"
"449",100001556,209,48259,154240,"Lipid","Lysophospholipid",2638,"NAMED","SULIDBRAXVDKBU-AYZYJWAHSA-N","OC[C@H](OC(CCCCCCC/C=C\CCCCCCCC)=O)COP(OCC[N+](C)(C)C)([O-])=O","2-oleoyl-GPC (18:1)*","2-oleoyl-GPC (18:1)*","LPC 18:1","LPC 18:1","LPC 0:0/18:1",NA,"21403159","HMDB0061701",NA,"24779494","Neg","2_oleoyl_gpc_18_1",418,"CHEM100001556","COMETS"
"450",100001561,209,47118,148450,"Lipid","Lysophospholipid",2627,"NAMED","GKXPPJQBVCKAGD-DJYGDJEFSA-N","OC[C@](OC(CCCCCCCC/C=C\CCCCC)=O)([H])COP(OCC[N+](C)(C)C)([O-])=O","2-palmitoleoyl-GPC (16:1)*","2-palmitoleoyl-GPC (16:1)*","LPC 16:1","LPC 16:1","LPC 0:0/16:1",NA,"21403164","HMDB0010383",NA,"122164832","Neg","2_palmitoleoyl_gpc_16_1",420,"CHEM100001511","COMETS"
"451",100001561,209,47118,148450,"Lipid","Lysophospholipid",2627,"NAMED","GKXPPJQBVCKAGD-DJYGDJEFSA-N","OC[C@](OC(CCCCCCCC/C=C\CCCCC)=O)([H])COP(OCC[N+](C)(C)C)([O-])=O","2-palmitoleoyl-GPC (16:1)*","2-palmitoleoyl-GPC (16:1)*","LPC 16:1","LPC 16:1","LPC 0:0/16:1",NA,"21403164","HMDB0010383",NA,"122164832","Neg","2_palmitoleoyl_gpc_16_1",420,"CHEM100001561","COMETS"
"452",100001561,209,47118,148450,"Lipid","Lysophospholipid",2627,"NAMED","GKXPPJQBVCKAGD-DJYGDJEFSA-N","OC[C@](OC(CCCCCCCC/C=C\CCCCC)=O)([H])COP(OCC[N+](C)(C)C)([O-])=O","2-palmitoleoyl-GPC (16:1)*","2-palmitoleoyl-GPC (16:1)*","LPC 16:1","LPC 16:1","LPC 0:0/16:1",NA,"21403164","HMDB0010383",NA,"122164832","Neg","2_palmitoleoyl_gpc_16_1",420,"HMDB0010383","COMETS"
"453",100001561,209,47118,148450,"Lipid","Lysophospholipid",2627,"NAMED","GKXPPJQBVCKAGD-DJYGDJEFSA-N","OC[C@](OC(CCCCCCCC/C=C\CCCCC)=O)([H])COP(OCC[N+](C)(C)C)([O-])=O","2-palmitoleoyl-GPC (16:1)*","2-palmitoleoyl-GPC (16:1)*","LPC 16:1","LPC 16:1","LPC 0:0/16:1",NA,"21403164","HMDB0010383",NA,"122164832","Neg","2_palmitoleoyl_gpc_16_1",420,"HMDB0010383_C8_QI03","COMETS"
"454",100001562,209,35253,126137,"Lipid","Lysophospholipid",2625,"NAMED","NEGQHKSYEYVFTD-HSZRJFAPSA-N","OC[C@](OC(CCCCCCCCCCCCCCC)=O)([H])COP(OCC[N+](C)(C)C)([O-])=O","2-palmitoyl-GPC (16:0)*","2-palmitoyl-GPC (16:0)*","LPC 16:0","LPC 16:0","LPC 0:0/16:0",NA,"21403165","HMDB0061702",NA,"15061532","Neg","2_palmitoyl_gpc_16_0",421,"HMDB0061702","COMETS"
"455",100001563,402,35626,158743,"Lipid","Lysophospholipid",2620,"NAMED","IGZPHNNYPPAPLA-OAQYLSRUSA-N","OC[C@](OC(CCCCCCCCCCCCC)=O)([H])COP(OCC[N+](C)(C)C)([O-])=O","2-myristoyl-GPC (14:0)*","2-myristoyl-GPC (14:0)*","LPC 14:0","LPC 14:0","LPC 0:0/14:0",NA,"21403166","HMDB0010379",NA,"460604","Pos Late","2_myristoyl_gpc_14_0",422,"HMDB0010379","COMETS"
"456",100001563,402,35626,158743,"Lipid","Lysophospholipid",2620,"NAMED","IGZPHNNYPPAPLA-OAQYLSRUSA-N","OC[C@](OC(CCCCCCCCCCCCC)=O)([H])COP(OCC[N+](C)(C)C)([O-])=O","2-myristoyl-GPC (14:0)*","2-myristoyl-GPC (14:0)*","LPC 14:0","LPC 14:0","LPC 0:0/14:0",NA,"21403166","HMDB0010379",NA,"460604","Pos Late","2_myristoyl_gpc_14_0",422,"CHEM100001563","COMETS"
"457",100001563,402,35626,158743,"Lipid","Lysophospholipid",2620,"NAMED","IGZPHNNYPPAPLA-OAQYLSRUSA-N","OC[C@](OC(CCCCCCCCCCCCC)=O)([H])COP(OCC[N+](C)(C)C)([O-])=O","2-myristoyl-GPC (14:0)*","2-myristoyl-GPC (14:0)*","LPC 14:0","LPC 14:0","LPC 0:0/14:0",NA,"21403166","HMDB0010379",NA,"460604","Pos Late","2_myristoyl_gpc_14_0",422,"HMDB0010379_C8_QI02","COMETS"
"458",100001565,209,46203,144319,"Lipid","Lysophospholipid",2670,"NAMED","FTLVGMFFHDRYDI-APPDJCNMSA-N","OC[C@](OC(CC\C=C/C/C=C\C/C=C\C/C=C\C/C=C\C/C=C\CC)=O)([H])COP(OCC[N+](C)(C)C)([O-])=O","2-docosahexaenoyl-GPC (22:6)*","2-docosahexaenoyl-GPC (22:6)*","LPC 22:6","LPC 22:6","LPC 0:0/22:6",NA,"21403168","HMDB0010404",NA,NA,"Neg","2_docosahexaenoyl_gpc_22_6",423,"CHEM100001566","COMETS"
"459",100001565,209,46203,144319,"Lipid","Lysophospholipid",2670,"NAMED","FTLVGMFFHDRYDI-APPDJCNMSA-N","OC[C@](OC(CC\C=C/C/C=C\C/C=C\C/C=C\C/C=C\C/C=C\CC)=O)([H])COP(OCC[N+](C)(C)C)([O-])=O","2-docosahexaenoyl-GPC (22:6)*","2-docosahexaenoyl-GPC (22:6)*","LPC 22:6","LPC 22:6","LPC 0:0/22:6",NA,"21403168","HMDB0010404",NA,NA,"Neg","2_docosahexaenoyl_gpc_22_6",423,"HMDB0010404","COMETS"
"460",100001565,209,46203,144319,"Lipid","Lysophospholipid",2670,"NAMED","FTLVGMFFHDRYDI-APPDJCNMSA-N","OC[C@](OC(CC\C=C/C/C=C\C/C=C\C/C=C\C/C=C\C/C=C\CC)=O)([H])COP(OCC[N+](C)(C)C)([O-])=O","2-docosahexaenoyl-GPC (22:6)*","2-docosahexaenoyl-GPC (22:6)*","LPC 22:6","LPC 22:6","LPC 0:0/22:6",NA,"21403168","HMDB0010404",NA,NA,"Neg","2_docosahexaenoyl_gpc_22_6",423,"HMDB0010404_C8_QI11","COMETS"
"461",100001566,402,33822,158576,"Lipid","Lysophospholipid",2669,"NAMED","LSOWKZULVQWMLY-FQPBCZPISA-N","C[N+](C)(C)CCOP(OC[C@](O)([H])COC(CC\C=C/C/C=C\C/C=C\C/C=C\C/C=C\C/C=C\CC)=O)([O-])=O","1-docosahexaenoyl-GPC (22:6)*","1-docosahexaenoyl-GPC (22:6)*","LPC 22:6","LPC 22:6","LPC 22:6/0:0",NA,"21403169","HMDB0010404",NA,"10415542","Pos Late","1_docosahexaenoyl_gpc_22_6",424,"CHEM100001566","COMETS"
"462",100001566,402,33822,158576,"Lipid","Lysophospholipid",2669,"NAMED","LSOWKZULVQWMLY-FQPBCZPISA-N","C[N+](C)(C)CCOP(OC[C@](O)([H])COC(CC\C=C/C/C=C\C/C=C\C/C=C\C/C=C\C/C=C\CC)=O)([O-])=O","1-docosahexaenoyl-GPC (22:6)*","1-docosahexaenoyl-GPC (22:6)*","LPC 22:6","LPC 22:6","LPC 22:6/0:0",NA,"21403169","HMDB0010404",NA,"10415542","Pos Late","1_docosahexaenoyl_gpc_22_6",424,"HMDB0010404","COMETS"
"463",100001566,402,33822,158576,"Lipid","Lysophospholipid",2669,"NAMED","LSOWKZULVQWMLY-FQPBCZPISA-N","C[N+](C)(C)CCOP(OC[C@](O)([H])COC(CC\C=C/C/C=C\C/C=C\C/C=C\C/C=C\C/C=C\CC)=O)([O-])=O","1-docosahexaenoyl-GPC (22:6)*","1-docosahexaenoyl-GPC (22:6)*","LPC 22:6","LPC 22:6","LPC 22:6/0:0",NA,"21403169","HMDB0010404",NA,"10415542","Pos Late","1_docosahexaenoyl_gpc_22_6",424,"HMDB0010404_C8_QI11","COMETS"
"464",100001567,402,35631,158748,"Lipid","Lysophospholipid",2686,"NAMED","YVYMBNSKXOXSKW-HXUWFJFHSA-N","O=P(OCC[NH3+])([O-])OC[C@H](O)COC(CCCCCCCCCCCCCCC)=O","1-palmitoyl-GPE (16:0)","1-palmitoyl-GPE (16:0)","LPE 16:0","LPE 16:0","LPE 16:0/0:0","53862-35-4","7826019","HMDB0011503",NA,"9547069","Pos Late","1_palmitoyl_gpe_16_0",425,"HMDB0011503","COMETS"
"465",100001567,402,35631,158748,"Lipid","Lysophospholipid",2686,"NAMED","YVYMBNSKXOXSKW-HXUWFJFHSA-N","O=P(OCC[NH3+])([O-])OC[C@H](O)COC(CCCCCCCCCCCCCCC)=O","1-palmitoyl-GPE (16:0)","1-palmitoyl-GPE (16:0)","LPE 16:0","LPE 16:0","LPE 16:0/0:0","53862-35-4","7826019","HMDB0011503",NA,"9547069","Pos Late","1_palmitoyl_gpe_16_0",425,"HMDB0011503_C8_QI12","COMETS"
"466",100001567,402,35631,158748,"Lipid","Lysophospholipid",2686,"NAMED","YVYMBNSKXOXSKW-HXUWFJFHSA-N","O=P(OCC[NH3+])([O-])OC[C@H](O)COC(CCCCCCCCCCCCCCC)=O","1-palmitoyl-GPE (16:0)","1-palmitoyl-GPE (16:0)","LPE 16:0","LPE 16:0","LPE 16:0/0:0","53862-35-4","7826019","HMDB0011503",NA,"9547069","Pos Late","1_palmitoyl_gpe_16_0",425,"HMDB0011503_HPOS_QI50","COMETS"
"467",100001569,402,35628,158745,"Lipid","Lysophospholipid",2695,"NAMED","PYVRVRFVLRNJLY-MZMPXXGTSA-N","O=P(OCC[NH3+])([O-])OC[C@H](O)COC(CCCCCCC\C=C/CCCCCCCC)=O","1-oleoyl-GPE (18:1)","1-oleoyl-GPE (18:1)","LPE 18:1","LPE 18:1","LPE 18:1/0:0","89576-29-4","7826021","HMDB0011506",NA,"9547071","Pos Late","1_oleoyl_gpe_18_1",426,"HMDB0011506","COMETS"
"468",100001569,402,35628,158745,"Lipid","Lysophospholipid",2695,"NAMED","PYVRVRFVLRNJLY-MZMPXXGTSA-N","O=P(OCC[NH3+])([O-])OC[C@H](O)COC(CCCCCCC\C=C/CCCCCCCC)=O","1-oleoyl-GPE (18:1)","1-oleoyl-GPE (18:1)","LPE 18:1","LPE 18:1","LPE 18:1/0:0","89576-29-4","7826021","HMDB0011506",NA,"9547071","Pos Late","1_oleoyl_gpe_18_1",426,"HMDB0011506_C8_QI14","COMETS"
"469",100001570,402,36600,158788,"Lipid","Lysophospholipid",2697,"NAMED","DBHKHNGBVGWQJE-HZJYTTRNSA-N","O=P(OCC(O)COC(CCCCCCC/C=C\C/C=C\CCCCC)=O)(O)OCCN","1-linoleoyl-GPE (18:2)*","1-linoleoyl-GPE (18:2)*","LPE 18:2","LPE 18:2","LPE 18:2/0:0",NA,"21403170","HMDB0011507",NA,"52925130","Pos Late","1_linoleoyl_gpe_18_2",427,"HMDB0011507","COMETS"
"470",100001570,402,36600,158788,"Lipid","Lysophospholipid",2697,"NAMED","DBHKHNGBVGWQJE-HZJYTTRNSA-N","O=P(OCC(O)COC(CCCCCCC/C=C\C/C=C\CCCCC)=O)(O)OCCN","1-linoleoyl-GPE (18:2)*","1-linoleoyl-GPE (18:2)*","LPE 18:2","LPE 18:2","LPE 18:2/0:0",NA,"21403170","HMDB0011507",NA,"52925130","Pos Late","1_linoleoyl_gpe_18_2",427,"HMDB0011507_C8_QI13","COMETS"
"471",100001570,402,36600,158788,"Lipid","Lysophospholipid",2697,"NAMED","DBHKHNGBVGWQJE-HZJYTTRNSA-N","O=P(OCC(O)COC(CCCCCCC/C=C\C/C=C\CCCCC)=O)(O)OCCN","1-linoleoyl-GPE (18:2)*","1-linoleoyl-GPE (18:2)*","LPE 18:2","LPE 18:2","LPE 18:2/0:0",NA,"21403170","HMDB0011507",NA,"52925130","Pos Late","1_linoleoyl_gpe_18_2",427,"HMDB0011507_M32635","COMETS"
"472",100001571,402,35186,158719,"Lipid","Lysophospholipid",2710,"NAMED","ROPRRXYVXLDXQO-XSQXPFHXSA-N","NCCOP(OC[C@@](O)([H])COC(CCC\C=C/C\C=C/C/C=C\C/C=C\CCCCC)=O)(O)=O","1-arachidonoyl-GPE (20:4n6)*","1-arachidonoyl-GPE (20:4n6)*","LPE 20:4","LPE 20:4(5,8,11,14)","LPE 20:4(5,8,11,14)/0:0",NA,"21403171","HMDB0011517",NA,"42607465","Pos Late","1_arachidonoyl_gpe_20_4n6",428,"HMDB0011517","COMETS"
"473",100001571,402,35186,158719,"Lipid","Lysophospholipid",2710,"NAMED","ROPRRXYVXLDXQO-XSQXPFHXSA-N","NCCOP(OC[C@@](O)([H])COC(CCC\C=C/C\C=C/C/C=C\C/C=C\CCCCC)=O)(O)=O","1-arachidonoyl-GPE (20:4n6)*","1-arachidonoyl-GPE (20:4n6)*","LPE 20:4","LPE 20:4(5,8,11,14)","LPE 20:4(5,8,11,14)/0:0",NA,"21403171","HMDB0011517",NA,"42607465","Pos Late","1_arachidonoyl_gpe_20_4n6",428,"HMDB0011517_C8_QI16","COMETS"
"474",100001577,209,48434,155079,"Amino Acid","Urea cycle; Arginine and Proline Metabolism",512,"NAMED","WMQMIOYQXNRROC-LURJTMIESA-N","OC([C@@H](NC(C)=O)CCCNC(N)=O)=O","N-acetylcitrulline","N-acetylcitrulline",NA,NA,NA,"33965-42-3","571213","HMDB0000856","C15532,C02851","656979","Neg","n_acetylcitrulline",429,"HMDB0000856","COMETS"
"475",100001579,209,35675,128275,"Lipid","Fatty Acid, Monohydroxy",1991,"NAMED","JGHSBPIZNUXPLA-UHFFFAOYSA-N","O=C(O)C(O)CCCCCCCCCCCCCC","2-hydroxypalmitate","2-hydroxypalmitate",NA,NA,NA,"764-67-0","83805","HMDB0031057",NA,"12575964,92836,11065598","Neg","2_hydroxypalmitate",430,"HMDB0031057","COMETS"
"476",100001580,209,37478,127695,"Lipid","Long Chain Polyunsaturated Fatty Acid (n3 and n6)",1599,"NAMED","AVKOENOBFIYBSA-WMPRHZDHSA-N","OC(CC/C=C\C/C=C\C/C=C\C/C=C\C/C=C\CCCCC)=O","docosapentaenoate (n6 DPA; 22:5n6)","docosapentaenoate (n6 DPA; 22:5n6)",NA,NA,NA,"25182-74-5","4945614","HMDB0001976","C16513","6441454","Neg","docosapentaenoate_n6 dpa_22_5n6",431,"HMDB0001976","COMETS"
"477",100001586,305,46957,148205,"Cofactors and Vitamins","Ascorbate and Aldarate Metabolism",4393,"NAMED","RGHNJXZEOKUKBD-NRXMZTRTSA-N","OC([C@H](O)[C@H](O)[C@H](O)[C@@H](O)CO)=O","gulonate*","gulonate*",NA,NA,NA,"20246-53-1","7969943","HMDB0003290","C00800","152304","Polar","gulonate",432,"HMDB0003290","COMETS"
"478",100001590,209,35437,128229,"Amino Acid","Leucine, Isoleucine and Valine Metabolism",433,"NAMED","DCICDMMXFIELDF-UHFFFAOYSA-N","O=C(O)CNC(C(C)C)=O","isobutyrylglycine","isobutyrylglycine (C4)",NA,NA,NA,"15926-18-8","9030891","HMDB0000730",NA,"10855600","Neg","isobutyrylglycine",433,"HMDB0000730","COMETS"
"479",100001593,400,44664,157075,"Amino Acid","Lysine Metabolism",130,"NAMED","NXJAXUYOQLTISD-UHFFFAOYSA-N","[O-]C(CC(C[N+](C)(C)C)OC(CCCC(O)=O)=O)=O","glutarylcarnitine (C5-DC)","glutarylcarnitine (C5-DC)",NA,NA,NA,"102636-82-8","21403175","HMDB0013130",NA,"71317118","Pos Early","glutarylcarnitine_c5_dc",434,"HMDB0013130","COMETS"
"480",100001593,400,44664,157075,"Amino Acid","Lysine Metabolism",130,"NAMED","NXJAXUYOQLTISD-UHFFFAOYSA-N","[O-]C(CC(C[N+](C)(C)C)OC(CCCC(O)=O)=O)=O","glutarylcarnitine (C5-DC)","glutarylcarnitine (C5-DC)",NA,NA,NA,"102636-82-8","21403175","HMDB0013130",NA,"71317118","Pos Early","glutarylcarnitine_c5_dc",434,"HMDB0013130_M35439","COMETS"
"481",100001597,400,35428,156182,"Amino Acid","Leucine, Isoleucine and Valine Metabolism",406,"NAMED","WURBQCVBQNMUQT-RMKNXTFCSA-N","[O-]C(CC(C[N+](C)(C)C)OC(/C(C)=C/C)=O)=O","tiglylcarnitine (C5:1-DC)","tiglyl carnitine (C5)",NA,NA,NA,"64191-86-2","17216200","HMDB0002366",NA,"22833596","Pos Early","tiglylcarnitine_c5_1_dc",436,"HMDB0002366","COMETS"
"482",100001605,209,35320,143730,"Xenobiotics","Benzoate Metabolism",4535,"NAMED","MZPWKJZDOCIALD-UHFFFAOYSA-N","O=S(OC1=C(O)C=CC=C1)(O)=O","catechol sulfate","catechol sulfate",NA,NA,NA,"4918-96-1","2341024","HMDB0059724",NA,"3083879","Neg","catechol sulfate",438,"HMDB0059724","COMETS"
"483",100001606,305,35324,238705,"Lipid","Sterol",3222,"NAMED","BHYOQNUELFTYRT-UHFFFAOYSA-N","CC1(C2C(C)CCCC(C)C)C(CC2)C(CC=C3C4(CCC(OS(=O)(O)=O)C3)C)C4CC1","cholesterol sulfate","cholesterol sulfate",NA,NA,NA,"2864-50-8","4371550","HMDB0000653","C18043","65076","Polar","cholesterol sulfate",439,"HMDB0000653","COMETS"
"484",100001609,209,36776,128301,"Lipid","Sterol",3235,"NAMED","SATGKQGFUDXGAX-MYWFJNCASA-N","O=C(C(CCC[C@H]([C@H]1CC[C@H]2[C@H]3[C@@H]([C@]4(C)C(C[C@H]3O)=CC(CC4)=O)CC[C@@]21C)C)C)O","7alpha-hydroxy-3-oxo-4-cholestenoate (7-Hoca)","7-HOCA",NA,NA,NA,"115538-85-7","2338765","HMDB0012458","C17337","3081085","Neg","7alpha_hydroxy_3_oxo_4_cholestenoate_7_hoca",440,"HMDB0012458","COMETS"
"485",100001611,209,36803,143803,"Lipid","Sterol",3237,"NAMED","GYJSAWZGYQXRBS-GRJZKGIBSA-N","O[C@H]1[C@@]([C@@](CC2)([H])[C@](CC[C@@H]3O)(C)C(C3)=C1)([H])[C@@]4([H])[C@@]2(C)[C@]([C@H](C)CCCC(C)C(O)=O)([H])CC4","3beta,7alpha-dihydroxy-5-cholestenoate","3beta,7alpha-dihydroxy-5-cholestenoate",NA,NA,NA,"115538-84-6","2338764","HMDB0012454","C17335","3081084","Neg","3beta_7alpha_dihydroxy_5_cholestenoate",441,"HMDB0012454","COMETS"
"486",100001612,400,35665,156223,"Amino Acid","Glutamate Metabolism",57,"NAMED","OPVPGKGADVGKTG-UHFFFAOYSA-N","CC(NC(C(NC(CCC(O)=O)C(O)=O)=O)CC(O)=O)=O","N-acetyl-aspartyl-glutamate (NAAG)","N-acetyl-aspartyl-glutamate (NAAG)",NA,NA,NA,"3106-85-2","5065","HMDB0001067","C12270","188803","Pos Early","n_acetyl_aspartyl_glutamate_naag",442,"HMDB0001067","COMETS"
"487",100001613,209,35669,128271,"Lipid","Fatty Acid, Dicarboxylate",1714,"NAMED","HQHCYKULIHKCEB-UHFFFAOYSA-N","O=C(O)CCCCCCCCCCCCC(O)=O","tetradecanedioate (C14-DC)","tetradecanedioate (C14)",NA,NA,NA,"821-38-5","12630","HMDB0000872",NA,"13185","Neg","tetradecanedioate_c14_dc",443,"HMDB0000872","COMETS"
"488",100001614,209,35678,128277,"Lipid","Fatty Acid, Dicarboxylate",1718,"NAMED","QQHJDPROMQRDLA-UHFFFAOYSA-N","O=C(O)CCCCCCCCCCCCCCC(O)=O","hexadecanedioate (C16-DC)","hexadecanedioate (C16)",NA,NA,NA,"505-54-4","10027","HMDB0000672","C19615","10459","Neg","hexadecanedioate_c16_dc",444,"HMDB0000672","COMETS"
"489",100001615,209,36754,128289,"Lipid","Fatty Acid, Dicarboxylate",1721,"NAMED","BNJOQKFENDDGSC-UHFFFAOYSA-N","O=C(O)CCCCCCCCCCCCCCCCC(O)=O","octadecanedioate (C18-DC)","octadecanedioate (C18)",NA,NA,NA,"871-70-5","63283","HMDB0000782",NA,"70095","Neg","octadecanedioate_c18_dc",445,"HMDB0000782","COMETS"
"490",100001618,209,35625,128233,"Lipid","Monoacylglycerol",2876,"NAMED","DCBSHORRWZKAKO-UHFFFAOYSA-N","O=C(CCCCCCCCCCCCC)OCC(O)CO","1-myristoylglycerol (14:0)","1-myristoylglycerol (14:0)","MG 14:0","MG 14:0","MG 14:0/0:0/0:0","75685-84-6","71382","HMDB0011561","C01885","10957631","Neg","1_myristoylglycerol_14_0",446,"HMDB0011561","COMETS"
"491",100001620,400,37455,156380,"Lipid","Phospholipid Metabolism",2263,"NAMED","JZNWSCPGTDBMEW-UHFFFAOYSA-N","O=P(OCCN)(O)OCC(CO)O","glycerophosphoethanolamine","glycerophosphoethanolamine",NA,NA,NA,"33049-08-0","110410","HMDB0000114","C01233","123874","Pos Early","glycerophosphoethanolamine",447,"HMDB0000114","COMETS"
"492",100001624,209,35635,128251,"Xenobiotics","Benzoate Metabolism",4608,"NAMED","QVWAEZJXDYOKEH-UHFFFAOYSA-N","O=C(CCC1=CC(O)=CC=C1)O","3-(3-hydroxyphenyl)propionate","3-(3-hydroxyphenyl)propionate",NA,NA,NA,"621-54-5","89","HMDB0000375","C11457","91","Neg","3_3_hydroxyphenyl_propionate",448,"HMDB0000375","COMETS"
"493",100001654,209,34214,142524,"Lipid","Lysophospholipid",2755,"NAMED","LXUGKKVCSTYZFK-OSKOXSHBSA-N","[H]C(C(O)(C(O)([C@](O)1[H])[H])[H])([C@@](OP(O)(OC[C@@]([H])(COC(CCC/C=C\C/C=C\C/C=C\C/C=C\CCCCC)=O)O)=O)([C@]1(O)[H])[H])O","1-arachidonoyl-GPI (20:4)*","1-arachidonoyl-GPI (20:4)*","LPI 20:4","LPI 20:4","LPI 20:4/0:0",NA,NA,"HMDB0061690",NA,"121596217","Neg","1_arachidonoyl_gpi_20_4",451,"HMDB0061690","COMETS"
"494",100001655,209,35305,146820,"Lipid","Lysophospholipid",2741,"NAMED","UOXRPRZMAROFPH-AQFLIPHUSA-N","[H]C(C(O)(C(O)([C@](O)1[H])[H])[H])([C@@](OP(O)(OC[C@@]([H])(COC(CCCCCCCCCCCCCCC)=O)O)=O)([C@]1(O)[H])[H])O","1-palmitoyl-GPI (16:0)","1-palmitoyl-GPI (16:0)","LPI 16:0","LPI 16:0","LPI 16:0/0:0",NA,NA,"HMDB0061695",NA,"71296207","Neg","1_palmitoyl_gpi_16_0",452,"HMDB0061695","COMETS"
"495",100001657,209,32620,142564,"Lipid","Secondary Bile Acid Metabolism",3534,"NAMED","FHXBAFXQVZOILS-OETIFKLTSA-N","C[C@]12[C@@]([C@@]([C@@](CC2)([H])[C@](CC3)(C)[C@@]4([H])C[C@@H]3OS(=O)(O)=O)(CC4)[H])([H])CC[C@]1([H])[C@H](C)CCC(NCC(O)=O)=O","glycolithocholate sulfate*","glycolithocholate sulfate*",NA,NA,NA,"15324-64-8","65188","HMDB0002639","C11301","72222","Neg","glycolithocholate sulfate",453,"HMDB0002639","COMETS"
"496",100001658,209,36850,128309,"Lipid","Secondary Bile Acid Metabolism",3536,"NAMED","HSNPMXROZIQAQD-VUIPEFFGSA-N","C[C@@]([C@]([C@@](CC1)([H])[C@@]2([H])[C@](CC3)(C)[C@]1([H])C[C@@H]3OS(=O)(O)=O)(CC4)[H])(CC2)[C@]4([H])[C@H](C)CCC(NCCS(O)(=O)=O)=O","taurolithocholate 3-sulfate","taurolithocholate 3-sulfate",NA,NA,NA,"64936-83-0","389078","HMDB0002580","C03642","440071","Neg","taurolithocholate 3_sulfate",454,"HMDB0002580","COMETS"
"497",100001662,400,36747,156251,"Lipid","Carnitine Metabolism",1954,"NAMED","JHPNVNIEXXLNTR-UHFFFAOYSA-N","C[N+](C)(C)CCCC([O-])=O","deoxycarnitine","deoxycarnitine",NA,NA,NA,"6249-56-5","705","HMDB0001161","C01181","22620","Pos Early","deoxycarnitine",455,"HMDB0001161","COMETS"
"498",100001664,209,48130,151119,"Nucleotide","Purine Metabolism, Adenine containing",4209,"NAMED","VKGZCEJTCKHMRL-UHFFFAOYSA-N","OCC(O1)C(O)C(O)C1N2C=NC3=C(NC(CC(O)=O)C(O)=O)N=CN=C32","N6-succinyladenosine","N6-succinyladenosine",NA,NA,NA,"4542-23-8",NA,"HMDB0000912",NA,"165243","Neg","n6_succinyladenosine",456,"HMDB0000912","COMETS"
"499",100001668,400,61868,218616,"Amino Acid","Histidine Metabolism",99,"NAMED","AHPWEWASPTZMEK-UHFFFAOYSA-N","OCC(O1)C(O)C(O)C1N2C=NC(CC(O)=O)=C2","1-ribosyl-imidazoleacetate*","1-ribosyl-imidazoleacetate*",NA,NA,NA,"29605-99-0","4292299","HMDB0002331","C05131","440569","Pos Early","1_ribosyl_imidazoleacetate",457,"COMP61868","COMETS"
"500",100001730,305,62952,220827,"Lipid","Fatty Acid, Dihydroxy",2060,"NAMED","DZAIOXUZHHTJKN-UHFFFAOYSA-N","O=C(CC(CO)O)O","3,4-dihydroxybutyrate","3,4-dihydroxybutyrate",NA,NA,NA,"51267-44-8",NA,"HMDB0000337",NA,"150929","Polar","3_4_dihydroxybutyrate",459,"HMDB0000337","COMETS"
"501",100001731,209,42087,143935,"Amino Acid","Tryptophan Metabolism",313,"NAMED","DVJIJAYHBZALOJ-UHFFFAOYSA-N","O=C(NC(CCC(N)=O)C(O)=O)CC1=CNC2=C1C=CC=C2","indoleacetylglutamine","indoleacetylglutamine",NA,NA,NA,NA,NA,"HMDB0013240",NA,"25200879","Neg","indoleacetylglutamine",460,"HMDB0013240","COMETS"
"502",100001734,305,36752,147825,"Amino Acid","Lysine Metabolism",110,"NAMED","DTERQYGMUDWYAZ-ZETCQYMHSA-N","N[C@@H](CCCCNC(C)=O)C(O)=O","N6-acetyllysine","N6-acetyllysine",NA,NA,NA,"692-04-6","83801","HMDB0000206","C02727","92832","Polar","n6_acetyllysine",462,"HMDB0000206","COMETS"
"503",100001739,209,35718,143707,"Lipid","Long Chain Polyunsaturated Fatty Acid (n3 and n6)",1595,"NAMED","AHANXAKGNAKFSK-PDBXOOCHSA-N","CC\C=C/C\C=C/C\C=C/CCCCCCCCCC(O)=O","dihomo-linolenate (20:3n3 or n6)","dihomolinolenate (20:3n3 or 3n6)",NA,NA,NA,"17046-59-2","4471954","HMDB0002925","C03242","5280581","Neg","dihomo_linolenate_20_3n3 or n6",463,"HMDB0002925","COMETS"
"504",100001740,305,46142,146560,"Carbohydrate","Fructose, Mannose and Galactose Metabolism",1370,"NAMED","FBPFZTCFMRRESA-UHFFFAOYSA-N","OCC(O)C(O)C(O)C(O)CO","mannitol/sorbitol","mannitol/sorbitol",NA,NA,NA,NA,"440","HMDB0000247","C00392,C00794","5780,6251","Polar","mannitol_sorbitol",464,"HMDB0000247","COMETS"
"505",100001740,305,46142,146560,"Carbohydrate","Fructose, Mannose and Galactose Metabolism",1370,"NAMED","FBPFZTCFMRRESA-UHFFFAOYSA-N","OCC(O)C(O)C(O)C(O)CO","mannitol/sorbitol","mannitol/sorbitol",NA,NA,NA,NA,"440","HMDB0000247","C00392,C00794","5780,6251","Polar","mannitol_sorbitol",464,"CHEM100001740","COMETS"
"506",100001740,305,46142,146560,"Carbohydrate","Fructose, Mannose and Galactose Metabolism",1370,"NAMED","FBPFZTCFMRRESA-UHFFFAOYSA-N","OCC(O)C(O)C(O)C(O)CO","mannitol/sorbitol","mannitol/sorbitol",NA,NA,NA,NA,"440","HMDB0000765","C00392,C00794","5780,6251","Polar","mannitol_sorbitol",464,"HMDB0000765","COMETS"
"507",100001743,400,37097,156317,"Amino Acid","Tryptophan Metabolism",270,"NAMED","AOHCBEAZXHZMOR-ZDUSSCGKSA-N","O=C([O-])[C@@H]([N@+](C)(C)C)CC1=CNC2=C1C=CC=C2","tryptophan betaine","tryptophan betaine",NA,NA,NA,"20671-76-5","390633","HMDB0061115","C09213","442106","Pos Early","tryptophan betaine",465,"HMDB0061115","COMETS"
"508",100001755,209,36098,144223,"Xenobiotics","Benzoate Metabolism",4562,"NAMED","IETVQHUKTKKBFF-UHFFFAOYSA-N","O=S(OC1=CC=C(C=C)C=C1)(O)=O","4-vinylphenol sulfate","4-vinylphenol sulfate",NA,NA,NA,"2628-17-3","4932200","HMDB0062775","C05627","6426766","Neg","4_vinylphenol sulfate",466,"HMDB04072","Moore"
"509",100001756,209,36099,144224,"Xenobiotics","Benzoate Metabolism",4560,"NAMED","DWZGLEPNCRFCEP-UHFFFAOYSA-N","O=S(OC1=CC=C(CC)C=C1)(O)=O","4-ethylphenylsulfate","4-ethylphenyl sulfate",NA,NA,NA,"123-07-9",NA,"HMDB0062551","C13637","20822574","Neg","4_ethylphenylsulfate",467,"CHEM100001756","COMETS"
"510",100001767,209,48428,155071,"Xenobiotics","Food Component/Plant",5155,"NAMED","VTYFITADLSVOAS-UHFFFAOYSA-N","NC(C(O)=O)CCCCN1C(C=O)=CC=C1CO","pyrraline","pyrraline",NA,NA,NA,"74509-14-1","19980286","HMDB0033143","C21013","14274616","Neg","pyrraline",469,"HMDB0033143","COMETS"
"511",100001776,209,36593,142534,"Lipid","Lysophospholipid",2698,"NAMED","SVRBKLJIDJHADS-HZJYTTRNSA-N","O=P(OCC(OC(CCCCCCC/C=C\C/C=C\CCCCC)=O)CO)(O)OCCN","2-linoleoyl-GPE (18:2)*","2-linoleoyl-GPE (18:2)*","LPE 18:2","LPE 18:2","LPE 0:0/18:2",NA,NA,"HMDB0011477",NA,NA,"Neg","2_linoleoyl_gpe_18_2",472,"HMDB0011477","COMETS"
"512",100001786,209,36618,146823,"Lipid","Lysophospholipid",2742,"NAMED","VPFGUPHJCAHVJV-JFCSUPIBSA-N","CCCCCC\C=C/CCCCCCCC(OC[C@]([H])(COP(O[C@](C(O)(C(O)(C(O)([C@](O)1[H])[H])[H])[H])([C@]1(O)[H])[H])(O)=O)O)=O","1-palmitoleoyl-GPI (16:1)*","1-palmitoleoyl-GPI (16:1)*","LPI 16:1","LPI 16:1","LPI 16:1/0:0",NA,NA,"HMDB0061695",NA,NA,"Neg","1_palmitoleoyl_gpi_16_1",476,"HMDB0061695","COMETS"
"513",100001787,209,46331,145275,"Xenobiotics","Drug - Analgesics, Anesthetics",5437,"NAMED","XWJUDDGELKXYNO-QMMMGPOBSA-N","OC1=CC=C2C(C=CC([C@H](C)C(O)=O)=C2)=C1","desmethylnaproxen","desmethylnaproxen",NA,NA,NA,"52079-10-4","18640362","HMDB0013989",NA,"162920","Neg","desmethylnaproxen",477,"HMDB0013989","COMETS"
"514",100001789,209,36649,127579,"Xenobiotics","Food Component/Plant",4719,"NAMED","BAQAVOSOZGMPRM-DYDPOALMSA-N","Cl[C@]([C@@](O[C@@](O[C@@]([C@@]1(O)[H])(CCl)O[C@]([C@]1(O)[H])(CCl)[H])([C@]2(O)[H])[H])(CO)[H])([C@]2(O)[H])[H]","sucralose","sucralose",NA,NA,NA,"56038-13-2",NA,"HMDB0031554","C12285","71485","Neg","sucralose",479,"HMDB0031554","COMETS"
"515",100001806,209,36845,143732,"Xenobiotics","Benzoate Metabolism",4596,"NAMED","CYGSXDXRHXMAOV-UHFFFAOYSA-N","O=S(OC1=CC=CC=C1C)(O)=O","o-cresol sulfate","o-cresol sulfate",NA,NA,NA,NA,"9790277","HMDB0011635",NA,"11615528","Neg","o_cresol sulfate",484,"HMDB0011635","COMETS"
"516",100001810,400,36808,156271,"Amino Acid","Urea cycle; Arginine and Proline Metabolism",506,"NAMED","YDGMGEXADBMOMJ-LURJTMIESA-N","N[C@@H](CCCNC(N(C)C)=N)C(O)=O","dimethylarginine (SDMA + ADMA)","dimethylarginine (ADMA + SDMA)",NA,NA,NA,"102783-24-4","110375","HMDB0003334","C21189,C03626","123831,169148","Pos Early","dimethylarginine_sdma + adma",486,"HMDB0003334","COMETS"
"517",100001810,400,36808,156271,"Amino Acid","Urea cycle; Arginine and Proline Metabolism",506,"NAMED","YDGMGEXADBMOMJ-LURJTMIESA-N","N[C@@H](CCCNC(N(C)C)=N)C(O)=O","dimethylarginine (SDMA + ADMA)","dimethylarginine (ADMA + SDMA)",NA,NA,NA,"102783-24-4","110375","HMDB0001539","C21189,C03626","123831,169148","Pos Early","dimethylarginine_sdma + adma",486,"HMDB0001539","COMETS"
"518",100001810,400,36808,156271,"Amino Acid","Urea cycle; Arginine and Proline Metabolism",506,"NAMED","YDGMGEXADBMOMJ-LURJTMIESA-N","N[C@@H](CCCNC(N(C)C)=N)C(O)=O","dimethylarginine (SDMA + ADMA)","dimethylarginine (ADMA + SDMA)",NA,NA,NA,"102783-24-4","110375","HMDB0001539","C21189,C03626","123831,169148","Pos Early","dimethylarginine_sdma + adma",486,"HMDB0001539_HMDB03334","COMETS"
"519",100001851,305,37076,147598,"Amino Acid","Glycine, Serine and Threonine Metabolism",11,"NAMED","JJIHLJJYMXLCOY-BYPYZUCNSA-N","OC[C@@H](C(O)=O)NC(C)=O","N-acetylserine","N-acetylserine",NA,NA,NA,"97-14-3","58744","HMDB0002931",NA,"65249","Polar","n_acetylserine",487,"HMDB0002931","COMETS"
"520",100001856,402,42448,164202,"Lipid","Phosphatidylethanolamine (PE)",2448,"NAMED","JQKOHRZNEOQNJE-AYBNWLFXSA-N","O=C(CCCCCCC/C=C/CCCCCCCC)O[C@@H](COP(OCCN)(O)=O)COC(CCCCCCCCCCCCCCCCC)=O","1-stearoyl-2-oleoyl-GPE (18:0/18:1)","1-stearoyl-2-oleoyl-GPE (18:0/18:1)","PE 36:1","PE 18:0_18:1","Unknown",NA,NA,"HMDB0008993",NA,"9546742","Pos Late","1_stearoyl_2_oleoyl_gpe_18_0_18_1",488,"HMDB0008993","COMETS"
"521",100001869,402,42450,164205,"Lipid","Phosphatidylcholine (PC)",2356,"NAMED","PSVRFUPOQYJOOZ-QNPWAGBNSA-N","C[N+](C)(CCOP([O-])(OC[C@@]([H])(COC(CCCCCCCCCCCCCCCCC)=O)OC(CCC/C=C\C/C=C\C/C=C\C/C=C\CCCCC)=O)=O)C","1-stearoyl-2-arachidonoyl-GPC (18:0/20:4)","1-stearoyl-2-arachidonoyl-GPC (18:0/20:4)","PC 38:4","PC 18:0_20:4","Unknown","35418-59-8","17347139","HMDB0008048",NA,"16219824","Pos Late","1_stearoyl_2_arachidonoyl_gpc_18_0_20_4",490,"HMDB0008048","COMETS"
"522",100001870,402,42449,164197,"Lipid","Phosphatidylethanolamine (PE)",2433,"NAMED","HBZNVZIRJWODIB-NHCUFCNUSA-N","O=C(CCCCCCC/C=C\C/C=C\CCCCC)O[C@@H](COP(OCCN)(O)=O)COC(CCCCCCCCCCCCCCC)=O","1-palmitoyl-2-linoleoyl-GPE (16:0/18:2)","1-palmitoyl-2-linoleoyl-GPE (16:0/18:2)","PE 34:2","PE 16:0_18:2","Unknown",NA,"7825697","HMDB0005322",NA,"9546747","Pos Late","1_palmitoyl_2_linoleoyl_gpe_16_0_18_2",491,"HMDB0005322","COMETS"
"523",100001872,402,52235,164206,"Lipid","Phosphatidylserine (PS)",2531,"NAMED","SVOUGFFDROZBJI-DNALCEECSA-N","O=C(CCCCCCCCCCCCCCCCC)OC[C@]([H])(COP(O)(OC[C@]([NH3+])(C([O-])=O)[H])=O)OC(CCC/C=C\C/C=C\C/C=C\C/C=C\CCCCC)=O","1-stearoyl-2-arachidonoyl-GPS (18:0/20:4)","1-stearoyl-2-arachidonoyl-GPS (18:0/20:4)","PS 38:4","PS 18:0_20:4","Unknown",NA,NA,"HMDB0012383",NA,"24779545","Pos Late","1_stearoyl_2_arachidonoyl_gps_18_0_20_4",492,"CHEM100001872","COMETS"
"524",100001876,402,52605,165336,"Lipid","Sphingolipid Synthesis",3029,"NAMED","YHEDRJPUIRMZMP-UHFFFAOYSA-N","OP(O)(OCC(C(CCCCCCCCCCCCCCC)O)N)=O","sphinganine-1-phosphate","sphinganine-1-phosphate",NA,NA,NA,"19794-97-9","505","HMDB0001383",NA,"520","Pos Late","sphinganine_1_phosphate",493,"HMDB0001383","COMETS"
"525",100001933,402,37033,158830,"Xenobiotics","Drug - Neurological",5867,"NAMED","FFGPTBGBLSHEPO-UHFFFAOYSA-N","O=C(N1C2=C(C=CC3=CC=CC=C13)C=CC=C2)N","carbamazepine","carbamazepine",NA,NA,NA,"298-46-4","2457","HMDB0014704","C06868,D00252","2554","Pos Late","carbamazepine",496,"HMDB0014704","COMETS"
"526",100001948,400,37058,156287,"Energy","TCA Cycle",1466,"NAMED","HAEVNYBCYZZDFL-UHFFFAOYSA-N","[O-]C(CC(C[N+](C)(C)C)OC(CCC(O)=O)=O)=O","succinylcarnitine (C4-DC)","succinylcarnitine (C4-DC)",NA,NA,NA,"256928-74-2","28639166","HMDB0061717",NA,"71464481","Pos Early","succinylcarnitine_c4_dc",497,"HMDB0061717","COMETS"
"527",100001951,402,47886,160233,"Cofactors and Vitamins","Hemoglobin and Porphyrin Metabolism",4446,"NAMED","BPYKTIZUTYGOLE-BMNRKXRESA-N","CC(C(N/1)=O)=C(C=C)C1=C/C2=C(C)C(CCC(O)=O)=C(CC3=C(CCC(O)=O)C(C)=C(/C=C4NC(C(C=C)=C/4C)=O)N3)N2","bilirubin (E,Z or Z,E)*","bilirubin (E,Z or Z,E)*",NA,NA,NA,NA,"4705847","HMDB0000488","C00486","5799469","Pos Late","bilirubin_e_z or z_e",499,"HMDB0000488","COMETS"
"528",100001977,402,57591,211608,"Cofactors and Vitamins","Vitamin A Metabolism",4471,"NAMED","DMASLKHVQRHNES-QQGJMDNJSA-N","CC1=C(/C=C/C(C)=C/C=C/C(C)=C/C=C/C=C(C)/C=C/C=C(C)/C=C/C2=C(C)CCCC2(C)C)C(C)(C)CC(O)C1","beta-cryptoxanthin","beta-cryptoxanthin",NA,NA,NA,"472-70-8","4904571","HMDB0033844","C08591","5281235","Pos Late","beta_cryptoxanthin",501,"HMDB0033844","COMETS"
"529",100001987,209,37190,144226,"Lipid","Androgenic Steroids",3419,"NAMED","JHFAETDERBWUOO-ARKAXQQOSA-N","C[C@@]12[C@](CCC3C2CC[C@@]4(C)C3CC[C@@H]4OS(=O)(O)=O)([H])C[C@@H](OS(=O)(O)=O)CC1","5alpha-androstan-3beta,17beta-diol disulfate","5alpha-androstan-3beta,17beta-diol disulfate",NA,NA,NA,"571-20-0",NA,"HMDB0000493","C12525","90186325","Neg","5alpha_androstan_3beta_17beta_diol disulfate",502,"HMDB0000493","COMETS"
"530",100002067,209,32619,149838,"Lipid","Pregnenolone Steroids",3292,"NAMED","MENQCIVHHONJLU-UHFFFAOYSA-N","CC(C1CCC2C3CCC4CC(OS(O)(=O)=O)CCC4(C3CCC12C)C)=O","pregnenediol sulfate (C21H34O5S)*","pregnenediol sulfate (C21H34O5S)*",NA,NA,NA,"1247-64-9","13465233","HMDB0000774","C18044","105074","Neg","pregnenediol sulfate_c21h34o5s",529,"CHEM100002067","COMETS"
"531",100002067,209,32619,149838,"Lipid","Pregnenolone Steroids",3292,"NAMED","MENQCIVHHONJLU-UHFFFAOYSA-N","CC(C1CCC2C3CCC4CC(OS(O)(=O)=O)CCC4(C3CCC12C)C)=O","pregnenediol sulfate (C21H34O5S)*","pregnenediol sulfate (C21H34O5S)*",NA,NA,NA,"1247-64-9","13465233","HMDB0000774","C18044","105074","Neg","pregnenediol sulfate_c21h34o5s",529,"CHEM100002129","COMETS"
"532",100002070,400,37253,156347,"Lipid","Fatty Acid, Dicarboxylate",1686,"NAMED","HWXBTNAVRSUOJR-UHFFFAOYSA-N","O=C(O)CCC(O)C(O)=O","2-hydroxyglutarate","2-hydroxyglutarate",NA,NA,NA,"40951-21-1","42","HMDB0059655","C02630","43","Pos Early","2_hydroxyglutarate",530,"HMDB0059655","COMETS"
"533",100002094,209,44876,127733,"Cofactors and Vitamins","Tocopherol Metabolism",4404,"NAMED","VMJQLPNCUPGMNQ-UHFFFAOYSA-N","OC1=C(C)C(C)=C(OC(C)(CCC(O)=O)CC2)C2=C1","gamma-CEHC","gamma-CEHC",NA,NA,NA,"178167-75-4","117455","HMDB0001931",NA,"133098","Neg","gamma_cehc",531,"HMDB0001931","COMETS"
"534",100002106,402,37529,164200,"Lipid","Sphingomyelins",3148,"NAMED","NBEADXWAAWCCDG-QDDWGVBQSA-N","O=C(CCCCCCC/C=C\CCCCCCCC)N[C@@](COP([O-])(OCC[N+](C)(C)C)=O)([C@](O)(/C=C/CCCCCCCCCCCCC)[H])[H]","sphingomyelin (d18:1/18:1, d18:2/18:0)","sphingomyelin (d18:1/18:1, d18:2/18:0)","SM 36:2;O2","Unknown","Unknown","108392-10-5","4947837","HMDB0012101",NA,"6443882","Pos Late","sphingomyelin_d18_1_18_1_d18_2_18_0",533,"HMDB0012101","COMETS"
"535",100002106,402,37529,164200,"Lipid","Sphingomyelins",3148,"NAMED","NBEADXWAAWCCDG-QDDWGVBQSA-N","O=C(CCCCCCC/C=C\CCCCCCCC)N[C@@](COP([O-])(OCC[N+](C)(C)C)=O)([C@](O)(/C=C/CCCCCCCCCCCCC)[H])[H]","sphingomyelin (d18:1/18:1, d18:2/18:0)","sphingomyelin (d18:1/18:1, d18:2/18:0)","SM 36:2;O2","Unknown","Unknown","108392-10-5","4947837","HMDB0012101",NA,"6443882","Pos Late","sphingomyelin_d18_1_18_1_d18_2_18_0",533,"C18_2_SM","COMETS"
"536",100002106,402,37529,164200,"Lipid","Sphingomyelins",3148,"NAMED","NBEADXWAAWCCDG-QDDWGVBQSA-N","O=C(CCCCCCC/C=C\CCCCCCCC)N[C@@](COP([O-])(OCC[N+](C)(C)C)=O)([C@](O)(/C=C/CCCCCCCCCCCCC)[H])[H]","sphingomyelin (d18:1/18:1, d18:2/18:0)","sphingomyelin (d18:1/18:1, d18:2/18:0)","SM 36:2;O2","Unknown","Unknown","108392-10-5","4947837","HMDB0012101",NA,"6443882","Pos Late","sphingomyelin_d18_1_18_1_d18_2_18_0",533,"HMDB0012101_C8_QI93","COMETS"
"537",100002107,402,37506,164195,"Lipid","Sphingomyelins",3132,"NAMED","RWKUXQNLWDTSLO-GWQJGLRPSA-N","CCCCCCCCCCCCCCCC(N[C@@](COP([O-])(OCC[N+](C)(C)C)=O)([C@](O)(/C=C/CCCCCCCCCCCCC)[H])[H])=O","palmitoyl sphingomyelin (d18:1/16:0)","palmitoyl sphingomyelin (d18:1/16:0)","SM 34:1;O2","SM 18:1;O2_16:0","SM 18:1;O2/16:0","6254-89-3","8115562","HMDB0010169",NA,"9939941","Pos Late","palmitoyl sphingomyelin_d18_1_16_0",534,"HMDB0010169","COMETS"
"538",100002107,402,37506,164195,"Lipid","Sphingomyelins",3132,"NAMED","RWKUXQNLWDTSLO-GWQJGLRPSA-N","CCCCCCCCCCCCCCCC(N[C@@](COP([O-])(OCC[N+](C)(C)C)=O)([C@](O)(/C=C/CCCCCCCCCCCCC)[H])[H])=O","palmitoyl sphingomyelin (d18:1/16:0)","palmitoyl sphingomyelin (d18:1/16:0)","SM 34:1;O2","SM 18:1;O2_16:0","SM 18:1;O2/16:0","6254-89-3","8115562","HMDB0010169",NA,"9939941","Pos Late","palmitoyl sphingomyelin_d18_1_16_0",534,"HMDB0010169_C8_QI91","COMETS"
"539",100002122,209,39600,141918,"Xenobiotics","Benzoate Metabolism",4504,"NAMED","XDOFWFNMYJRHEW-UHFFFAOYSA-N","O=C(C1=CC=CC(O)=C1)NCC(O)=O","3-hydroxyhippurate","3-hydroxyhippurate",NA,NA,NA,"1637-75-8","396603","HMDB0006116",NA,"450268","Neg","3_hydroxyhippurate",535,"HMDB0006116","COMETS"
"540",100002128,209,37482,151073,"Lipid","Pregnenolone Steroids",3280,"NAMED","OMOKWYAQVYBHMG-QUPIPBJSSA-N","O=[C@@](C)[C@@]1(O)CC[C@@]2([H])[C@]3([H])CC=C4CC(OS(=O)(O)=O)CC[C@]4(C)[C@@]3([H])CC[C@]12C","17alpha-hydroxypregnenolone 3-sulfate","17alpha-hydroxypregnenolone 3-sulfate",NA,NA,NA,"28901-70-4","134824","HMDB0000416",NA,"152971","Neg","17alpha_hydroxypregnenolone 3_sulfate",537,"HMDB0000416","COMETS"
"541",100002129,209,38170,127723,"Lipid","Pregnenolone Steroids",3276,"NAMED","DIJBBUIOWGGQOP-QGVNFLHTSA-N","C[C@]12CC[C@H](OS(=O)(O)=O)CC1=CC[C@@]3([H])[C@]4([H])CC[C@H]([C@](C)=O)[C@](C)4CC[C@]23[H]","pregnenolone sulfate","pregnenolone sulfate",NA,NA,NA,"1247-64-9","94802","HMDB0000774","C18044","105074","Neg","pregnenolone sulfate",538,"CHEM100002067","COMETS"
"542",100002129,209,38170,127723,"Lipid","Pregnenolone Steroids",3276,"NAMED","DIJBBUIOWGGQOP-QGVNFLHTSA-N","C[C@]12CC[C@H](OS(=O)(O)=O)CC1=CC[C@@]3([H])[C@]4([H])CC[C@H]([C@](C)=O)[C@](C)4CC[C@]23[H]","pregnenolone sulfate","pregnenolone sulfate",NA,NA,NA,"1247-64-9","94802","HMDB0000774","C18044","105074","Neg","pregnenolone sulfate",538,"CHEM100002129","COMETS"
"543",100002152,209,32827,149822,"Lipid","Androgenic Steroids",3426,"NAMED","UNURIUSTYBXRLV-UHFFFAOYSA-N","CC12CCC(O)CC1=CCC3C2CCC4(C)C3CC(OS(=O)(O)=O)C4=O","andro steroid monosulfate C19H28O6S (1)*","andro steroid monosulfate C19H28O6S (1)*",NA,NA,NA,NA,NA,"HMDB0002759",NA,"159663","Neg","andro steroid monosulfate c19h28o6s",539,"CHEM100002152","COMETS"
"544",100002152,209,32827,149822,"Lipid","Androgenic Steroids",3426,"NAMED","UNURIUSTYBXRLV-UHFFFAOYSA-N","CC12CCC(O)CC1=CCC3C2CCC4(C)C3CC(OS(=O)(O)=O)C4=O","andro steroid monosulfate C19H28O6S (1)*","andro steroid monosulfate C19H28O6S (1)*",NA,NA,NA,NA,NA,"HMDB0002759",NA,"159663","Neg","andro steroid monosulfate c19h28o6s",539,"CHEM100002068","COMETS"
"545",100002152,209,32827,149822,"Lipid","Androgenic Steroids",3426,"NAMED","UNURIUSTYBXRLV-UHFFFAOYSA-N","CC12CCC(O)CC1=CCC3C2CCC4(C)C3CC(OS(=O)(O)=O)C4=O","andro steroid monosulfate C19H28O6S (1)*","andro steroid monosulfate C19H28O6S (1)*",NA,NA,NA,NA,NA,"HMDB0002759",NA,"159663","Neg","andro steroid monosulfate c19h28o6s",539,"CHEM100001073","COMETS"
"546",100002154,400,37459,156384,"Xenobiotics","Food Component/Plant",4930,"NAMED","SSISHJJTAXXQAX-UHFFFAOYSA-N","S=C1NC(CC(C([O-])=O)[N+](C)(C)C)=CN1","ergothioneine","ergothioneine",NA,NA,NA,"58511-63-0","2297320","HMDB0003045","C05570","5351619","Pos Early","ergothioneine",540,"HMDB0003045","COMETS"
"547",100002167,209,37536,143754,"Lipid","Eicosanoid",2164,"NAMED","ZNHVWPKMFKADKW-VXBMJZGYSA-N","OC(CCC/C=C\C\C=C/C=C/C(C/C=C\CCCCC)O)=O","12-HETE","12-HETE",NA,NA,NA,"73837-14-6,71030-37-0","21509475","HMDB0006111","C14777","5283155","Neg","12_hete",541,"HMDB0006111","COMETS"
"548",100002173,402,37418,158898,"Lipid","Lysophospholipid",2623,"NAMED","RJZVWDTYEWCUAR-QFIPXVFZSA-N","O=P(OCC[N+](C)(C)C)([O-])OC[C@@H](O)COC(CCCCCCCCCCCCCC)=O","1-pentadecanoyl-GPC (15:0)*","1-pentadecanoyl-GPC (15:0)*","LPC 15:0","LPC 15:0","LPC 15:0/0:0",NA,NA,"HMDB0010381",NA,"24779458","Pos Late","1_pentadecanoyl_gpc_15_0",543,"CHEM100002173","COMETS"
"549",100002196,209,37752,145686,"Lipid","Fatty Acid, Monohydroxy",2037,"NAMED","HNICUWMFWZBIFP-IRQZEAMPSA-N","OC(CCCCCCC/C=C\C=C\[C@H](CCCCC)O)=O","13-HODE + 9-HODE","13-HODE + 9-HODE",NA,NA,NA,NA,NA,"HMDB0004667","C14767,C14762","5312830,5282945,1424,5282947,5282944","Neg","13_hode + 9_hode",544,"HMDB0004667","COMETS"
"550",100002227,402,38125,164218,"Lipid","Sterol",3248,"NAMED","NYOXRYYXRWJDKP-UHFFFAOYSA-N","CC12C(CCC3C2CCC4(C)C3CCC4C(CCCC(C)C)C)=CC(CC1)=O","4-cholesten-3-one","4-cholesten-3-one",NA,NA,NA,"601-57-0","427","HMDB0000921","C00599","91477","Pos Late","4_cholesten_3_one",547,"HMDB0000921","COMETS"
"551",100002241,400,39598,156601,"Xenobiotics","Xanthine Metabolism",4632,"NAMED","YHNNPKUFPWLTOP-UHFFFAOYSA-N","CN(C1=C(N2)NC(NC1=O)=O)C2=O","7-methylurate","7-methylurate",NA,NA,NA,"612-37-3","62375","HMDB0011107","C16355","69160","Pos Early","7_methylurate",548,"HMDB0011107","COMETS"
"552",100002253,209,38637,141886,"Xenobiotics","Food Component/Plant",4890,"NAMED","YAADMLWHGMUGQL-VOTSOKGWSA-N","O=C(NCC(O)=O)/C=C/C1=CC=CC=C1","cinnamoylglycine","cinnamoylglycine",NA,NA,NA,"16534-24-0","618829","HMDB0011621",NA,"709625","Neg","cinnamoylglycine",549,"HMDB0011621","COMETS"
"553",100002259,402,38178,159020,"Lipid","Fatty Acid Metabolism (Acyl Carnitine, Monounsaturated)",1903,"NAMED","OQWOHRPOYAVIOK-KTKRTIGZSA-N","O=C([O-])CC(OC(CC/C=C\CCCCC)=O)C[N+](C)(C)C","cis-4-decenoylcarnitine (C10:1)","cis-4-decenoylcarnitine (C10:1)",NA,NA,NA,"98930-66-6","28639171","HMDB0013205",NA,"57357170","Pos Late","cis_4_decenoylcarnitine_c10_1",550,"HMDB0013205","COMETS"
"554",100002321,400,37020,156282,"Xenobiotics","Drug - Neurological",5868,"NAMED","ZRWWEEVEIOGMMT-UHFFFAOYSA-N","O=C(N1C2=C(C3C(O3)C4=CC=CC=C14)C=CC=C2)N","carbamazepine 10,11-epoxide","carbamazepine 10,11-epoxide",NA,NA,NA,"36507-30-9","2458","HMDB0060658","C07496","2555","Pos Early","carbamazepine 10_11_epoxide",552,"HMDB0060658","COMETS"
"555",100002356,209,38296,141846,"Lipid","Fatty Acid, Branched",1671,"NAMED","YETXGSGCWODRAA-UHFFFAOYSA-N","OC(CCCCCCCCCCCCCCCC(C)C)=O","(16 or 17)-methylstearate (a19:0 or i19:0)","(16 or 17)-methylstearate (a19:0 or i19:0)",NA,NA,NA,"2724-59-6","2340933","HMDB0037397",NA,"3083779","Neg","16 or 17_methylstearate_a19_0 or i19_0",555,"HMDB0037397","COMETS"
"556",100002376,400,38314,156499,"Xenobiotics","Chemical",6196,"NAMED","SNPLKNRPJHDVJA-UHFFFAOYSA-N","OCC(C)(C)C(O)C(NCCCO)=O","dexpanthenol","dexpanthenol",NA,NA,NA,"16485-10-2","4516","HMDB0004231","D03726","4678","Pos Early","dexpanthenol",557,"HMDB0004231","COMETS"
"557",100002397,305,62101,218946,"Amino Acid","Glutamate Metabolism",48,"NAMED","COJBGNAUUSNXHX-UHFFFAOYSA-N","NC(CCC(C(O)=O)=O)=O","alpha-ketoglutaramate*","alpha-ketoglutaramate*",NA,NA,NA,"18465-19-5",NA,"HMDB0001552","C00940","48","Polar","alpha_ketoglutaramate",560,"HMDB0001552","COMETS"
"558",100002405,400,38306,156492,"Xenobiotics","Drug - Metabolic",5799,"NAMED","XZWYZXLIPXDOLR-UHFFFAOYSA-N","N=C(N(C)C)NC(N)=N","metformin","metformin",NA,NA,NA,"1115-70-4","3949","HMDB0001921","C07151","4091","Pos Early","metformin",561,"HMDB0001921","COMETS"
"559",100002417,305,38276,152194,"Xenobiotics","Food Component/Plant",4809,"NAMED","JTEYKUFKXGDTEU-UHFFFAOYSA-N","OC(C(O)C(C)(O)C)=O","2,3-dihydroxyisovalerate","2,3-dihydroxyisovalerate",NA,NA,NA,"1756-18-9","657","HMDB0012141","C04039","677","Polar","2_3_dihydroxyisovalerate",563,"HMDB0012141","COMETS"
"560",100002458,305,57747,213342,"Amino Acid","Leucine, Isoleucine and Valine Metabolism",373,"NAMED","WKRBKYFIJPGYQC-DUXPYHPUSA-N","OC(C/C(C)=C/C(O)=O)=O","3-methylglutaconate","3-methylglutaconate",NA,NA,NA,"5746-90-7","1267861","HMDB0000522",NA,"1551553","Polar","3_methylglutaconate",565,"HMDB0000522","COMETS"
"561",100002466,400,62103,218949,"Amino Acid","Glutathione Metabolism",586,"NAMED","ZHRLECIZINSPKL-AKGZTFGVSA-N","OC(CNC(C(N)CSSC[C@@H](C(O)=O)N)=O)=O","cysteinylglycine disulfide*","cysteinylglycine disulfide*",NA,NA,NA,"70555-24-7","17215992","HMDB0000709",NA,"22833544","Pos Early","cysteinylglycine disulfide",567,"COMP62103","COMETS"
"562",100002488,209,57577,212130,"Lipid","Secondary Bile Acid Metabolism",3543,"NAMED","RUDATBOHQWOJDD-DNMBCGTGSA-N","O=C(O)CC[C@@H](C)[C@H]1CC[C@@]2([H])[C@]3([H])[C@@H](O)C[C@]4([H])C[C@@H](O)CC[C@]4(C)[C@@]3([H])CC[C@@]21C","isoursodeoxycholate","isoursodeoxycholate",NA,NA,NA,"78919-26-3","113205","HMDB0000686","C17662","127601","Neg","isoursodeoxycholate",568,"HMDB0000686","COMETS"
"563",100002500,400,43493,157017,"Amino Acid","Histidine Metabolism",84,"NAMED","NRXIKWMTVXPVEF-BYPYZUCNSA-N","OC([C@@H](NC=N)CCC(O)=O)=O","formiminoglutamate","formiminoglutamate",NA,NA,NA,"816-90-0","388370","HMDB0000854","C00439","439233","Pos Early","formiminoglutamate",569,"COMP43493","COMETS"
"564",100002514,305,40473,152212,"Amino Acid","Histidine Metabolism",80,"NAMED","VWFWNXQAMGDPGG-UHFFFAOYSA-N","O=C1NC(C(CCC(O)=O)N1)=O","hydantoin-5-propionate","hydantoin-5-propionate",NA,NA,NA,"5624-26-0","761","HMDB0001212","C05565","782","Polar","hydantoin_5_propionate",570,"HMDB0001212","COMETS"
"565",100002528,209,46960,148213,"Xenobiotics","Chemical",6132,"NAMED","QAOWNCQODCNURD-UHFFFAOYSA-N","OS(O)(=O)=O","sulfate*","sulfate*",NA,NA,NA,"14808-79-8","1086","HMDB0001448","C00059","5152822","Neg","sulfate",571,"HMDB0001448","COMETS"
"566",100002544,400,40499,156749,"Amino Acid","Glutamate Metabolism",53,"NAMED","HBDWQSHEVMSFGY-SCQFTWEKSA-N","OC(C(O)=O)C[C@@H](C(O)=O)N","4-hydroxyglutamate","4-hydroxyglutamate",NA,NA,NA,"2485-33-8","388936","HMDB0001344","C03079","439902","Pos Early","4_hydroxyglutamate",572,"HMDB0001344","COMETS"
"567",100002715,400,57782,213835,"Xenobiotics","Tobacco Metabolite",4656,"NAMED","FXFANIORDKRCCA-UHFFFAOYSA-N","O=C1CCC(N1)C2=CN=CC=C2","norcotinine","norcotinine",NA,NA,NA,"17114-40-8","400","HMDB0001297",NA,"413","Pos Early","norcotinine",576,"HMDB0001297","COMETS"
"568",100002717,400,38661,156555,"Xenobiotics","Tobacco Metabolite",4648,"NAMED","XOKCJXZZNAUIQN-IENPIDJESA-N","O=C1N(C)[C@H]([C@]2=CN=CC=C2)CC1O","hydroxycotinine","hydroxycotinine",NA,NA,NA,"34834-67-8","8395266","HMDB0001390",NA,"107963","Pos Early","hydroxycotinine",577,"HMDB0001390","COMETS"
"569",100002725,209,38600,141876,"Xenobiotics","Drug - Gastrointestinal",5790,"NAMED","SUBDBMMJDZJVOS-UHFFFAOYSA-N","O=S(C1=NC2=C(C=C(C=C2)OC)N1)CC3=NC=C(C(OC)=C3C)C","omeprazole","omeprazole",NA,NA,NA,"73590-58-6","4433","HMDB0001913","C07324","4594","Neg","omeprazole",578,"HMDB0001913","COMETS"
"570",100002738,400,39586,156591,"Xenobiotics","Drug - Respiratory",5996,"NAMED","KWGRBVOPPLSCSI-WCBMZHEXSA-N","O[C@@H](C1=CC=CC=C1)[C@H](C)NC","pseudoephedrine","pseudoephedrine",NA,NA,NA,"90-82-4","6761","HMDB0001943","C02765","7028","Pos Early","pseudoephedrine",579,"HMDB0001943","COMETS"
"571",100002749,209,39592,141914,"Amino Acid","Methionine, Cysteine, SAM and Taurine Metabolism",464,"NAMED","IDIDJDIHTAOVLG-VKHMYHEASA-N","OC([C@H](CSC)N)=O","S-methylcysteine","S-methylcysteine",NA,NA,NA,"1187-84-4","22826","HMDB0002108",NA,"24417,7058174,88180","Neg","s_methylcysteine",580,"HMDB0002108","COMETS"
"572",100002761,209,61846,218457,"Lipid","Androgenic Steroids",3373,"NAMED","VFUIRAVTUVCQTF-BSOWLZGZSA-N","O[C@H]1[C@H](O)[C@@H]([C@](O)=O)O[C@@H](O[C@@H]2CC[C@@]3(C)[C@](CC[C@]4([H])[C@]3([H])CC[C@@]5(C)[C@@]4([H])CCC5=O)([H])C2)[C@@H]1O","androsterone glucuronide","androsterone glucuronide",NA,NA,NA,"1852-43-3","102793","HMDB0002829","C11135","114833","Neg","androsterone glucuronide",581,"COMP61846","COMETS"
"573",100002769,400,57461,211115,"Amino Acid","Urea cycle; Arginine and Proline Metabolism",530,"NAMED","BMFMQGXDDJALKQ-BYPYZUCNSA-N","N=C(N)NCCC[C@H](O)C(O)=O","argininate*","argininate*",NA,NA,NA,"157-07-3","140984","HMDB0003148",NA,"160437","Pos Early","argininate",582,"HMDB0003148","COMETS"
"574",100002773,402,39788,159190,"Xenobiotics","Food Component/Plant",5093,"NAMED","JVKYZPBMZPJNAJ-OQFNDJACSA-N","O[C@H](C1)CC[C@@]2(C)C1=CC[C@]3([H])[C@]2([H])CC[C@@]4(C)[C@@]3([H])C[C@@]5([H])[C@]4([H])[C@H](C)[C@]6([H])N5C[C@@H](C)CC6","solanidine","solanidine",NA,NA,NA,"80-78-4","59150","HMDB0003236","C06543","65727","Pos Late","solanidine",583,"HMDB0003236","COMETS"
"575",100002784,400,55072,208196,"Amino Acid","Urea cycle; Arginine and Proline Metabolism",499,"NAMED","ARBHXJXXVVHMET-UHFFFAOYSA-N","OC(C(CCC/N=C(N)/N)=O)=O","2-oxoarginine*","2-oxoarginine*",NA,NA,NA,"3715-10-4","542","HMDB0004225","C03771","558","Pos Early","2_oxoarginine",584,"HMDB0004225","COMETS"
"576",100002804,402,39757,159176,"Xenobiotics","Drug - Psychoactive",5907,"NAMED","VGKDLMBJGBXTGI-SJCJKPOMSA-N","ClC(C=[C@@](C=C1)[C@@H](C2=CC=CC=C32)CC[C@@H]3NC)=C1Cl","sertraline","sertraline",NA,NA,NA,"79559-97-0","61881","HMDB0005010","C07246","68617","Pos Late","sertraline",586,"HMDB0005010","COMETS"
"577",100002807,402,38623,159083,"Xenobiotics","Drug - Psychoactive",5908,"NAMED","PNVNVHUZROJLTJ-UHFFFAOYSA-N","COC1=CC=C(C(C2(CCCCC2)O)CN(C)C)C=C1","venlafaxine","venlafaxine",NA,NA,NA,"93413-69-5","5454","HMDB0005016","C07187","5656","Pos Late","venlafaxine",587,"HMDB0005016","COMETS"
"578",100002849,209,39603,141920,"Xenobiotics","Chemical",6139,"NAMED","IWJBVMJWSPZNJH-XWBUKDKVSA-N","O[C@H]([C@H]1O)[C@@H]([C@@H]([C@](O)=O)OC1OCC)O","ethyl glucuronide","ethyl glucuronide",NA,NA,NA,"17685-04-0","134174","HMDB0010325",NA,"18392195","Neg","ethyl glucuronide",590,"HMDB0010325","COMETS"
"579",100002865,209,52736,165517,"Lipid","Lysophospholipid",2656,"NAMED","YHGXYYIGHBPDMX-BUTFDPNWSA-N","CCCCCCCC/C=C\C/C=C\C/C=C\CCCC(OC[C@H](COP([O-])(OCC[N+](C)(C)C)=O)O)=O","1-meadoyl-GPC (20:3n9)*","1-meadoyl-GPC (20:3n9)*","LPC 20:3","LPC 20:3(5,8,11)","LPC 20:3/0:0",NA,NA,"HMDB0010393",NA,"53480467","Neg","1_meadoyl_gpc_20_3n9",591,"HMDB0010393","COMETS"
"580",100002873,402,49617,161405,"Lipid","Lysophospholipid",2673,"NAMED","SKJMUADLQLZAGH-WJOKGBTCSA-N","CCCCCCCCCCCCCCCCCCCCCCCC(OC[C@H](COP([O-])(OCC[N+](C)(C)C)=O)O)=O","1-lignoceroyl-GPC (24:0)","1-lignoceroyl-GPC (24:0)","LPC 24:0","LPC 24:0","LPC 24:0/0:0","325171-59-3","24766539","HMDB0010405",NA,"24779481","Pos Late","1_lignoceroyl_gpc_24_0",594,"HMDB0010405","COMETS"
"581",100002875,402,52474,165152,"Lipid","Lysoplasmalogen",2859,"NAMED","HTZINLFNXLXRBC-CQLBIITFSA-N","CCCCCCCCCCCCCC/C=C\OC[C@H](COP([O-])(OCC[N+](C)(C)C)=O)O","1-(1-enyl-palmitoyl)-GPC (P-16:0)*","1-(1-enyl-palmitoyl)-GPC (P-16:0)*","LPC O-16:1","LPC P-16:0","LPC P-16:0/0:0",NA,"9093054","HMDB0010407",NA,"10917802","Pos Late","1_1_enyl_palmitoyl_gpc_p_16_0",596,"HMDB0010407","COMETS"
"582",100002876,402,52701,165474,"Lipid","Lysoplasmalogen",2861,"NAMED","KJUNGQXFZYMUOH-FKWLWHCOSA-N","CCCCCCCC/C=C\CCCCCC/C=C\OC[C@H](COP([O-])(OCC[N+](C)(C)C)=O)O","1-(1-enyl-oleoyl)-GPC (P-18:1)*","1-(1-enyl-oleoyl)-GPC (P-18:1)*","LPC O-18:2","LPC P-18:1","LPC P-18:1/0:0",NA,NA,"HMDB0010408",NA,"52923882","Pos Late","1_1_enyl_oleoyl_gpc_p_18_1",597,"HMDB0010408","COMETS"
"583",100002877,402,52702,165475,"Lipid","Lysoplasmalogen",2863,"NAMED","WBOMIOWRFSPZMC-AYICAFKVSA-N","CCCCCCCCCCCCCCCC/C=C\OC[C@H](COP([O-])(OCC[N+](C)(C)C)=O)O","1-(1-enyl-stearoyl)-GPC (P-18:0)*","1-(1-enyl-stearoyl)-GPC (P-18:0)*","LPC O-18:1","LPC P-18:0","LPC P-18:0/0:0",NA,NA,"HMDB0013122",NA,"24779527","Pos Late","1_1_enyl_stearoyl_gpc_p_18_0",598,"HMDB0013122","COMETS"
"584",100002877,402,52702,165475,"Lipid","Lysoplasmalogen",2863,"NAMED","WBOMIOWRFSPZMC-AYICAFKVSA-N","CCCCCCCCCCCCCCCC/C=C\OC[C@H](COP([O-])(OCC[N+](C)(C)C)=O)O","1-(1-enyl-stearoyl)-GPC (P-18:0)*","1-(1-enyl-stearoyl)-GPC (P-18:0)*","LPC O-18:1","LPC P-18:0","LPC P-18:0/0:0",NA,NA,"HMDB0013122",NA,"24779527","Pos Late","1_1_enyl_stearoyl_gpc_p_18_0",598,"HMDB0013122_HPOS_QI54","COMETS"
"585",100002911,209,39379,143714,"Lipid","Secondary Bile Acid Metabolism",3548,"NAMED","GHCZAUBVMUEKKP-XROMFQGDSA-N","[H][C@]1([C@H](C)CCC(NCC(O)=O)=O)CC[C@@]2([H])[C@]3([H])[C@@H](O)C[C@]4([H])C[C@H](O)CC[C@]4(C)[C@@]3([H])CC[C@@]21C","glycoursodeoxycholate","glycoursodeoxycholate",NA,NA,NA,"64480-66-6","19973534","HMDB0000708",NA,"12310288","Neg","glycoursodeoxycholate",600,"HMDB0000708","COMETS"
"586",100002912,209,39378,143716,"Lipid","Secondary Bile Acid Metabolism",3552,"NAMED","BHTRKEVKTKCXOH-BWIGJTJCSA-N","O=C(NCCS(=O)(O)=O)CC[C@@H](C)C1CC[C@@]2([H])[C@]3([H])[C@@H](O)CC4C[C@H](O)CC[C@]4(C)[C@@]3([H])CC[C@@]21C","tauroursodeoxycholate","tauroursodeoxycholate",NA,NA,NA,"14605-22-2","24539842","HMDB0000874",NA,"9848818","Neg","tauroursodeoxycholate",601,"HMDB0000874","COMETS"
"587",100002927,400,43378,211502,"Amino Acid","Methionine, Cysteine, SAM and Taurine Metabolism",465,"NAMED","ZZLHPCSGGOGHFW-UHFFFAOYSA-N","NC(CS(C)=O)C(O)=O","S-methylcysteine sulfoxide","S-methylcysteine sulfoxide",NA,NA,NA,"6853-87-8","74136","HMDB0029432",NA,"82142","Pos Early","s_methylcysteine sulfoxide",602,"HMDB0029432","COMETS"
"588",100002953,209,39609,141922,"Lipid","Fatty Acid, Monohydroxy",2033,"NAMED","UGAGPNKCDRTDHP-UHFFFAOYSA-N","OC(CCCCCCCCCCCCCCCO)=O","16-hydroxypalmitate","16-hydroxypalmitate",NA,NA,NA,"506-13-8","10034","HMDB0006294","C18218","10466","Neg","16_hydroxypalmitate",607,"HMDB0006294","COMETS"
"589",100002968,400,39767,156636,"Xenobiotics","Drug - Antibiotic",5566,"NAMED","LOUPRKONTZGTKE-WGFDLZGGSA-N","COC1=CC2=C(N=CC=C2[C@@H](O)C3N(CC4C=C)CCC4C3)C=C1","quinine","quinine",NA,NA,NA,"130-95-0","2010267","HMDB0014611","C06526","3034034","Pos Early","quinine",608,"CHEM100002968","COMETS"
"590",100002989,402,46798,165353,"Lipid","Diacylglycerol",2954,"NAMED","BLZVZPYMHLXLHG-RQOIEFAZSA-N","CCCCCCCC/C=C\CCCCCCCC(OCC(CO)OC(CCCCCCC/C=C\C/C=C\CCCCC)=O)=O","oleoyl-linoleoyl-glycerol (18:1/18:2) [1]","oleoyl-linoleoyl-glycerol (18:1/18:2) [1]","DG 36:3","DG 18:1_18:2","Unknown","106292-55-1","23975985","HMDB0007219",NA,"14275396","Pos Late","oleoyl_linoleoyl_glycerol_18_1_18_2__1",609,"CHEM100002989","COMETS"
"591",100002989,402,46798,165353,"Lipid","Diacylglycerol",2954,"NAMED","BLZVZPYMHLXLHG-RQOIEFAZSA-N","CCCCCCCC/C=C\CCCCCCCC(OCC(CO)OC(CCCCCCC/C=C\C/C=C\CCCCC)=O)=O","oleoyl-linoleoyl-glycerol (18:1/18:2) [1]","oleoyl-linoleoyl-glycerol (18:1/18:2) [1]","DG 36:3","DG 18:1_18:2","Unknown","106292-55-1","23975985","HMDB0007219",NA,"14275396","Pos Late","oleoyl_linoleoyl_glycerol_18_1_18_2__1",609,"CHEM100002990","COMETS"
"592",100002989,402,46798,165353,"Lipid","Diacylglycerol",2954,"NAMED","BLZVZPYMHLXLHG-RQOIEFAZSA-N","CCCCCCCC/C=C\CCCCCCCC(OCC(CO)OC(CCCCCCC/C=C\C/C=C\CCCCC)=O)=O","oleoyl-linoleoyl-glycerol (18:1/18:2) [1]","oleoyl-linoleoyl-glycerol (18:1/18:2) [1]","DG 36:3","DG 18:1_18:2","Unknown","106292-55-1","23975985","HMDB0007219",NA,"14275396","Pos Late","oleoyl_linoleoyl_glycerol_18_1_18_2__1",609,"HMDB0007219","COMETS"
"593",100002990,402,46799,165354,"Lipid","Diacylglycerol",2955,"NAMED","GREDRAMJRDQWEJ-LTEAFHAISA-N","CCCCCCCC/C=C\CCCCCCCC(OCC(COC(CCCCCCC/C=C\C/C=C\CCCCC)=O)O)=O","oleoyl-linoleoyl-glycerol (18:1/18:2) [2]","oleoyl-linoleoyl-glycerol (18:1/18:2) [2]","DG 36:3","DG 18:1_18:2","Unknown","104346-53-4","29788004","HMDB0007219",NA,"71433693","Pos Late","oleoyl_linoleoyl_glycerol_18_1_18_2__2",610,"CHEM100002989","COMETS"
"594",100002990,402,46799,165354,"Lipid","Diacylglycerol",2955,"NAMED","GREDRAMJRDQWEJ-LTEAFHAISA-N","CCCCCCCC/C=C\CCCCCCCC(OCC(COC(CCCCCCC/C=C\C/C=C\CCCCC)=O)O)=O","oleoyl-linoleoyl-glycerol (18:1/18:2) [2]","oleoyl-linoleoyl-glycerol (18:1/18:2) [2]","DG 36:3","DG 18:1_18:2","Unknown","104346-53-4","29788004","HMDB0007219",NA,"71433693","Pos Late","oleoyl_linoleoyl_glycerol_18_1_18_2__2",610,"CHEM100002990","COMETS"
"595",100002990,402,46799,165354,"Lipid","Diacylglycerol",2955,"NAMED","GREDRAMJRDQWEJ-LTEAFHAISA-N","CCCCCCCC/C=C\CCCCCCCC(OCC(COC(CCCCCCC/C=C\C/C=C\CCCCC)=O)O)=O","oleoyl-linoleoyl-glycerol (18:1/18:2) [2]","oleoyl-linoleoyl-glycerol (18:1/18:2) [2]","DG 36:3","DG 18:1_18:2","Unknown","104346-53-4","29788004","HMDB0007219",NA,"71433693","Pos Late","oleoyl_linoleoyl_glycerol_18_1_18_2__2",610,"HMDB0007219","COMETS"
"596",100003000,402,39270,163991,"Lipid","Lysoplasmalogen",2860,"NAMED","QYTPGOPLNFESQC-RLHAVTDZSA-N","O=P(OCC[NH3+])([O-])OC[C@H](O)CO/C=C/CCCCCCCCCCCCCC","1-(1-enyl-palmitoyl)-GPE (P-16:0)*","1-(1-enyl-palmitoyl)-GPE (P-16:0)*","LPE O-16:1","LPE P-16:0","LPE P-16:0/0:0",NA,"10471193","HMDB0011152",NA,NA,"Pos Late","1_1_enyl_palmitoyl_gpe_p_16_0",611,"HMDB0011152","COMETS"
"597",100003151,402,46223,159669,"Lipid","Fatty Acid Metabolism (Acyl Carnitine, Polyunsaturated)",1914,"NAMED","MJLXQSQYKZWZCB-DQFWFXSYSA-N","[O-]C(C[C@H](C[N+](C)(C)C)OC(CCCCCCC/C=C\C/C=C\CCCCC)=O)=O","linoleoylcarnitine (C18:2)*","linoleoylcarnitine (C18:2)*",NA,NA,NA,"36816-10-1","4952667","HMDB0006469",NA,"6450015","Pos Late","linoleoylcarnitine_c18_2",617,"HMDB0006469","COMETS"
"598",100003169,209,40008,141960,"Peptide","Dipeptide",870,"NAMED","UCGDDTHMMVWVMV-UHFFFAOYSA-N","O=C(C(C(CC)C)N)NCC(O)=O","isoleucylglycine","isoleucylglycine",NA,NA,NA,"868-28-0","303621","HMDB0028907",NA,"342532","Neg","isoleucylglycine",618,"HMDB0028907","COMETS"
"599",100003185,209,40045,141970,"Peptide","Dipeptide",889,"NAMED","LESXFEZIFXFIQR-UHFFFAOYSA-N","O=C(C(CC(C)C)N)NCC(O)=O","leucylglycine","leucylglycine",NA,NA,NA,"686-50-0","71402","HMDB0028929",NA,"79070","Neg","leucylglycine",619,"HMDB0028929","COMETS"
"600",100003210,400,39994,156660,"Peptide","Dipeptide",1054,"NAMED","XCTHZFGSVQBHBW-UHFFFAOYSA-N","O=C(C(C(C)C)N)NC(CC(C)C)C(O)=O","valylleucine","valylleucine",NA,NA,NA,"22906-55-4","312586","HMDB0029131",NA,"352039","Pos Early","valylleucine",620,"HMDB0029131","COMETS"
"601",100003397,400,40406,156717,"Lipid","Phospholipid Metabolism",2266,"NAMED","UYPYRKYUKCHHIB-UHFFFAOYSA-N","C[N+](C)([O-])C","trimethylamine N-oxide","trimethylamine N-oxide",NA,NA,NA,"1184-78-7","1113","HMDB0000925","C01104","1145","Pos Early","trimethylamine n_oxide",625,"HMDB0000925","COMETS"
"602",100003415,400,62860,220638,"Amino Acid","Lysine Metabolism",117,"NAMED","PQNASZJZHFPQLE-LURJTMIESA-N","O=C([C@H](CCCCNC)N)O","N6-methyllysine","N6-methyllysine",NA,NA,NA,"1188-07-4","144469","HMDB0002038","C02728","164795","Pos Early","n6_methyllysine",626,"COMP62860","Moore"
"603",100003434,400,40730,156802,"Amino Acid","Histidine Metabolism",83,"NAMED","ZCKYOWGFRHAZIQ-UHFFFAOYSA-N","OC(CCC1=CN=CN1)=O","imidazole propionate","imidazole propionate",NA,NA,NA,"1074-59-5","63798","HMDB0002271",NA,"70630","Pos Early","imidazole propionate",629,"HMDB0002271","COMETS"
"604",100003444,402,40459,159280,"Xenobiotics","Drug - Psychoactive",5922,"NAMED","WSEQXVZVJXJVFP-FQEVSTJZSA-N","FC1=CC=[C@]([C@]2(CCCN(C)C)OCC3=C2C=CC(C#N)=C3)C=C1","citalopram/escitalopram","citalopram/escitalopram",NA,NA,NA,"219861-08-2","129277","HMDB0005028","D07913","146570","Pos Late","citalopram_escitalopram",631,"HMDB0005028","COMETS"
"605",100003470,209,40708,143065,"Lipid","Progestin Steroids",3316,"NAMED","ZFFFJLDTCLJDHL-JQYCEVDMSA-N","[H][C@]12CC[C@]3([C@@]4(CC[C@]([C@@H](O)C)([C@]4(CC[C@@]3([C@]1(CC[C@@H](O[C@@H]5O[C@H]([C@](O)=O)[C@H]([C@@H]([C@H]5O)O)O)C2)C)[H])C)[H])[H])[H]","pregnanediol-3-glucuronide","pregnanediol-3-glucuronide",NA,NA,NA,"1852-49-9","110346","HMDB0010318",NA,"123796","Neg","pregnanediol_3_glucuronide",634,"HMDB0010318","COMETS"
"606",100003641,209,40475,143011,"Peptide","Dipeptide",1051,"NAMED","IOUPEELXVYPCPG-UHFFFAOYSA-N","O=C(C(C(C)C)N)NCC(O)=O","valylglycine","valylglycine",NA,NA,NA,"686-43-1","120256","HMDB0029127",NA,"136487","Neg","valylglycine",636,"HMDB0029127","COMETS"
"607",100003674,400,40703,156791,"Peptide","Dipeptide",964,"NAMED","RNKSNIBMTUYWSH-YFKPBYRVSA-N","O=[C@]([C@H]1NCCC1)NCC(O)=O","prolylglycine","prolylglycine",NA,NA,NA,"2578-57-6","4932143","HMDB0011178",NA,"6426709","Pos Early","prolylglycine",637,"HMDB0011178","COMETS"
"608",100003686,209,42092,143937,"Lipid","Fatty Acid Metabolism (Acyl Glycine)",1846,"NAMED","KVTFEOAKFFQCCX-UHFFFAOYSA-N","O=C(CCCCCCCCCCCCCCC)NCC(O)=O","N-palmitoylglycine","N-palmitoylglycine",NA,NA,NA,"2441-41-0","133100","HMDB0013034",NA,"151008","Neg","n_palmitoylglycine",638,"HMDB0013034","COMETS"
"609",100003901,209,41220,142786,"Lipid","Lysophospholipid",2694,"NAMED","KIHAGWUUUHJRMS-JOCHJYFZSA-N","OC[C@@H](OC(CCCCCCCCCCCCCCCCC)=O)COP(OCC[NH3+])([O-])=O","2-stearoyl-GPE (18:0)*","2-stearoyl-GPE (18:0)*","LPE 18:0","LPE 18:0","LPE 0:0/18:0",NA,"24769218","HMDB0011129",NA,"90658453,53480667","Neg","2_stearoyl_gpe_18_0",644,"HMDB0011129","COMETS"
"610",100003926,400,43264,156990,"Lipid","Fatty Acid Metabolism (Acyl Carnitine, Hydroxy)",1942,"NAMED","UEFRDQSMQXDWTO-UHFFFAOYSA-N","CC(CC(OC(C[N+](C)(C)C)CC([O-])=O)=O)O","(R)-3-hydroxybutyrylcarnitine","(R)-3-hydroxybutyrylcarnitine",NA,NA,NA,NA,NA,"HMDB0013127",NA,"53481617","Pos Early","r_3_hydroxybutyrylcarnitine",645,"CHEM100003926","COMETS"
"611",100003926,400,43264,156990,"Lipid","Fatty Acid Metabolism (Acyl Carnitine, Hydroxy)",1942,"NAMED","UEFRDQSMQXDWTO-UHFFFAOYSA-N","CC(CC(OC(C[N+](C)(C)C)CC([O-])=O)=O)O","(R)-3-hydroxybutyrylcarnitine","(R)-3-hydroxybutyrylcarnitine",NA,NA,NA,NA,NA,"HMDB0013127",NA,"53481617","Pos Early","r_3_hydroxybutyrylcarnitine",645,"CHEM100009271","COMETS"
"612",100003926,400,43264,156990,"Lipid","Fatty Acid Metabolism (Acyl Carnitine, Hydroxy)",1942,"NAMED","UEFRDQSMQXDWTO-UHFFFAOYSA-N","CC(CC(OC(C[N+](C)(C)C)CC([O-])=O)=O)O","(R)-3-hydroxybutyrylcarnitine","(R)-3-hydroxybutyrylcarnitine",NA,NA,NA,NA,NA,"HMDB0013127",NA,"53481617","Pos Early","r_3_hydroxybutyrylcarnitine",645,"HMDB0013127","COMETS"
"613",100003940,209,43502,144003,"Lipid","Fatty Acid Metabolism (Acyl Glycine)",1840,"NAMED","SAVLIIGUQOSOEP-UHFFFAOYSA-N","O=C(CCCCCCC)NCC(O)=O","N-octanoylglycine","N-octanoylglycine",NA,NA,NA,"14246-53-8","76040","HMDB0000832",NA,"84290","Neg","n_octanoylglycine",646,"HMDB0000832","COMETS"
"614",100004018,402,42021,159425,"Xenobiotics","Drug - Respiratory",5983,"NAMED","RWTNPBWLLIMQHL-UHFFFAOYSA-N","O=C(C(C)(C)C1=CC=C(C(CCCN2CCC(C(C3=CC=CC=C3)(C4=CC=CC=C4)O)CC2)O)C=C1)O","fexofenadine","fexofenadine",NA,NA,NA,"83799-24-0","3231","HMDB0005030","C06999","3348","Pos Late","fexofenadine",647,"HMDB0005030","COMETS"
"615",100004046,209,43488,144001,"Amino Acid","Histidine Metabolism",89,"NAMED","BKAYIFDRRZZKNF-VIFPVBQESA-N","OC([C@H](CC1=CN=CN1)NC(CCNC(C)=O)=O)=O","N-acetylcarnosine","N-acetylcarnosine",NA,NA,NA,"56353-15-2","8079136","HMDB0012881",NA,"9903482","Neg","n_acetylcarnosine",648,"HMDB0012881","COMETS"
"616",100004054,402,57512,211213,"Lipid","Fatty Acid Metabolism (Acyl Carnitine, Long Chain Saturated)",1888,"NAMED","DWSFAVOTORHAAL-UHFFFAOYSA-N","[O-]C(CC(C[N+](C)(C)C)OC(CCCCCCCCCCCCCCCC)=O)=O","margaroylcarnitine (C17)*","margaroylcarnitine (C17)*",NA,NA,NA,"106182-29-0","35015987","HMDB0006210",NA,"53477803","Pos Late","margaroylcarnitine_c17",649,"HMDB0006210","COMETS"
"617",100004059,400,62278,219251,"Xenobiotics","Food Component/Plant",4968,"NAMED","GPPYTCRVKHULJH-UHFFFAOYSA-N","C[N+](C)(C(C([O-])=O)CC1=CN=CN1)C","histidine betaine (hercynine)*","histidine betaine (hercynine)*",NA,NA,NA,"534-30-5","2340795","HMDB0029422",NA,"3083620","Pos Early","histidine betaine_hercynine",651,"HMDB0029422","COMETS"
"618",100004083,209,42574,143947,"Lipid","Secondary Bile Acid Metabolism",3560,"NAMED","ZQYUKJFJPJDMMR-JPZDKMBBSA-N","C[C@@]([C@@]1([H])C[C@@H]2O)(CC2)[C@](CC3)([H])[C@]([C@H](O)[C@@H]1O)([H])[C@@](CC4)([H])[C@]3(C)[C@H]4[C@H](C)CCC(NCC(O)=O)=O","glycohyocholate","glycohyocholate",NA,NA,NA,NA,NA,"HMDB0000138",NA,"71361462","Neg","glycohyocholate",652,"HMDB0000138_C18_Q84","COMETS"
"619",100004083,209,42574,143947,"Lipid","Secondary Bile Acid Metabolism",3560,"NAMED","ZQYUKJFJPJDMMR-JPZDKMBBSA-N","C[C@@]([C@@]1([H])C[C@@H]2O)(CC2)[C@](CC3)([H])[C@]([C@H](O)[C@@H]1O)([H])[C@@](CC4)([H])[C@]3(C)[C@H]4[C@H](C)CCC(NCC(O)=O)=O","glycohyocholate","glycohyocholate",NA,NA,NA,NA,NA,"HMDB0000138",NA,"71361462","Neg","glycohyocholate",652,"HMDB0000138","COMETS"
"620",100004088,402,40807,159350,"Cofactors and Vitamins","Vitamin A Metabolism",4473,"NAMED","NCYCYZXNIZJOKI-OVSJKPMPSA-N","O=C([H])/C=C(C)/C=C/C=C(C)/C=C/C1=C(C)CCCC1(C)C","retinal","retinal",NA,NA,NA,NA,"553582","HMDB0001358","C00376","638015","Pos Late","retinal",654,"COMP40807","COMETS"
"621",100004169,209,43330,143981,"Xenobiotics","Drug - Analgesics, Anesthetics",5440,"NAMED","UJHKVYPPCJBOSG-UHFFFAOYSA-N","OC(C)(C)CC(C=C1)=CC=C1C(C(O)=O)C","2-hydroxyibuprofen","2-hydroxyibuprofen",NA,NA,NA,"51146-55-5",NA,"HMDB0060920",NA,"10443535","Neg","2_hydroxyibuprofen",659,"HMDB0060920","COMETS"
"622",100004171,402,43333,159542,"Xenobiotics","Drug - Analgesics, Anesthetics",5442,"NAMED","DIVLBIVDYADZPL-UHFFFAOYSA-N","OC(C(CC1=CC=C(C(C(O)=O)C)C=C1)C)=O","carboxyibuprofen","carboxyibuprofen",NA,NA,NA,"15935-54-3","8619532","HMDB0060564",NA,"10444113","Pos Late","carboxyibuprofen",660,"HMDB0060564","COMETS"
"623",100004171,402,43333,159542,"Xenobiotics","Drug - Analgesics, Anesthetics",5442,"NAMED","DIVLBIVDYADZPL-UHFFFAOYSA-N","OC(C(CC1=CC=C(C(C(O)=O)C)C=C1)C)=O","carboxyibuprofen","carboxyibuprofen",NA,NA,NA,"15935-54-3","8619532","HMDB0060564",NA,"10444113","Pos Late","carboxyibuprofen",660,"COMP62067","COMETS"
"624",100004182,209,43507,144005,"Lipid","Secondary Bile Acid Metabolism",3573,"NAMED","HIAJCGFYHIANNA-QIZZZRFXSA-N","O[C@@H]1CC2=CC[C@@]([C@@]3([H])[C@@]2(C)CC1)([H])[C@@]4([H])[C@@](CC3)(C)[C@]([C@H](C)CCC(O)=O)([H])CC4","3beta-hydroxy-5-cholenoate","3beta-hydroxy-5-cholenoate",NA,NA,NA,"5255-17-4","83950","HMDB0000308",NA,"92997","Neg","3beta_hydroxy_5_cholenoate",662,"HMDB0000308","COMETS"
"625",100004208,209,46111,143736,"Xenobiotics","Benzoate Metabolism",4538,"NAMED","AQTYXAPIHMXAAV-UHFFFAOYSA-N","COC1=C(OS(O)(=O)=O)C=CC=C1","guaiacol sulfate","guaiacol sulfate",NA,NA,NA,NA,"21078","HMDB0060013",NA,"22473","Neg","guaiacol sulfate",664,"HMDB0060013","COMETS"
"626",100004227,402,43343,159548,"Lipid","Fatty Acid, Amino",1778,"NAMED","AKVBCGQVQXPRLD-UHFFFAOYSA-N","CCCCCCC(C(O)=O)N","2-aminooctanoate","2-aminooctanoate",NA,NA,NA,"644-90-6","62727","HMDB0000991",NA,"69522","Pos Late","2_aminooctanoate",665,"HMDB0000991","COMETS"
"627",100004227,402,43343,159548,"Lipid","Fatty Acid, Amino",1778,"NAMED","AKVBCGQVQXPRLD-UHFFFAOYSA-N","CCCCCCC(C(O)=O)N","2-aminooctanoate","2-aminooctanoate",NA,NA,NA,"644-90-6","62727","HMDB0000991",NA,"69522","Pos Late","2_aminooctanoate",665,"HMDB0000991_C18_Q32","COMETS"
"628",100004227,402,43343,159548,"Lipid","Fatty Acid, Amino",1778,"NAMED","AKVBCGQVQXPRLD-UHFFFAOYSA-N","CCCCCCC(C(O)=O)N","2-aminooctanoate","2-aminooctanoate",NA,NA,NA,"644-90-6","62727","HMDB0000991",NA,"69522","Pos Late","2_aminooctanoate",665,"HMDB0000991_M34040","COMETS"
"629",100004284,400,43424,157011,"Xenobiotics","Chemical",6198,"NAMED","HHVIBTZHLRERCL-UHFFFAOYSA-N","CS(C)(=O)=O","dimethyl sulfone","dimethyl sulfone",NA,NA,NA,"67-71-0","5978","HMDB0004983","C11142","6213","Pos Early","dimethyl sulfone",667,"HMDB0004983","COMETS"
"630",100004295,400,43400,157005,"Xenobiotics","Food Component/Plant",4673,"NAMED","XUWHAWMETYGRKB-UHFFFAOYSA-N","O=C1CCCCN1","2-piperidinone","2-piperidinone",NA,NA,NA,"675-20-7","12144","HMDB0011749",NA,"12665","Pos Early","2_piperidinone",668,"HMDB0011749","COMETS"
"631",100004322,209,43266,143737,"Xenobiotics","Food Component/Plant",5288,"NAMED","VSTZVCJQGSLNLL-UHFFFAOYSA-N","NC1=CC=CC=C1OS(O)(=O)=O","2-aminophenol sulfate","2-aminophenol sulfate",NA,NA,NA,NA,"158022","HMDB0061116",NA,"181670","Neg","2_aminophenol sulfate",671,"HMDB0061116","COMETS"
"632",100004328,402,42463,164531,"Lipid","Sphingomyelins",3142,"NAMED","KYICBZWZQPCUMO-PSALXKTOSA-N","CCCCCCCCCCCCCC(N[C@@](COP([O-])(OCC[N+](C)(C)C)=O)([C@](O)(/C=C/CCCCCCCCCCCCC)[H])[H])=O","sphingomyelin (d18:1/14:0, d16:1/16:0)*","sphingomyelin (d18:1/14:0, d16:1/16:0)*","SM 32:1;O2","Unknown","Unknown",NA,"9608732","HMDB0012097",NA,"11433862","Pos Late","sphingomyelin_d18_1_14_0_d16_1_16_0",674,"HMDB0012097","COMETS"
"633",100004328,402,42463,164531,"Lipid","Sphingomyelins",3142,"NAMED","KYICBZWZQPCUMO-PSALXKTOSA-N","CCCCCCCCCCCCCC(N[C@@](COP([O-])(OCC[N+](C)(C)C)=O)([C@](O)(/C=C/CCCCCCCCCCCCC)[H])[H])=O","sphingomyelin (d18:1/14:0, d16:1/16:0)*","sphingomyelin (d18:1/14:0, d16:1/16:0)*","SM 32:1;O2","Unknown","Unknown",NA,"9608732","HMDB0012097",NA,"11433862","Pos Late","sphingomyelin_d18_1_14_0_d16_1_16_0",674,"HMDB0012097_C8_QI89","COMETS"
"634",100004494,209,43470,151111,"Xenobiotics","Tobacco Metabolite",4651,"NAMED","WALNNKZUGHYSCT-MGKNELHOSA-N","CN(C1=O)[C@@H](C[C@H]1O[C@@H]2O[C@H](C(O)=O)[C@@H](O)[C@H](O)[C@H]2O)C3=CN=CC=C3","3-hydroxycotinine glucuronide","3-hydroxycotinine glucuronide",NA,NA,NA,"132929-88-5","159230","HMDB0001204",NA,"53477725","Neg","3_hydroxycotinine glucuronide",677,"HMDB0001204","COMETS"
"635",100004499,209,43231,143979,"Amino Acid","Lysine Metabolism",136,"NAMED","FZXCPFJMYOQZCA-UHFFFAOYSA-N","OC(C1CCCC(N1)=O)=O","6-oxopiperidine-2-carboxylate","6-oxopiperidine-2-carboxylate",NA,NA,NA,"34622-39-4","2282737","HMDB0061705",NA,"3014237","Neg","6_oxopiperidine_2_carboxylate",678,"HMDB0061705","COMETS"
"636",100004509,400,43239,156985,"Xenobiotics","Food Component/Plant",5082,"NAMED","ZFAHNWWNDFHPOH-UHFFFAOYSA-N","OC(C(CSCC=C)N)=O","S-allylcysteine","S-allylcysteine",NA,NA,NA,"21593-77-1","88744","HMDB0034323",NA,"98280","Pos Early","s_allylcysteine",679,"HMDB0034323","COMETS"
"637",100004523,209,43249,124707,"Amino Acid","Urea cycle; Arginine and Proline Metabolism",516,"NAMED","SRXKAYJJGAAOBP-UHFFFAOYSA-N","CC(NCCCC(N)C(O)=O)=O","N-delta-acetylornithine","N-delta-acetylornithine",NA,NA,NA,NA,"8096135","HMDB0003357","C00437","9920500","Neg","n_delta_acetylornithine",680,"HMDB0003357","COMETS"
"638",100004523,209,43249,124707,"Amino Acid","Urea cycle; Arginine and Proline Metabolism",516,"NAMED","SRXKAYJJGAAOBP-UHFFFAOYSA-N","CC(NCCCC(N)C(O)=O)=O","N-delta-acetylornithine","N-delta-acetylornithine",NA,NA,NA,NA,"8096135","HMDB0003357","C00437","9920500","Neg","n_delta_acetylornithine",680,"CHEM100000285","COMETS"
"639",100004523,209,43249,124707,"Amino Acid","Urea cycle; Arginine and Proline Metabolism",516,"NAMED","SRXKAYJJGAAOBP-UHFFFAOYSA-N","CC(NCCCC(N)C(O)=O)=O","N-delta-acetylornithine","N-delta-acetylornithine",NA,NA,NA,NA,"8096135","HMDB0003357","C00437","9920500","Neg","n_delta_acetylornithine",680,"COMP15630","COMETS"
"640",100004552,402,47888,178779,"Lipid","Lysophospholipid",2712,"NAMED","KCWGBXXAJHVZNN-YAWQMZOFSA-N","O=C(CCC/C=C\C/C=C\C/C=C\C/C=C\C/C=C\CC)OC[C@@](O)([H])COP(OCCN)(O)=O","1-eicosapentaenoyl-GPE (20:5)*","1-eicosapentaenoyl-GPE (20:5)*","LPE 20:5","LPE 20:5","LPE 20:5/0:0",NA,NA,"HMDB0011489",NA,"53480938","Pos Late","1_eicosapentaenoyl_gpe_20_5",683,"HMDB0011489","COMETS"
"641",100004561,209,43549,212072,"Amino Acid","Tryptophan Metabolism",280,"NAMED","LLLPDUXGHXIXIW-UHFFFAOYSA-N","OC(C1=CC=CC=C1N([H])C=O)=O","N-formylanthranilic acid","N-formylanthranilic acid",NA,NA,NA,"3342-77-6","91624","HMDB0004089","C05653","101399","Neg","n_formylanthranilic acid",685,"HMDB0004089","COMETS"
"642",100005350,402,45951,159653,"Lipid","Lysophospholipid",2642,"NAMED","WKQNRCYKYCKESD-YHTMAJSVSA-N","C[N+](CCOP(OCC(O)COC(CCCCCCC/C=C/C/C=C/C/C=C/CC)=O)([O-])=O)(C)C","1-linolenoyl-GPC (18:3)*","1-linolenoyl-GPC (18:3)*","LPC 18:3","LPC 18:3","LPC 18:3/0:0",NA,NA,"HMDB0010388","C04100",NA,"Pos Late","1_linolenoyl_gpc_18_3",690,"HMDB0010388","COMETS"
"643",100005351,402,44563,159609,"Lipid","Lysophospholipid",2660,"NAMED","PDIGSOAOQOXRDU-GUTOPQIJSA-N","C[N+](CCOP(OCC(O)COC(CCC/C=C/C/C=C/C/C=C/C/C=C/C/C=C/CC)=O)([O-])=O)(C)C","1-eicosapentaenoyl-GPC (20:5)*","1-eicosapentaenoyl-GPC (20:5)*","LPC 20:5","LPC 20:5","LPC 20:5/0:0",NA,NA,"HMDB0010397",NA,NA,"Pos Late","1_eicosapentaenoyl_gpc_20_5",691,"HMDB0010397","COMETS"
"644",100005351,402,44563,159609,"Lipid","Lysophospholipid",2660,"NAMED","PDIGSOAOQOXRDU-GUTOPQIJSA-N","C[N+](CCOP(OCC(O)COC(CCC/C=C/C/C=C/C/C=C/C/C=C/C/C=C/CC)=O)([O-])=O)(C)C","1-eicosapentaenoyl-GPC (20:5)*","1-eicosapentaenoyl-GPC (20:5)*","LPC 20:5","LPC 20:5","LPC 20:5/0:0",NA,NA,"HMDB0010397",NA,NA,"Pos Late","1_eicosapentaenoyl_gpc_20_5",691,"HMDB0010397_C8_QI09","COMETS"
"645",100005389,209,47114,149387,"Xenobiotics","Food Component/Plant",4938,"NAMED","PZPATWACAAOHTJ-HWKANZROSA-N","COC1=C(OS(O)(=O)=O)C=CC(/C=C/C(O)=O)=C1","ferulic acid 4-sulfate","ferulic acid 4-sulfate",NA,NA,NA,"86321-29-1","4878542","HMDB0029200",NA,"6305574","Neg","ferulic acid 4_sulfate",701,"HMDB0029200","COMETS"
"646",100005403,209,47112,149383,"Lipid","Androgenic Steroids",3386,"NAMED","VFUIRAVTUVCQTF-ILTUOXSPSA-N","O=C1[C@](CC2)(C)C(CC1)C3C2[C@](CC[C@H]4OC5[C@H](O)[C@@H](O)[C@H](O)[C@@H](C(O)=O)O5)(C)[C@](C4)([H])CC3","etiocholanolone glucuronide","etiocholanolone glucuronide",NA,NA,NA,"3602-09-3",NA,"HMDB0004484",NA,"270605","Neg","etiocholanolone glucuronide",705,"HMDB0004484","COMETS"
"647",100005834,209,47120,149393,"Lipid","Fatty Acid, Monohydroxy",2025,"NAMED","RKHXDCVAPIMDMG-UHFFFAOYSA-N","OC(CCCCCCCC(O)=O)CCCCCCCCC","9-hydroxystearate","9-hydroxystearate",NA,NA,NA,"25498-28-6","7844595","HMDB0061661",NA,"9570127","Neg","9_hydroxystearate",712,"HMDB0061661","COMETS"
"648",100005850,400,46548,157257,"Amino Acid","Leucine, Isoleucine and Valine Metabolism",381,"NAMED","HFCPFJNSBPQJDP-UHFFFAOYSA-N","[O-]C(CC(C[N+](C)(C)C)OC(CC(C)CC(O)=O)=O)=O","3-methylglutarylcarnitine (2)","3-methylglutarylcarnitine (2)",NA,NA,NA,NA,"113619","HMDB0000552",NA,"128145","Pos Early","3_methylglutarylcarnitine",713,"CHEM100005850","COMETS"
"649",100005850,400,46548,157257,"Amino Acid","Leucine, Isoleucine and Valine Metabolism",381,"NAMED","HFCPFJNSBPQJDP-UHFFFAOYSA-N","[O-]C(CC(C[N+](C)(C)C)OC(CC(C)CC(O)=O)=O)=O","3-methylglutarylcarnitine (2)","3-methylglutarylcarnitine (2)",NA,NA,NA,NA,"113619","HMDB0000552",NA,"128145","Pos Early","3_methylglutarylcarnitine",713,"CHEM100001742","COMETS"
"650",100005850,400,46548,157257,"Amino Acid","Leucine, Isoleucine and Valine Metabolism",381,"NAMED","HFCPFJNSBPQJDP-UHFFFAOYSA-N","[O-]C(CC(C[N+](C)(C)C)OC(CC(C)CC(O)=O)=O)=O","3-methylglutarylcarnitine (2)","3-methylglutarylcarnitine (2)",NA,NA,NA,NA,"113619","HMDB0000552",NA,"128145","Pos Early","3_methylglutarylcarnitine",713,"CHEM100005849","COMETS"
"651",100005946,305,48141,160468,"Xenobiotics","Food Component/Plant",5167,"NAMED","WPAMZTWLKIDIOP-WVZVXSGGSA-N","OC[C@@H](O)[C@@H](O)CC(C(O)=O)=O","2-keto-3-deoxy-gluconate","2-keto-3-deoxy-gluconate",NA,NA,NA,"17510-99-5","141630","HMDB0001353","C00204","161227","Polar","2_keto_3_deoxy_gluconate",715,"HMDB0001353","COMETS"
"652",100005986,402,47153,164529,"Lipid","Sphingomyelins",3158,"NAMED","WKZHECFHXLTOLJ-QYKFWSDSSA-N","O[C@H](/C=C/CCCCCCCCCCCCC)[C@H](CO[P](OCC[N+](C)(C)C)([O-])=O)NC(CCCCCCCCCCCCC/C=C\CCCCCCCC)=O","sphingomyelin (d18:1/24:1, d18:2/24:0)*","sphingomyelin (d18:1/24:1, d18:2/24:0)*","SM 42:2;O2","Unknown","Unknown","94359-13-4","24846874","HMDB0012107",NA,"44260126","Pos Late","sphingomyelin_d18_1_24_1_d18_2_24_0",719,"HMDB0012107","COMETS"
"653",100006001,209,52358,164793,"Xenobiotics","Drug - Psychoactive",5911,"NAMED","UDNAJOOLWIWCAW-SQBZNDFJSA-N","OC1(CCCCC1)C(CNC)C2=CC=C(O[C@H]3[C@H](O)[C@@H](O)[C@H](O)[C@@H](C(O)=O)O3)C=C2","N,O-didesmethylvenlafaxine glucuronide","N,O-didesmethylvenlafaxine glucuronide",NA,NA,NA,"1021933-99-2",NA,"HMDB0061167",NA,"71316036","Neg","n_o_didesmethylvenlafaxine glucuronide",722,"HMDB0061167","COMETS"
"654",100006092,209,48408,155063,"Amino Acid","Tyrosine Metabolism",232,"NAMED","DYDUXGMDSXJQFT-UHFFFAOYSA-N","NCCC1=CC=C(OS(O)(=O)=O)C=C1","tyramine O-sulfate","tyramine O-sulfate",NA,NA,NA,"30223-92-8","134849","HMDB0006409",NA,"153005","Neg","tyramine o_sulfate",729,"HMDB0006409","COMETS"
"655",100006115,305,48255,153226,"Carbohydrate","Pentose Metabolism",1301,"NAMED","QXKAIJAYHKCRRA-JJYYJPOSSA-N","OC([C@H]([C@@H]([C@@H](CO)O)O)O)=O","arabonate/xylonate","arabonate/xylonate",NA,NA,NA,NA,NA,"HMDB0000539","C00502,C05411","122045,6602431","Polar","arabonate_xylonate",735,"HMDB0000539","COMETS"
"656",100006129,209,54910,208290,"Amino Acid","Tyrosine Metabolism",207,"NAMED","SVYIZYRTOYHQRE-UHFFFAOYSA-N","OC1=C(OC)C=C(CC(C(O)=O)O)C=C1","vanillactate","vanillactate",NA,NA,NA,"2475-56-1","141152","HMDB0000913",NA,"160637","Neg","vanillactate",740,"HMDB0000913","COMETS"
"657",100006191,209,48841,155015,"Amino Acid","Tyrosine Metabolism",231,"NAMED","JPAUCQAJHLSMQW-XPORZQOISA-N","O[C@H]([C@@H](O)[C@@H]1O)[C@@H](O[C@@H]1C(O)=O)OC2=CC=C(C)C=C2","p-cresol glucuronide*","p-cresol glucuronide*",NA,NA,NA,"17680-99-8","135751","HMDB0011686",NA,"154035","Neg","p_cresol glucuronide",745,"HMDB0011686","COMETS"
"658",100006203,209,48569,179131,"Xenobiotics","Food Component/Plant",5081,"NAMED","YGCFIWIQZPHFLU-UHFFFAOYSA-N","CC1=CC(NS(O1)(=O)=O)=O","acesulfame","acesulfame",NA,NA,NA,"55589-62-3","33607","HMDB0033585",NA,"36573","Neg","acesulfame",746,"HMDB0033585","COMETS"
"659",100006260,209,48698,166006,"Xenobiotics","Chemical",6281,"NAMED","QRHHXPIYYXPEMG-UHFFFAOYSA-N","O=S(OC1=CC=C2C=CNC2=C1)(O)=O","6-hydroxyindole sulfate","6-hydroxyindole sulfate",NA,NA,NA,NA,NA,"HMDB0000682",NA,"122198196","Neg","6_hydroxyindole sulfate",747,"HMDB0000682","COMETS"
"660",100006290,402,48490,164042,"Lipid","Sphingomyelins",3150,"NAMED","AADLTHQNYQJHQV-SVLGDMRNSA-N","CCCCCCCCCCCCC/C=C/[C@@H](O)[C@@H](NC(CCCCCCCCCCCCCCCCCCC)=O)COP([O-])(OCC[N+](C)(C)C)=O","sphingomyelin (d18:1/20:0, d16:1/22:0)*","sphingomyelin (d18:1/20:0, d16:1/22:0)*","SM 38:1;O2","Unknown","Unknown",NA,"23113477","HMDB0012102",NA,"44260124","Pos Late","sphingomyelin_d18_1_20_0_d16_1_22_0",752,"HMDB0012102","COMETS"
"661",100006290,402,48490,164042,"Lipid","Sphingomyelins",3150,"NAMED","AADLTHQNYQJHQV-SVLGDMRNSA-N","CCCCCCCCCCCCC/C=C/[C@@H](O)[C@@H](NC(CCCCCCCCCCCCCCCCCCC)=O)COP([O-])(OCC[N+](C)(C)C)=O","sphingomyelin (d18:1/20:0, d16:1/22:0)*","sphingomyelin (d18:1/20:0, d16:1/22:0)*","SM 38:1;O2","Unknown","Unknown",NA,"23113477","HMDB0012102",NA,"44260124","Pos Late","sphingomyelin_d18_1_20_0_d16_1_22_0",752,"HMDB0012102_C8_QI95","COMETS"
"662",100006294,402,48492,164533,"Lipid","Sphingomyelins",3135,"NAMED","FJJANLYCZUNFSE-TWKUQIQBSA-N","CCCCCCCCCCCCC/C=C/[C@@H](O)[C@@H](NC(CCCCCCCCCCCCCCCCCCCCC)=O)COP([O-])(OCC[N+](C)(C)C)=O","behenoyl sphingomyelin (d18:1/22:0)*","behenoyl sphingomyelin (d18:1/22:0)*","SM 40:1;O2","SM 18:1;O2_22:0","SM 18:1;O2/22:0",NA,"24846873","HMDB0012103",NA,"44260125","Pos Late","behenoyl sphingomyelin_d18_1_22_0",755,"HMDB0012103","COMETS"
"663",100006295,402,48493,164535,"Lipid","Sphingomyelins",3155,"NAMED","VBFKEZGCUWHGSK-ADSSWVSQSA-N","CCCCCCCCCCCCC/C=C/[C@@H](O)[C@@H](NC(CCCCCCCCCCC/C=C\CCCCCCCC)=O)COP([O-])(OCC[N+](C)(C)C)=O","sphingomyelin (d18:1/22:1, d18:2/22:0, d16:1/24:1)*","sphingomyelin (d18:1/22:1, d18:2/22:0, d16:1/24:1)*","SM 40:2;O2","Unknown","Unknown",NA,"29368329","HMDB0012104",NA,NA,"Pos Late","sphingomyelin_d18_1_22_1_d18_2_22_0_d16_1_24_1",756,"HMDB0012104","COMETS"
"664",100006298,402,57330,210828,"Lipid","Sphingomyelins",3137,"NAMED","QEDPUVGSSDPBMD-XTAIVQBESA-N","CCCCCCCCCCCCC/C=C/[C@@H](O)[C@@H](NC(CCCCCCCCCCCCCCCCCCCCCCC)=O)COP([O-])(OCC[N+](C)(C)C)=O","lignoceroyl sphingomyelin (d18:1/24:0)","lignoceroyl sphingomyelin (d18:1/24:0)","SM 42:1;O2","SM 18:1;O2_24:0","SM 18:1;O2/24:0","60037-60-7","24846875","HMDB0011697",NA,NA,"Pos Late","lignoceroyl sphingomyelin_d18_1_24_0",758,"HMDB0011697","COMETS"
"665",100006360,209,48406,155059,"Amino Acid","Tyrosine Metabolism",229,"NAMED","DEKNNWJXAQTLFA-UHFFFAOYSA-N","O=S(OC1=CC=C(CCN)C=C1O)(O)=O","dopamine 4-sulfate","dopamine 4-sulfate",NA,NA,NA,NA,"110461","HMDB0004148","C13691","68517194","Neg","dopamine 4_sulfate",760,"HMDB0004148","COMETS"
"666",100006361,209,48407,155061,"Amino Acid","Tyrosine Metabolism",230,"NAMED","NZKRYJGNYPYXJZ-UHFFFAOYSA-N","NCCC1=CC(OS(=O)(O)=O)=C(O)C=C1","dopamine 3-O-sulfate","dopamine 3-O-sulfate",NA,NA,NA,NA,"108936","HMDB0006275","C13690","122136","Neg","dopamine 3_o_sulfate",761,"HMDB0006275","COMETS"
"667",100006381,400,53241,179295,"Xenobiotics","Drug - Analgesics, Anesthetics",5480,"NAMED","TVYLLZQTGLZFBW-ZBFHGGJFSA-N","CN(C[C@H]1CCCC[C@]1(O)C2=CC(OC)=CC=C2)C","tramadol","tramadol",NA,NA,NA,"27203-92-5","31105","HMDB0014339","C07153","33741","Pos Early","tramadol",772,"HMDB0014339","COMETS"
"668",100006382,400,53239,179291,"Xenobiotics","Drug - Analgesics, Anesthetics",5481,"NAMED","UWJUQVWARXYRCG-UHFFFAOYSA-N","OC1(CCCCC1CN(C)C)c2cccc(O)c2","O-desmethyltramadol","O-desmethyltramadol",NA,NA,NA,"73986-53-5","115703","HMDB0060997",NA,"9838803","Pos Early","o_desmethyltramadol",773,"HMDB0060997","COMETS"
"669",100006384,400,52355,164917,"Xenobiotics","Drug - Analgesics, Anesthetics",5483,"NAMED","VUMQHLSPUAFKKK-DZGCQCFKSA-N","O[C@]1(CCCC[C@H]1CNC)[c@]2cccc(OC)c2","N-desmethyl tramadol","N-desmethyl tramadol",NA,NA,NA,"147762-57-0","8530152","HMDB0061007",NA,"12149038","Pos Early","n_desmethyl tramadol",775,"HMDB0061007","COMETS"
"670",100006430,305,48885,160479,"Carbohydrate","Pentose Metabolism",1295,"NAMED","HEBKCHPVOIAQTA-IMJSIDKUSA-N","OC[C@@H](C([C@H](CO)O)O)O","arabitol/xylitol","arabitol/xylitol",NA,NA,NA,NA,NA,"HMDB0001851","C00379,C00542,C01904","94154,6912","Polar","arabitol_xylitol",776,"HMDB0001851","COMETS"
"671",100006430,305,48885,160479,"Carbohydrate","Pentose Metabolism",1295,"NAMED","HEBKCHPVOIAQTA-IMJSIDKUSA-N","OC[C@@H](C([C@H](CO)O)O)O","arabitol/xylitol","arabitol/xylitol",NA,NA,NA,NA,NA,"HMDB0000568","C00379,C00542,C01904","94154,6912","Polar","arabitol_xylitol",776,"HMDB02917_HMDB00568","Moore"
"672",100006430,305,48885,160479,"Carbohydrate","Pentose Metabolism",1295,"NAMED","HEBKCHPVOIAQTA-IMJSIDKUSA-N","OC[C@@H](C([C@H](CO)O)O)O","arabitol/xylitol","arabitol/xylitol",NA,NA,NA,NA,NA,"HMDB0002917","C00379,C00542,C01904","94154,6912","Polar","arabitol_xylitol",776,"HMDB0002917_HMDB00568","COMETS"
"673",100006435,400,46539,166536,"Carbohydrate","Aminosugar Metabolism",1452,"NAMED","OVRNDRQMDRJTHS-FMDGEEDCSA-N","O[C@@H]1[C@H]([C@@H](O[C@@H]([C@H]1O)CO)O)NC(C)=O","N-acetylglucosamine/N-acetylgalactosamine","N-acetylglucosamine/N-acetylgalactosamine",NA,NA,NA,NA,NA,"HMDB0000212","C01074","439174,84265","Pos Early","n_acetylglucosamine_n_acetylgalactosamine",777,"HMDB0000212","COMETS"
"674",100006435,400,46539,166536,"Carbohydrate","Aminosugar Metabolism",1452,"NAMED","OVRNDRQMDRJTHS-FMDGEEDCSA-N","O[C@@H]1[C@H]([C@@H](O[C@@H]([C@H]1O)CO)O)NC(C)=O","N-acetylglucosamine/N-acetylgalactosamine","N-acetylglucosamine/N-acetylgalactosamine",NA,NA,NA,NA,NA,"HMDB0000215","C01074","439174,84265","Pos Early","n_acetylglucosamine_n_acetylgalactosamine",777,"HMDB0000215","COMETS"
"675",100006438,305,47076,148336,"Energy","TCA Cycle",1481,"NAMED","HNEGQIOMVPPMNR-IHWYPQMZSA-N","C/C(C(O)=O)=C/C(O)=O","citraconate/glutaconate","citraconate/glutaconate",NA,NA,NA,NA,NA,"HMDB0000634","C02226,C02214","5280498,643798","Polar","citraconate_glutaconate",778,"HMDB0000634","COMETS"
"676",100006614,400,52988,166228,"Lipid","Fatty Acid Metabolism (Acyl Carnitine, Dicarboxylate)",1930,"NAMED","BSVHAXJKBCWVDA-UHFFFAOYSA-N","[O-]C(CC(OC(CCCCC(O)=O)=O)C[N+](C)(C)C)=O","adipoylcarnitine (C6-DC)","adipoylcarnitine (C6-DC)",NA,NA,NA,NA,"28540385","HMDB0061677",NA,"71296139","Pos Early","adipoylcarnitine_c6_dc",779,"HMDB0061677","COMETS"
"677",100006620,402,61775,218145,"Lipid","Fatty Acid Metabolism (Acyl Carnitine, Medium Chain)",1880,"NAMED","MPSPNFAQQQMFLK-UHFFFAOYSA-N","[O-]C(CC(OC(CCCCCCCC)=O)C[N+](C)(C)C)=O","nonanoylcarnitine (C9)","nonanoylcarnitine (C9)",NA,NA,NA,NA,"28533402","HMDB0013288",NA,"91825642","Pos Late","nonanoylcarnitine_c9",781,"HMDB0013288","COMETS"
"678",100006679,209,52747,166417,"Amino Acid","Tyrosine Metabolism",197,"NAMED","WVHAUDNUGBNUDZ-GOVZDWNOSA-N","O[C@H]1[C@H](OC2=CC=CC=C2)O[C@H](C(O)=O)[C@@H](O)[C@@H]1O","phenol glucuronide","phenol glucuronide",NA,NA,NA,"17685-05-1","78692","HMDB0060014",NA,"87235","Neg","phenol glucuronide",786,"COMP52747","COMETS"
"679",100006726,209,52608,166573,"Lipid","Endocannabinoid",2205,"NAMED","KQXDGUVSAAQARU-HZJYTTRNSA-N","CCCCC/C=C\C/C=C\CCCCCCCC(NCCO)=O","linoleoyl ethanolamide","linoleoyl ethanolamide",NA,NA,NA,"68171-52-8","4446566","HMDB0012252",NA,"5283446","Neg","linoleoyl ethanolamide",787,"HMDB0012252","COMETS"
"680",100008903,402,52603,165331,"Lipid","Phosphatidylcholine (PC)",2382,"NAMED","FVXDQWZBHIXIEJ-LNDKUQBDSA-N","CCCCC/C=C\C/C=C\CCCCCCCC(OC[C@@H](OC(CCCCCCC/C=C\C/C=C\CCCCC)=O)COP([O-])(OCC[N+](C)(C)C)=O)=O","1,2-dilinoleoyl-GPC (18:2/18:2)","1,2-dilinoleoyl-GPC (18:2/18:2)","PC 36:4","PC 18:2_18:2","PC 18:2/18:2","998-06-1","4450312","HMDB0008138",NA,"5288075","Pos Late","1_2_dilinoleoyl_gpc_18_2_18_2",788,"HMDB0008138","COMETS"
"681",100008904,402,52438,164562,"Lipid","Phosphatidylcholine (PC)",2345,"NAMED","ATHVAWFAEPLPPQ-VRDBWYNSSA-N","O=C(CCCCCCCCCCCCCCCCC)OC[C@]([H])(COP(OCC[N+](C)(C)C)([O-])=O)OC(CCCCCCC/C=C\CCCCCCCC)=O","1-stearoyl-2-oleoyl-GPC (18:0/18:1)","1-stearoyl-2-oleoyl-GPC (18:0/18:1)","PC 36:1","PC 18:0_18:1","Unknown","56421-10-4","24766704","HMDB0008038",NA,"24778825","Pos Late","1_stearoyl_2_oleoyl_gpc_18_0_18_1",789,"HMDB0008038","COMETS"
"682",100008914,402,52462,165128,"Lipid","Phosphatidylcholine (PC)",2320,"NAMED","IIZPXYDJLKNOIY-JXPKJXOSSA-N","CCCCCCCCCCCCCCCC(OC[C@@]([H])(OC(CCC/C=C\C/C=C\C/C=C\C/C=C\CCCCC)=O)COP([O-])(OCC[N+](C)(C)C)=O)=O","1-palmitoyl-2-arachidonoyl-GPC (16:0/20:4n6)","1-palmitoyl-2-arachidonoyl-GPC (16:0/20:4n6)","PC 36:4","PC 16:0_20:4(5,8,11,14)","Unknown","35418-58-7","8923140","HMDB0007982","C05208","10747814","Pos Late","1_palmitoyl_2_arachidonoyl_gpc_16_0_20_4n6",790,"HMDB0007982","COMETS"
"683",100008915,402,52610,165342,"Lipid","Phosphatidylcholine (PC)",2326,"NAMED","IESVDEZGAHUQJU-ZLBXKVHBSA-N","CCCCCCCCCCCCCCCC(OC[C@](OC(CC/C=C\C/C=C\C/C=C\C/C=C\C/C=C\C/C=C\CC)=O)([H])COP([O-])(OCC[N+](C)(C)C)=O)=O","1-palmitoyl-2-docosahexaenoyl-GPC (16:0/22:6)","1-palmitoyl-2-docosahexaenoyl-GPC (16:0/22:6)","PC 38:6","PC 16:0_22:6","Unknown","59403-54-2","4946007","HMDB0007991",NA,"6441886","Pos Late","1_palmitoyl_2_docosahexaenoyl_gpc_16_0_22_6",791,"CHEM100008915","COMETS"
"684",100008915,402,52610,165342,"Lipid","Phosphatidylcholine (PC)",2326,"NAMED","IESVDEZGAHUQJU-ZLBXKVHBSA-N","CCCCCCCCCCCCCCCC(OC[C@](OC(CC/C=C\C/C=C\C/C=C\C/C=C\C/C=C\C/C=C\CC)=O)([H])COP([O-])(OCC[N+](C)(C)C)=O)=O","1-palmitoyl-2-docosahexaenoyl-GPC (16:0/22:6)","1-palmitoyl-2-docosahexaenoyl-GPC (16:0/22:6)","PC 38:6","PC 16:0_22:6","Unknown","59403-54-2","4946007","HMDB0007991",NA,"6441886","Pos Late","1_palmitoyl_2_docosahexaenoyl_gpc_16_0_22_6",791,"HMDB0007991","COMETS"
"685",100008916,402,52611,165343,"Lipid","Phosphatidylcholine (PC)",2362,"NAMED","FAUYAENFVCNTAL-PFFNLMTBSA-N","O=C(CC/C=C\C/C=C\C/C=C\C/C=C\C/C=C\C/C=C\CC)O[C@H](COC(CCCCCCCCCCCCCCCCC)=O)CO[P](OCC[N+](C)(C)C)([O-])=O","1-stearoyl-2-docosahexaenoyl-GPC (18:0/22:6)","1-stearoyl-2-docosahexaenoyl-GPC (18:0/22:6)","PC 40:6","PC 18:0_22:6","Unknown","59403-52-0",NA,"HMDB0008057",NA,"24778876","Pos Late","1_stearoyl_2_docosahexaenoyl_gpc_18_0_22_6",792,"CHEM100008916","COMETS"
"686",100008916,402,52611,165343,"Lipid","Phosphatidylcholine (PC)",2362,"NAMED","FAUYAENFVCNTAL-PFFNLMTBSA-N","O=C(CC/C=C\C/C=C\C/C=C\C/C=C\C/C=C\C/C=C\CC)O[C@H](COC(CCCCCCCCCCCCCCCCC)=O)CO[P](OCC[N+](C)(C)C)([O-])=O","1-stearoyl-2-docosahexaenoyl-GPC (18:0/22:6)","1-stearoyl-2-docosahexaenoyl-GPC (18:0/22:6)","PC 40:6","PC 18:0_22:6","Unknown","59403-52-0",NA,"HMDB0008057",NA,"24778876","Pos Late","1_stearoyl_2_docosahexaenoyl_gpc_18_0_22_6",792,"HMDB0008057","COMETS"
"687",100008917,402,52612,165344,"Lipid","Plasmalogen",2849,"NAMED","DSWOVBIRJNAJAF-NVJOKYTBSA-N","[H][C@@](COP([O-])(OCC[N+](C)(C)C)=O)(OC(CCCCCCC/C=C\CCCCCCCC)=O)CO/C=C\CCCCCCCCCCCCCCCC","1-(1-enyl-stearoyl)-2-oleoyl-GPC (P-18:0/18:1)","1-(1-enyl-stearoyl)-2-oleoyl-GPC (P-18:0/18:1)","PC O-36:2","PC P-18:0_18:1","PC P-18:0/18:1","799268-63-6","24767518","HMDB0011243",NA,"42607428","Pos Late","1_1_enyl_stearoyl_2_oleoyl_gpc_p_18_0_18_1",793,"HMDB0011243","COMETS"
"688",100008919,402,52614,165346,"Lipid","Plasmalogen",2833,"NAMED","XVYPOHCSLJZFED-QZEVRULJSA-N","[H][C@@](COP([O-])(OCC[NH3+])=O)(OC(CCCCCCC/C=C\CCCCCCCC)=O)CO/C=C\CCCCCCCCCCCCCCCC","1-(1-enyl-stearoyl)-2-oleoyl-GPE (P-18:0/18:1)","1-(1-enyl-stearoyl)-2-oleoyl-GPE (P-18:0/18:1)","PE O-36:2","PE P-18:0_18:1","PE P-18:0/18:1","144371-68-6","24769260","HMDB0011375",NA,"42607457","Pos Late","1_1_enyl_stearoyl_2_oleoyl_gpe_p_18_0_18_1",795,"HMDB0011375","COMETS"
"689",100008921,402,52616,165348,"Lipid","Phosphatidylcholine (PC)",2304,"NAMED","PZNPLUBHRSSFHT-RRHRGVEJSA-N","O=C(CCCCCCCCCCCCCCC)OC[C@]([H])(COP(OCC[N+](C)(C)C)([O-])=O)OC(CCCCCCCCCCCCCCCCC)=O","1-palmitoyl-2-stearoyl-GPC (16:0/18:0)","1-palmitoyl-2-stearoyl-GPC (16:0/18:0)","PC 34:0","PC 16:0_18:0","Unknown","59403-51-9","24766643","HMDB0007970","C03889","24778686","Pos Late","1_palmitoyl_2_stearoyl_gpc_16_0_18_0",797,"HMDB0007970","COMETS"
"690",100008928,305,52281,164309,"Amino Acid","Glutathione Metabolism",591,"NAMED","AFENDNXGAFYKQO-UHFFFAOYSA-N","CCC(O)C(O)=O","2-hydroxybutyrate/2-hydroxyisobutyrate","2-hydroxybutyrate/2-hydroxyisobutyrate",NA,NA,NA,NA,NA,"HMDB0000729","C21297,C05984","440864,4277439","Polar","2_hydroxybutyrate_2_hydroxyisobutyrate",798,"HMDB0000729","COMETS"
"691",100008930,209,52285,164313,"Lipid","Long Chain Monounsaturated Fatty Acid",1556,"NAMED","ZQPPMHVWECSIRJ-KTKRTIGZSA-N","OC(CCCCCCC/C=C\CCCCCCCC)=O","oleate/vaccenate (18:1)","oleate/vaccenate (18:1)",NA,NA,NA,NA,NA,"HMDB0003231","C21944,C08367,C01712,C00712","5282761,637517,5281127,445639","Neg","oleate_vaccenate_18_1",799,"HMDB0003231","COMETS"
"692",100008930,209,52285,164313,"Lipid","Long Chain Monounsaturated Fatty Acid",1556,"NAMED","ZQPPMHVWECSIRJ-KTKRTIGZSA-N","OC(CCCCCCC/C=C\CCCCCCCC)=O","oleate/vaccenate (18:1)","oleate/vaccenate (18:1)",NA,NA,NA,NA,NA,"HMDB0000573","C21944,C08367,C01712,C00712","5282761,637517,5281127,445639","Neg","oleate_vaccenate_18_1",799,"HMDB0000573","COMETS"
"693",100008930,209,52285,164313,"Lipid","Long Chain Monounsaturated Fatty Acid",1556,"NAMED","ZQPPMHVWECSIRJ-KTKRTIGZSA-N","OC(CCCCCCC/C=C\CCCCCCCC)=O","oleate/vaccenate (18:1)","oleate/vaccenate (18:1)",NA,NA,NA,NA,NA,"HMDB0000207","C21944,C08367,C01712,C00712","5282761,637517,5281127,445639","Neg","oleate_vaccenate_18_1",799,"HMDB0000207","COMETS"
"694",100008952,209,52431,164555,"Lipid","Monoacylglycerol",2880,"NAMED","KVYUBFKSKZWZSV-BQYQJAHWSA-N","CCCCCC/C=C/CCCCCCCC(OCC(O)CO)=O","1-palmitoleoylglycerol (16:1)*","1-palmitoleoylglycerol (16:1)*","MG 16:1","MG 16:1","MG 16:1/0:0/0:0",NA,NA,"HMDB0011565",NA,NA,"Neg","1_palmitoleoylglycerol_16_1",803,"CHEM100008952","COMETS"
"695",100008952,209,52431,164555,"Lipid","Monoacylglycerol",2880,"NAMED","KVYUBFKSKZWZSV-BQYQJAHWSA-N","CCCCCC/C=C/CCCCCCCC(OCC(O)CO)=O","1-palmitoleoylglycerol (16:1)*","1-palmitoleoylglycerol (16:1)*","MG 16:1","MG 16:1","MG 16:1/0:0/0:0",NA,NA,"HMDB0011565",NA,NA,"Neg","1_palmitoleoylglycerol_16_1",803,"CHEM100008953","COMETS"
"696",100008952,209,52431,164555,"Lipid","Monoacylglycerol",2880,"NAMED","KVYUBFKSKZWZSV-BQYQJAHWSA-N","CCCCCC/C=C/CCCCCCCC(OCC(O)CO)=O","1-palmitoleoylglycerol (16:1)*","1-palmitoleoylglycerol (16:1)*","MG 16:1","MG 16:1","MG 16:1/0:0/0:0",NA,NA,"HMDB0011565",NA,NA,"Neg","1_palmitoleoylglycerol_16_1",803,"HMDB0011565","COMETS"
"697",100008955,402,52436,164560,"Lipid","Sphingomyelins",3136,"NAMED","SXZWBNWTCVLZJN-NMIJJABPSA-N","[H][C@](NC(CCCCCCCCCCCCCCCCCCCCCC)=O)(COP(OCC[N+](C)(C)C)([O-])=O)[C@@](O)([H])/C=C/CCCCCCCCCCCCC","tricosanoyl sphingomyelin (d18:1/23:0)*","tricosanoyl sphingomyelin (d18:1/23:0)*","SM 41:1;O2","SM 18:1;O2_23:0","SM 18:1;O2/23:0",NA,NA,"HMDB0012105",NA,NA,"Pos Late","tricosanoyl sphingomyelin_d18_1_23_0",805,"HMDB0012105","COMETS"
"698",100008956,402,52435,164559,"Lipid","Sphingomyelins",3157,"NAMED","JBDGKEXQKCCQFK-JWQIMADESA-N","[H][C@](NC(CCCCCCCCCCCCCCCCCCCCCC)=O)(COP(OCC[N+](C)(C)C)([O-])=O)[C@@](O)([H])/C=C/CCCCCCCC/C=C\CCC","sphingomyelin (d18:2/23:0, d18:1/23:1, d17:1/24:1)*","sphingomyelin (d18:2/23:0, d18:1/23:1, d17:1/24:1)*","SM 41:2;O2","Unknown","Unknown",NA,NA,"HMDB0011696",NA,"134757653","Pos Late","sphingomyelin_d18_2_23_0_d18_1_23_1_d17_1_24_1",806,"SM_D17_1_24_1","Moore"
"699",100008976,402,52446,165108,"Lipid","Phosphatidylethanolamine (PE)",2452,"NAMED","YDTWOEYVDRKKCR-KNERPIHHSA-N","O=C(CCCCCCCCCCCCCCCCC)OC[C@]([H])(COP(OCCN)(O)=O)OC(CCCCCCC/C=C\C/C=C\CCCCC)=O","1-stearoyl-2-linoleoyl-GPE (18:0/18:2)*","1-stearoyl-2-linoleoyl-GPE (18:0/18:2)*","PE 36:2","PE 18:0_18:2","Unknown",NA,"7825699","HMDB0008994",NA,"9546749","Pos Late","1_stearoyl_2_linoleoyl_gpe_18_0_18_2",808,"HMDB0008994","COMETS"
"700",100008976,402,52446,165108,"Lipid","Phosphatidylethanolamine (PE)",2452,"NAMED","YDTWOEYVDRKKCR-KNERPIHHSA-N","O=C(CCCCCCCCCCCCCCCCC)OC[C@]([H])(COP(OCCN)(O)=O)OC(CCCCCCC/C=C\C/C=C\CCCCC)=O","1-stearoyl-2-linoleoyl-GPE (18:0/18:2)*","1-stearoyl-2-linoleoyl-GPE (18:0/18:2)*","PE 36:2","PE 18:0_18:2","Unknown",NA,"7825699","HMDB0008994",NA,"9546749","Pos Late","1_stearoyl_2_linoleoyl_gpe_18_0_18_2",808,"HMDB0008994_C8_QI58","COMETS"
"701",100008977,402,52447,165110,"Lipid","Phosphatidylethanolamine (PE)",2461,"NAMED","ANRKEHNWXKCXDB-BHFWLYLHSA-N","O=C(CCCCCCCCCCCCCCCCC)OC[C@]([H])(COP(OCCN)(O)=O)OC(CCC/C=C\C/C=C\C/C=C\C/C=C\CCCCC)=O","1-stearoyl-2-arachidonoyl-GPE (18:0/20:4)","1-stearoyl-2-arachidonoyl-GPE (18:0/20:4)","PE 38:4","PE 18:0_20:4","Unknown",NA,"4451158","HMDB0009003","C05210","5289133","Pos Late","1_stearoyl_2_arachidonoyl_gpe_18_0_20_4",809,"HMDB0009003","COMETS"
"702",100008977,402,52447,165110,"Lipid","Phosphatidylethanolamine (PE)",2461,"NAMED","ANRKEHNWXKCXDB-BHFWLYLHSA-N","O=C(CCCCCCCCCCCCCCCCC)OC[C@]([H])(COP(OCCN)(O)=O)OC(CCC/C=C\C/C=C\C/C=C\C/C=C\CCCCC)=O","1-stearoyl-2-arachidonoyl-GPE (18:0/20:4)","1-stearoyl-2-arachidonoyl-GPE (18:0/20:4)","PE 38:4","PE 18:0_20:4","Unknown",NA,"4451158","HMDB0009003","C05210","5289133","Pos Late","1_stearoyl_2_arachidonoyl_gpe_18_0_20_4",809,"HMDB0009003_C8_QI63","COMETS"
"703",100008980,402,52452,165115,"Lipid","Phosphatidylcholine (PC)",2348,"NAMED","FORFDCPQKJHEBF-JEFUZMEDSA-N","CCCCCCCCCCCCCCCCCC(OCC(OC(CCCCCCC/C=C/C/C=C/CCCCC)=O)COP([O-])(OCC[N+](C)(C)C)=O)=O","1-stearoyl-2-linoleoyl-GPC (18:0/18:2)*","1-stearoyl-2-linoleoyl-GPC (18:0/18:2)*","PC 36:2","PC 18:0_18:2","Unknown",NA,NA,"HMDB0008039",NA,"6441487","Pos Late","1_stearoyl_2_linoleoyl_gpc_18_0_18_2",810,"HMDB0008039","COMETS"
"704",100008984,402,52470,165143,"Lipid","Phosphatidylcholine (PC)",2302,"NAMED","QIBZFHLFHCIUOT-HTXNQAPBSA-N","CCCCCCCCCCCCCCCC(OCC(OC(CCCCCCC/C=C/CCCCCC)=O)COP([O-])(OCC[N+](C)(C)C)=O)=O","1-palmitoyl-2-palmitoleoyl-GPC (16:0/16:1)*","1-palmitoyl-2-palmitoleoyl-GPC (16:0/16:1)*","PC 32:1","PC 16:0_16:1","Unknown",NA,NA,"HMDB0007969",NA,"6443788","Pos Late","1_palmitoyl_2_palmitoleoyl_gpc_16_0_16_1",811,"HMDB0007969","COMETS"
"705",100008990,402,52464,165131,"Lipid","Phosphatidylethanolamine (PE)",2439,"NAMED","DRIVXEVMDWCWLI-CAQMIEAISA-N","O=C(CCCCCCCCCCCCCCC)OC[C@]([H])(COP(OCCN)(O)=O)OC(CCC/C=C\C/C=C\C/C=C\C/C=C\CCCCC)=O","1-palmitoyl-2-arachidonoyl-GPE (16:0/20:4)*","1-palmitoyl-2-arachidonoyl-GPE (16:0/20:4)*","PE 36:4","PE 16:0_20:4","Unknown",NA,"7825750","HMDB0005323","C05210","9546800","Pos Late","1_palmitoyl_2_arachidonoyl_gpe_16_0_20_4",814,"HMDB0005323","COMETS"
"706",100008991,402,52465,165133,"Lipid","Phosphatidylethanolamine (PE)",2441,"NAMED","MPWUZHVZZKSTPV-MADBQMNMSA-N","O=C(CCCCCCCCCCCCCCC)OC[C@]([H])(COP(OCCN)(O)=O)OC(CC/C=C\C/C=C\C/C=C\C/C=C\C/C=C\C/C=C\CC)=O","1-palmitoyl-2-docosahexaenoyl-GPE (16:0/22:6)*","1-palmitoyl-2-docosahexaenoyl-GPE (16:0/22:6)*","PE 38:6","PE 16:0_22:6","Unknown",NA,"7825749","HMDB0008946",NA,"9546799","Pos Late","1_palmitoyl_2_docosahexaenoyl_gpe_16_0_22_6",815,"HMDB0008946","COMETS"
"707",100008992,402,52466,165134,"Lipid","Phosphatidylethanolamine (PE)",2465,"NAMED","XYYHNDVKALDFHQ-OXHZBIAZSA-N","O=C(CCCCCCCCCCCCCCCCC)OC[C@]([H])(COP(OCCN)(O)=O)OC(CC/C=C\C/C=C\C/C=C\C/C=C\C/C=C\C/C=C\CC)=O","1-stearoyl-2-docosahexaenoyl-GPE (18:0/22:6)*","1-stearoyl-2-docosahexaenoyl-GPE (18:0/22:6)*","PE 40:6","PE 18:0_22:6","Unknown",NA,"7825748","HMDB0009012",NA,"9546798","Pos Late","1_stearoyl_2_docosahexaenoyl_gpe_18_0_22_6",816,"HMDB0009012","COMETS"
"708",100008993,402,52467,208085,"Lipid","Phosphatidylinositol (PI)",2563,"NAMED","KIQYUSYSJTUGFZ-LSLODQAYSA-N","O=C(CCCCCCCCCCCCCCC)OC[C@@]([H])(OC(CCC/C=C\C/C=C\C/C=C\C/C=C\CCCCC)=O)COP(O[C@H]1[C@H](O)[C@@H](O)[C@H](O)[C@@H](O)[C@H]1O)(O)=O","1-palmitoyl-2-arachidonoyl-GPI (16:0/20:4)*","1-palmitoyl-2-arachidonoyl-GPI (16:0/20:4)*","PI 36:4","PI 16:0_20:4","Unknown",NA,"24767674","HMDB0009789",NA,NA,"Pos Late","1_palmitoyl_2_arachidonoyl_gpi_16_0_20_4",817,"HMDB0009789","COMETS"
"709",100008994,402,52468,208084,"Lipid","Phosphatidylinositol (PI)",2567,"NAMED","KZVRAFHIKMDULK-HAVSRZFESA-N","O=C(CCCCCCCCCCCCCCCCC)OC[C@@]([H])(OC(CCCCCCC/C=C\C/C=C\CCCCC)=O)COP(O[C@H]1[C@H](O)[C@@H](O)[C@H](O)[C@@H](O)[C@H]1O)(O)=O","1-stearoyl-2-linoleoyl-GPI (18:0/18:2)","1-stearoyl-2-linoleoyl-GPI (18:0/18:2)","PI 36:2","PI 18:0_18:2","Unknown",NA,"24767694","HMDB0009809",NA,NA,"Pos Late","1_stearoyl_2_linoleoyl_gpi_18_0_18_2",818,"HMDB0009809","COMETS"
"710",100008998,402,52473,165151,"Cofactors and Vitamins","Tocopherol Metabolism",4418,"NAMED","QUEDXNHFTDJVIY-DQCZWYHMSA-N","CC1=C(C(CC2)=CC(O)=C1C)O[C@@]2(CCC[C@@H](CCC[C@@H](CCCC(C)C)C)C)C","gamma-tocopherol/beta-tocopherol","gamma-tocopherol/beta-tocopherol",NA,NA,NA,NA,NA,"HMDB0006335","C14152,C02483",NA,"Pos Late","gamma_tocopherol_beta_tocopherol",820,"HMDB0006335","COMETS"
"711",100008998,402,52473,165151,"Cofactors and Vitamins","Tocopherol Metabolism",4418,"NAMED","QUEDXNHFTDJVIY-DQCZWYHMSA-N","CC1=C(C(CC2)=CC(O)=C1C)O[C@@]2(CCC[C@@H](CCC[C@@H](CCCC(C)C)C)C)C","gamma-tocopherol/beta-tocopherol","gamma-tocopherol/beta-tocopherol",NA,NA,NA,NA,NA,"HMDB0001492","C14152,C02483",NA,"Pos Late","gamma_tocopherol_beta_tocopherol",820,"HMDB0001492","COMETS"
"712",100008999,402,52475,165154,"Lipid","Plasmalogen",2842,"NAMED","URPXXNCTXCOATD-FXMFQVEGSA-N","[H][C@](OC(CCC/C=C\C/C=C\C/C=C\C/C=C\CCCCC)=O)(COP(OCCN)(O)=O)CO/C=C\CCCCCCCCCCCCCCCC","1-(1-enyl-stearoyl)-2-arachidonoyl-GPE (P-18:0/20:4)*","1-(1-enyl-stearoyl)-2-arachidonoyl-GPE (P-18:0/20:4)*","PE O-38:5","PE P-18:0_20:4","PE P-18:0/20:4",NA,"7826008","HMDB0005779",NA,"9547058","Pos Late","1_1_enyl_stearoyl_2_arachidonoyl_gpe_p_18_0_20_4",821,"HMDB0005779","COMETS"
"713",100009000,402,52672,165433,"Lipid","Plasmalogen",2829,"NAMED","WVGALBKSWOUIEZ-XNHMFJFDSA-N","[H][C@](OC(CC/C=C\C/C=C\C/C=C\C/C=C\C/C=C\C/C=C\CC)=O)(COP(OCCN)(O)=O)CO/C=C\CCCCCCCCCCCCCC","1-(1-enyl-palmitoyl)-2-docosahexaenoyl-GPE (P-16:0/22:6)*","1-(1-enyl-palmitoyl)-2-docosahexaenoyl-GPE (P-16:0/22:6)*","PE O-38:7","PE P-16:0_22:6","PE P-16:0/22:6",NA,"4446616","HMDB0005780",NA,"5283497","Pos Late","1_1_enyl_palmitoyl_2_docosahexaenoyl_gpe_p_16_0_22_6",822,"HMDB0005780","COMETS"
"714",100009002,402,52673,165435,"Lipid","Plasmalogen",2828,"NAMED","UUYSKERSKRMYME-MAIXUNBTSA-N","[H][C@](OC(CCC/C=C\C/C=C\C/C=C\C/C=C\CCCCC)=O)(COP(OCCN)(O)=O)CO/C=C\CCCCCCCCCCCCCC","1-(1-enyl-palmitoyl)-2-arachidonoyl-GPE (P-16:0/20:4)*","1-(1-enyl-palmitoyl)-2-arachidonoyl-GPE (P-16:0/20:4)*","PE O-36:5","PE P-16:0_20:4","PE P-16:0/20:4",NA,"24769238","HMDB0011352",NA,"52925126","Pos Late","1_1_enyl_palmitoyl_2_arachidonoyl_gpe_p_16_0_20_4",823,"HMDB0011352","COMETS"
"715",100009004,402,52476,165157,"Lipid","Plasmalogen",2845,"NAMED","FIJFPUAJUDAZEY-MNDXXDKYSA-N","[H][C@](OC(CC/C=C\C/C=C\C/C=C\C/C=C\C/C=C\C/C=C\CC)=O)(COP(OCCN)(O)=O)CO/C=C\CCCCCCCCCCCCCCCC","1-(1-enyl-stearoyl)-2-docosahexaenoyl-GPE (P-18:0/22:6)*","1-(1-enyl-stearoyl)-2-docosahexaenoyl-GPE (P-18:0/22:6)*","PE O-40:7","PE P-18:0_22:6","PE P-18:0/22:6",NA,"24769278","HMDB0011394",NA,"42607458","Pos Late","1_1_enyl_stearoyl_2_docosahexaenoyl_gpe_p_18_0_22_6",824,"HMDB0011394","COMETS"
"716",100009004,402,52476,165157,"Lipid","Plasmalogen",2845,"NAMED","FIJFPUAJUDAZEY-MNDXXDKYSA-N","[H][C@](OC(CC/C=C\C/C=C\C/C=C\C/C=C\C/C=C\C/C=C\CC)=O)(COP(OCCN)(O)=O)CO/C=C\CCCCCCCCCCCCCCCC","1-(1-enyl-stearoyl)-2-docosahexaenoyl-GPE (P-18:0/22:6)*","1-(1-enyl-stearoyl)-2-docosahexaenoyl-GPE (P-18:0/22:6)*","PE O-40:7","PE P-18:0_22:6","PE P-18:0/22:6",NA,"24769278","HMDB0011394",NA,"42607458","Pos Late","1_1_enyl_stearoyl_2_docosahexaenoyl_gpe_p_18_0_22_6",824,"HMDB0011394_C8_QI75","COMETS"
"717",100009005,402,52477,165158,"Lipid","Plasmalogen",2824,"NAMED","ZVVYJAAMWXATNY-PRWZWGSOSA-N","[H][C@](OC(CCCCCCC/C=C\CCCCCCCC)=O)(COP(OCCN)(O)=O)CO/C=C\CCCCCCCCCCCCCC","1-(1-enyl-palmitoyl)-2-oleoyl-GPE (P-16:0/18:1)*","1-(1-enyl-palmitoyl)-2-oleoyl-GPE (P-16:0/18:1)*","PE O-34:2","PE P-16:0_18:1","PE P-16:0/18:1",NA,"24769228","HMDB0011342",NA,"52925128","Pos Late","1_1_enyl_palmitoyl_2_oleoyl_gpe_p_16_0_18_1",825,"HMDB0011342","COMETS"
"718",100009008,402,52630,165383,"Lipid","Plasmalogen",2822,"NAMED","QICWUUGBNFIZAZ-KMPUTSBYSA-N","[H][C@](OC(CC/C=C\C/C=C\C/C=C\C/C=C\C/C=C\C/C=C\CC)=O)(COP(OCC[N+](C)(C)C)([O-])=O)CO/C=C\CCCCCCCCCCCCCC","1-(1-enyl-palmitoyl)-2-docosahexaenoyl-GPC (P-16:0/22:6)*","1-(1-enyl-palmitoyl)-2-docosahexaenoyl-GPC (P-16:0/22:6)*","PC O-48:7","PC P-16:0_22:6","PC P-16:0/22:6",NA,NA,"HMDB0011229",NA,"53480699","Pos Late","1_1_enyl_palmitoyl_2_docosahexaenoyl_gpc_p_16_0_22_6",827,"HMDB0011229","COMETS"
"719",100009008,402,52630,165383,"Lipid","Plasmalogen",2822,"NAMED","QICWUUGBNFIZAZ-KMPUTSBYSA-N","[H][C@](OC(CC/C=C\C/C=C\C/C=C\C/C=C\C/C=C\C/C=C\CC)=O)(COP(OCC[N+](C)(C)C)([O-])=O)CO/C=C\CCCCCCCCCCCCCC","1-(1-enyl-palmitoyl)-2-docosahexaenoyl-GPC (P-16:0/22:6)*","1-(1-enyl-palmitoyl)-2-docosahexaenoyl-GPC (P-16:0/22:6)*","PC O-48:7","PC P-16:0_22:6","PC P-16:0/22:6",NA,NA,"HMDB0011229",NA,"53480699","Pos Late","1_1_enyl_palmitoyl_2_docosahexaenoyl_gpc_p_16_0_22_6",827,"HMDB0011229_C8_QI49","COMETS"
"720",100009009,402,52682,165449,"Lipid","Plasmalogen",2838,"NAMED","QLEHHUPUHJPURI-PWYDUFMYSA-N","[H][C@](OC(CCCCCCC/C=C\C/C=C\CCCCC)=O)(COP(OCC[N+](C)(C)C)([O-])=O)CO/C=C\CCCCCCCCCCCCCC","1-(1-enyl-palmitoyl)-2-linoleoyl-GPC (P-16:0/18:2)*","1-(1-enyl-palmitoyl)-2-linoleoyl-GPC (P-16:0/18:2)*","PC O-34:3","PC P-16:0_18:2","PC P-16:0/18:2",NA,"24767486","HMDB0011211",NA,"24779386","Pos Late","1_1_enyl_palmitoyl_2_linoleoyl_gpc_p_16_0_18_2",828,"HMDB0011211","COMETS"
"721",100009009,402,52682,165449,"Lipid","Plasmalogen",2838,"NAMED","QLEHHUPUHJPURI-PWYDUFMYSA-N","[H][C@](OC(CCCCCCC/C=C\C/C=C\CCCCC)=O)(COP(OCC[N+](C)(C)C)([O-])=O)CO/C=C\CCCCCCCCCCCCCC","1-(1-enyl-palmitoyl)-2-linoleoyl-GPC (P-16:0/18:2)*","1-(1-enyl-palmitoyl)-2-linoleoyl-GPC (P-16:0/18:2)*","PC O-34:3","PC P-16:0_18:2","PC P-16:0/18:2",NA,"24767486","HMDB0011211",NA,"24779386","Pos Late","1_1_enyl_palmitoyl_2_linoleoyl_gpc_p_16_0_18_2",828,"HMDB0011211_C8_QI41","COMETS"
"722",100009014,402,52689,165459,"Lipid","Plasmalogen",2837,"NAMED","IOYKZPNDXIIXLN-LOQSCQKMSA-N","[H][C@](OC(CCC/C=C\C/C=C\C/C=C\C/C=C\CCCCC)=O)(COP(OCC[N+](C)(C)C)([O-])=O)CO/C=C\CCCCCCCCCCCCCC","1-(1-enyl-palmitoyl)-2-arachidonoyl-GPC (P-16:0/20:4)*","1-(1-enyl-palmitoyl)-2-arachidonoyl-GPC (P-16:0/20:4)*","PC O-36:5","PC P-16:0_20:4","PC P-16:0/20:4",NA,"24767495","HMDB0011220",NA,NA,"Pos Late","1_1_enyl_palmitoyl_2_arachidonoyl_gpc_p_16_0_20_4",829,"HMDB0011220","COMETS"
"723",100009014,402,52689,165459,"Lipid","Plasmalogen",2837,"NAMED","IOYKZPNDXIIXLN-LOQSCQKMSA-N","[H][C@](OC(CCC/C=C\C/C=C\C/C=C\C/C=C\CCCCC)=O)(COP(OCC[N+](C)(C)C)([O-])=O)CO/C=C\CCCCCCCCCCCCCC","1-(1-enyl-palmitoyl)-2-arachidonoyl-GPC (P-16:0/20:4)*","1-(1-enyl-palmitoyl)-2-arachidonoyl-GPC (P-16:0/20:4)*","PC O-36:5","PC P-16:0_20:4","PC P-16:0/20:4",NA,"24767495","HMDB0011220",NA,NA,"Pos Late","1_1_enyl_palmitoyl_2_arachidonoyl_gpc_p_16_0_20_4",829,"HMDB0011220_C8_QI45","COMETS"
"724",100009015,402,52704,165477,"Lipid","Plasmalogen",2843,"NAMED","TXHZYNSTTCIWMJ-RXSQUPBGSA-N","[H][C@](OC(CC/C=C\C/C=C\C/C=C\C/C=C\C/C=C\C/C=C\CC)=O)(COP(OCC[N+](C)(C)C)([O-])=O)CO/C=C\CCCCCCCCCCCCCCCC","1-(1-enyl-stearoyl)-2-docosahexaenoyl-GPC (P-18:0/22:6)*","1-(1-enyl-stearoyl)-2-docosahexaenoyl-GPC (P-18:0/22:6)*","PC O-40:7","PC P-18:0_22:6","PC P-18:0/22:6",NA,"24767537","HMDB0011262",NA,"42607430","Pos Late","1_1_enyl_stearoyl_2_docosahexaenoyl_gpc_p_18_0_22_6",830,"HMDB0011262","COMETS"
"725",100009021,402,52718,165497,"Lipid","Plasmalogen",2818,"NAMED","DUUSFCFZBREELS-WWBBCYQPSA-N","[H][C@](OC(CCC/C=C\C/C=C\C/C=C\C/C=C\CCCCC)=O)(COP(OCC[N+](C)(C)C)([O-])=O)COCCCCCCCCCCCCCCCC","1-palmityl-2-arachidonoyl-GPC (O-16:0/20:4)*","1-palmityl-2-arachidonoyl-GPC (O-16:0/20:4)*","PC O-36:4","PC O-16:0_20:4","PC O-16:0/20:4",NA,"4947173","HMDB0007982",NA,"10747814","Pos Late","1_palmityl_2_arachidonoyl_gpc_o_16_0_20_4",832,"HMDB0007982","COMETS"
"726",100009026,402,57331,210829,"Lipid","Dihydrosphingomyelins",3129,"NAMED","FONAXCRWZQFJHY-JCGOJSMZSA-N","[H][C@](NC(CCCCCCCCCCCCCCCCCCCCC)=O)(COP(OCC[N+](C)(C)C)([O-])=O)[C@@](O)([H])CCCCCCCCCCCCCCC","behenoyl dihydrosphingomyelin (d18:0/22:0)*","behenoyl dihydrosphingomyelin (d18:0/22:0)*","SM 40:0;O2","SM 18:0;O2_22:0","SM 18:0;O2/22:0",NA,"24846880","HMDB0012091",NA,"44260132","Pos Late","behenoyl dihydrosphingomyelin_d18_0_22_0",834,"HMDB0012091","COMETS"
"727",100009027,402,57473,211136,"Lipid","Dihydrosphingomyelins",3130,"NAMED","JCELSEVNSMXGKA-IOLBBIBUSA-N","[H][C@](NC(CCCCCCCCCCCCCCCCC)=O)(COP(OCC[N+](C)(C)C)([O-])=O)[C@@](O)([H])CCCCCCCCCCCCCCC","sphingomyelin (d18:0/18:0, d19:0/17:0)*","sphingomyelin (d18:0/18:0, d19:0/17:0)*","SM 36:0;O2","Unknown","Unknown",NA,"24846878","HMDB0012087",NA,"44260130","Pos Late","sphingomyelin_d18_0_18_0_d19_0_17_0",835,"HMDB0012087","COMETS"
"728",100009028,402,52604,165334,"Lipid","Dihydroceramides",3037,"NAMED","GCGTXOVNNFGTPQ-JHOUSYSJSA-N","[H][C@](NC(CCCCCCCCCCCCCCC)=O)(CO)[C@@](O)([H])CCCCCCCCCCCCCCC","N-palmitoyl-sphinganine (d18:0/16:0)","N-palmitoyl-sphinganine (d18:0/16:0)","CER 34:0;O2","CER 18:0;O2_16:0","CER 18:0;O2/16:0","5966-29-0","4446685","HMDB0011760",NA,"5283572","Pos Late","n_palmitoyl_sphinganine_d18_0_16_0",836,"HMDB0011760","COMETS"
"729",100009034,402,54745,207413,"Xenobiotics","Drug - Respiratory",5979,"NAMED","ZKLPARSLTMPFCP-UHFFFAOYSA-N","ClC1=CC=C(C=C1)C(C2=CC=CC=C2)N3CCN(CCOCC(O)=O)CC3","cetirizine","cetirizine",NA,NA,NA,"83881-51-0","2577","HMDB0005032","C07778","2678","Pos Late","cetirizine",838,"HMDB0005032","COMETS"
"730",100009035,402,52497,165189,"Lipid","Phosphatidylcholine (PC)",2294,"NAMED","DGBYUHHIADYUMU-UESLNCBNSA-N","O=C(CCCCCCCCCCCCCC)OC[C@]([H])(COP(OCC[N+](C)(C)C)([O-])=O)OC(CCCCCCC/C=C\C/C=C\CCCCC)=O","1-pentadecanoyl-2-linoleoyl-GPC (15:0/18:2)*","1-pentadecanoyl-2-linoleoyl-GPC (15:0/18:2)*","PC 33:2","PC 15:0_18:2","Unknown",NA,"24766615","HMDB0007940",NA,"24778664","Pos Late","1_pentadecanoyl_2_linoleoyl_gpc_15_0_18_2",839,"HMDB0007940","COMETS"
"731",100009038,402,57365,210891,"Lipid","Dihydrosphingomyelins",3127,"NAMED","MJAFYELZQYPMQG-MPQUPPDSSA-N","[H][C@](NC(CCCCCCCCCCCCC)=O)(COP(OCC[N+](C)(C)C)([O-])=O)[C@@](O)([H])CCCCCCCCCCCCCCC","myristoyl dihydrosphingomyelin (d18:0/14:0)*","myristoyl dihydrosphingomyelin (d18:0/14:0)*","SM 32:0;O2","SM 18:0;O2_14:0","SM 18:0;O2/14:0",NA,"24846886","HMDB0012085",NA,"44260138","Pos Late","myristoyl dihydrosphingomyelin_d18_0_14_0",842,"HMDB0012085","COMETS"
"732",100009045,209,52925,166034,"Peptide","Acetylated Peptides",1204,"NAMED","PTSRBZOZSRJCKX-JTQLQIEISA-N","O=C(N[C@H](C(O)=O)CCC(O)=O)CC1=CC=CC=C1","phenylacetylglutamate","phenylacetylglutamate",NA,NA,NA,NA,"9754592","HMDB0059772",NA,"11579826","Neg","phenylacetylglutamate",845,"HMDB0059772","COMETS"
"733",100009051,402,52629,165382,"Lipid","Phosphatidylcholine (PC)",2352,"NAMED","VGSUMLIRUGDCTF-NSMRCOLJSA-N","O=C(CCCCCCCCCCCCCCCCC)OC[C@]([H])(COP(OCC[N+](C)(C)C)([O-])=O)OC(CCCCCC/C=C\C/C=C\C/C=C\CCCCC)=O","1-stearoyl-2-dihomo-linolenoyl-GPC (18:0/20:3n3 or 6)*","1-stearoyl-2-dihomo-linolenoyl-GPC (18:0/20:3n3 or 6)*","PC 38:3","PC 18:0_20:3","Unknown",NA,"24766712","HMDB0008047",NA,NA,"Pos Late","1_stearoyl_2_dihomo_linolenoyl_gpc_18_0_20_3n3 or 6",846,"HMDB0008047","COMETS"
"734",100009052,402,52633,165386,"Lipid","Diacylglycerol",2934,"NAMED","SVXWJFFKLMLOHO-YAIZGCQRSA-N","OC[C@]([H])(OC(CCCCCCC/C=C\C/C=C\CCCCC)=O)COC(CCCCCCCCCCCCCCC)=O","palmitoyl-linoleoyl-glycerol (16:0/18:2) [1]*","palmitoyl-linoleoyl-glycerol (16:0/18:2) [1]*","DG 34:2","DG 16:0_18:2","Unknown",NA,"7822645","HMDB0007103",NA,"9543695","Pos Late","palmitoyl_linoleoyl_glycerol_16_0_18_2__1",847,"CHEM100009055","COMETS"
"735",100009055,402,52634,165387,"Lipid","Diacylglycerol",2935,"NAMED","ZKYDYRLDJZZKEU-BCTRXSSUSA-N","CCCCCCCCCCCCCCCC(OCC(O)COC(CCCCCCC/C=C\C/C=C\CCCCC)=O)=O","palmitoyl-linoleoyl-glycerol (16:0/18:2) [2]*","palmitoyl-linoleoyl-glycerol (16:0/18:2) [2]*","DG 34:2","DG 16:0_18:2","Unknown",NA,NA,"HMDB0007103",NA,"131801744","Pos Late","palmitoyl_linoleoyl_glycerol_16_0_18_2__2",848,"CHEM100009055","COMETS"
"736",100009066,402,52669,208075,"Lipid","Phosphatidylinositol (PI)",2558,"NAMED","PDLAMJKMOKWLAJ-KTBSNPQYSA-N","O=C(CCCCCCCCCCCCCCC)OC[C@@]([H])(OC(CCCCCCC/C=C\CCCCCCCC)=O)COP(O[C@H]1[C@H](O)[C@@H](O)[C@H](O)[C@@H](O)[C@H]1O)(O)=O","1-palmitoyl-2-oleoyl-GPI (16:0/18:1)*","1-palmitoyl-2-oleoyl-GPI (16:0/18:1)*","PI 34:1","PI 16:0_18:1","Unknown",NA,"24767668","HMDB0009783",NA,"71296232","Pos Late","1_palmitoyl_2_oleoyl_gpi_16_0_18_1",849,"HMDB0009783","COMETS"
"737",100009069,402,52677,165443,"Lipid","Plasmalogen",2825,"NAMED","LJVXDBWIBQQKFU-CCJYEBHUSA-N","[H][C@](OC(CCCCCCC/C=C\C/C=C\CCCCC)=O)(COP(OCCN)(O)=O)CO/C=C\CCCCCCCCCCCCCC","1-(1-enyl-palmitoyl)-2-linoleoyl-GPE (P-16:0/18:2)*","1-(1-enyl-palmitoyl)-2-linoleoyl-GPE (P-16:0/18:2)*","PE O-34:3","PE P-16:0_18:2","PE P-16:0/18:2",NA,"24769229","HMDB0011343",NA,"52925127","Pos Late","1_1_enyl_palmitoyl_2_linoleoyl_gpe_p_16_0_18_2",851,"HMDB0011343","COMETS"
"738",100009069,402,52677,165443,"Lipid","Plasmalogen",2825,"NAMED","LJVXDBWIBQQKFU-CCJYEBHUSA-N","[H][C@](OC(CCCCCCC/C=C\C/C=C\CCCCC)=O)(COP(OCCN)(O)=O)CO/C=C\CCCCCCCCCCCCCC","1-(1-enyl-palmitoyl)-2-linoleoyl-GPE (P-16:0/18:2)*","1-(1-enyl-palmitoyl)-2-linoleoyl-GPE (P-16:0/18:2)*","PE O-34:3","PE P-16:0_18:2","PE P-16:0/18:2",NA,"24769229","HMDB0011343",NA,"52925127","Pos Late","1_1_enyl_palmitoyl_2_linoleoyl_gpe_p_16_0_18_2",851,"HMDB0011343_C8_QI65","COMETS"
"739",100009075,402,52683,165450,"Lipid","Phosphatidylcholine (PC)",2332,"NAMED","QJWDAOSZZYVBJZ-KXESGEQTSA-N","O=C(CCCCCCC/C=C\CCCCCC)OC[C@]([H])(COP(OCC[N+](C)(C)C)([O-])=O)OC(CCCCCCC/C=C\C/C=C\CCCCC)=O","1-palmitoleoyl-2-linoleoyl-GPC (16:1/18:2)*","1-palmitoleoyl-2-linoleoyl-GPC (16:1/18:2)*","PC 34:3","PC 16:1_18:2","Unknown",NA,"24766675","HMDB0008006",NA,"24778768","Pos Late","1_palmitoleoyl_2_linoleoyl_gpc_16_1_18_2",852,"HMDB0008006","COMETS"
"740",100009075,402,52683,165450,"Lipid","Phosphatidylcholine (PC)",2332,"NAMED","QJWDAOSZZYVBJZ-KXESGEQTSA-N","O=C(CCCCCCC/C=C\CCCCCC)OC[C@]([H])(COP(OCC[N+](C)(C)C)([O-])=O)OC(CCCCCCC/C=C\C/C=C\CCCCC)=O","1-palmitoleoyl-2-linoleoyl-GPC (16:1/18:2)*","1-palmitoleoyl-2-linoleoyl-GPC (16:1/18:2)*","PC 34:3","PC 16:1_18:2","Unknown",NA,"24766675","HMDB0008006",NA,"24778768","Pos Late","1_palmitoleoyl_2_linoleoyl_gpc_16_1_18_2",852,"HMDB0008006_C8_QI26","COMETS"
"741",100009078,402,52687,165457,"Lipid","Phosphatidylethanolamine (PE)",2467,"NAMED","GKAFCSRKMWFPSJ-RJXNKANHSA-N","O=C(CCCCCCC/C=C\CCCCCCCC)OC[C@]([H])(COP(OCCN)(O)=O)OC(CCCCCCC/C=C\C/C=C\CCCCC)=O","1-oleoyl-2-linoleoyl-GPE (18:1/18:2)*","1-oleoyl-2-linoleoyl-GPE (18:1/18:2)*","PE 36:3","PE 18:1_18:2","Unknown",NA,"7825703","HMDB0005349",NA,"9546753","Pos Late","1_oleoyl_2_linoleoyl_gpe_18_1_18_2",853,"HMDB0005349","COMETS"
"742",100009130,402,52697,165470,"Lipid","Phosphatidylcholine (PC)",2381,"NAMED","FPEVDFOXMCHLKL-KFDYCXSYSA-N","O=C(CCCCCCC/C=C\CCCCCCCC)OC[C@]([H])(COP(OCC[N+](C)(C)C)([O-])=O)OC(CC/C=C\C/C=C\C/C=C\C/C=C\C/C=C\C/C=C\CC)=O","1-oleoyl-2-docosahexaenoyl-GPC (18:1/22:6)*","1-oleoyl-2-docosahexaenoyl-GPC (18:1/22:6)*","PC 40:7","PC 18:1_22:6","Unknown",NA,"24766785","HMDB0008123",NA,"24778955","Pos Late","1_oleoyl_2_docosahexaenoyl_gpc_18_1_22_6",858,"CHEM100009130","COMETS"
"743",100009130,402,52697,165470,"Lipid","Phosphatidylcholine (PC)",2381,"NAMED","FPEVDFOXMCHLKL-KFDYCXSYSA-N","O=C(CCCCCCC/C=C\CCCCCCCC)OC[C@]([H])(COP(OCC[N+](C)(C)C)([O-])=O)OC(CC/C=C\C/C=C\C/C=C\C/C=C\C/C=C\C/C=C\CC)=O","1-oleoyl-2-docosahexaenoyl-GPC (18:1/22:6)*","1-oleoyl-2-docosahexaenoyl-GPC (18:1/22:6)*","PC 40:7","PC 18:1_22:6","Unknown",NA,"24766785","HMDB0008123",NA,"24778955","Pos Late","1_oleoyl_2_docosahexaenoyl_gpc_18_1_22_6",858,"HMDB0008123","COMETS"
"744",100009131,402,52710,165488,"Lipid","Phosphatidylcholine (PC)",2388,"NAMED","ZZSZQATYGVHNLZ-PUMLCSCDSA-N","O=C(CCCCCCC/C=C\C/C=C\CCCCC)OC[C@]([H])(COP(OCC[N+](C)(C)C)([O-])=O)OC(CCC/C=C\C/C=C\C/C=C\C/C=C\CCCCC)=O","1-linoleoyl-2-arachidonoyl-GPC (18:2/20:4n6)*","1-linoleoyl-2-arachidonoyl-GPC (18:2/20:4n6)*","PC 38:6","PC 18:2_20:4(5,8,11,14)","Unknown",NA,"24766809","HMDB0008147","C05208","24778979","Pos Late","1_linoleoyl_2_arachidonoyl_gpc_18_2_20_4n6",859,"HMDB0008147","COMETS"
"745",100009134,402,53175,166600,"Lipid","Plasmalogen",2816,"NAMED","IQACMFWAGALEAQ-WESJWMGVSA-N","[H][C@](OC(CCCCCCC/C=C\C/C=C\CCCCC)=O)(COP(OCC[N+](C)(C)C)([O-])=O)COCCCCCCCCCCCCCCCC","1-palmityl-2-linoleoyl-GPC (O-16:0/18:2)*","1-palmityl-2-linoleoyl-GPC (O-16:0/18:2)*","PC O-34:2","PC O-16:0_18:2","PC O-16:0/18:2",NA,"4947190","HMDB0011151",NA,"6443157","Pos Late","1_palmityl_2_linoleoyl_gpc_o_16_0_18_2",861,"HMDB0011151","COMETS"
"746",100009135,402,52712,165491,"Lipid","Plasmalogen",2848,"NAMED","PWPOLLAYFXIWOQ-PXSMKGAESA-N","[H][C@](OC(CCCCCCC/C=C\C/C=C\CCCCC)=O)(COP(OCC[N+](C)(C)C)([O-])=O)CO/C=C\CCCCCCCCCCCCCCCC","1-(1-enyl-stearoyl)-2-linoleoyl-GPC (P-18:0/18:2)*","1-(1-enyl-stearoyl)-2-linoleoyl-GPC (P-18:0/18:2)*","PC O-36:3","PC P-18:0_18:2","PC P-18:0/18:2",NA,"24767519","HMDB0011244",NA,"52923944","Pos Late","1_1_enyl_stearoyl_2_linoleoyl_gpc_p_18_0_18_2",862,"HMDB0011244","COMETS"
"747",100009139,402,53195,166625,"Lipid","Phosphatidylcholine (PC)",2289,"NAMED","SRQSAJRUMDQMMS-NLDJLLEISA-N","O=C(CCCCCCCCCCCCC)OC[C@]([H])(COP(OCC[N+](C)(C)C)([O-])=O)OC(CCC/C=C\C/C=C\C/C=C\C/C=C\CCCCC)=O","1-myristoyl-2-arachidonoyl-GPC (14:0/20:4)*","1-myristoyl-2-arachidonoyl-GPC (14:0/20:4)*","PC 34:4","PC 14:0_20:4","Unknown",NA,"24766559","HMDB0007883",NA,"24778634","Pos Late","1_myristoyl_2_arachidonoyl_gpc_14_0_20_4",863,"HMDB0007883","COMETS"
"748",100009142,402,52700,165473,"Lipid","Phosphatidylcholine (PC)",2361,"NAMED","GLPAGCOJQYNMCC-NEEAVLKMSA-N","O=C(CCCCCCCCCCCCCCCCC)OC[C@]([H])(COP(OCC[N+](C)(C)C)([O-])=O)OC(CC/C=C\C/C=C\C/C=C\C/C=C\C/C=C\CCCCC)=O","1-stearoyl-2-docosapentaenoyl-GPC (18:0/22:5n6)*","1-stearoyl-2-docosapentaenoyl-GPC (18:0/22:5n6)*","PC 40:5","PC 18:0_22:5(4,7,10,13,16)","Unknown",NA,"24766719","HMDB0008055",NA,"24778871","Pos Late","1_stearoyl_2_docosapentaenoyl_gpc_18_0_22_5n6",865,"HMDB0008055","COMETS"
"749",100009146,402,55061,208175,"Lipid","Phosphatidylcholine (PC)",2359,"NAMED","AXZGUCXCTZMPTR-UVGACIQRSA-N","O=C(CCCCCCCCCCCCCCCCC)OC[C@]([H])(COP(OCC[N+](C)(C)C)([O-])=O)OC(CCCCC/C=C\C/C=C\C/C=C\C/C=C\CCCCC)=O","1-stearoyl-2-adrenoyl-GPC (18:0/22:4)*","1-stearoyl-2-adrenoyl-GPC (18:0/22:4)*","PC 40:4","PC 18:0_22:4","Unknown","137254-39-8","24766718","HMDB0008054",NA,"24778868","Pos Late","1_stearoyl_2_adrenoyl_gpc_18_0_22_4",866,"HMDB0008054","COMETS"
"750",100009160,402,52713,165492,"Lipid","Plasmalogen",2827,"NAMED","FZMYLOBGNYZPQO-QLSONYGBSA-N","[H][C@](OC(CCCCCCC/C=C\CCCCCC)=O)(COP(OCC[N+](C)(C)C)([O-])=O)CO/C=C\CCCCCCCCCCCCCC","1-(1-enyl-palmitoyl)-2-palmitoleoyl-GPC (P-16:0/16:1)*","1-(1-enyl-palmitoyl)-2-palmitoleoyl-GPC (P-16:0/16:1)*","PC O-32:2","PC P-16:0_16:1","PC P-16:0/16:1",NA,"24767482","HMDB0011207",NA,"52923882","Pos Late","1_1_enyl_palmitoyl_2_palmitoleoyl_gpc_p_16_0_16_1",869,"HMDB0011207","COMETS"
"751",100009162,402,52716,165495,"Lipid","Plasmalogen",2826,"NAMED","PEWXKAOBUSBJLD-MCBGMKGZSA-N","[H][C@](OC(CCCCCCCCCCCCCCC)=O)(COP(OCC[N+](C)(C)C)([O-])=O)CO/C=C\CCCCCCCCCCCCCC","1-(1-enyl-palmitoyl)-2-palmitoyl-GPC (P-16:0/16:0)*","1-(1-enyl-palmitoyl)-2-palmitoyl-GPC (P-16:0/16:0)*","PC O-32:1","PC P-16:0_16:0","PC P-16:0/16:0",NA,"9322076","HMDB0011206",NA,"11146967","Pos Late","1_1_enyl_palmitoyl_2_palmitoyl_gpc_p_16_0_16_0",870,"HMDB0011206","COMETS"
"752",100009217,402,53174,166599,"Lipid","Phosphatidylethanolamine (PE)",2475,"NAMED","SSCDRSKJTAQNNB-DWEQTYCFSA-N","O=C(CCCCCCC/C=C\C/C=C\CCCCC)OC[C@]([H])(COP(OCCN)(O)=O)OC(CCCCCCC/C=C\C/C=C\CCCCC)=O","1,2-dilinoleoyl-GPE (18:2/18:2)*","1,2-dilinoleoyl-GPE (18:2/18:2)*","PE 36:4","PE 18:2_18:2","PE 18:2/18:2",NA,"7825762","HMDB0009093",NA,"9546812","Pos Late","1_2_dilinoleoyl_gpe_18_2_18_2",876,"HMDB0009093","COMETS"
"753",100009219,402,55041,210837,"Lipid","Phosphatidylethanolamine (PE)",2470,"NAMED","PECSWFQRRFRZPW-BHPGJWMBSA-N","O=C(CCCCCCC/C=C\CCCCCCCC)OC[C@]([H])(COP(OCCN)(O)=O)OC(CCC/C=C\C/C=C\C/C=C\C/C=C\CCCCC)=O","1-oleoyl-2-arachidonoyl-GPE (18:1/20:4)*","1-oleoyl-2-arachidonoyl-GPE (18:1/20:4)*","PE 38:5","PE 18:1_20:4","Unknown",NA,"24768534","HMDB0009069",NA,"348281223","Pos Late","1_oleoyl_2_arachidonoyl_gpe_18_1_20_4",877,"CHEM100009219","COMETS"
"754",100009219,402,55041,210837,"Lipid","Phosphatidylethanolamine (PE)",2470,"NAMED","PECSWFQRRFRZPW-BHPGJWMBSA-N","O=C(CCCCCCC/C=C\CCCCCCCC)OC[C@]([H])(COP(OCCN)(O)=O)OC(CCC/C=C\C/C=C\C/C=C\C/C=C\CCCCC)=O","1-oleoyl-2-arachidonoyl-GPE (18:1/20:4)*","1-oleoyl-2-arachidonoyl-GPE (18:1/20:4)*","PE 38:5","PE 18:1_20:4","Unknown",NA,"24768534","HMDB0009069",NA,"348281223","Pos Late","1_oleoyl_2_arachidonoyl_gpe_18_1_20_4",877,"HMDB0009069","COMETS"
"755",100009222,402,53189,166619,"Lipid","Phosphatidylethanolamine (PE)",2477,"NAMED","LFGBKOUQHCWBQI-BZGLIJSBSA-N","O=C(CCCCCCC/C=C\C/C=C\CCCCC)OC[C@]([H])(COP(OCCN)(O)=O)OC(CCC/C=C\C/C=C\C/C=C\C/C=C\CCCCC)=O","1-linoleoyl-2-arachidonoyl-GPE (18:2/20:4)*","1-linoleoyl-2-arachidonoyl-GPE (18:2/20:4)*","PE 38:6","PE 18:2_20:4","Unknown",NA,"24768565","HMDB0009102",NA,"348279332","Pos Late","1_linoleoyl_2_arachidonoyl_gpe_18_2_20_4",879,"HMDB0009102","COMETS"
"756",100009222,402,53189,166619,"Lipid","Phosphatidylethanolamine (PE)",2477,"NAMED","LFGBKOUQHCWBQI-BZGLIJSBSA-N","O=C(CCCCCCC/C=C\C/C=C\CCCCC)OC[C@]([H])(COP(OCCN)(O)=O)OC(CCC/C=C\C/C=C\C/C=C\C/C=C\CCCCC)=O","1-linoleoyl-2-arachidonoyl-GPE (18:2/20:4)*","1-linoleoyl-2-arachidonoyl-GPE (18:2/20:4)*","PE 38:6","PE 18:2_20:4","Unknown",NA,"24768565","HMDB0009102",NA,"348279332","Pos Late","1_linoleoyl_2_arachidonoyl_gpe_18_2_20_4",879,"HMDB0009102_C8_QI61","COMETS"
"757",100009225,402,52748,165539,"Lipid","Plasmalogen",2834,"NAMED","XVXISDREVDGQPX-PISDLAQISA-N","[H][C@](OC(CCCCCCC/C=C\C/C=C\CCCCC)=O)(COP(OCCN)(O)=O)CO/C=C\CCCCCCCCCCCCCCCC","1-(1-enyl-stearoyl)-2-linoleoyl-GPE (P-18:0/18:2)*","1-(1-enyl-stearoyl)-2-linoleoyl-GPE (P-18:0/18:2)*","PE O-36:3","PE P-18:0_18:2","PE P-18:0/18:2",NA,"24769261","HMDB0011376",NA,NA,"Pos Late","1_1_enyl_stearoyl_2_linoleoyl_gpe_p_18_0_18_2",880,"HMDB0011376","COMETS"
"758",100009271,400,52984,166220,"Lipid","Fatty Acid Metabolism (Acyl Carnitine, Hydroxy)",1943,"NAMED","UEFRDQSMQXDWTO-UHFFFAOYSA-N","CC(O)CC(OC(C[N+](C)(C)C)CC([O-])=O)=O","(S)-3-hydroxybutyrylcarnitine","(S)-3-hydroxybutyrylcarnitine",NA,NA,NA,NA,NA,"HMDB0013127",NA,"71464477","Pos Early","s_3_hydroxybutyrylcarnitine",887,"CHEM100003926","COMETS"
"759",100009271,400,52984,166220,"Lipid","Fatty Acid Metabolism (Acyl Carnitine, Hydroxy)",1943,"NAMED","UEFRDQSMQXDWTO-UHFFFAOYSA-N","CC(O)CC(OC(C[N+](C)(C)C)CC([O-])=O)=O","(S)-3-hydroxybutyrylcarnitine","(S)-3-hydroxybutyrylcarnitine",NA,NA,NA,NA,NA,"HMDB0013127",NA,"71464477","Pos Early","s_3_hydroxybutyrylcarnitine",887,"CHEM100009271","COMETS"
"760",100009271,400,52984,166220,"Lipid","Fatty Acid Metabolism (Acyl Carnitine, Hydroxy)",1943,"NAMED","UEFRDQSMQXDWTO-UHFFFAOYSA-N","CC(O)CC(OC(C[N+](C)(C)C)CC([O-])=O)=O","(S)-3-hydroxybutyrylcarnitine","(S)-3-hydroxybutyrylcarnitine",NA,NA,NA,NA,NA,"HMDB0013127",NA,"71464477","Pos Early","s_3_hydroxybutyrylcarnitine",887,"HMDB0013127","COMETS"
"761",100009327,209,53240,179147,"Xenobiotics","Drug - Antibiotic",5537,"NAMED","JLKIGFTWXXRPMT-UHFFFAOYSA-N","O=S(NC1=NOC(C)=C1)(C(C=C2)=CC=C2N)=O","sulfamethoxazole","sulfamethoxazole",NA,NA,NA,NA,"5138","HMDB0015150","D00447","5329","Neg","sulfamethoxazole",891,"HMDB0015150","COMETS"
"762",100009337,305,53254,179431,"Xenobiotics","Food Component/Plant",5241,"NAMED","SNVAIAITQIIEMQ-DUXPYHPUSA-N","OS(OC1=CC=C(C=C1O)/C=C/C(O)=O)(=O)=O","caffeic acid sulfate","caffeic acid sulfate",NA,NA,NA,NA,"30777608","HMDB0041708",NA,"21668705","Polar","caffeic acid sulfate",898,"HMDB0041708","COMETS"
"763",100009343,402,53176,166602,"Lipid","Phosphatidylcholine (PC)",2383,"NAMED","HZGAVPNEGHQJID-UNBCHYIMSA-N","O=C(CCCCCCC/C=C\C/C=C\CCCCC)OC[C@]([H])(COP(OCC[N+](C)(C)C)([O-])=O)OC(CCCCCCC/C=C\C/C=C\C/C=C\CC)=O","1-linoleoyl-2-linolenoyl-GPC (18:2/18:3)*","1-linoleoyl-2-linolenoyl-GPC (18:2/18:3)*","PC 36:5","PC 18:2_18:3","Unknown",NA,"24766802","HMDB0008141",NA,"52922731","Pos Late","1_linoleoyl_2_linolenoyl_gpc_18_2_18_3",899,"HMDB0008141","COMETS"
"764",100009390,400,54762,207493,"Xenobiotics","Drug - Neurological",5875,"NAMED","PYZRQGJRPPTADH-UHFFFAOYSA-N","NC1=NN=C(C2=C(Cl)C(Cl)=CC=C2)C(N)=N1","lamotrigine","lamotrigine",NA,NA,NA,NA,"3741","HMDB0014695","D00354","3878","Pos Early","lamotrigine",903,"COMP54762","Moore"
"765",100009394,209,57652,212703,"Lipid","Long Chain Polyunsaturated Fatty Acid (n3 and n6)",1589,"NAMED","WPJGPAAPSBVXNU-HZJYTTRNSA-N","CCCCC/C=C\C/C=C\CCCCCC(O)=O","hexadecadienoate (16:2n6)","hexadecadienoate (16:2n6)",NA,NA,NA,"28290-73-5","13628094","HMDB0000477",NA,"13932172","Neg","hexadecadienoate_16_2n6",904,"HMDB0000477","COMETS"
"766",100009394,209,57652,212703,"Lipid","Long Chain Polyunsaturated Fatty Acid (n3 and n6)",1589,"NAMED","WPJGPAAPSBVXNU-HZJYTTRNSA-N","CCCCC/C=C\C/C=C\CCCCCC(O)=O","hexadecadienoate (16:2n6)","hexadecadienoate (16:2n6)",NA,NA,NA,"28290-73-5","13628094","HMDB0000477",NA,"13932172","Neg","hexadecadienoate_16_2n6",904,"HMDB0000477_M33892","COMETS"
"767",100009406,402,53223,178791,"Lipid","Fatty Acid Metabolism (Acyl Carnitine, Monounsaturated)",1908,"NAMED","JFAGPSOZZSTLRF-KHPPLWFESA-N","O=C(OC(CC([O-])=O)C[N+](C)(C)C)CCCCCCC/C=C\CCCCCC","palmitoleoylcarnitine (C16:1)*","palmitoleoylcarnitine (C16:1)*",NA,NA,NA,NA,"28639183","HMDB0013207",NA,"71464547","Pos Late","palmitoleoylcarnitine_c16_1",905,"HMDB0013207","COMETS"
"768",100010834,305,54676,180875,"Lipid","Fatty Acid, Dicarboxylate",1685,"NAMED","XJMMNTGIMDZPMU-UHFFFAOYSA-N","OC(CC(CC(O)=O)C)=O","3-methylglutarate/2-methylglutarate","3-methylglutarate/2-methylglutarate",NA,NA,NA,NA,NA,"HMDB0000752",NA,"12284,12046","Polar","3_methylglutarate_2_methylglutarate",907,"HMDB0000752","COMETS"
"769",100010869,209,57547,212076,"Amino Acid","Leucine, Isoleucine and Valine Metabolism",435,"NAMED","AOWPAWLEXIYETE-UHFFFAOYSA-N","OC(C)(C(O)=O)C(C)O","2,3-dihydroxy-2-methylbutyrate","2,3-dihydroxy-2-methylbutyrate",NA,NA,NA,"14868-24-7","266858","HMDB0029576",NA,"301941","Neg","2_3_dihydroxy_2_methylbutyrate",910,"HMDB0029576","COMETS"
"770",100010917,402,54942,208027,"Lipid","Diacylglycerol",2933,"NAMED","YEJYLHKQOBOSCP-OZKTZCCCSA-N","CCCCCCCC/C=C\CCCCCCCC(O[C@@H](CO)COC(CCCCCCCCCCCCCCC)=O)=O","palmitoyl-oleoyl-glycerol (16:0/18:1) [2]*","palmitoyl-oleoyl-glycerol (16:0/18:1) [2]*","DG 34:1","DG 16:0_18:1","Unknown",NA,NA,"HMDB0007102","C13861","5282283","Pos Late","palmitoyl_oleoyl_glycerol_16_0_18_1__2",916,"HMDB0007102","COMETS"
"771",100010917,402,54942,208027,"Lipid","Diacylglycerol",2933,"NAMED","YEJYLHKQOBOSCP-OZKTZCCCSA-N","CCCCCCCC/C=C\CCCCCCCC(O[C@@H](CO)COC(CCCCCCCCCCCCCCC)=O)=O","palmitoyl-oleoyl-glycerol (16:0/18:1) [2]*","palmitoyl-oleoyl-glycerol (16:0/18:1) [2]*","DG 34:1","DG 16:0_18:1","Unknown",NA,NA,"HMDB0007102","C13861","5282283","Pos Late","palmitoyl_oleoyl_glycerol_16_0_18_1__2",916,"CHEM100010917","COMETS"
"772",100010917,402,54942,208027,"Lipid","Diacylglycerol",2933,"NAMED","YEJYLHKQOBOSCP-OZKTZCCCSA-N","CCCCCCCC/C=C\CCCCCCCC(O[C@@H](CO)COC(CCCCCCCCCCCCCCC)=O)=O","palmitoyl-oleoyl-glycerol (16:0/18:1) [2]*","palmitoyl-oleoyl-glycerol (16:0/18:1) [2]*","DG 34:1","DG 16:0_18:1","Unknown",NA,NA,"HMDB0007102","C13861","5282283","Pos Late","palmitoyl_oleoyl_glycerol_16_0_18_1__2",916,"CHEM100010916","COMETS"
"773",100010918,402,54945,208030,"Lipid","Diacylglycerol",2951,"NAMED","AFSHUZFNMVJNKX-CLFAGFIQSA-N","OCC(OC(CCCCCCC/C=C\CCCCCCCC)=O)COC(CCCCCCC/C=C\CCCCCCCC)=O","oleoyl-oleoyl-glycerol (18:1/18:1) [1]*","oleoyl-oleoyl-glycerol (18:1/18:1) [1]*","DG 36:2","DG 18:1_18:1","Unknown",NA,NA,"HMDB0007218",NA,"9543716","Pos Late","oleoyl_oleoyl_glycerol_18_1_18_1__1",917,"HMDB0007218","COMETS"
"774",100010918,402,54945,208030,"Lipid","Diacylglycerol",2951,"NAMED","AFSHUZFNMVJNKX-CLFAGFIQSA-N","OCC(OC(CCCCCCC/C=C\CCCCCCCC)=O)COC(CCCCCCC/C=C\CCCCCCCC)=O","oleoyl-oleoyl-glycerol (18:1/18:1) [1]*","oleoyl-oleoyl-glycerol (18:1/18:1) [1]*","DG 36:2","DG 18:1_18:1","Unknown",NA,NA,"HMDB0007218",NA,"9543716","Pos Late","oleoyl_oleoyl_glycerol_18_1_18_1__1",917,"CHEM100010918","COMETS"
"775",100010918,402,54945,208030,"Lipid","Diacylglycerol",2951,"NAMED","AFSHUZFNMVJNKX-CLFAGFIQSA-N","OCC(OC(CCCCCCC/C=C\CCCCCCCC)=O)COC(CCCCCCC/C=C\CCCCCCCC)=O","oleoyl-oleoyl-glycerol (18:1/18:1) [1]*","oleoyl-oleoyl-glycerol (18:1/18:1) [1]*","DG 36:2","DG 18:1_18:1","Unknown",NA,NA,"HMDB0007218",NA,"9543716","Pos Late","oleoyl_oleoyl_glycerol_18_1_18_1__1",917,"CHEM100010919","COMETS"
"776",100010922,402,54955,208040,"Lipid","Diacylglycerol",2969,"NAMED","KRECEGQUDDMNAQ-MYBRWWDOSA-N","OC[C@](OC(CCC/C=C\C/C=C\C/C=C\C/C=C\CCCCC)=O)(COC(CCCCCCC/C=C\C/C=C\CCCCC)=O)[H]","linoleoyl-arachidonoyl-glycerol (18:2/20:4) [1]*","linoleoyl-arachidonoyl-glycerol (18:2/20:4) [1]*","DG 38:6","DG 18:2_20:4","Unknown",NA,NA,"HMDB0007257",NA,"9543796","Pos Late","linoleoyl_arachidonoyl_glycerol_18_2_20_4__1",918,"CHEM100010922","COMETS"
"777",100010922,402,54955,208040,"Lipid","Diacylglycerol",2969,"NAMED","KRECEGQUDDMNAQ-MYBRWWDOSA-N","OC[C@](OC(CCC/C=C\C/C=C\C/C=C\C/C=C\CCCCC)=O)(COC(CCCCCCC/C=C\C/C=C\CCCCC)=O)[H]","linoleoyl-arachidonoyl-glycerol (18:2/20:4) [1]*","linoleoyl-arachidonoyl-glycerol (18:2/20:4) [1]*","DG 38:6","DG 18:2_20:4","Unknown",NA,NA,"HMDB0007257",NA,"9543796","Pos Late","linoleoyl_arachidonoyl_glycerol_18_2_20_4__1",918,"CHEM100010923","COMETS"
"778",100010923,402,54956,208041,"Lipid","Diacylglycerol",2970,"NAMED","KRECEGQUDDMNAQ-MYBRWWDOSA-N","OC[C@](COC(CCCCCCC/C=C\C/C=C\CCCCC)=O)([H])OC(CCC/C=C\C/C=C\C/C=C\C/C=C\CCCCC)=O","linoleoyl-arachidonoyl-glycerol (18:2/20:4) [2]*","linoleoyl-arachidonoyl-glycerol (18:2/20:4) [2]*","DG 38:6","DG 18:2_20:4","Unknown",NA,NA,"HMDB0007257",NA,"9543796","Pos Late","linoleoyl_arachidonoyl_glycerol_18_2_20_4__2",919,"CHEM100010922","COMETS"
"779",100010923,402,54956,208041,"Lipid","Diacylglycerol",2970,"NAMED","KRECEGQUDDMNAQ-MYBRWWDOSA-N","OC[C@](COC(CCCCCCC/C=C\C/C=C\CCCCC)=O)([H])OC(CCC/C=C\C/C=C\C/C=C\C/C=C\CCCCC)=O","linoleoyl-arachidonoyl-glycerol (18:2/20:4) [2]*","linoleoyl-arachidonoyl-glycerol (18:2/20:4) [2]*","DG 38:6","DG 18:2_20:4","Unknown",NA,NA,"HMDB0007257",NA,"9543796","Pos Late","linoleoyl_arachidonoyl_glycerol_18_2_20_4__2",919,"CHEM100010923","COMETS"
"780",100010927,402,54964,208049,"Lipid","Diacylglycerol",2962,"NAMED","ZDBLXLQFRZTIIU-ZPNZQGKLSA-N","OC[C@](COC(CCCCCCC/C=C\C/C=C\CCCCC)=O)([H])OC(CCCC/C=C/C/C=C\C/C=C\CCCCC)=O","linoleoyl-linolenoyl-glycerol (18:2/18:3) [2]*","linoleoyl-linolenoyl-glycerol (18:2/18:3) [2]*","DG 36:5","DG 18:2_18:3","Unknown",NA,NA,"HMDB0007250",NA,"9543737","Pos Late","linoleoyl_linolenoyl_glycerol_18_2_18_3__2",921,"HMDB0007250","COMETS"
"781",100010930,402,54967,208052,"Lipid","Diacylglycerol",2939,"NAMED","BHGPPCIWDXQOMA-HZFIRFLSSA-N","CCCCCC/C=C/CCCCCCCC(OCC(OC(CCCCCCC/C=C/C/C=C/CCCCC)=O)CO)=O","palmitoleoyl-linoleoyl-glycerol (16:1/18:2) [1]*","palmitoleoyl-linoleoyl-glycerol (16:1/18:2) [1]*","DG 34:3","DG 16:1_18:2","Unknown",NA,NA,"HMDB0007132",NA,"9543699","Pos Late","palmitoleoyl_linoleoyl_glycerol_16_1_18_2__1",923,"HMDB0007132","COMETS"
"782",100010936,402,54960,208045,"Lipid","Diacylglycerol",2967,"NAMED","LWXLWRXRJKMNLM-XBUMEPTLSA-N","CCCCCCCC/C=C/CCCCCCCC(OCC(OC(CCC/C=C/C/C=C/C/C=C/C/C=C/CCCCC)=O)CO)=O","oleoyl-arachidonoyl-glycerol (18:1/20:4) [1]*","oleoyl-arachidonoyl-glycerol (18:1/20:4) [1]*","DG 38:5","DG 18:1_20:4","Unknown",NA,NA,"HMDB0007228",NA,"9543786","Pos Late","oleoyl_arachidonoyl_glycerol_18_1_20_4__1",924,"CHEM100010937","COMETS"
"783",100010936,402,54960,208045,"Lipid","Diacylglycerol",2967,"NAMED","LWXLWRXRJKMNLM-XBUMEPTLSA-N","CCCCCCCC/C=C/CCCCCCCC(OCC(OC(CCC/C=C/C/C=C/C/C=C/C/C=C/CCCCC)=O)CO)=O","oleoyl-arachidonoyl-glycerol (18:1/20:4) [1]*","oleoyl-arachidonoyl-glycerol (18:1/20:4) [1]*","DG 38:5","DG 18:1_20:4","Unknown",NA,NA,"HMDB0007228",NA,"9543786","Pos Late","oleoyl_arachidonoyl_glycerol_18_1_20_4__1",924,"CHEM100010936","COMETS"
"784",100010937,402,54961,208046,"Lipid","Diacylglycerol",2968,"NAMED","LWXLWRXRJKMNLM-XBUMEPTLSA-N","CCCCCCCC/C=C/CCCCCCCC(OCC(OC(CCC/C=C/C/C=C/C/C=C/C/C=C/CCCCC)=O)CO)=O","oleoyl-arachidonoyl-glycerol (18:1/20:4) [2]*","oleoyl-arachidonoyl-glycerol (18:1/20:4) [2]*","DG 38:5","DG 18:1_20:4","Unknown",NA,NA,"HMDB0007228",NA,"9543786","Pos Late","oleoyl_arachidonoyl_glycerol_18_1_20_4__2",925,"CHEM100010937","COMETS"
"785",100010937,402,54961,208046,"Lipid","Diacylglycerol",2968,"NAMED","LWXLWRXRJKMNLM-XBUMEPTLSA-N","CCCCCCCC/C=C/CCCCCCCC(OCC(OC(CCC/C=C/C/C=C/C/C=C/C/C=C/CCCCC)=O)CO)=O","oleoyl-arachidonoyl-glycerol (18:1/20:4) [2]*","oleoyl-arachidonoyl-glycerol (18:1/20:4) [2]*","DG 38:5","DG 18:1_20:4","Unknown",NA,NA,"HMDB0007228",NA,"9543786","Pos Late","oleoyl_arachidonoyl_glycerol_18_1_20_4__2",925,"CHEM100010936","COMETS"
"786",100010941,402,54968,208053,"Lipid","Diacylglycerol",2959,"NAMED","MQGBAQLIFKSMEM-WVZYQCMWSA-N","CCCCC/C=C/C/C=C/CCCCCCCC(OCC(OC(CCCCCCC/C=C/C/C=C/CCCCC)=O)CO)=O","linoleoyl-linoleoyl-glycerol (18:2/18:2) [1]*","linoleoyl-linoleoyl-glycerol (18:2/18:2) [1]*","DG 36:4","DG 18:2_18:2","Unknown",NA,NA,"HMDB0007248",NA,"9543729","Pos Late","linoleoyl_linoleoyl_glycerol_18_2_18_2__1",927,"HMDB0007248","COMETS"
"787",100010942,402,54969,208054,"Lipid","Diacylglycerol",2960,"NAMED","MQGBAQLIFKSMEM-WVZYQCMWSA-N","CCCCC/C=C/C/C=C/CCCCCCCC(OCC(OC(CCCCCCC/C=C/C/C=C/CCCCC)=O)CO)=O","linoleoyl-linoleoyl-glycerol (18:2/18:2) [2]*","linoleoyl-linoleoyl-glycerol (18:2/18:2) [2]*","DG 36:4","DG 18:2_18:2","Unknown",NA,NA,"HMDB0007248",NA,"9543729","Pos Late","linoleoyl_linoleoyl_glycerol_18_2_18_2__2",928,"HMDB0007248","COMETS"
"788",100010949,402,57450,211104,"Lipid","Diacylglycerol",2965,"NAMED","NSXLMTYRMFVYNT-IOLLQWDPSA-N","CCCCCCCCCCCCCCCCCC(OCC(OC(CCC/C=C/C/C=C/C/C=C/C/C=C/CCCCC)=O)CO)=O","stearoyl-arachidonoyl-glycerol (18:0/20:4) [1]*","stearoyl-arachidonoyl-glycerol (18:0/20:4) [1]*","DG 38:4","DG 18:0_20:4","Unknown",NA,NA,"HMDB0007170","C00165","6438587","Pos Late","stearoyl_arachidonoyl_glycerol_18_0_20_4__1",929,"HMDB0007170","COMETS"
"789",100010949,402,57450,211104,"Lipid","Diacylglycerol",2965,"NAMED","NSXLMTYRMFVYNT-IOLLQWDPSA-N","CCCCCCCCCCCCCCCCCC(OCC(OC(CCC/C=C/C/C=C/C/C=C/C/C=C/CCCCC)=O)CO)=O","stearoyl-arachidonoyl-glycerol (18:0/20:4) [1]*","stearoyl-arachidonoyl-glycerol (18:0/20:4) [1]*","DG 38:4","DG 18:0_20:4","Unknown",NA,NA,"HMDB0007170","C00165","6438587","Pos Late","stearoyl_arachidonoyl_glycerol_18_0_20_4__1",929,"HMDB0007170_RT9_290","COMETS"
"790",100010949,402,57450,211104,"Lipid","Diacylglycerol",2965,"NAMED","NSXLMTYRMFVYNT-IOLLQWDPSA-N","CCCCCCCCCCCCCCCCCC(OCC(OC(CCC/C=C/C/C=C/C/C=C/C/C=C/CCCCC)=O)CO)=O","stearoyl-arachidonoyl-glycerol (18:0/20:4) [1]*","stearoyl-arachidonoyl-glycerol (18:0/20:4) [1]*","DG 38:4","DG 18:0_20:4","Unknown",NA,NA,"HMDB0007170","C00165","6438587","Pos Late","stearoyl_arachidonoyl_glycerol_18_0_20_4__1",929,"HMDB0007170_RT9_160","COMETS"
"791",100010955,209,57564,212104,"Xenobiotics","Chemical",6236,"NAMED","YFSUTJLHUFNCNZ-UHFFFAOYSA-N","O=S(C(F)(F)C(F)(F)C(F)(F)C(F)(F)C(F)(F)C(F)(F)C(F)(F)C(F)(F)F)(O)=O","perfluorooctanesulfonate (PFOS)","perfluorooctanesulfonate (PFOS)",NA,NA,NA,"1763-23-1","67068","HMDB0059586","C18142","74483","Neg","perfluorooctanesulfonate_pfos",931,"HMDB0059586","COMETS"
"792",100010966,402,55040,208150,"Lipid","Plasmalogen",2814,"NAMED","PXPSGTINXJQLBR-VQJSHJPSSA-N","[H][C@](OC(CCCCCCCCCCCCCCCCC)=O)(COP(OCC[N+](C)(C)C)([O-])=O)COCCCCCCCCCCCCCCCC","1-palmityl-2-stearoyl-GPC (O-16:0/18:0)*","1-palmityl-2-stearoyl-GPC (O-16:0/18:0)*","PC O-34:0","PC O-16:0_18:0","PC O-16:0/18:0",NA,"9977836","HMDB0013405",NA,"11803170","Pos Late","1_palmityl_2_stearoyl_gpc_o_16_0_18_0",933,"COMP55040","Moore"
"793",100015779,400,57646,213049,"Xenobiotics","Drug - Neurological",5880,"NAMED","KPYSYYIEGFHWSV-UHFFFAOYSA-N","O=C(O)CC(CN)c1ccc(Cl)cc1","baclofen","baclofen",NA,NA,NA,"1134-47-0","2197","HMDB0014327","D00241","2284","Pos Early","baclofen",966,"HMDB0014327","COMETS"
"794",100015788,402,57474,211137,"Lipid","Sphingomyelins",3138,"NAMED","YMTVMVYOUDDTQJ-UOMMIRHQSA-N","[H][C@](NC(CCCCCCC/C=C\CCCCCCCC)=O)(COP(OCC[N+](C)(C)C)([O-])=O)[C@@](O)([H])/C=C/CCCCCCCC/C=C\CCC","sphingomyelin (d18:2/18:1)*","sphingomyelin (d18:2/18:1)*","SM 36:2;O2","SM 18:2;O2_18:1","SM 18:2;O2/18:1",NA,NA,"HMDB0001348",NA,"52931155","Pos Late","sphingomyelin_d18_2_18_1",970,"HMDB0001348","COMETS"
"795",100015788,402,57474,211137,"Lipid","Sphingomyelins",3138,"NAMED","YMTVMVYOUDDTQJ-UOMMIRHQSA-N","[H][C@](NC(CCCCCCC/C=C\CCCCCCCC)=O)(COP(OCC[N+](C)(C)C)([O-])=O)[C@@](O)([H])/C=C/CCCCCCCC/C=C\CCC","sphingomyelin (d18:2/18:1)*","sphingomyelin (d18:2/18:1)*","SM 36:2;O2","SM 18:2;O2_18:1","SM 18:2;O2/18:1",NA,NA,"HMDB0001348",NA,"52931155","Pos Late","sphingomyelin_d18_2_18_1",970,"HMDB0001348_C8_QI94","COMETS"
"796",100015833,402,57513,211214,"Lipid","Fatty Acid Metabolism (Acyl Carnitine, Long Chain Saturated)",1890,"NAMED","SVJLJQBGUITFLI-UHFFFAOYSA-N","O=C(OC(C[N+](C)(C)C)CC([O-])=O)CCCCCCCCCCCCCCCCCCC","arachidoylcarnitine (C20)*","arachidoylcarnitine (C20)*",NA,NA,NA,NA,"28639199","HMDB0006460",NA,"53477833","Pos Late","arachidoylcarnitine_c20",979,"HMDB0006460","COMETS"
"797",100015835,402,57516,211217,"Lipid","Fatty Acid Metabolism (Acyl Carnitine, Long Chain Saturated)",1893,"NAMED","KOCKWDDTAHPJSX-UHFFFAOYSA-N","[O-]C(CC(C[N+](C)(C)C)OC(CCCCCCCCCCCCCCCCCCCCCCCCC)=O)=O","cerotoylcarnitine (C26)*","cerotoylcarnitine (C26)*",NA,NA,NA,NA,"35015992","HMDB0006347",NA,"53477828","Pos Late","cerotoylcarnitine_c26",981,"HMDB0006347","COMETS"
"798",100015837,402,57518,211219,"Lipid","Fatty Acid Metabolism (Acyl Carnitine, Polyunsaturated)",1917,"NAMED","RBFQHRALHSUPIA-SNPVRQPZSA-N","CCCCC/C=C\C/C=C\C/C=C\C/C=C\CCCC(OC(C[N+](C)(C)C)CC([O-])=O)=O","arachidonoylcarnitine (C20:4)","arachidonoylcarnitine (C20:4)",NA,NA,NA,NA,NA,"HMDB0006455",NA,"136212424","Pos Late","arachidonoylcarnitine_c20_4",983,"HMDB0006455","COMETS"
"799",100015972,209,57707,212491,"Xenobiotics","Drug - Antibiotic",5559,"NAMED","RFHAOTPXVQNOHP-UHFFFAOYSA-N","Fc1ccc(C(Cn2ncnc2)(O)Cn3ncnc3)c(F)c1","fluconazole","fluconazole",NA,NA,NA,"86386-73-4","3248","HMDB0014342","C07002","3365","Neg","fluconazole",999,"HMDB0014342","COMETS"
"800",100015977,209,57781,213691,"Xenobiotics","Drug - Neurological",5859,"NAMED","LLPFTSMZBSRZDV-UHFFFAOYSA-N","OC(CC)C(CCC)C(O)=O","3-hydroxyvalproate","3-hydroxyvalproate",NA,NA,NA,"58888-84-9","118522","HMDB0013899","C16651","134459","Neg","3_hydroxyvalproate",1000,"HMDB0013899","COMETS"
"801",100016038,400,57814,213597,"Amino Acid","Polyamine Metabolism",559,"NAMED","MQTAVJHICJWXBR-UHFFFAOYSA-N","CC(NCCCNCCCCN)=O","(N(1) + N(8))-acetylspermidine","(N(1) + N(8))-acetylspermidine",NA,NA,NA,NA,NA,"HMDB0001276","C01029,C00612","496,123689","Pos Early","n_1_+ n_8_acetylspermidine",1004,"HMDB0001276","COMETS"
"802",100016069,402,61769,218137,"Lipid","Fatty Acid Metabolism (Acyl Carnitine, Monounsaturated)",1905,"NAMED","PETYOUXDCHQKTQ-QXPKXGMISA-N","CCCCCC/C=C\CCCC(O[C@@H](C[N+](C)(C)C)CC([O-])=O)=O","5-dodecenoylcarnitine (C12:1)","5-dodecenoylcarnitine (C12:1)",NA,NA,NA,NA,NA,"HMDB0013326",NA,"91825571","Pos Late","5_dodecenoylcarnitine_c12_1",1007,"HMDB0013326","COMETS"
"803",100019972,209,61864,218581,"Lipid","Fatty Acid, Dicarboxylate",1711,"NAMED","OHCMUMNQAHNIEP-HNQUOIGGSA-N","OC(CCC/C=C/CCCCCC(O)=O)=O","dodecenedioate (C12:1-DC)*","dodecenedioate (C12:1-DC)*",NA,NA,NA,NA,NA,"HMDB0000933",NA,"5283028","Neg","dodecenedioate_c12_1_dc",1018,"HMDB0000933","COMETS"
"804",100020204,209,62059,218862,"Lipid","Fatty Acid, Amino",1779,"NAMED","JJGNMSOJTSABGA-UHFFFAOYSA-N","OC(C(CCCCCC)N([H])C(C)=O)=O","N-acetyl-2-aminooctanoate*","N-acetyl-2-aminooctanoate*",NA,NA,NA,NA,"86248","HMDB0059745",NA,"95555","Neg","n_acetyl_2_aminooctanoate",1032,"COMP62059","COMETS"
"805",100020205,400,62060,218876,"Amino Acid","Alanine and Aspartate Metabolism",43,"NAMED","ZBYVTTSIVDYQSO-REOHCLBHSA-N","O=C(O)[C@@H](N)CC(NO)=O","hydroxyasparagine**","hydroxyasparagine**",NA,NA,NA,NA,"88149","HMDB0032332","C20631","15991574","Pos Early","hydroxyasparagine",1033,"COMP62060","COMETS"
"806",100020208,209,62071,218880,"Xenobiotics","Chemical",6287,"NAMED","SNGREZUHAYWORS-UHFFFAOYSA-N","OC(C(F)(F)C(F)(F)C(F)(F)C(F)(F)C(F)(F)C(F)(F)C(F)(F)F)=O","perfluorooctanoate (PFOA)","perfluorooctanoate (PFOA)",NA,NA,NA,NA,"9180","HMDB0059587",NA,"9554","Neg","perfluorooctanoate_pfoa",1036,"COMP62071","COMETS"
"807",100020219,400,62863,220648,"Xenobiotics","Food Component/Plant",4822,"NAMED","OLNJUISKUQQNIM-UHFFFAOYSA-N","O=CC1=CNC2=CC=CC=C12","3-formylindole","3-formylindole",NA,NA,NA,"487-89-8","9838","HMDB0029737","C08493","10256","Pos Early","3_formylindole",1040,"COMP62863","COMETS"
"808",100020243,209,62106,218952,"Xenobiotics","Drug - Antibiotic",5538,"NAMED","GXPIUNZCALHVBA-UHFFFAOYSA-N","O=S(C1=CC=C(C=C1)NC(C)=O)(NC2=NOC(C)=C2)=O","N4-acetylsulfamethoxazole*","N4-acetylsulfamethoxazole*",NA,NA,NA,NA,"58771","HMDB0013854","D01601,C13061","65280","Neg","n4_acetylsulfamethoxazole",1044,"HMDB0013854","COMETS"
"809",100020272,209,62857,220633,"Xenobiotics","Food Component/Plant",4917,"NAMED","UMCDODPBPQMWQP-UHFFFAOYSA-N","COC1=C(OS(=O)(O)=O)C=CC(CCC(O)=O)=C1","dihydroferulic acid sulfate","dihydroferulic acid sulfate",NA,NA,NA,NA,"162994","HMDB0041724",NA,"187489","Neg","dihydroferulic acid sulfate",1051,"COMP62857","COMETS"
"810",100020361,400,62853,220624,"Amino Acid","Urea cycle; Arginine and Proline Metabolism",497,"NAMED","YCCMTCQQDULIFE-UHFFFAOYSA-N","NC1CCCNC1=O","3-amino-2-piperidone","3-amino-2-piperidone",NA,NA,NA,"1892-22-4","4371576","HMDB0000323",NA,"5200225","Pos Early","3_amino_2_piperidone",1056,"COMP62853","COMETS"
"811",100020378,209,63357,222415,"Lipid","Fatty Acid, Dicarboxylate",1732,"NAMED","LPIOYESQKJFWPQ-UHFFFAOYSA-N","OC(C(O)=O)CCCCCCCC(O)=O","2-hydroxysebacate","2-hydroxysebacate",NA,NA,NA,"103963-71-9","113866","HMDB0000424",NA,"128458","Neg","2_hydroxysebacate",1061,"COMP63357","COMETS"
"812",100020417,400,62862,220645,"Amino Acid","Lysine Metabolism",118,"NAMED","XXEWFEBMSGLYBY-ZETCQYMHSA-N","OC([C@@H](N)CCCCN(C)C)=O","N6,N6-dimethyllysine","N6,N6-dimethyllysine",NA,NA,NA,"2259-86-1","167778","HMDB0013287","C05545","193344","Pos Early","n6_n6_dimethyllysine",1067,"HMDB0013287","COMETS"
"813",100021467,305,63264,222194,"Partially Characterized Molecules","Partially Characterized Molecules",6469,"NAMED",NA,NA,"pentose acid*","pentose acid*",NA,NA,NA,NA,NA,"HMDB0000892","C00803","7991","Polar","pentose acid",1154,"HMDB0000892","COMETS"
"814",100000711,209,44620,126992,"Xenobiotics","Benzoate Metabolism",4554,"NAMED","HOFGLAYWQRGTKC-UHFFFAOYSA-N","O=S(OC1=CC=C(C(C)=O)C=C1)(O)=O","4-acetylphenol sulfate","4-acetylphenyl sulfate",NA,NA,NA,NA,"3872009",NA,NA,"4684006","Neg","4_acetylphenol sulfate",258,"CHEM100000711","COMETS"
"815",100000882,209,21158,152464,"Lipid","Fatty Acid, Monohydroxy",2009,"NAMED","ATRNZOYKSNPPBF-UHFFFAOYSA-N","CCCCCCCCCCCC(O)CC(O)=O","3-hydroxymyristate","3-hydroxymyristate",NA,NA,NA,"3422-31-9","15252","HMDB0061656",NA,"16064","Neg","3_hydroxymyristate",276,"CHEM100000882","COMETS"
"816",100001132,209,32394,125806,"Peptide","Modified Peptides",1236,"NAMED","DTSWLLBBGHRXQH-XPUUQOCRSA-N","O=C1CC[C@@H](C(N[C@@H](C(C)C)C(O)=O)=O)N1","pyroglutamylvaline","pyroglutamylvaline",NA,NA,NA,"21282-10-0","134331",NA,NA,"152416","Neg","pyroglutamylvaline",311,"CHEM100001132","COMETS"
"817",100001332,209,33384,144296,"Xenobiotics","Drug - Analgesics, Anesthetics",5449,"NAMED","OEPADIDIUZTYOX-UHFFFAOYSA-N","OC1=CC=CC=C1C(NCC(OC2C(O)C(O)C(O)C(C(O)=O)O2)=O)=O","salicyluric glucuronide*","salicyluric glucuronide*",NA,NA,NA,NA,"21403117","HMDB0240252",NA,"121596205","Neg","salicyluric glucuronide",366,"CHEM100001332","COMETS"
"818",100001635,400,35651,156211,"Xenobiotics","Chemical",6200,"NAMED","WQXNXVUDBPYKBA-YFKPBYRVSA-N","O=[C@](O)[C@H]1N=C(C)NCC1","ectoine","ectoine",NA,NA,NA,"96702-03-3","112069","HMDB0240650","C06231","126041","Pos Early","ectoine",449,"CHEM100001635","COMETS"
"819",100001635,400,35651,156211,"Xenobiotics","Chemical",6200,"NAMED","WQXNXVUDBPYKBA-YFKPBYRVSA-N","O=[C@](O)[C@H]1N=C(C)NCC1","ectoine","ectoine",NA,NA,NA,"96702-03-3","112069","HMDB0240650","C06231","126041","Pos Early","ectoine",449,"Ectoine","COMETS"
"820",100001733,209,54907,208284,"Lipid","Fatty Acid Metabolism (Acyl Glutamine)",1804,"NAMED","NONGMLDQXRDGIT-UHFFFAOYSA-N","O=C(CCCCC)NC(CCC(N)=O)C(O)=O","hexanoylglutamine","hexanoylglutamine",NA,NA,NA,NA,NA,NA,NA,NA,"Neg","hexanoylglutamine",461,"CHEM100001733","COMETS"
"821",100001788,209,46106,143713,"Xenobiotics","Drug - Analgesics, Anesthetics",5438,"NAMED","BNKMSCMOWGCUOF-QMMMGPOBSA-N","C[C@H](C(O)=O)C1=CC2=CC=C(OS(=O)(O)=O)C=C2C=C1","desmethylnaproxen sulfate","desmethylnaproxen sulfate",NA,NA,NA,NA,"160559",NA,NA,"184679","Neg","desmethylnaproxen sulfate",478,"CHEM100001788","COMETS"
"822",100001791,209,33173,142539,"Xenobiotics","Drug - Analgesics, Anesthetics",5424,"NAMED","HRLQZTOIKWEZBN-UHFFFAOYSA-N","CC(NC1=C(O)C=C(OS(=O)(O)=O)C=C1)=O","2-hydroxyacetaminophen sulfate*","2-hydroxyacetaminophen sulfate*",NA,NA,NA,NA,"34448632","HMDB0062547",NA,"86290013","Neg","2_hydroxyacetaminophen sulfate",480,"CHEM100001791","COMETS"
"823",100001793,209,47031,148286,"Xenobiotics","Drug - Analgesics, Anesthetics",5425,"NAMED","NZKKXAGORRATJB-UHFFFAOYSA-N","CC(NC1=C(OC)C=C(OS(=O)(O)=O)C=C1)=O","2-methoxyacetaminophen sulfate*","2-methoxyacetaminophen sulfate*",NA,NA,NA,NA,"34448633","HMDB0062550",NA,"86290014","Neg","2_methoxyacetaminophen sulfate",481,"CHEM100001793","COMETS"
"824",100001809,209,36847,143734,"Xenobiotics","Benzoate Metabolism",4557,"NAMED","TXENPQZYQPWRAV-UHFFFAOYSA-N","O=S(OC1=C(CC)C=CC=C1)(O)=O","2-ethylphenylsulfate","2-ethylphenylsulfate",NA,NA,NA,NA,NA,NA,NA,NA,"Neg","2_ethylphenylsulfate",485,"CHEM100001809","COMETS"
"825",100001868,209,37181,144354,"Xenobiotics","Food Component/Plant",5126,"NAMED","KFDHKOFCRYUXLA-UHFFFAOYSA-N","C=CCC1=CC=C(OS(=O)(O)=O)C=C1","4-allylphenol sulfate","4-allylphenol sulfate",NA,NA,NA,NA,NA,NA,NA,"66633409","Neg","4_allylphenol sulfate",489,"CHEM100001868","COMETS"
"826",100001950,402,32586,158528,"Cofactors and Vitamins","Hemoglobin and Porphyrin Metabolism",4445,"NAMED","BPYKTIZUTYGOLE-VVCLLGATSA-N","CC(C(N/1)=O)=C(C=C)C1=C/C2=C(C)C(CCC(O)=O)=C(CC3=C(CCC(O)=O)C(C)=C(/C=C4NC(C(C=C)=C\4C)=O)N3)N2","bilirubin (E,E)*","bilirubin (E,E)*",NA,NA,NA,NA,"4474753","HMDB0240584",NA,"129320511","Pos Late","bilirubin_e_e",498,"CHEM100001950","COMETS"
"827",100001989,209,32599,142563,"Lipid","Secondary Bile Acid Metabolism",3569,"NAMED","HCXZDHWUVRQLGC-UHFFFAOYSA-N","O=S(OC1CCC2(C)C(CCC3C2CCC4(C)C3CCC4C(CCC(NCC(O)=O)=O)C)=C1)(O)=O","glycocholenate sulfate*","glycocholenate sulfate*",NA,NA,NA,NA,NA,NA,NA,NA,"Neg","glycocholenate sulfate",504,"CHEM100001989","COMETS"
"828",100001990,209,32807,142566,"Lipid","Secondary Bile Acid Metabolism",3570,"NAMED","OEDITLKCLMKBOM-UHFFFAOYSA-N","O=S(OC1CCC2(C)C(CCC3C2CCC4(C)C3CCC4C(CCC(NCCS(=O)(O)=O)=O)C)=C1)(O)=O","taurocholenate sulfate*","taurocholenate sulfate*",NA,NA,NA,NA,NA,NA,NA,NA,"Neg","taurocholenate sulfate",505,"CHEM100001990","COMETS"
"829",100002029,209,37210,144261,"Lipid","Androgenic Steroids",3394,"NAMED","KMTOEENORMWLCF-QJIZPQHZSA-N","O[C@H]1CC[C@@]2(C)C(CCC3C2CC[C@@]4(C)C3CC[C@@H]4OS(=O)(O)=O)=C1","androstenediol (3beta,17beta) monosulfate (2)","androstenediol (3beta,17beta) monosulfate (2)",NA,NA,NA,NA,NA,"HMDB0240429,HMDB0186954",NA,NA,"Neg","androstenediol_3beta_17beta_monosulfate",524,"CHEM100002028","COMETS"
"830",100002029,209,37210,144261,"Lipid","Androgenic Steroids",3394,"NAMED","KMTOEENORMWLCF-QJIZPQHZSA-N","O[C@H]1CC[C@@]2(C)C(CCC3C2CC[C@@]4(C)C3CC[C@@H]4OS(=O)(O)=O)=C1","androstenediol (3beta,17beta) monosulfate (2)","androstenediol (3beta,17beta) monosulfate (2)",NA,NA,NA,NA,NA,"HMDB0240429,HMDB0186954",NA,NA,"Neg","androstenediol_3beta_17beta_monosulfate",524,"CHEM100001992","COMETS"
"831",100002029,209,37210,144261,"Lipid","Androgenic Steroids",3394,"NAMED","KMTOEENORMWLCF-QJIZPQHZSA-N","O[C@H]1CC[C@@]2(C)C(CCC3C2CC[C@@]4(C)C3CC[C@@H]4OS(=O)(O)=O)=C1","androstenediol (3beta,17beta) monosulfate (2)","androstenediol (3beta,17beta) monosulfate (2)",NA,NA,NA,NA,NA,"HMDB0240429,HMDB0186954",NA,NA,"Neg","androstenediol_3beta_17beta_monosulfate",524,"CHEM100001994","COMETS"
"832",100002049,209,37445,151041,"Xenobiotics","Drug - Cardiovascular",5700,"NAMED","VXIXUWQIVKSKSA-UHFFFAOYSA-N","OC(C1=CC=CC=C1O2)=CC2=O","4-hydroxycoumarin","4-hydroxycoumarin",NA,NA,NA,"1076-38-6","10254753",NA,"C20414","54682930","Neg","4_hydroxycoumarin",526,"CHEM100002049","COMETS"
"833",100002322,209,37056,148433,"Xenobiotics","Drug - Neurological",5869,"NAMED","VKZWFMGCAPKSML-UHFFFAOYSA-N","O=C(N1C2=C(C=CC3=CC=CC=C13)C=CC=C2)NC4OC(C(O)=O)C(O)C(O)C4O","carbamazepine glucuronide*","carbamazepine glucuronide*",NA,NA,NA,NA,NA,NA,NA,"83870","Neg","carbamazepine glucuronide",553,"CHEM100002322","COMETS"
"834",100002406,209,38366,141868,"Xenobiotics","Drug - Analgesics, Anesthetics",5444,"NAMED","ABOLXXZAJIAUGR-JPMMFUSZSA-N","CC(C)CC1=CC=C(C(C(O[C@H]2[C@H](O)[C@@H](O)[C@H](O)[C@@H]([C@](O)=O)O2)=O)C)C=C1","ibuprofen acyl glucuronide","ibuprofen acyl glucuronide",NA,NA,NA,"115075-59-7","143793","HMDB0010343",NA,"163959","Neg","ibuprofen acyl glucuronide",562,"CHEM100002406","COMETS"
"835",100002928,400,39678,156626,"Xenobiotics","Drug - Analgesics, Anesthetics",5474,"NAMED","GVGYEFKIHJTNQZ-CLRIEMFWSA-N","O=C(O[C@H]1CC2CCC(N2C)[C@H]1[C@@](O)=O)C3=CC=CC=C3","benzoylecgonine","benzoylecgonine",NA,NA,NA,"519-09-5","391300","HMDB0041836","C10847","448223","Pos Early","benzoylecgonine",603,"CHEM100002928","COMETS"
"836",100003429,209,40478,143877,"Xenobiotics","Food Component/Plant",4929,"NAMED","UXOJWGSGKUYMIA-UHFFFAOYSA-N","OC1=CC(OC2)=C(C=C1)CC2C3=CC=C(OS(=O)(O)=O)C=C3","equol sulfate","equol sulfate",NA,NA,NA,NA,"23936050",NA,NA,NA,"Neg","equol sulfate",627,"CHEM100003429","COMETS"
"837",100003442,402,40461,159281,"Xenobiotics","Drug - Psychoactive",5920,"NAMED","AHOUBRCZNHFOSL-YOEHRIQHSA-N","FC1=CC=[C@]([C@@H]2CCNC[C@H]2COC3=CC(OCO4)=C4C=C3)C=C1","paroxetine","paroxetine",NA,NA,NA,"110429-49-8","39888","HMDB0014853","C07415,D02362","43815","Pos Late","paroxetine",630,"CHEM100003442","COMETS"
"838",100003696,209,41888,143923,"Xenobiotics","Chemical",6245,"NAMED","KZNICNPSHKQLFF-UHFFFAOYSA-N","O=C1NC(CC1)=O","succinimide","succinimide",NA,NA,NA,"123-56-8","10955",NA,"C07273","11439","Neg","succinimide",640,"CHEM100003696","COMETS"
"839",100003895,209,41948,151109,"Xenobiotics","Food Component/Plant",4928,"NAMED","XDPLKWRSVXUQBN-WKXGUSGUSA-N","OC1=CC=C(C2CC3=C(C=C(C=C3)O[C@H]4[C@@H](O)[C@@H](O)[C@H](O)C(C(O)=O)O4)OC2)C=C1","equol glucuronide","equol glucuronide",NA,NA,NA,NA,NA,NA,NA,"46781484","Neg","equol glucuronide",643,"CHEM100003895","COMETS"
"840",100004089,209,42489,144357,"Lipid","Fatty Acid, Monohydroxy",1985,"NAMED","GHPVDCPCKSNJDR-UHFFFAOYSA-N","OC(C(O)=O)CCCCCCCC","2-hydroxydecanoate","2-hydroxydecanoate",NA,NA,NA,"5393-81-7","20195","HMDB0094656",NA,"21488","Neg","2_hydroxydecanoate",655,"CHEM100004089","COMETS"
"841",100004326,209,48693,207571,"Xenobiotics","Chemical",6153,"NAMED","CGFRVKXGZRODPA-UHFFFAOYSA-N","CC(C1=CC=CC(OS(=O)(O)=O)=C1)=O","3-acetylphenol sulfate","3-acetylphenol sulfate",NA,NA,NA,NA,"16230535",NA,NA,NA,"Neg","3_acetylphenol sulfate",672,"CHEM100004326","COMETS"
"842",100004541,209,43258,144587,"Amino Acid","Polyamine Metabolism",560,"NAMED","OAUYENAPBFTAQT-UHFFFAOYSA-N","O=C1N(CCCN([H])C(C)=O)CCC1","acisoga","acisoga",NA,NA,NA,"7663-77-6","114601","HMDB0061384",NA,"129397","Neg","acisoga",681,"CHEM100004541","COMETS"
"843",100004555,400,43265,156991,"Xenobiotics","Chemical",6235,"NAMED","AWUHAZDZHNWQAG-UHFFFAOYSA-N","O=C(C1=CC=CC=C1)OC(C[N+](C)(C)C)CC([O-])=O","benzoylcarnitine*","benzoylcarnitine*",NA,NA,NA,"105450-08-6","28689447",NA,NA,NA,"Pos Early","benzoylcarnitine",684,"CHEM100004555","COMETS"
"844",100004634,209,44618,143738,"Amino Acid","Tyrosine Metabolism",212,"NAMED","ORZHQEJEAKXCJA-UHFFFAOYSA-N","NCCC1=CC(OC)=C(OS(=O)(O)=O)C=C1","3-methoxytyramine sulfate","3-methoxytyramine sulfate",NA,NA,NA,NA,"21233674",NA,NA,"54133459","Neg","3_methoxytyramine sulfate",688,"CHEM100004634","COMETS"
"845",100004635,400,44878,157087,"Amino Acid","Methionine, Cysteine, SAM and Taurine Metabolism",446,"NAMED","UCUNFLYVYCGDHP-UHFFFAOYSA-N","O=S(C)(CCC(N)C(O)=O)=O","methionine sulfone","methionine sulfone",NA,NA,NA,"820-10-0","63154","HMDB0062174",NA,"69961","Pos Early","methionine sulfone",689,"CHEM100004635","COMETS"
"846",100006082,209,48441,154475,"Xenobiotics","Chemical",6259,"NAMED","MDQKYGOECVSPIW-UHFFFAOYSA-N","ClC1=C(C#N)C(Cl)=C(Cl)C(O)=C1C#N","4-hydroxychlorothalonil","4-hydroxychlorothalonil",NA,NA,NA,"28343-61-5","31530","HMDB0240624",NA,"34217","Neg","4_hydroxychlorothalonil",727,"CHEM100006082","COMETS"
"847",100006089,209,48997,160593,"Xenobiotics","Food Component/Plant",5169,"NAMED","HRHBRUPGUDLQIF-ONEGZZNKSA-N","C/C=C/C1=CC(OC)=C(OS(O)(=O)=O)C=C1","isoeugenol sulfate","isoeugenol sulfate",NA,NA,NA,NA,"157181",NA,NA,"122198202","Neg","isoeugenol sulfate",728,"CHEM100006089","COMETS"
"848",100006098,209,48448,155087,"Xenobiotics","Chemical",6267,"NAMED","BDERIBJTVYFANV-UHFFFAOYSA-N","O=S(OC1=CC=CN=C1)(O)=O","3-hydroxypyridine sulfate","3-hydroxypyridine sulfate",NA,NA,NA,"1955-23-3","16232314",NA,NA,NA,"Neg","3_hydroxypyridine sulfate",730,"CHEM100006098","COMETS"
"849",100006125,209,48733,155115,"Amino Acid","Tyrosine Metabolism",234,"NAMED","LGXHPUANUXIBJQ-UHFFFAOYSA-N","OCC1=CC(OC)=C(OS(O)(=O)=O)C=C1","vanillic alcohol sulfate","vanillic alcohol sulfate",NA,NA,NA,"754920-02-0",NA,"HMDB0041788",NA,NA,"Neg","vanillic alcohol sulfate",738,"CHEM100006125","COMETS"
"850",100006171,209,48715,155107,"Xenobiotics","Food Component/Plant",5160,"NAMED","XWAZTQUZONPJEW-UHFFFAOYSA-N","COC1=CC(CC=C)=CC=C1OS(=O)(O)=O","eugenol sulfate","eugenol sulfate",NA,NA,NA,"95480-60-7","157181","HMDB0135245",NA,"180632","Neg","eugenol sulfate",741,"CHEM100006171","COMETS"
"851",100006190,209,48580,155103,"Xenobiotics","Food Component/Plant",5287,"NAMED","JCVGTUVGDOWZJE-UHFFFAOYSA-N","CC(NC(C=CC=C1)=C1OS(=O)(O)=O)=O","2-acetamidophenol sulfate","2-acetamidophenol sulfate",NA,NA,NA,"40712-60-5","158023",NA,NA,"181671","Neg","2_acetamidophenol sulfate",744,"CHEM100006190","COMETS"
"852",100006282,209,48674,155105,"Xenobiotics","Food Component/Plant",5157,"NAMED","LJOOSFYJELZGMR-UHFFFAOYSA-N","O=C1C=CC2=CC=C(OS(=O)(O)=O)C=C2O1","umbelliferone sulfate","umbelliferone sulfate",NA,NA,NA,"69526-88-1","114800","HMDB0240565",NA,"129659","Neg","umbelliferone sulfate",751,"CHEM100006282","COMETS"
"853",100006363,209,48728,155111,"Xenobiotics","Food Component/Plant",5158,"NAMED","CQRHJEVIKOKQMO-UHFFFAOYSA-N","OC1=CC2=C(C(C(C3=CC=C(OS(=O)(O)=O)C=C3)=CO2)=O)C=C1","daidzein sulfate (2)","daidzein sulfate (2)",NA,NA,NA,NA,NA,NA,NA,"12114465","Neg","daidzein sulfate",762,"CHEM100006363","COMETS"
"854",100006363,209,48728,155111,"Xenobiotics","Food Component/Plant",5158,"NAMED","CQRHJEVIKOKQMO-UHFFFAOYSA-N","OC1=CC2=C(C(C(C3=CC=C(OS(=O)(O)=O)C=C3)=CO2)=O)C=C1","daidzein sulfate (2)","daidzein sulfate (2)",NA,NA,NA,NA,NA,NA,NA,"12114465","Neg","daidzein sulfate",762,"CHEM100006362","COMETS"
"855",100009042,209,52914,166012,"Amino Acid","Tryptophan Metabolism",326,"NAMED","YJRFFCVUYDRNTR-UHFFFAOYSA-N","OS(OC1=CC=C2C(C=CN2)=C1)(=O)=O","5-hydroxyindole sulfate","5-hydroxyindole sulfate",NA,NA,NA,NA,NA,NA,NA,NA,"Neg","5_hydroxyindole sulfate",843,"CHEM100009042","COMETS"
"856",100009043,209,52915,166014,"Amino Acid","Tryptophan Metabolism",327,"NAMED","YBMPUGDWCSVZRS-UHFFFAOYSA-N","O=S(OC1=C2C(C=CN2)=CC=C1)(O)=O","7-hydroxyindole sulfate","7-hydroxyindole sulfate",NA,NA,NA,NA,NA,NA,NA,NA,"Neg","7_hydroxyindole sulfate",844,"CHEM100009043","COMETS"
"857",100009233,402,52944,166270,"Lipid","Fatty Acid Metabolism (Acyl Choline)",1966,"NAMED","UFQZDKMTMXCDBP-UHFFFAOYSA-N","C[N+](C)(C)CCOC(CCCCCCCCCCCCCC[CH2-])=O","palmitoylcholine","palmitoylcholine",NA,NA,NA,NA,"133731","HMDB0240592",NA,"151731","Pos Late","palmitoylcholine",883,"CHEM100009233","COMETS"
"858",100009246,400,53229,179277,"Amino Acid","Glycine, Serine and Threonine Metabolism",16,"NAMED","CDUUKBXTEOFITR-UHFFFAOYSA-N","OCC(N)(C)C(O)=O","2-methylserine","2-methylserine",NA,NA,NA,NA,"85112",NA,"C02115","94309","Pos Early","2_methylserine",884,"CHEM100009246","COMETS"
"859",100009259,209,52977,166130,"Lipid","Primary Bile Acid Metabolism",3508,"NAMED","BWWWIHHYPYDOJQ-ICKMJTCPSA-N","O[C@H]1CC2[C@]3(CC[C@H](CC3C[C@H](C2C4CCC([C@@]14C)[C@@H](CCC(NCC(O)=O)=O)C)O)OC5C(C(C(C(O5)C(O)=O)O)O)O)C","glycocholate glucuronide (1)","glycocholate glucuronide (1)",NA,NA,NA,NA,NA,NA,NA,"44263357","Neg","glycocholate glucuronide",885,"CHEM100009259","COMETS"
"860",100009264,209,52983,166140,"Lipid","Primary Bile Acid Metabolism",3505,"NAMED","ABFZMYIIUREPLL-ASWJIRIHSA-N","O[C@H]1[C@@]2([C@@]([H])([C@]3(CC[C@H](C[C@]3(C1)[H])O[C@H]4[C@@H]([C@H]([C@@H]([C@H](O4)C(O)=O)O)O)O)C)CC[C@]5([C@]2(CC[C@@H]5[C@@H](CCC(NCC(O)=O)=O)C)[H])C)[H]","glycochenodeoxycholate glucuronide (1)","glycochenodeoxycholate glucuronide (1)",NA,NA,NA,NA,NA,"HMDB0002579",NA,"44263370","Neg","glycochenodeoxycholate glucuronide",886,"CHEM100009264","COMETS"
"861",100009326,209,53243,179153,"Amino Acid","Tyrosine Metabolism",243,"NAMED","ICPYZFZFSLTYID-GOVZDWNOSA-N","O[C@H]([C@@H](O)[C@@H]1O)[C@@H](O[C@@H]1C(O)=O)OC(C=CC=C2)=C2O","catechol glucuronide","catechol glucuronide",NA,NA,NA,NA,NA,"HMDB0240490",NA,"75124209","Neg","catechol glucuronide",890,"CHEM100009326","COMETS"
"862",100009328,209,54795,207689,"Xenobiotics","Food Component/Plant",5197,"NAMED","ZXQZXWJQZQBNQK-UHFFFAOYSA-N","OS(OC1=C(C)OC(C)C1=O)(=O)=O","furaneol sulfate","furaneol sulfate",NA,NA,NA,NA,NA,NA,NA,"59815364","Neg","furaneol sulfate",892,"CHEM100009328","COMETS"
"863",100009331,402,53260,179345,"Lipid","Fatty Acid Metabolism (Acyl Choline)",1967,"NAMED","GFSSJDJAEKYAGX-UHFFFAOYSA-N","O=C(CCCCCCC/[C-]=C/CCCCCCCC)OCC[N+](C)(C)C","oleoylcholine","oleoylcholine",NA,NA,NA,NA,NA,"HMDB0240596",NA,"59040790","Pos Late","oleoylcholine",894,"CHEM100009331","COMETS"
"864",100009332,402,53261,179347,"Lipid","Fatty Acid Metabolism (Acyl Choline)",1975,"NAMED","XUWOVXDQNYUPNL-WYTUUNCASA-N","O=C(CCC/[C-]=C/C/C=C/C/C=C/C/C=C/CCCCC)OCC[N+](C)(C)C","arachidonoylcholine","arachidonoylcholine",NA,NA,NA,NA,NA,"HMDB0240583",NA,"122198216","Pos Late","arachidonoylcholine",895,"CHEM100009332","COMETS"
"865",100009333,402,53263,179351,"Lipid","Fatty Acid Metabolism (Acyl Choline)",1974,"NAMED","OKLWSURGMYZXCS-GUTOPQIJSA-N","O=C(CC/C=[C-]/C/C=C/C/C=C/C/C=C/C/C=C/C/C=C/CC)OCC[N+](C)(C)C","docosahexaenoylcholine","docosahexaenoylcholine",NA,NA,NA,NA,NA,"HMDB0240647",NA,NA,"Pos Late","docosahexaenoylcholine",896,"CHEM100009333","COMETS"
"866",100010850,209,55017,208352,"Peptide","Acetylated Peptides",1207,"NAMED","NNBITIFYUGRBJL-JTQLQIEISA-N","O=C(N[C@@H](CCC(N)=O)C(O)=O)CC(C=C1)=CC=C1O","4-hydroxyphenylacetylglutamine","4-hydroxyphenylacetylglutamine",NA,NA,NA,NA,NA,NA,NA,NA,"Neg","4_hydroxyphenylacetylglutamine",908,"CHEM100010850","COMETS"
"867",100010863,209,54917,208304,"Amino Acid","Tryptophan Metabolism",312,"NAMED","WPZHLFMFBBIAFZ-UHFFFAOYSA-N","O=C(NCC(O)=O)CCC1=CNC2=C1C=CC=C2","indolepropionylglycine","indolepropionylglycine",NA,NA,NA,NA,"5990843",NA,NA,"129691959","Neg","indolepropionylglycine",909,"CHEM100010863","COMETS"
"868",100010913,209,54937,208342,"Xenobiotics","Food Component/Plant",4940,"NAMED","CLGNQAIRBLDHIN-HWKANZROSA-N","OC1=CC=C(/C=C/C(NCC(O)=O)=O)C=C1OC","ferulylglycine (2)","ferulylglycine (2)",NA,NA,NA,NA,NA,NA,NA,NA,"Neg","ferulylglycine",915,"CHEM100010913","COMETS"
"869",100010913,209,54937,208342,"Xenobiotics","Food Component/Plant",4940,"NAMED","CLGNQAIRBLDHIN-HWKANZROSA-N","OC1=CC=C(/C=C/C(NCC(O)=O)=O)C=C1OC","ferulylglycine (2)","ferulylglycine (2)",NA,NA,NA,NA,NA,NA,NA,NA,"Neg","ferulylglycine",915,"CHEM100010912","COMETS"
"870",100015638,209,61698,217999,"Lipid","Fatty Acid, Monohydroxy",1999,"NAMED","UFOOFOUFKSIFCD-KTKRTIGZSA-N","OC(C(O)=O)CCCCCCCCCCCC/C=C\CCCCCCCC","2-hydroxynervonate*","2-hydroxynervonate*",NA,NA,NA,NA,"4472208",NA,NA,"5312783","Neg","2_hydroxynervonate",948,"COMP61698","COMETS"
"871",100015643,402,57426,211079,"Lipid","Sphingolipid Synthesis",3030,"NAMED","KWDXKYNWAKMLKK-YQMRQDNGSA-N","OC(/C=C/CCCCCCCC/C=C\CCC)C(CO)N([H])[H]","sphingadienine","sphingadienine",NA,NA,NA,"25696-03-1","4952479",NA,NA,"6449795","Pos Late","sphingadienine",951,"CHEM100015643","COMETS"
"872",100015759,402,57464,211120,"Lipid","Fatty Acid Metabolism (Acyl Choline)",1973,"NAMED","WYVHUXGFCVDOEA-UHFFFAOYSA-N","C[N+](C)(C)C[CH-]OC(CCCCCCCCCCCCCCCCC)=O","stearoylcholine*","stearoylcholine*",NA,NA,NA,NA,NA,"HMDB0240648",NA,"90111","Pos Late","stearoylcholine",962,"CHEM100015759","COMETS"
"873",100015760,402,57463,211119,"Lipid","Fatty Acid Metabolism (Acyl Choline)",1971,"NAMED","GVYIAXNFCSAJSK-OKLKQMLOSA-N","C[N+](C)(C)C[CH-]OC(CCCCCCC/C=C/C/C=C/CCCCC)=O","linoleoylcholine*","linoleoylcholine*",NA,NA,NA,NA,NA,"HMDB0013213",NA,"53481656","Pos Late","linoleoylcholine",963,"CHEM100015760","COMETS"
"874",100015831,402,57511,211212,"Lipid","Fatty Acid Metabolism (Acyl Carnitine, Polyunsaturated)",1915,"NAMED","WJCRATGUUISKDG-QNEBEIHSSA-N","O=C(OC(C[N+](C)(C)C)CC([O-])=O)CCCCCCC/C=C\C/C=C\C/C=C\CC","linolenoylcarnitine (C18:3)*","linolenoylcarnitine (C18:3)*",NA,NA,NA,NA,NA,NA,NA,NA,"Pos Late","linolenoylcarnitine_c18_3",977,"CHEM100015831","COMETS"
"875",100015966,402,57635,212257,"Cofactors and Vitamins","Vitamin A Metabolism",4467,"NAMED","JKQXZKUSFCKOGQ-DKLMTRRASA-N","CC1=C(/C=C/C(C)=C/C=C/C(C)=C/C=C/C=C(C)/C=C/C=C(C)/C=C/C2=C(C)CC(O)CC2(C)C)C(C)(C)CC(O)C1","carotene diol (1)","carotene diol (1)",NA,NA,NA,NA,NA,NA,NA,NA,"Pos Late","carotene diol",995,"CHEM100015966","COMETS"
"876",100015966,402,57635,212257,"Cofactors and Vitamins","Vitamin A Metabolism",4467,"NAMED","JKQXZKUSFCKOGQ-DKLMTRRASA-N","CC1=C(/C=C/C(C)=C/C=C/C(C)=C/C=C/C=C(C)/C=C/C=C(C)/C=C/C2=C(C)CC(O)CC2(C)C)C(C)(C)CC(O)C1","carotene diol (1)","carotene diol (1)",NA,NA,NA,NA,NA,NA,NA,NA,"Pos Late","carotene diol",995,"CHEM100015967","COMETS"
"877",100015966,402,57635,212257,"Cofactors and Vitamins","Vitamin A Metabolism",4467,"NAMED","JKQXZKUSFCKOGQ-DKLMTRRASA-N","CC1=C(/C=C/C(C)=C/C=C/C(C)=C/C=C/C=C(C)/C=C/C=C(C)/C=C/C2=C(C)CC(O)CC2(C)C)C(C)(C)CC(O)C1","carotene diol (1)","carotene diol (1)",NA,NA,NA,NA,NA,NA,NA,NA,"Pos Late","carotene diol",995,"CHEM100015968","COMETS"
"878",100015967,402,57636,212258,"Cofactors and Vitamins","Vitamin A Metabolism",4468,"NAMED","JKQXZKUSFCKOGQ-DKLMTRRASA-N","CC1=C(/C=C/C(C)=C/C=C/C(C)=C/C=C/C=C(C)/C=C/C=C(C)/C=C/C2=C(C)CC(O)CC2(C)C)C(C)(C)CC(O)C1","carotene diol (2)","carotene diol (2)",NA,NA,NA,NA,NA,NA,NA,NA,"Pos Late","carotene diol",996,"CHEM100015966","COMETS"
"879",100015967,402,57636,212258,"Cofactors and Vitamins","Vitamin A Metabolism",4468,"NAMED","JKQXZKUSFCKOGQ-DKLMTRRASA-N","CC1=C(/C=C/C(C)=C/C=C/C(C)=C/C=C/C=C(C)/C=C/C=C(C)/C=C/C2=C(C)CC(O)CC2(C)C)C(C)(C)CC(O)C1","carotene diol (2)","carotene diol (2)",NA,NA,NA,NA,NA,NA,NA,NA,"Pos Late","carotene diol",996,"CHEM100015967","COMETS"
"880",100015967,402,57636,212258,"Cofactors and Vitamins","Vitamin A Metabolism",4468,"NAMED","JKQXZKUSFCKOGQ-DKLMTRRASA-N","CC1=C(/C=C/C(C)=C/C=C/C(C)=C/C=C/C=C(C)/C=C/C=C(C)/C=C/C2=C(C)CC(O)CC2(C)C)C(C)(C)CC(O)C1","carotene diol (2)","carotene diol (2)",NA,NA,NA,NA,NA,NA,NA,NA,"Pos Late","carotene diol",996,"CHEM100015968","COMETS"
"881",100015968,402,57637,212259,"Cofactors and Vitamins","Vitamin A Metabolism",4469,"NAMED","JKQXZKUSFCKOGQ-DKLMTRRASA-N","CC1=C(/C=C/C(C)=C/C=C/C(C)=C/C=C/C=C(C)/C=C/C=C(C)/C=C/C2=C(C)CC(O)CC2(C)C)C(C)(C)CC(O)C1","carotene diol (3)","carotene diol (3)",NA,NA,NA,NA,NA,NA,NA,NA,"Pos Late","carotene diol",997,"CHEM100015966","COMETS"
"882",100015968,402,57637,212259,"Cofactors and Vitamins","Vitamin A Metabolism",4469,"NAMED","JKQXZKUSFCKOGQ-DKLMTRRASA-N","CC1=C(/C=C/C(C)=C/C=C/C(C)=C/C=C/C=C(C)/C=C/C=C(C)/C=C/C2=C(C)CC(O)CC2(C)C)C(C)(C)CC(O)C1","carotene diol (3)","carotene diol (3)",NA,NA,NA,NA,NA,NA,NA,NA,"Pos Late","carotene diol",997,"CHEM100015967","COMETS"
"883",100015968,402,57637,212259,"Cofactors and Vitamins","Vitamin A Metabolism",4469,"NAMED","JKQXZKUSFCKOGQ-DKLMTRRASA-N","CC1=C(/C=C/C(C)=C/C=C/C(C)=C/C=C/C=C(C)/C=C/C=C(C)/C=C/C2=C(C)CC(O)CC2(C)C)C(C)(C)CC(O)C1","carotene diol (3)","carotene diol (3)",NA,NA,NA,NA,NA,NA,NA,NA,"Pos Late","carotene diol",997,"CHEM100015968","COMETS"
"884",100020203,400,62062,218866,"Xenobiotics","Food Component/Plant",5102,"NAMED","DJMIFDZBCUUQJN-NTSWFWBYSA-N","O[C@@H]1[C@H](C([O-])=O)[N+](C)(C)CC1","3-hydroxystachydrine*","3-hydroxystachydrine*",NA,NA,NA,NA,"391002",NA,"C10151","46173781","Pos Early","3_hydroxystachydrine",1031,"COMP62062","COMETS"
"885",100021136,402,63361,222432,"Lipid","Fatty Acid Metabolism (Acyl Carnitine, Monounsaturated)",1902,"NAMED","YMJNFVUJNDWLND-ZHACJKMWSA-N","O=C(C/C([H])=C(CCCCCC)\[H])OC(CC([O-])=O)C[N+](C)(C)C","3-decenoylcarnitine","3-decenoylcarnitine",NA,NA,NA,NA,NA,NA,NA,NA,"Pos Late","3_decenoylcarnitine",1138,"COMP63361","COMETS"
"886",466,209,598,143837,"Xenobiotics","Food Component/Plant",5037,"NAMED","RLCKHJSFHOZMDR-UHFFFAOYSA-N","CC(CCCC(CCCC(CCCC(C)C)C)C)CC(O)=O","phytanate","phytanate",NA,NA,NA,"14721-66-5","10140204","HMDB0000801","C01607","26840","Neg","phytanate",80,"HMDB0000417_HMDB00801","COMETS"
"887",466,209,598,143837,"Xenobiotics","Food Component/Plant",5037,"NAMED","RLCKHJSFHOZMDR-UHFFFAOYSA-N","CC(CCCC(CCCC(CCCC(C)C)C)C)CC(O)=O","phytanate","phytanate",NA,NA,NA,"14721-66-5","10140204","HMDB0000801","C01607","26840","Neg","phytanate",80,"HMDB00417_HMDB00801","Moore"
"888",1114,400,1566,155405,"Nucleotide","Pyrimidine Metabolism, Thymine containing",4318,"NAMED","QCHPKSFMDHPSNR-UHFFFAOYSA-N","O=C(O)C(C)CN","3-aminoisobutyrate","3-aminoisobutyrate",NA,NA,NA,"214139-20-5,10569-72-9","58481","HMDB0002166","C05145","64956","Pos Early","3_aminoisobutyrate",156,"HMDB0003911","COMETS"
"889",1239,209,17945,126830,"Lipid","Fatty Acid, Monohydroxy",1994,"NAMED","KIHBGTRZFAVZRV-QGZVFWFLSA-N","OC([C@H](O)CCCCCCCCCCCCCCCC)=O","2-hydroxystearate","2-hydroxystearate",NA,NA,NA,"629-22-1","62625","HMDB0062549","C03042,C03045","69417","Neg","2_hydroxystearate",174,"CHEM1239","COMETS"
"890",100000687,209,57614,212170,"Xenobiotics","Drug - Antibiotic",5524,"NAMED","MYSWGUAQZAJSOK-UHFFFAOYSA-N","OC(C1=CN(C2CC2)C3=CC(N4CCNCC4)=C(F)C=C3C1=O)=O","ciprofloxacin","ciprofloxacin",NA,NA,NA,"85721-33-1","2662","HMDB0014677","C05349","2764","Neg","ciprofloxacin",253,"CHEM100000687","COMETS"
"891",100000827,209,21127,126053,"Lipid","Monoacylglycerol",2879,"NAMED","QHZLMUACJMDIAE-UHFFFAOYSA-N","O=C(CCCCCCCCCCCCCCC)OCC(O)CO","1-palmitoylglycerol (16:0)","1-palmitoylglycerol (16:0)","MG 16:0","MG 16:0","MG 16:0/0:0/0:0","542-44-9","14201","HMDB0011564",NA,"14900","Neg","1_palmitoylglycerol_16_0",268,"HMDB0031074","COMETS"
"892",100001287,209,33973,126133,"Lipid","Androgenic Steroids",3375,"NAMED","ZMITXKRGXGRMKS-FMLJXKFRSA-N","O=C1CCC2C3CC[C@@]4([H])C[C@@H](OS(=O)(O)=O)CC[C@]4(C)C3CC[C@@]21C","epiandrosterone sulfate","epiandrosterone sulfate",NA,NA,NA,"22229-22-7","21403101","HMDB0062657","C04555","9929317","Neg","epiandrosterone sulfate",350,"HMDB0000365","COMETS"
"893",100001392,402,34534,158670,"Lipid","Fatty Acid Metabolism (Acyl Carnitine, Medium Chain)",1884,"NAMED","FUJLYHJROOYKRA-UHFFFAOYSA-N","[O-]C(CC(C[N+](C)(C)C)OC(CCCCCCCCCCC)=O)=O","laurylcarnitine (C12)","laurylcarnitine (C12)",NA,NA,NA,"25518-54-1","8602997","HMDB00000225",NA,"168381","Pos Late","laurylcarnitine_c12",374,"HMDB0002250","COMETS"
"894",100001433,209,34397,126918,"Lipid","Monoacylglycerol",2890,"NAMED","DCPCOKIYJYGMDN-DOFZRALJSA-N","O=C(CCC/C=C\C/C=C\C/C=C\C/C=C\CCCCC)OCC(O)CO","1-arachidonylglycerol (20:4)","1-arachidonylglycerol (20:4)","MG 20:4","MG 20:4","MG 20:4/0:0/0:0","35474-99-8","4445452","HMDB0011578","C13857","5282281","Neg","1_arachidonylglycerol_20_4",394,"HMDB0011549_HMDB11572","COMETS"
"895",100001433,209,34397,126918,"Lipid","Monoacylglycerol",2890,"NAMED","DCPCOKIYJYGMDN-DOFZRALJSA-N","O=C(CCC/C=C\C/C=C\C/C=C\C/C=C\CCCCC)OCC(O)CO","1-arachidonylglycerol (20:4)","1-arachidonylglycerol (20:4)","MG 20:4","MG 20:4","MG 20:4/0:0/0:0","35474-99-8","4445452","HMDB0011578","C13857","5282281","Neg","1_arachidonylglycerol_20_4",394,"HMDB11549_HMDB11572","Moore"
"896",100001604,209,35322,144222,"Xenobiotics","Drug - Topical Agents",6010,"NAMED","FPXPQMOQWJZYBL-UHFFFAOYSA-N","OC1=CC=C(C=C1)OS(=O)(O)=O","hydroquinone sulfate","hydroquinone sulfate",NA,NA,NA,"123-31-9","141624","HMDB0240263","C00530","161220","Neg","hydroquinone sulfate",437,"HMDB0002434","COMETS"
"897",100001992,209,37202,144229,"Lipid","Androgenic Steroids",3396,"NAMED","UWPTUYJASNIIJM-QJIZPQHZSA-N","C[C@@]12C(CCC3C2CC[C@@]4(C)C3CC[C@@H]4OS(=O)(O)=O)=C[C@@H](OS(=O)(O)=O)CC1","androstenediol (3beta,17beta) disulfate (1)","androstenediol (3beta,17beta) disulfate (1)",NA,NA,NA,NA,NA,"HMDB0240313","C04295","87120982","Neg","androstenediol_3beta_17beta_disulfate",506,"CHEM100002028","COMETS"
"898",100001992,209,37202,144229,"Lipid","Androgenic Steroids",3396,"NAMED","UWPTUYJASNIIJM-QJIZPQHZSA-N","C[C@@]12C(CCC3C2CC[C@@]4(C)C3CC[C@@H]4OS(=O)(O)=O)=C[C@@H](OS(=O)(O)=O)CC1","androstenediol (3beta,17beta) disulfate (1)","androstenediol (3beta,17beta) disulfate (1)",NA,NA,NA,NA,NA,"HMDB0240313","C04295","87120982","Neg","androstenediol_3beta_17beta_disulfate",506,"CHEM100001992","COMETS"
"899",100001992,209,37202,144229,"Lipid","Androgenic Steroids",3396,"NAMED","UWPTUYJASNIIJM-QJIZPQHZSA-N","C[C@@]12C(CCC3C2CC[C@@]4(C)C3CC[C@@H]4OS(=O)(O)=O)=C[C@@H](OS(=O)(O)=O)CC1","androstenediol (3beta,17beta) disulfate (1)","androstenediol (3beta,17beta) disulfate (1)",NA,NA,NA,NA,NA,"HMDB0240313","C04295","87120982","Neg","androstenediol_3beta_17beta_disulfate",506,"CHEM100001994","COMETS"
"900",100001994,209,37203,144269,"Lipid","Androgenic Steroids",3397,"NAMED","UWPTUYJASNIIJM-QJIZPQHZSA-N","C[C@]12C(CCC3C1CC[C@]4(C3CC[C@@H]4OS(=O)(O)=O)C)=C[C@H](CC2)OS(=O)(O)=O","androstenediol (3beta,17beta) disulfate (2)","androstenediol (3beta,17beta) disulfate (2)",NA,NA,NA,NA,NA,"HMDB0240313",NA,"87120982","Neg","androstenediol_3beta_17beta_disulfate",508,"CHEM100002028","COMETS"
"901",100001994,209,37203,144269,"Lipid","Androgenic Steroids",3397,"NAMED","UWPTUYJASNIIJM-QJIZPQHZSA-N","C[C@]12C(CCC3C1CC[C@]4(C3CC[C@@H]4OS(=O)(O)=O)C)=C[C@H](CC2)OS(=O)(O)=O","androstenediol (3beta,17beta) disulfate (2)","androstenediol (3beta,17beta) disulfate (2)",NA,NA,NA,NA,NA,"HMDB0240313",NA,"87120982","Neg","androstenediol_3beta_17beta_disulfate",508,"CHEM100001992","COMETS"
"902",100001994,209,37203,144269,"Lipid","Androgenic Steroids",3397,"NAMED","UWPTUYJASNIIJM-QJIZPQHZSA-N","C[C@]12C(CCC3C1CC[C@]4(C3CC[C@@H]4OS(=O)(O)=O)C)=C[C@H](CC2)OS(=O)(O)=O","androstenediol (3beta,17beta) disulfate (2)","androstenediol (3beta,17beta) disulfate (2)",NA,NA,NA,NA,NA,"HMDB0240313",NA,"87120982","Neg","androstenediol_3beta_17beta_disulfate",508,"CHEM100001994","COMETS"
"903",100001999,209,46115,143743,"Lipid","Pregnenolone Steroids",3286,"NAMED","CBOVWLYQUCVTFA-WGKOQXAXSA-N","C[C@@]1([C@H]2[C@@](COS(=O)(O)=O)=O)[C@](CC2)([H])[C@@](CC=C3[C@@]4(CC[C@H](OS(=O)(O)=O)C3)C)([H])[C@@]4([H])CC1","21-hydroxypregnenolone disulfate","21-hydroxypregnenolone disulfate",NA,NA,NA,"1164-98-3","118625",NA,NA,"134595","Neg","21_hydroxypregnenolone disulfate",509,"HMDB0004026","COMETS"
"904",100002028,209,37211,144263,"Lipid","Androgenic Steroids",3393,"NAMED","VPDALJSLCNNODJ-QJIZPQHZSA-N","O[C@H]1CCC2C3CCC4=C[C@@H](OS(=O)(O)=O)CC[C@]4(C)C3CC[C@@]21C","androstenediol (3beta,17beta) monosulfate (1)","androstenediol (3beta,17beta) monosulfate (1)",NA,NA,NA,"521-17-5",NA,"HMDB0240429",NA,"13847309","Neg","androstenediol_3beta_17beta_monosulfate",523,"CHEM100002028","COMETS"
"905",100002028,209,37211,144263,"Lipid","Androgenic Steroids",3393,"NAMED","VPDALJSLCNNODJ-QJIZPQHZSA-N","O[C@H]1CCC2C3CCC4=C[C@@H](OS(=O)(O)=O)CC[C@]4(C)C3CC[C@@]21C","androstenediol (3beta,17beta) monosulfate (1)","androstenediol (3beta,17beta) monosulfate (1)",NA,NA,NA,"521-17-5",NA,"HMDB0240429",NA,"13847309","Neg","androstenediol_3beta_17beta_monosulfate",523,"CHEM100001992","COMETS"
"906",100002028,209,37211,144263,"Lipid","Androgenic Steroids",3393,"NAMED","VPDALJSLCNNODJ-QJIZPQHZSA-N","O[C@H]1CCC2C3CCC4=C[C@@H](OS(=O)(O)=O)CC[C@]4(C)C3CC[C@@]21C","androstenediol (3beta,17beta) monosulfate (1)","androstenediol (3beta,17beta) monosulfate (1)",NA,NA,NA,"521-17-5",NA,"HMDB0240429",NA,"13847309","Neg","androstenediol_3beta_17beta_monosulfate",523,"CHEM100001994","COMETS"
"907",100002204,209,43256,149802,"Amino Acid","Histidine Metabolism",78,"NAMED","FKTXRTPBUWLETL-UHFFFAOYSA-N","O=C(O)C(NC(C)=O)CC1=CN=CN1C","N-acetyl-3-methylhistidine*","N-acetyl-3-methylhistidine*",NA,NA,NA,"37841-04-6","19993498","HMDB0240341",NA,"193270","Neg","n_acetyl_3_methylhistidine",546,"CHEM100004299","COMETS"
"908",100002568,402,40173,159259,"Cofactors and Vitamins","Hemoglobin and Porphyrin Metabolism",4450,"NAMED","TYOWQSLRVAUSMI-WKULSOCRSA-N","OC(CCC1=C(C(CC(C(C2C)CC)NC2=O)=N/C1=C/C(NC(CC(C(C3CC)C)NC3=O)=C4C)=C4CCC(O)=O)C)=O","L-urobilin","L-urobilin",NA,NA,NA,"34217-90-8","4444369","HMDB0240259","C05793","5280818","Pos Late","l_urobilin",573,"HMDB0004159","COMETS"
"909",100003589,400,41374,156811,"Peptide","Dipeptide",938,"NAMED","MIDZLCFIAINOQN-WPRPVWTQSA-N","O=C([C@H](C)NC([C@H](CC1=CC=CC=C1)N)=O)O","phenylalanylalanine","phenylalanylalanine",NA,NA,NA,"3918-87-4","4589716","HMDB0028988",NA,"5488196","Pos Early","phenylalanylalanine",635,"CHEM100003589","COMETS"
"910",100003892,400,42002,156875,"Amino Acid","Methionine, Cysteine, SAM and Taurine Metabolism",473,"NAMED","DWPCPZJAHOETAG-IMJSIDKUSA-N","O=C([C@H](CSC[C@@H](C(O)=O)N)N)O","lanthionine","lanthionine",NA,NA,NA,"3183-08-2","88959",NA,NA,"98504","Pos Early","lanthionine",642,"CHEM100003892","COMETS"
"911",100004056,305,42989,180877,"Amino Acid","Methionine, Cysteine, SAM and Taurine Metabolism",479,"NAMED","SUZRRICLUFMAQD-UHFFFAOYSA-N","O=S(O)(CCNC)=O","N-methyltaurine","N-methyltaurine",NA,NA,NA,"107-68-6","7594",NA,NA,"7882","Polar","n_methyltaurine",650,"CHEM100004056","COMETS"
"912",100004173,400,43334,156997,"Xenobiotics","Drug - Psychoactive",5909,"NAMED","KYYIDSXMWOZKMP-UHFFFAOYSA-N","CN(CC(C1(CCCCC1)O)C2=CC=C(C=C2)O)C","O-desmethylvenlafaxine","O-desmethylvenlafaxine",NA,NA,NA,"300827-87-6","111300","HMDB0015646","D07793","125017","Pos Early","o_desmethylvenlafaxine",661,"HMDB0060532","COMETS"
"913",100005383,400,47101,157354,"Xenobiotics","Bacterial/Fungal",5367,"NAMED","BPSLZWSRHTULGU-ZCFIWIBFSA-N","CN1[C@@H](C(O)=O)CCCC1","N-methylpipecolate","N-methylpipecolate",NA,NA,NA,"41447-17-0","9461516",NA,NA,"11286529","Pos Early","n_methylpipecolate",699,"CHEM100005383","COMETS"
"914",100006108,400,48425,157774,"Peptide","Acetylated Peptides",1202,"NAMED","DZTZJNGATJMDSH-CYBMUJFWSA-N","O=C(CC1=CC=CC=C1)O[C@H](CC([O-])=O)C[N+](C)(C)C","phenylacetylcarnitine","phenylacetylcarnitine",NA,NA,NA,"287108-21-8",NA,NA,NA,"101724840","Pos Early","phenylacetylcarnitine",734,"CHEM100006108","COMETS"
"915",100009232,400,53231,179281,"Xenobiotics","Chemical",6285,"NAMED","DZLNHFMRPBPULJ-VKHMYHEASA-N","O=C(O)[C@]1(NCSC1)[H]","thioproline","thioproline",NA,NA,NA,"34592-47-4","84120","HMDB0062164",NA,"93176","Pos Early","thioproline",882,"CHEM100009232","COMETS"
"916",100010901,400,55015,208464,"Peptide","Gamma-glutamyl Amino Acid",657,"NAMED","LNLLNTMHVMIMOG-YUMQZZPRSA-N","O=C(N[C@@H](CCCCN)C(O)=O)CC[C@H](N)C(O)=O","gamma-glutamyl-alpha-lysine","gamma-glutamyl-alpha-lysine",NA,NA,NA,NA,"58747",NA,NA,"65254","Pos Early","gamma_glutamyl_alpha_lysine",914,"HMDB0003869","COMETS"
"917",100010901,400,55015,208464,"Peptide","Gamma-glutamyl Amino Acid",657,"NAMED","LNLLNTMHVMIMOG-YUMQZZPRSA-N","O=C(N[C@@H](CCCCN)C(O)=O)CC[C@H](N)C(O)=O","gamma-glutamyl-alpha-lysine","gamma-glutamyl-alpha-lysine",NA,NA,NA,NA,"58747",NA,NA,"65254","Pos Early","gamma_glutamyl_alpha_lysine",914,"HMDB03869","Moore"
"918",100015785,209,57810,213739,"Lipid","Long Chain Polyunsaturated Fatty Acid (n3 and n6)",1588,"NAMED","YHGJECVSSKXFCJ-KUBAVDMBSA-N","OC(CCCC/C=C\C/C=C\C/C=C\C/C=C\C/C=C\C/C=C\CC)=O","nisinate (24:6n3)","nisinate (24:6n3)",NA,NA,NA,"68378-49-4","9967286","HMDB0013025",NA,"11792612","Neg","nisinate_24_6n3",967,"COMP57810","COMETS"
"919",100016005,402,57722,213237,"Lipid","Plasmalogen",2812,"NAMED","MFZLAZYUXHHSIA-HVODBARTSA-N","O=P([O-])(OCC[N+](C)(C)C)OC[C@H](OC(CCCCCCC/C=C\C/C=C\CCCCC)=O)COCCCCCCCC/C=C\CCCCCCCC","1-oleyl-2-linoleoyl-GPC (O-18:1/18:2)*","1-oleyl-2-linoleoyl-GPC (O-18:1/18:2)*","PC O-36:3","PC O-18:1_18:2","PC O-18:1/18:2",NA,NA,"HMDB0013429",NA,"24778939","Pos Late","1_oleyl_2_linoleoyl_gpc_o_18_1_18_2",1002,"HMDB0008105","COMETS"
"920",100001757,209,36095,144225,"Xenobiotics","Food Component/Plant",5115,"NAMED","NODSEPOUFZPJEQ-UHFFFAOYSA-N","CC(C)C1=CC=C(C)C=C1OS(=O)(O)=O","thymol sulfate","thymol sulfate",NA,NA,NA,"89-83-8","10709958","HMDB0062720","C09908","12456386","Neg","thymol sulfate",468,"HMDB0001878","COMETS"
"921",100000656,209,19324,128173,"Lipid","Lysophospholipid",2745,"NAMED","MXAFDFDAIFZFET-CLBYPKMISA-N","[H]C(C(O)(C(O)([C@](O)1[H])[H])[H])([C@@](OP(O)(OC[C@@]([H])(COC(CCCCCCCCCCCCCCCCC)=O)O)=O)([C@]1(O)[H])[H])O","1-stearoyl-GPI (18:0)","1-stearoyl-GPI (18:0)","LPI 18:0","LPI 18:0","LPI 18:0/0:0","796963-93-4","21403067","HMDB0240261",NA,"71581135,42607495","Neg","1_stearoyl_gpi_18_0",249,"HMDB0061696","COMETS"
"922",186,209,64334,237350,"Amino Acid","Tryptophan Metabolism",272,"NAMED","BYHJHXPTQMMKCA-UHFFFAOYSA-N","NC(C(O)=O)CC(C1=CC=CC=C1NC=O)=O","N-formylkynurenine","N-formylkynurenine",NA,NA,NA,"1022-31-7","886","HMDB0001200","C15605,C02406,C02700","910","Neg","n_formylkynurenine",17,"N-Formylkynurenine","MetLinkR"
"923",922,402,1759,211070,"Lipid","Dihydroceramides",3040,"NAMED","KZTJQXAANJHSCE-OIDHKYIRSA-N","CCCCCCCCCCCCCCCCCC(N[C@H]([C@H](O)CCCCCCCCCCCCCCC)CO)=O","N-stearoyl-sphinganine (d18:0/18:0)*","N-stearoyl-sphinganine (d18:0/18:0)*","CER 36:0;O2","CER 18:0; O2_18:0","CER 18:0; O2/18:0","2304-80-5","4446686","HMDB0011761",NA,"5283573","Pos Late","n_stearoyl_sphinganine_d18_0_18_0",125,"Cer 18:0;O2/18:0","MetLinkR"
"924",1224,400,18368,155661,"Amino Acid","Glutathione Metabolism",587,"NAMED","KDJVKDYFFTWHBO-UHFFFAOYSA-N","O=C(NCC(O)=O)C(N)CSSCC(N)C(NCC(O)=O)=O","cys-gly, oxidized","cys-gly, oxidized",NA,NA,NA,"7729-20-6","295316",NA,NA,"333293","Pos Early","cys_gly_oxidized",170,"CYS-GLY, oxidized","MetLinkR"
"925",1235,400,18245,155638,"Peptide","Gamma-glutamyl Amino Acid",654,"NAMED","PXVCMZCJAUJLJP-YUMQZZPRSA-N","O=C(O)[C@@H](N)CCC(N[C@@H](CC1=CNC=N1)C(O)=O)=O","gamma-glutamylhistidine","gamma-glutamylhistidine",NA,NA,NA,"37460-15-4","5380197","HMDB0029151",NA,"7017195","Pos Early","gamma_glutamylhistidine",173,"gamma-Glutamylhistidine","MetLinkR"
"926",2048,209,45721,145263,"Xenobiotics","Drug - Analgesics, Anesthetics",5421,"NAMED","DVPRQNKJGQEICH-JTQLQIEISA-N","O=C(C)NC1=CC(SC[C@@H](C(O)=O)NC(C)=O)=C(O)C=C1","3-(N-acetyl-cystein-S-yl) acetaminophen","3-(N-acetyl-cystein-S-yl) acetaminophen",NA,NA,NA,"52372-86-8","75765",NA,NA,"83967","Neg","3_n_acetyl_cystein_s_yl_acetaminophen",200,"3-(N-Acetyl-L-cystein-S-yl) acetaminophen","MetLinkR"
"927",100000579,400,22196,221338,"Xenobiotics","Drug - Neurological",5882,"NAMED","INGSNVSERUZOAK-UHFFFAOYSA-N","O=C(O)C(C1CCCCN1)C2=CC=CC=C2","ritalinic acid","ritalinic acid",NA,NA,NA,"19395-41-6","78360","HMDB0042008",NA,"86863","Pos Early","ritalinic acid",242,"Ritalinic acid","MetLinkR"
"928",100000611,402,20458,164193,"Lipid","Lysoplasmalogen",2856,"NAMED","VLBPIWYTPAXCFJ-XMMPIXPASA-N","CCCCCCCCCCCCCCCCOC[C@]([H])(COP([O-])(OCC[N+](C)(C)C)=O)O","1-palmityl-GPC (O-16:0)","1-palmityl-GPC (O-16:0)","LPC O-16:0","LPC O-16:0","LPC O-16:0/0:0","52691-62-0","3845",NA,NA,"3983","Pos Late","1_palmityl_gpc_o_16_0",244,"1_palmityl_gpc_o_16_0","sample_cohort"
"929",100000630,402,19260,161188,"Lipid","Lysophospholipid",2727,"NAMED","JZWNYZVVZXZRRH-YFKVPUFHSA-N","CCCCCCCC\C=C/CCCCCCCC(OC[C@]([H])(COP(O)(OC[C@]([NH3+])(C([O-])=O)[H])=O)O)=O","1-oleoyl-GPS (18:1)","1-oleoyl-GPS (18:1)","LPS 18:1","LPS 18:1","LPS 18:1/0:0","326589-90-6","7826049","HMDB0061694",NA,"85036846","Pos Late","1_oleoyl_gps_18_1",247,"LPS 18:1","MetLinkR"
"930",100000630,402,19260,161188,"Lipid","Lysophospholipid",2727,"NAMED","JZWNYZVVZXZRRH-YFKVPUFHSA-N","CCCCCCCC\C=C/CCCCCCCC(OC[C@]([H])(COP(O)(OC[C@]([NH3+])(C([O-])=O)[H])=O)O)=O","1-oleoyl-GPS (18:1)","1-oleoyl-GPS (18:1)","LPS 18:1","LPS 18:1","LPS 18:1/0:0","326589-90-6","7826049","HMDB0061694",NA,"85036846","Pos Late","1_oleoyl_gps_18_1",247,"LPS 18:1","MetLinkR"
"931",100000630,402,19260,161188,"Lipid","Lysophospholipid",2727,"NAMED","JZWNYZVVZXZRRH-YFKVPUFHSA-N","CCCCCCCC\C=C/CCCCCCCC(OC[C@]([H])(COP(O)(OC[C@]([NH3+])(C([O-])=O)[H])=O)O)=O","1-oleoyl-GPS (18:1)","1-oleoyl-GPS (18:1)","LPS 18:1","LPS 18:1","LPS 18:1/0:0","326589-90-6","7826049","HMDB0061694",NA,"85036846","Pos Late","1_oleoyl_gps_18_1",247,"LPS 18:1","MetLinkR"
"932",100000630,402,19260,161188,"Lipid","Lysophospholipid",2727,"NAMED","JZWNYZVVZXZRRH-YFKVPUFHSA-N","CCCCCCCC\C=C/CCCCCCCC(OC[C@]([H])(COP(O)(OC[C@]([NH3+])(C([O-])=O)[H])=O)O)=O","1-oleoyl-GPS (18:1)","1-oleoyl-GPS (18:1)","LPS 18:1","LPS 18:1","LPS 18:1/0:0","326589-90-6","7826049","HMDB0061694",NA,"85036846","Pos Late","1_oleoyl_gps_18_1",247,"LPS 18:1","MetLinkR"
"933",100000852,305,20705,146916,"Xenobiotics","Food Component/Plant",4958,"NAMED","YPZMPEPLWKRVLD-UHFFFAOYSA-N","OC(C(O)C(O)C=O)C(O)C(O)CO","glucoheptose","glucoheptose",NA,NA,NA,"62475-58-5","20000338",NA,NA,"76599","Polar","glucoheptose",272,"glucoheptose","sample_cohort"
"934",100000861,400,21132,155745,"Xenobiotics","Food Component/Plant",4810,"NAMED","GGOZGYRTNQBSSA-UHFFFAOYSA-N","OC1=NC=CC=C1O","2,3-dihydroxypyridine","2,3-dihydroxypyridine",NA,NA,NA,"16867-04-2","26153",NA,NA,"28115","Pos Early","2_3_dihydroxypyridine",273,"2,3-Dihydroxypyridine","MetLinkR"
"935",100001040,209,27447,126071,"Lipid","Monoacylglycerol",2884,"NAMED","WECGLUPZRHILCT-HZJYTTRNSA-N","CCCCC/C=C\C/C=C\CCCCCCCC(OCC(O)CO)=O","1-linoleoylglycerol (18:2)","1-linoleoylglycerol (18:2)","MG 18:2","MG 18:2","MG 18:2/0:0/0:0","2277-28-3","4446589","HMDB0011568",NA,"5283469","Neg","1_linoleoylglycerol_18_2",291,"MG 18:2","MetLinkR"
"936",100001040,209,27447,126071,"Lipid","Monoacylglycerol",2884,"NAMED","WECGLUPZRHILCT-HZJYTTRNSA-N","CCCCC/C=C\C/C=C\CCCCCCCC(OCC(O)CO)=O","1-linoleoylglycerol (18:2)","1-linoleoylglycerol (18:2)","MG 18:2","MG 18:2","MG 18:2/0:0/0:0","2277-28-3","4446589","HMDB0011568",NA,"5283469","Neg","1_linoleoylglycerol_18_2",291,"MG 18:2","MetLinkR"
"937",100001129,305,31539,146936,"Amino Acid","Glycine, Serine and Threonine Metabolism",23,"NAMED","FCXZBWSIAGGPCB-YFKPBYRVSA-N","N[C@H](C(O)=O)CCOC(C)=O","O-acetylhomoserine","O-acetylhomoserine",NA,NA,NA,"7540-67-2","388506","HMDB0029423","C01077","439389","Polar","o_acetylhomoserine",310,"O-Acetyl-homoserine","MetLinkR"
"938",100001288,209,33992,151001,"Lipid","Corticosteroids",3342,"NAMED","AODPIQQILQLWGS-KXSFCWPUSA-N","OC1CC[C@]2(C)[C@@]3([H])[C@H](O)C[C@]4(C)[C@]([C@@](CO)=O)(O)CC[C@@]4([H])[C@]3([H])CCC2C1","tetrahydrocortisol","tetrahydrocortisol",NA,NA,NA,"53-02-1","21403102","HMDB0000949","C05472","5864","Neg","tetrahydrocortisol",351,"Taurochenodeoxycholic acid","MetLinkR"
"939",100001288,209,33992,151001,"Lipid","Corticosteroids",3342,"NAMED","AODPIQQILQLWGS-KXSFCWPUSA-N","OC1CC[C@]2(C)[C@@]3([H])[C@H](O)C[C@]4(C)[C@]([C@@](CO)=O)(O)CC[C@@]4([H])[C@]3([H])CCC2C1","tetrahydrocortisol","tetrahydrocortisol",NA,NA,NA,"53-02-1","21403102","HMDB0000949","C05472","5864","Neg","tetrahydrocortisol",351,"Taurochenodeoxycholic acid","MetLinkR"
"940",100001322,209,57709,212497,"Peptide","Fibrinogen Cleavage Peptide",1175,"NAMED","JWICNZAGYSIBAR-UHFFFAOYSA-N","O=C(NC(CC(C)C)C(NC(C)C(NC(CCC(O)=O)C(NCC(NCC(NCC(NC(C(C)C)C(NC(CCCNC(N)=N)C(O)=O)=O)=O)=O)=O)=O)=O)=O)C(CC1=CC=CC=C1)NC(C(CC(O)=O)NC(CNC(C(CCC(O)=O)NC(CNC(C(CO)NC(C(CC(O)=O)NC(C(C)N)=O)=O)=O)=O)=O)=O)=O","fibrinopeptide A*","fibrinopeptide A*",NA,NA,NA,"25422-31-5","14654187",NA,NA,"25081464","Neg","fibrinopeptide a",362,"fibrinopeptide a","sample_cohort"
"941",100001323,209,31548,147074,"Peptide","Fibrinogen Cleavage Peptide",1183,"NAMED","JAMFMQAPZKXSKC-UHFFFAOYSA-N","O=C(NC(CC(C)C)C(NC(C)C(NC(CCC(O)=O)C(NCC(NCC(NCC(NC(C(C)C)C(NC(CCCNC(N)=N)C(O)=O)=O)=O)=O)=O)=O)=O)=O)C(CC1=CC=CC=C1)NC(C(CC(O)=O)NC(CNC(C(CCC(O)=O)NC(CNC(C(CO)NC(C(CC(O)=O)N)=O)=O)=O)=O)=O)=O","fibrinopeptide A, des-ala(1)*","fibrinopeptide A, des-ala(1)*",NA,NA,NA,NA,"21403111",NA,NA,"132993922","Neg","fibrinopeptide a_des_ala",363,"fibrinopeptide a_des_ala","sample_cohort"
"942",100001327,209,57711,212499,"Peptide","Polypeptide",1089,"NAMED","KUZSCKDYVGVVKC-PLNQFBRDSA-N","O=C(NC(CC(C)C)C(O)=O)C(CC(C)C)NC([C@H](CO)NC([C@H](C)NC([C@H](CO)NC([C@@H](CCC(O)=O)NC([C@@H](CC1=CNC2=C1C=CC=C2)NC([C@@H](CC3=CNC=N3)N)=O)=O)=O)=O)=O)=O","HWESASXX*","HWESASXX*",NA,NA,NA,NA,"21403115",NA,NA,"85328684","Neg","hwesasxx",364,"hwesasxx","sample_cohort"
"943",100001330,209,62508,219817,"Peptide","Polypeptide",1088,"NAMED","WXNAHZWQHGJJCT-KXIUCKCTSA-N","NC(CC1=CNC=N1)C(N[C@H](C(NCC(N[C@H](C(NC(C)C(O)=O)=O)CC(C)C)=O)=O)CC(C)C)=O","HXGXA*","HXGXA*",NA,NA,NA,NA,"21403116",NA,NA,"132993924","Neg","hxgxa",365,"hxgxa","sample_cohort"
"944",100001426,209,62924,220780,"Nucleotide","Pyrimidine Metabolism, Uracil containing",4279,"NAMED","YXNIEZJFCGTDKV-UHFFFAOYSA-N","OCC1C(O)C(O)C(N2C=CC(N(CCC(C(O)=O)N)C2=O)=O)O1","3-(3-amino-3-carboxypropyl)uridine*","3-(3-amino-3-carboxypropyl)uridine*",NA,NA,NA,"52745-94-5","149669",NA,NA,"171198","Neg","3_3_amino_3_carboxypropyl_uridine",393,"3-(3-amino-3-carboxypropyl)uridine","MetLinkR"
"945",100001454,209,62915,220767,"Lipid","Fatty Acid, Dicarboxylate",1710,"NAMED","FYVQCLGZFXHEGL-UHFFFAOYSA-N","O=C(O)CC(O)CCCCCCCCC(O)=O","3-hydroxydodecanedioate*","3-hydroxydodecanedioate*",NA,NA,NA,"34574-69-1","13628081","HMDB0000413",NA,"16663321","Neg","3_hydroxydodecanedioate",397,"3-Hydroxy-dodecanedioic acid","MetLinkR"
"946",100001462,209,34437,126952,"Lipid","Lysophospholipid",2735,"NAMED","HFJVKBVEKQHVTO-OZAIVSQSSA-N","O=P(OCC(O)CO)(O)OC[C@H](O)COC(CCCCCCCCCCCCCCCCC)=O","1-stearoyl-GPG (18:0)","1-stearoyl-GPG (18:0)","LPG 18:0","LPG 18:0","LPG 18:0/0:0",NA,"21403138",NA,NA,NA,"Neg","1_stearoyl_gpg_18_0",400,"1_stearoyl_gpg_18_0","sample_cohort"
"947",100001540,400,46225,157124,"Amino Acid","Glutamate Metabolism",72,"NAMED",NA,"O=C(C(CCC#N)N)O","2-amino-4-cyanobutanoate","2-amino-4-cyanobutanoate",NA,NA,NA,"2353-44-8",NA,NA,NA,NA,"Pos Early","2_amino_4_cyanobutanoate",409,"2_amino_4_cyanobutanoate","sample_cohort"
"948",100001555,209,35255,213240,"Lipid","Lysophospholipid",2636,"NAMED","IQGPMZRCLCCXAG-VWLOTQADSA-N","OC[C@H](OC(CCCCCCCCCCCCCCCCC)=O)COP(OCC[N+](C)(C)C)([O-])=O","2-stearoyl-GPC (18:0)*","2-stearoyl-GPC* (18:0)*","LPC 18:0","LPC 18:0","LPC 0:0/18:0",NA,"8383879",NA,NA,"24779491","Neg","2_stearoyl_gpc_18_0",417,"2_stearoyl_gpc_18_0","sample_cohort"
"949",100001557,209,35257,126982,"Lipid","Lysophospholipid",2641,"NAMED","LSUXCWJOIAWGOU-YMVLYFQPSA-N","OC[C@H](OC(CCCCCCC/C=C\C/C=C\CCCCC)=O)COP(OCC[N+](C)(C)C)([O-])=O","2-linoleoyl-GPC (18:2)*","2-linoleoyl-GPC (18:2)*","LPC 18:2","LPC 18:2","LPC 0:0/18:2",NA,"21403160","HMDB0061700",NA,"71768169","Neg","2_linoleoyl_gpc_18_2",419,"LPC 0:0/18:2(9Z,12Z)*","MetLinkR"
"950",100001557,209,35257,126982,"Lipid","Lysophospholipid",2641,"NAMED","LSUXCWJOIAWGOU-YMVLYFQPSA-N","OC[C@H](OC(CCCCCCC/C=C\C/C=C\CCCCC)=O)COP(OCC[N+](C)(C)C)([O-])=O","2-linoleoyl-GPC (18:2)*","2-linoleoyl-GPC (18:2)*","LPC 18:2","LPC 18:2","LPC 0:0/18:2",NA,"21403160","HMDB0061700",NA,"71768169","Neg","2_linoleoyl_gpc_18_2",419,"LPC 0:0/18:2(9Z,12Z)*","MetLinkR"
"951",100001557,209,35257,126982,"Lipid","Lysophospholipid",2641,"NAMED","LSUXCWJOIAWGOU-YMVLYFQPSA-N","OC[C@H](OC(CCCCCCC/C=C\C/C=C\CCCCC)=O)COP(OCC[N+](C)(C)C)([O-])=O","2-linoleoyl-GPC (18:2)*","2-linoleoyl-GPC (18:2)*","LPC 18:2","LPC 18:2","LPC 0:0/18:2",NA,"21403160","HMDB0061700",NA,"71768169","Neg","2_linoleoyl_gpc_18_2",419,"LPC 0:0/18:2(9Z,12Z)*","MetLinkR"
"952",100001557,209,35257,126982,"Lipid","Lysophospholipid",2641,"NAMED","LSUXCWJOIAWGOU-YMVLYFQPSA-N","OC[C@H](OC(CCCCCCC/C=C\C/C=C\CCCCC)=O)COP(OCC[N+](C)(C)C)([O-])=O","2-linoleoyl-GPC (18:2)*","2-linoleoyl-GPC (18:2)*","LPC 18:2","LPC 18:2","LPC 0:0/18:2",NA,"21403160","HMDB0061700",NA,"71768169","Neg","2_linoleoyl_gpc_18_2",419,"LPC 0:0/18:2(9Z,12Z)*","MetLinkR"
"953",100001594,400,35433,156184,"Amino Acid","Leucine, Isoleucine and Valine Metabolism",370,"NAMED","IGLHHSKNBDXCEY-UHFFFAOYSA-N","[O-]C(CC(C[N+](C)(C)C)OC(CC(O)(C)C)=O)=O","beta-hydroxyisovaleroylcarnitine","beta-hydroxyisovaleroylcarnitine",NA,NA,NA,"99159-87-2","21403176",NA,NA,NA,"Pos Early","beta_hydroxyisovaleroylcarnitine",435,"beta_hydroxyisovaleroylcarnitine","sample_cohort"
"954",100001651,209,45455,142789,"Lipid","Lysophospholipid",2696,"NAMED","NOVZJYYJYIFXJC-MZMPXXGTSA-N","OC[C@@H](OC(CCCCCCC\C=C/CCCCCCCC)=O)COP(OCC[NH3+])([O-])=O","2-oleoyl-GPE (18:1)*","2-oleoyl-GPE (18:1)*","LPE 18:1","LPE 18:1","LPE 0:0/18:1",NA,NA,"HMDB0011476",NA,NA,"Neg","2_oleoyl_gpe_18_1",450,"LPE 0:0/18:1","MetLinkR"
"955",100001651,209,45455,142789,"Lipid","Lysophospholipid",2696,"NAMED","NOVZJYYJYIFXJC-MZMPXXGTSA-N","OC[C@@H](OC(CCCCCCC\C=C/CCCCCCCC)=O)COP(OCC[NH3+])([O-])=O","2-oleoyl-GPE (18:1)*","2-oleoyl-GPE (18:1)*","LPE 18:1","LPE 18:1","LPE 0:0/18:1",NA,NA,"HMDB0011476",NA,NA,"Neg","2_oleoyl_gpe_18_1",450,"LPE 0:0/18:1","MetLinkR"
"956",100001651,209,45455,142789,"Lipid","Lysophospholipid",2696,"NAMED","NOVZJYYJYIFXJC-MZMPXXGTSA-N","OC[C@@H](OC(CCCCCCC\C=C/CCCCCCCC)=O)COP(OCC[NH3+])([O-])=O","2-oleoyl-GPE (18:1)*","2-oleoyl-GPE (18:1)*","LPE 18:1","LPE 18:1","LPE 0:0/18:1",NA,NA,"HMDB0011476",NA,NA,"Neg","2_oleoyl_gpe_18_1",450,"LPE 0:0/18:1","MetLinkR"
"957",100001651,209,45455,142789,"Lipid","Lysophospholipid",2696,"NAMED","NOVZJYYJYIFXJC-MZMPXXGTSA-N","OC[C@@H](OC(CCCCCCC\C=C/CCCCCCCC)=O)COP(OCC[NH3+])([O-])=O","2-oleoyl-GPE (18:1)*","2-oleoyl-GPE (18:1)*","LPE 18:1","LPE 18:1","LPE 0:0/18:1",NA,NA,"HMDB0011476",NA,NA,"Neg","2_oleoyl_gpe_18_1",450,"LPE 0:0/18:1","MetLinkR"
"958",100001674,209,32815,142522,"Lipid","Lysophospholipid",2711,"NAMED","YWOCITMXHHTBAW-XSQXPFHXSA-N","OC[C@](OC(CCC\C=C/C\C=C/C/C=C\C/C=C\CCCCC)=O)([H])COP(OCCN)(O)=O","2-arachidonoyl-GPE (20:4)*","2-arachidonoyl-GPE (20:4)*","LPE 20:4","LPE 20:4","LPE 0:0/20:4",NA,NA,"HMDB0011487",NA,"53480936","Neg","2_arachidonoyl_gpe_20_4",458,"LPE 0:0/20:4","MetLinkR"
"959",100001674,209,32815,142522,"Lipid","Lysophospholipid",2711,"NAMED","YWOCITMXHHTBAW-XSQXPFHXSA-N","OC[C@](OC(CCC\C=C/C\C=C/C/C=C\C/C=C\CCCCC)=O)([H])COP(OCCN)(O)=O","2-arachidonoyl-GPE (20:4)*","2-arachidonoyl-GPE (20:4)*","LPE 20:4","LPE 20:4","LPE 0:0/20:4",NA,NA,"HMDB0011487",NA,"53480936","Neg","2_arachidonoyl_gpe_20_4",458,"LPE 0:0/20:4","MetLinkR"
"960",100001674,209,32815,142522,"Lipid","Lysophospholipid",2711,"NAMED","YWOCITMXHHTBAW-XSQXPFHXSA-N","OC[C@](OC(CCC\C=C/C\C=C/C/C=C\C/C=C\CCCCC)=O)([H])COP(OCCN)(O)=O","2-arachidonoyl-GPE (20:4)*","2-arachidonoyl-GPE (20:4)*","LPE 20:4","LPE 20:4","LPE 0:0/20:4",NA,NA,"HMDB0011487",NA,"53480936","Neg","2_arachidonoyl_gpe_20_4",458,"LPE 0:0/20:4","MetLinkR"
"961",100001674,209,32815,142522,"Lipid","Lysophospholipid",2711,"NAMED","YWOCITMXHHTBAW-XSQXPFHXSA-N","OC[C@](OC(CCC\C=C/C\C=C/C/C=C\C/C=C\CCCCC)=O)([H])COP(OCCN)(O)=O","2-arachidonoyl-GPE (20:4)*","2-arachidonoyl-GPE (20:4)*","LPE 20:4","LPE 20:4","LPE 0:0/20:4",NA,NA,"HMDB0011487",NA,"53480936","Neg","2_arachidonoyl_gpe_20_4",458,"LPE 0:0/20:4","MetLinkR"
"962",100001768,400,36713,156246,"Carbohydrate","Advanced Glycation End-product",1454,"NAMED","NUXSIDPKKIEIMI-UHFFFAOYSA-N","OC(CNCCCCC(C(O)=O)N)=O","N6-carboxymethyllysine","N6-carboxymethyllysine",NA,NA,NA,"5746-04-3","11217184","HMDB0240347",NA,"123800","Pos Early","n6_carboxymethyllysine",470,"N(6)-Carboxymethyl-lysine","MetLinkR"
"963",100001774,209,36842,143826,"Lipid","Sterol",3246,"NAMED","GYJSAWZGYQXRBS-OSLQQXMWSA-N","O=C(C(CCC[C@@H]([C@@H]1CC[C@@H]2[C@@H]3[C@H]([C@@]4(C)C(C[C@@H](CC4)O)=C[C@H]3O)CC[C@]21C)C)C)O","3beta,7beta-dihydroxy-5-cholestenoate","3beta,7beta-dihydroxy-5-cholestenoate",NA,NA,NA,"1246298-66-7",NA,NA,NA,NA,"Neg","3beta_7beta_dihydroxy_5_cholestenoate",471,"3beta_7beta_dihydroxy_5_cholestenoate","sample_cohort"
"964",100001777,209,36602,146821,"Lipid","Lysophospholipid",2747,"NAMED","UGDOFRYHDCDVHD-JCASDCETSA-N","[H]C(C(O)(C(O)([C@](O)1[H])[H])[H])([C@@](OP(O)(OC[C@@]([H])(COC(CCCCCCC/C=C\CCCCCCCC)=O)O)=O)([C@]1(O)[H])[H])O","1-oleoyl-GPI (18:1)","1-oleoyl-GPI (18:1)","LPI 18:1","LPI 18:1","LPI 18:1/0:0",NA,NA,"HMDB0061693",NA,"86289645","Neg","1_oleoyl_gpi_18_1",473,"LPI 18:1","MetLinkR"
"965",100001777,209,36602,146821,"Lipid","Lysophospholipid",2747,"NAMED","UGDOFRYHDCDVHD-JCASDCETSA-N","[H]C(C(O)(C(O)([C@](O)1[H])[H])[H])([C@@](OP(O)(OC[C@@]([H])(COC(CCCCCCC/C=C\CCCCCCCC)=O)O)=O)([C@]1(O)[H])[H])O","1-oleoyl-GPI (18:1)","1-oleoyl-GPI (18:1)","LPI 18:1","LPI 18:1","LPI 18:1/0:0",NA,NA,"HMDB0061693",NA,"86289645","Neg","1_oleoyl_gpi_18_1",473,"LPI 18:1","MetLinkR"
"966",100001777,209,36602,146821,"Lipid","Lysophospholipid",2747,"NAMED","UGDOFRYHDCDVHD-JCASDCETSA-N","[H]C(C(O)(C(O)([C@](O)1[H])[H])[H])([C@@](OP(O)(OC[C@@]([H])(COC(CCCCCCC/C=C\CCCCCCCC)=O)O)=O)([C@]1(O)[H])[H])O","1-oleoyl-GPI (18:1)","1-oleoyl-GPI (18:1)","LPI 18:1","LPI 18:1","LPI 18:1/0:0",NA,NA,"HMDB0061693",NA,"86289645","Neg","1_oleoyl_gpi_18_1",473,"LPI 18:1","MetLinkR"
"967",100001777,209,36602,146821,"Lipid","Lysophospholipid",2747,"NAMED","UGDOFRYHDCDVHD-JCASDCETSA-N","[H]C(C(O)(C(O)([C@](O)1[H])[H])[H])([C@@](OP(O)(OC[C@@]([H])(COC(CCCCCCC/C=C\CCCCCCCC)=O)O)=O)([C@]1(O)[H])[H])O","1-oleoyl-GPI (18:1)","1-oleoyl-GPI (18:1)","LPI 18:1","LPI 18:1","LPI 18:1/0:0",NA,NA,"HMDB0061693",NA,"86289645","Neg","1_oleoyl_gpi_18_1",473,"LPI 18:1","MetLinkR"
"968",100001778,209,36594,146822,"Lipid","Lysophospholipid",2749,"NAMED","SAHCQBPGXQFTRA-WNOZMNFTSA-N","[H]C(C(O)(C(O)([C@](O)1[H])[H])[H])([C@@](OP(O)(OC[C@@]([H])(COC(CCCCCCC/C=C\C/C=C\CCCCC)=O)O)=O)([C@]1(O)[H])[H])O","1-linoleoyl-GPI (18:2)*","1-linoleoyl-GPI* (18:2)*","LPI 18:2","LPI 18:2","LPI 18:2/0:0",NA,NA,"HMDB0240597",NA,"11124828","Neg","1_linoleoyl_gpi_18_2",474,"LPI 18:2","MetLinkR"
"969",100001778,209,36594,146822,"Lipid","Lysophospholipid",2749,"NAMED","SAHCQBPGXQFTRA-WNOZMNFTSA-N","[H]C(C(O)(C(O)([C@](O)1[H])[H])[H])([C@@](OP(O)(OC[C@@]([H])(COC(CCCCCCC/C=C\C/C=C\CCCCC)=O)O)=O)([C@]1(O)[H])[H])O","1-linoleoyl-GPI (18:2)*","1-linoleoyl-GPI* (18:2)*","LPI 18:2","LPI 18:2","LPI 18:2/0:0",NA,NA,"HMDB0240597",NA,"11124828","Neg","1_linoleoyl_gpi_18_2",474,"LPI 18:2","MetLinkR"
"970",100001778,209,36594,146822,"Lipid","Lysophospholipid",2749,"NAMED","SAHCQBPGXQFTRA-WNOZMNFTSA-N","[H]C(C(O)(C(O)([C@](O)1[H])[H])[H])([C@@](OP(O)(OC[C@@]([H])(COC(CCCCCCC/C=C\C/C=C\CCCCC)=O)O)=O)([C@]1(O)[H])[H])O","1-linoleoyl-GPI (18:2)*","1-linoleoyl-GPI* (18:2)*","LPI 18:2","LPI 18:2","LPI 18:2/0:0",NA,NA,"HMDB0240597",NA,"11124828","Neg","1_linoleoyl_gpi_18_2",474,"LPI 18:2","MetLinkR"
"971",100001778,209,36594,146822,"Lipid","Lysophospholipid",2749,"NAMED","SAHCQBPGXQFTRA-WNOZMNFTSA-N","[H]C(C(O)(C(O)([C@](O)1[H])[H])[H])([C@@](OP(O)(OC[C@@]([H])(COC(CCCCCCC/C=C\C/C=C\CCCCC)=O)O)=O)([C@]1(O)[H])[H])O","1-linoleoyl-GPI (18:2)*","1-linoleoyl-GPI* (18:2)*","LPI 18:2","LPI 18:2","LPI 18:2/0:0",NA,NA,"HMDB0240597",NA,"11124828","Neg","1_linoleoyl_gpi_18_2",474,"LPI 18:2","MetLinkR"
"972",100001784,402,34565,158671,"Lipid","Lysophospholipid",2688,"NAMED","DSOWUEHXZJUNID-FPLPWBNLSA-N","O=P(OCCN)(O)OCC(O)COC(CCCCCCC/C=C\CCCCCC)=O","1-palmitoleoyl-GPE (16:1)*","1-palmitoleoyl-GPE (16:1)*","LPE 16:1","LPE 16:1","LPE 16:1/0:0",NA,NA,"HMDB0011474",NA,"53480923","Pos Late","1_palmitoleoyl_gpe_16_1",475,"LPE 0:0/16:1","MetLinkR"
"973",100001784,402,34565,158671,"Lipid","Lysophospholipid",2688,"NAMED","DSOWUEHXZJUNID-FPLPWBNLSA-N","O=P(OCCN)(O)OCC(O)COC(CCCCCCC/C=C\CCCCCC)=O","1-palmitoleoyl-GPE (16:1)*","1-palmitoleoyl-GPE (16:1)*","LPE 16:1","LPE 16:1","LPE 16:1/0:0",NA,NA,"HMDB0011474",NA,"53480923","Pos Late","1_palmitoleoyl_gpe_16_1",475,"LPE 0:0/16:1","MetLinkR"
"974",100001784,402,34565,158671,"Lipid","Lysophospholipid",2688,"NAMED","DSOWUEHXZJUNID-FPLPWBNLSA-N","O=P(OCCN)(O)OCC(O)COC(CCCCCCC/C=C\CCCCCC)=O","1-palmitoleoyl-GPE (16:1)*","1-palmitoleoyl-GPE (16:1)*","LPE 16:1","LPE 16:1","LPE 16:1/0:0",NA,NA,"HMDB0011474",NA,"53480923","Pos Late","1_palmitoleoyl_gpe_16_1",475,"LPE 0:0/16:1","MetLinkR"
"975",100001784,402,34565,158671,"Lipid","Lysophospholipid",2688,"NAMED","DSOWUEHXZJUNID-FPLPWBNLSA-N","O=P(OCCN)(O)OCC(O)COC(CCCCCCC/C=C\CCCCCC)=O","1-palmitoleoyl-GPE (16:1)*","1-palmitoleoyl-GPE (16:1)*","LPE 16:1","LPE 16:1","LPE 16:1/0:0",NA,NA,"HMDB0011474",NA,"53480923","Pos Late","1_palmitoleoyl_gpe_16_1",475,"LPE 0:0/16:1","MetLinkR"
"976",100001795,209,33161,153167,"Xenobiotics","Drug - Analgesics, Anesthetics",5426,"NAMED","GDCCQRYSPGZVPX-UHFFFAOYSA-N","CC(NC1=C(OC)C=C(OC2OC(C(O)=O)C(O)C(O)C2O)C=C1)=O","2-methoxyacetaminophen glucuronide*","2-methoxyacetaminophen glucuronide*",NA,NA,NA,NA,"52083351","HMDB0240215",NA,"121596203","Neg","2_methoxyacetaminophen glucuronide",482,"2-Methoxyacetaminophen glucuronide","MetLinkR"
"977",100001797,400,34365,156081,"Xenobiotics","Drug - Analgesics, Anesthetics",5427,"NAMED","LLHICPSCVFRWDT-UHFFFAOYSA-N","CC(NC1=CC=C(O)C(SCC(C(O)=O)N)=C1)=O","3-(cystein-S-yl)acetaminophen*","3-(cystein-S-yl)acetaminophen*",NA,NA,NA,"53446-10-9","4403253","HMDB0240217",NA,"171264","Pos Early","3_cystein_s_yl_acetaminophen",483,"3-(Cystein-S-yl)acetaminophen","MetLinkR"
"978",100001882,402,52234,164199,"Lipid","Hexosylceramides (HCER)",3087,"NAMED","YMYQEDCYNANIPI-OQRGLTFYSA-N","OC1C(CO)OC(OC[C@H](NC(CCCCCCCCCCCCCCCCC)=O)[C@H](O)/C=C/CCCCCCCCCCCCC)C(O)C1O","glycosyl-N-stearoyl-sphingosine (d18:1/18:0)","glycosyl-N-stearoyl-sphingosine (d18:1/18:0)","HexCer 36:1;O2","HexCer 18:1;O2_18:0","HexCer 18:1;O2/18:0",NA,NA,NA,NA,NA,"Pos Late","glycosyl_n_stearoyl_sphingosine_d18_1_18_0",494,"glycosyl_n_stearoyl_sphingosine_d18_1_18_0","sample_cohort"
"979",100001925,400,37104,156323,"Peptide","Dipeptide",779,"NAMED","SZJNCZMRZAUNQT-IUCAKERBSA-N","O=C(N[C@H]1CC(C)C)[C@H]2N(CCC2)C1=O","cyclo(leu-pro)","cyclo(leu-pro)",NA,NA,NA,"2873-36-1","5428292","HMDB0034276",NA,"7074739","Pos Early","cyclo_leu_pro",495,"Cyclo(Leu-Pro)","MetLinkR"
"980",100001925,400,37104,156323,"Peptide","Dipeptide",779,"NAMED","SZJNCZMRZAUNQT-IUCAKERBSA-N","O=C(N[C@H]1CC(C)C)[C@H]2N(CCC2)C1=O","cyclo(leu-pro)","cyclo(leu-pro)",NA,NA,NA,"2873-36-1","5428292","HMDB0034276",NA,"7074739","Pos Early","cyclo_leu_pro",495,"Cyclo(Leu-Pro)","MetLinkR"
"981",100001956,400,37431,156358,"Amino Acid","Urea cycle; Arginine and Proline Metabolism",526,"NAMED","CWLQUGTUXBXTLF-UHFFFAOYSA-N","O=C(O)C1N(C)CCC1","N-methylproline","N-methylproline",NA,NA,NA,"475-11-6","541","HMDB0094696",NA,"643474","Pos Early","n_methylproline",500,"N-Methyl-proline","MetLinkR"
"982",100001988,209,37198,144254,"Lipid","Progestin Steroids",3313,"NAMED","LSQGWMYMIHQKSA-VNCHAANSSA-N","C[C@@]12[C@](CCC3C2CC[C@@]4(C)C3CCC4C(OS(=O)(O)=O)C)([H])C[C@@H](OS(=O)(O)=O)CC1","5alpha-pregnan-3beta,20alpha-diol disulfate","5alpha-pregnan-3beta,20alpha-diol disulfate",NA,NA,NA,NA,NA,"HMDB0094650",NA,"118703093","Neg","5alpha_pregnan_3beta_20alpha_diol disulfate",503,"5alpha-Pregnan-3beta,20alpha-diol disulfate","MetLinkR"
"983",100001993,209,32562,149820,"Lipid","Pregnenolone Steroids",3293,"NAMED","RKYCGXFEFAPXIP-BWUXAKENSA-N","C[C@@]12C(CCC3C2CC[C@@]4(C)C3CCC4C(OS(=O)(O)=O)C)=CC(OS(=O)(O)=O)CC1","pregnenediol disulfate (C21H34O8S2)*","pregnen-diol disulfate*",NA,NA,NA,NA,NA,NA,NA,NA,"Neg","pregnenediol disulfate_c21h34o8s2",507,"pregnenediol disulfate_c21h34o8s2","sample_cohort"
"984",100002003,209,37174,144212,"Lipid","Pregnenolone Steroids",3283,"NAMED","YNTXPDSHGMGJJG-WGKOQXAXSA-N","C[C@@]1([C@H]2[C@@](COS(=O)(O)=O)=O)[C@](CC2)([H])[C@@](CC=C3[C@@]4(CC[C@H](O)C3)C)([H])[C@@]4([H])CC1","21-hydroxypregnenolone monosulfate (1)","21-hydroxypregnenolone monosulfate (1)",NA,NA,NA,"88378-34-1","152343",NA,NA,"174681","Neg","21_hydroxypregnenolone monosulfate",510,"21_hydroxypregnenolone monosulfate","sample_cohort"
"985",100002007,209,37182,144256,"Lipid","Androgenic Steroids",3392,"NAMED","JHFAETDERBWUOO-SKIFDASYSA-N","O=S(O[C@H]1C2(C)C(CC1)C(CCC3C4(C)CC[C@@H](OS(=O)(O)=O)C3)C4CC2)(O)=O","5alpha-androstan-3alpha,17alpha-diol disulfate","5alpha-androstan-3alpha,17alpha-diol disulfate",NA,NA,NA,NA,NA,NA,NA,NA,"Neg","5alpha_androstan_3alpha_17alpha_diol disulfate",511,"5alpha_androstan_3alpha_17alpha_diol disulfate","sample_cohort"
"986",100002008,209,37183,144260,"Lipid","Androgenic Steroids",3391,"NAMED","LERFMBCTNMFXCT-SKIFDASYSA-N","O[C@H]1C2(C)C(CC1)C(CCC3C4(C)CC[C@@H](OS(=O)(O)=O)C3)C4CC2","5alpha-androstan-3alpha,17alpha-diol monosulfate","5alpha-androstan-3alpha,17alpha-diol monosulfate",NA,NA,NA,NA,NA,"HMDB0000412",NA,NA,"Neg","5alpha_androstan_3alpha_17alpha_diol monosulfate",512,"3alpha-Androstanediol","MetLinkR"
"987",100002008,209,37183,144260,"Lipid","Androgenic Steroids",3391,"NAMED","LERFMBCTNMFXCT-SKIFDASYSA-N","O[C@H]1C2(C)C(CC1)C(CCC3C4(C)CC[C@@H](OS(=O)(O)=O)C3)C4CC2","5alpha-androstan-3alpha,17alpha-diol monosulfate","5alpha-androstan-3alpha,17alpha-diol monosulfate",NA,NA,NA,NA,NA,"HMDB0000412",NA,NA,"Neg","5alpha_androstan_3alpha_17alpha_diol monosulfate",512,"3alpha-Androstanediol","MetLinkR"
"988",100002009,209,37196,144279,"Lipid","Progestin Steroids",3304,"NAMED","NOGKXXMAHGCQBS-VNCHAANSSA-N","O[C@H]1CC[C@@]2(C)[C@](CCC3C2CC[C@@]4(C)C3CCC4C(C)OS(=O)(O)=O)([H])C1","5alpha-pregnan-3beta,20beta-diol monosulfate (1)","5alpha-pregnan-3beta,20beta-diol monosulfate (1)",NA,NA,NA,NA,NA,"HMDB0240580",NA,NA,"Neg","5alpha_pregnan_3beta_20beta_diol monosulfate",513,"5alpha_pregnan_3beta_20beta_diol monosulfate","sample_cohort"
"989",100002013,209,37199,144282,"Lipid","Progestin Steroids",3306,"NAMED","NOGKXXMAHGCQBS-MHACIFFSSA-N","O[C@H]1CC[C@@]2(C)[C@](CCC3C2CC[C@@]4(C)C3CCC4[C@](C)([H])OS(=O)(O)=O)([H])C1","5alpha-pregnan-3beta,20alpha-diol monosulfate (1)","5alpha-pregnan-3beta,20alpha-diol monosulfate (1)",NA,NA,NA,NA,NA,NA,NA,NA,"Neg","5alpha_pregnan_3beta_20alpha_diol monosulfate",514,"5alpha_pregnan_3beta_20alpha_diol monosulfate","sample_cohort"
"990",100002014,209,37200,144283,"Lipid","Progestin Steroids",3307,"NAMED","ZIVKBPVUJZDVBI-MHACIFFSSA-N","C[C@@]12[C@](CCC3C2CC[C@@]4(C)C3CCC4[C@](C)([H])O)([H])C[C@@H](OS(=O)(O)=O)CC1","5alpha-pregnan-3beta,20alpha-diol monosulfate (2)","5alpha-pregnan-3beta,20alpha-diol monosulfate (2)",NA,NA,NA,NA,NA,NA,NA,NA,"Neg","5alpha_pregnan_3beta_20alpha_diol monosulfate",515,"5alpha_pregnan_3beta_20alpha_diol monosulfate","sample_cohort"
"991",100002015,209,46172,144285,"Lipid","Progestin Steroids",3314,"NAMED","LSQGWMYMIHQKSA-UHFFFAOYSA-N","CC(OS(=O)(O)=O)C1CCC2C3CCC4CC(OS(=O)(O)=O)CCC4(C)C3CCC21C","5alpha-pregnan-diol disulfate","5alpha-pregnan-diol disulfate",NA,NA,NA,NA,"4302261","HMDB0240581,HMDB0240582",NA,"3082277,5127902","Neg","5alpha_pregnan_diol disulfate",516,"5alpha_pregnan_diol disulfate","sample_cohort"
"992",100002017,209,37184,144264,"Lipid","Androgenic Steroids",3413,"NAMED","JHFAETDERBWUOO-ILBJSTGGSA-N","C[C@@]12[C@](CCC3C2CC[C@@]4(C)C3CC[C@@H]4OS(=O)(O)=O)([H])C[C@H](OS(=O)(O)=O)CC1","5alpha-androstan-3alpha,17beta-diol disulfate","5alpha-androstan-3alpha,17beta-diol disulfate",NA,NA,NA,NA,NA,"HMDB0094682",NA,"56639109","Neg","5alpha_androstan_3alpha_17beta_diol disulfate",517,"5alpha-Androstan-3alpha,17beta-diol disulfate","MetLinkR"
"993",100002018,209,37186,144270,"Lipid","Androgenic Steroids",3411,"NAMED","LERFMBCTNMFXCT-ILBJSTGGSA-N","C[C@@]12[C@](CCC3C2CC[C@@]4(C)C3CC[C@@H]4O)([H])C[C@H](OS(=O)(O)=O)CC1","5alpha-androstan-3alpha,17beta-diol monosulfate (1)","5alpha-androstan-3alpha,17beta-diol monosulfate (1)",NA,NA,NA,NA,NA,NA,NA,"121596226,121596225","Neg","5alpha_androstan_3alpha_17beta_diol monosulfate",518,"5alpha_androstan_3alpha_17beta_diol monosulfate","sample_cohort"
"994",100002021,209,37187,144291,"Lipid","Androgenic Steroids",3422,"NAMED","JHFAETDERBWUOO-ILSMVHKQSA-N","O=S(O[C@@H]1CCC2C3CC[C@@]4([H])C[C@@H](OS(=O)(O)=O)CC[C@]4(C)C3CC[C@@]21C)(O)=O","5alpha-androstan-3beta,17alpha-diol disulfate","5alpha-androstan-3beta,17alpha-diol disulfate",NA,NA,NA,NA,NA,"HMDB0094682",NA,"56639109","Neg","5alpha_androstan_3beta_17alpha_diol disulfate",519,"5alpha-Androstan-3alpha,17beta-diol disulfate","MetLinkR"
"995",100002024,209,37192,144276,"Lipid","Androgenic Steroids",3418,"NAMED","KWYNDVHEQWYGIL-ARKAXQQOSA-N","O[C@H]1CC[C@@]2(C)[C@](CCC3C2CC[C@@]4(C)C3CC[C@@H]4OS(=O)(O)=O)([H])C1","5alpha-androstan-3beta,17beta-diol monosulfate (2)","5alpha-androstan-3beta,17beta-diol monosulfate (2)",NA,NA,NA,NA,NA,NA,NA,NA,"Neg","5alpha_androstan_3beta_17beta_diol monosulfate",520,"5alpha_androstan_3beta_17beta_diol monosulfate","sample_cohort"
"996",100002026,209,37207,144213,"Lipid","Androgenic Steroids",3400,"NAMED","VPDALJSLCNNODJ-BVKUPEMCSA-N","O[C@@H]1CCC2C3CCC4=C[C@H](OS(=O)(O)=O)CC[C@]4(C)C3CC[C@@]21C","androstenediol (3alpha, 17alpha) monosulfate (2)","androstenediol (3alpha, 17alpha) monosulfate (2)",NA,NA,NA,NA,NA,NA,NA,NA,"Neg","androstenediol_3alpha_17alpha_monosulfate",521,"androstenediol_3alpha_17alpha_monosulfate","sample_cohort"
"997",100002027,209,37209,144214,"Lipid","Androgenic Steroids",3401,"NAMED","VPDALJSLCNNODJ-IUIQAQCZSA-N","O[C@@H]1CCC2C3CCC4=CC(OS(=O)(O)=O)CC[C@]4(C)C3CC[C@@]21C","androstenediol (3alpha, 17alpha) monosulfate (3)","androstenediol (3alpha, 17alpha) monosulfate (3)",NA,NA,NA,NA,NA,NA,NA,NA,"Neg","androstenediol_3alpha_17alpha_monosulfate",522,"androstenediol_3alpha_17alpha_monosulfate","sample_cohort"
"998",100002035,209,37480,212653,"Lipid","Progestin Steroids",3303,"NAMED","MENQCIVHHONJLU-PSLKZVIBSA-N","C[C@@]12C(CCC2C(C)=O)C3CC[C@@]4([H])C[C@@H](OS(=O)(O)=O)CC[C@]4(C)C3CC1","5alpha-pregnan-3beta-ol,20-one sulfate","5alpha-pregnan-3beta-ol,20-one sulfate",NA,NA,NA,"7730-00-9",NA,NA,NA,NA,"Neg","5alpha_pregnan_3beta_ol_20_one sulfate",525,"5alpha_pregnan_3beta_ol_20_one sulfate","sample_cohort"
"999",100002060,402,44633,159616,"Lipid","Lysophospholipid",2721,"NAMED","XEVRBOQZSXWGQO-FJXNLOIUSA-N","NCCOP(OC[C@](O)([H])COC(CC\C=C/C/C=C\C/C=C\C/C=C\C/C=C\C/C=C\CC)=O)(O)=O","1-docosahexaenoyl-GPE (22:6)*","1-docosahexaenoyl-GPE (22:6)*","LPE 22:6","LPE 22:6","LPE 22:6/0:0",NA,NA,NA,NA,NA,"Pos Late","1_docosahexaenoyl_gpe_22_6",527,"1_docosahexaenoyl_gpe_22_6","sample_cohort"
"1000",100002061,209,34258,144195,"Lipid","Lysophospholipid",2722,"NAMED","TWBVHOYVCUOMJY-PAUXXPOVSA-N","OC[C@](OC(CC\C=C/C/C=C\C/C=C\C/C=C\C/C=C\C/C=C\CC)=O)([H])COP(OCCN)(O)=O","2-docosahexaenoyl-GPE (22:6)*","2-docosahexaenoyl-GPE (22:6)*","LPE 22:6","LPE 22:6","LPE 0:0/22:6",NA,NA,"HMDB0011496",NA,NA,"Neg","2_docosahexaenoyl_gpe_22_6",528,"LPE 0:0/22:6","MetLinkR"
"1001",100002061,209,34258,144195,"Lipid","Lysophospholipid",2722,"NAMED","TWBVHOYVCUOMJY-PAUXXPOVSA-N","OC[C@](OC(CC\C=C/C/C=C\C/C=C\C/C=C\C/C=C\C/C=C\CC)=O)([H])COP(OCCN)(O)=O","2-docosahexaenoyl-GPE (22:6)*","2-docosahexaenoyl-GPE (22:6)*","LPE 22:6","LPE 22:6","LPE 0:0/22:6",NA,NA,"HMDB0011496",NA,NA,"Neg","2_docosahexaenoyl_gpe_22_6",528,"LPE 0:0/22:6","MetLinkR"
"1002",100002061,209,34258,144195,"Lipid","Lysophospholipid",2722,"NAMED","TWBVHOYVCUOMJY-PAUXXPOVSA-N","OC[C@](OC(CC\C=C/C/C=C\C/C=C\C/C=C\C/C=C\C/C=C\CC)=O)([H])COP(OCCN)(O)=O","2-docosahexaenoyl-GPE (22:6)*","2-docosahexaenoyl-GPE (22:6)*","LPE 22:6","LPE 22:6","LPE 0:0/22:6",NA,NA,"HMDB0011496",NA,NA,"Neg","2_docosahexaenoyl_gpe_22_6",528,"LPE 0:0/22:6","MetLinkR"
"1003",100002061,209,34258,144195,"Lipid","Lysophospholipid",2722,"NAMED","TWBVHOYVCUOMJY-PAUXXPOVSA-N","OC[C@](OC(CC\C=C/C/C=C\C/C=C\C/C=C\C/C=C\C/C=C\CC)=O)([H])COP(OCCN)(O)=O","2-docosahexaenoyl-GPE (22:6)*","2-docosahexaenoyl-GPE (22:6)*","LPE 22:6","LPE 22:6","LPE 0:0/22:6",NA,NA,"HMDB0011496",NA,NA,"Neg","2_docosahexaenoyl_gpe_22_6",528,"LPE 0:0/22:6","MetLinkR"
"1004",100002102,209,37432,127667,"Nucleotide","Pyrimidine Metabolism, Uracil containing",4276,"NAMED","LJLLAWRMBZNPMO-UHFFFAOYSA-N","CC(NCCC(O)=O)=O","N-acetyl-beta-alanine","N-acetyl-beta-alanine",NA,NA,NA,"3025-95-4","68881","HMDB0061880","C01073","76406","Neg","n_acetyl_beta_alanine",532,"N-Acetyl-beta-alanine","MetLinkR"
"1005",100002126,209,38168,143871,"Lipid","Androgenic Steroids",3372,"NAMED","ALBNSVAJDFJRKQ-UAFBDMIJSA-N","O=C1[C@H](O)CC2C3CC=C4C[C@@H](OS(=O)(O)=O)CC[C@]4(C)C3CC[C@@]21C","16alpha-hydroxy DHEA 3-sulfate","16alpha-hydroxy DHEA 3-sulfate",NA,NA,NA,NA,NA,"HMDB0062544",NA,"20848950","Neg","16alpha_hydroxy dhea 3_sulfate",536,"3beta,16alpha-Dihydroxyandrostenone 3-sulfate","MetLinkR"
"1006",100002171,402,37419,211147,"Lipid","Lysophospholipid",2692,"NAMED","RVNBVQKDPQVSOY-NRFANRHFSA-N","O=P(OCCN)(O)OC[C@@H](O)COC(CCCCCCCCCCCCCCCC)=O","1-margaroyl-GPE (17:0)*","1-margaroyl-GPE (17:0)*","LPE 17:0","LPE 17:0","LPE 17:0/0:0",NA,NA,"HMDB0061691",NA,"52925149","Pos Late","1_margaroyl_gpe_17_0",542,"LPE 17:0","MetLinkR"
"1007",100002171,402,37419,211147,"Lipid","Lysophospholipid",2692,"NAMED","RVNBVQKDPQVSOY-NRFANRHFSA-N","O=P(OCCN)(O)OC[C@@H](O)COC(CCCCCCCCCCCCCCCC)=O","1-margaroyl-GPE (17:0)*","1-margaroyl-GPE (17:0)*","LPE 17:0","LPE 17:0","LPE 17:0/0:0",NA,NA,"HMDB0061691",NA,"52925149","Pos Late","1_margaroyl_gpe_17_0",542,"LPE 17:0","MetLinkR"
"1008",100002199,209,62919,220775,"Lipid","Fatty Acid, Dicarboxylate",1713,"NAMED","LGDMAFABHAIORE-DUXPYHPUSA-N","O=C(O)CCCCCC/C=C/CCCC(O)=O","tridecenedioate (C13:1-DC)*","tridecenedioate (C13:1-DC)*",NA,NA,NA,NA,NA,NA,NA,NA,"Neg","tridecenedioate_c13_1_dc",545,"tridecenedioate_c13_1_dc","sample_cohort"
"1009",100002284,305,62950,220825,"Lipid","Fatty Acid, Dihydroxy",2056,"NAMED","LOUGYXZSURQALL-GBXIJSLDSA-N","C[C@@H](O)[C@H](O)C(O)=O","2S,3R-dihydroxybutyrate","2S,3R-dihydroxybutyrate",NA,NA,NA,"5057-93-2","9139682","HMDB0002453",NA,"10964471","Polar","2s_3r_dihydroxybutyrate",551,"4-Deoxythreonic acid","MetLinkR"
"1010",100002344,209,38293,141840,"Lipid","Fatty Acid, Branched",1660,"NAMED","ZOCYQVNGROEVLU-UHFFFAOYSA-N","CC(C)CCCCCCCCCCCC(O)=O","(12 or 13)-methylmyristate (a15:0 or i15:0)","(12 or 13)-methylmyristate (a15:0 or i15:0)",NA,NA,NA,"2485-71-4","133106","HMDB0061707",NA,"151014","Neg","12 or 13_methylmyristate_a15_0 or i15_0",554,"Isopentadecylic acid","MetLinkR"
"1011",100002344,209,38293,141840,"Lipid","Fatty Acid, Branched",1660,"NAMED","ZOCYQVNGROEVLU-UHFFFAOYSA-N","CC(C)CCCCCCCCCCCC(O)=O","(12 or 13)-methylmyristate (a15:0 or i15:0)","(12 or 13)-methylmyristate (a15:0 or i15:0)",NA,NA,NA,"2485-71-4","133106","HMDB0061707",NA,"151014","Neg","12 or 13_methylmyristate_a15_0 or i15_0",554,"Isopentadecylic acid","MetLinkR"
"1012",100002367,305,63109,221751,"Lipid","Fatty Acid, Dihydroxy",2057,"NAMED","LOUGYXZSURQALL-PWNYCUMCSA-N","OC([C@H](O)[C@H](O)C)=O","2R,3R-dihydroxybutyrate","2R,3R-dihydroxybutyrate",NA,NA,NA,"759-06-8","17215960","HMDB0000498",NA,"13120901","Polar","2r_3r_dihydroxybutyrate",556,"2,3-Dihydroxybutanoic acid","MetLinkR"
"1013",100002367,305,63109,221751,"Lipid","Fatty Acid, Dihydroxy",2057,"NAMED","LOUGYXZSURQALL-PWNYCUMCSA-N","OC([C@H](O)[C@H](O)C)=O","2R,3R-dihydroxybutyrate","2R,3R-dihydroxybutyrate",NA,NA,NA,"759-06-8","17215960","HMDB0000498",NA,"13120901","Polar","2r_3r_dihydroxybutyrate",556,"2,3-Dihydroxybutanoic acid","MetLinkR"
"1014",100002367,305,63109,221751,"Lipid","Fatty Acid, Dihydroxy",2057,"NAMED","LOUGYXZSURQALL-PWNYCUMCSA-N","OC([C@H](O)[C@H](O)C)=O","2R,3R-dihydroxybutyrate","2R,3R-dihydroxybutyrate",NA,NA,NA,"759-06-8","17215960","HMDB0000498",NA,"13120901","Polar","2r_3r_dihydroxybutyrate",556,"2,3-Dihydroxybutanoic acid","MetLinkR"
"1015",100002390,209,43592,152936,"Xenobiotics","Chemical",6256,"NAMED","JOXIMZWYDAKGHI-UHFFFAOYSA-N","CC1=CC=C(S(O)(=O)=O)C=C1","4-methylbenzenesulfonate","4-methylbenzenesulfonate",NA,NA,NA,"104-15-4","5876","HMDB0059933","C06677","85570","Neg","4_methylbenzenesulfonate",558,"Toluene-4-sulfonic acid","MetLinkR"
"1016",100002394,209,38140,153530,"Xenobiotics","Drug - Other",6034,"NAMED","SJJCQDRGABAVBB-UHFFFAOYSA-N","OC1=C(C(O)=O)C=CC2=C1C=CC=C2","1-hydroxy-2-naphthalenecarboxylate","1-hydroxy-2-naphthalenecarboxylate",NA,NA,NA,"86-48-6","6583",NA,"C03203","54675865","Neg","1_hydroxy_2_naphthalenecarboxylate",559,"1-Hydroxy-2-naphthoic acid","MetLinkR"
"1017",100002455,305,57594,211402,"Xenobiotics","Food Component/Plant",4949,"NAMED","SKCKOFZKJLZSFA-UHFFFAOYSA-N","CC(O)C(O)C(O)C(O)CO","fucitol","fucitol",NA,NA,NA,"13074-06-1","3311",NA,NA,"445724","Polar","fucitol",564,"Fucitol","MetLinkR"
"1018",100002462,400,43582,208402,"Amino Acid","Lysine Metabolism",123,"NAMED","OWGKYELXGFKIHH-MYLOADSESA-N","O[C@@H]1[C@@H](O)[C@@H](O)[C@@H](CO)OC1OC(CCC(N)C(O)=O)CN","5-(galactosylhydroxy)-lysine","5-(galactosylhydroxy)-lysine",NA,NA,NA,"32448-36-5",NA,NA,NA,"66995551","Pos Early","5_galactosylhydroxy_lysine",566,"5_galactosylhydroxy_lysine","sample_cohort"
"1019",100002613,209,63061,221678,"Cofactors and Vitamins","Pantothenate and CoA Metabolism",4371,"NAMED","OTOIIPJYVQJATP-BYPYZUCNSA-N","OC([C@H](O)C(C)(C)CO)=O","pantoate","pantoate",NA,NA,NA,"470-29-1","388387","HMDB0240389","C00522","5289105","Neg","pantoate",574,"(R)-Pantoic acid","MetLinkR"
"1020",100002679,400,38754,156574,"Amino Acid","Glutamate Metabolism",55,"NAMED","UHBYWPGGCSDKFX-UHFFFAOYSA-N","OC(C(C(O)=O)CC(C(O)=O)N)=O","gamma-carboxyglutamate","gamma-carboxyglutamate",NA,NA,NA,"56271-99-9","37241","HMDB0041900",NA,"40772","Pos Early","gamma_carboxyglutamate",575,"gamma-Carboxy-glutamic acid","MetLinkR"
"1021",100002796,209,62873,220667,"Lipid","Medium Chain Fatty Acid",1518,"NAMED","XKZKQTCECFWKBN-SREVYHEPSA-N","OC(CC\C=C/CCCCC)=O","cis-4-decenoate (10:1n6)*","cis-4-decenoate (10:1n6)*",NA,NA,NA,"505-90-8","4471776","HMDB0004980",NA,"5282726","Neg","cis_4_decenoate_10_1n6",585,"4Z-Decenoic acid","MetLinkR"
"1022",100002796,209,62873,220667,"Lipid","Medium Chain Fatty Acid",1518,"NAMED","XKZKQTCECFWKBN-SREVYHEPSA-N","OC(CC\C=C/CCCCC)=O","cis-4-decenoate (10:1n6)*","cis-4-decenoate (10:1n6)*",NA,NA,NA,"505-90-8","4471776","HMDB0004980",NA,"5282726","Neg","cis_4_decenoate_10_1n6",585,"4Z-Decenoic acid","MetLinkR"
"1023",100002796,209,62873,220667,"Lipid","Medium Chain Fatty Acid",1518,"NAMED","XKZKQTCECFWKBN-SREVYHEPSA-N","OC(CC\C=C/CCCCC)=O","cis-4-decenoate (10:1n6)*","cis-4-decenoate (10:1n6)*",NA,NA,NA,"505-90-8","4471776","HMDB0004980",NA,"5282726","Neg","cis_4_decenoate_10_1n6",585,"4Z-Decenoic acid","MetLinkR"
"1024",100002809,402,39787,159189,"Xenobiotics","Drug - Psychoactive",5935,"NAMED","URKOMYMAXPYINW-UHFFFAOYSA-N","OCCOCCN1CCN(C2=NC3=CC=CC=C3SC4=CC=CC=C24)CC1","quetiapine","quetiapine",NA,NA,NA,"111974-69-7","4827","HMDB0005021","D08456,DG00899,C07397","5002","Pos Late","quetiapine",588,"Quetiapine","MetLinkR"
"1025",100002825,402,39760,159177,"Cofactors and Vitamins","Vitamin A Metabolism",4464,"NAMED","GGCUJPCCTQNTJF-FRCNGJHJSA-N","O=C1CCC(C)(C)C(/C=C/C(C)=C/C=C/C(C)=C/C(O)=O)=C1C","4-oxo-retinoic acid","4-oxo-retinoic acid",NA,NA,NA,"38030-57-8","4941652","HMDB0006285",NA,"6437063","Pos Late","4_oxo_retinoic acid",589,"4-Oxo-retinoic acid","MetLinkR"
"1026",100002868,402,39792,159193,"Lipid","Lysophospholipid",2662,"NAMED","UIINDYGXBHJQHX-GDLZYMKVSA-N","CCCCCCCCCCCCCCCCCCCCCC(OC[C@H](COP([O-])(OCC[N+](C)(C)C)=O)O)=O","1-behenoyl-GPC (22:0)","1-behenoyl-GPC (22:0)","LPC 22:0","LPC 22:0","LPC 22:0/0:0","125146-65-8",NA,"HMDB0010398",NA,"24779479","Pos Late","1_behenoyl_gpc_22_0",592,"LPC 22:0","MetLinkR"
"1027",100002868,402,39792,159193,"Lipid","Lysophospholipid",2662,"NAMED","UIINDYGXBHJQHX-GDLZYMKVSA-N","CCCCCCCCCCCCCCCCCCCCCC(OC[C@H](COP([O-])(OCC[N+](C)(C)C)=O)O)=O","1-behenoyl-GPC (22:0)","1-behenoyl-GPC (22:0)","LPC 22:0","LPC 22:0","LPC 22:0/0:0","125146-65-8",NA,"HMDB0010398",NA,"24779479","Pos Late","1_behenoyl_gpc_22_0",592,"LPC 22:0","MetLinkR"
"1028",100002871,402,52698,165471,"Lipid","Lysophospholipid",2665,"NAMED","ZOJBSSVHFSBHMP-JJJSWPRASA-N","CCCCC/C=C\C/C=C\C/C=C\C/C=C\CCCCCC(OC[C@H](COP([O-])(OCC[N+](C)(C)C)=O)O)=O","1-adrenoyl-GPC (22:4)*","1-adrenoyl-GPC (22:4)*","LPC 22:4","LPC 22:4","LPC 22:4/0:0",NA,NA,"HMDB0010401",NA,"52924039","Pos Late","1_adrenoyl_gpc_22_4",593,"LPC 22:4","MetLinkR"
"1029",100002871,402,52698,165471,"Lipid","Lysophospholipid",2665,"NAMED","ZOJBSSVHFSBHMP-JJJSWPRASA-N","CCCCC/C=C\C/C=C\C/C=C\C/C=C\CCCCCC(OC[C@H](COP([O-])(OCC[N+](C)(C)C)=O)O)=O","1-adrenoyl-GPC (22:4)*","1-adrenoyl-GPC (22:4)*","LPC 22:4","LPC 22:4","LPC 22:4/0:0",NA,NA,"HMDB0010401",NA,"52924039","Pos Late","1_adrenoyl_gpc_22_4",593,"LPC 22:4","MetLinkR"
"1030",100002871,402,52698,165471,"Lipid","Lysophospholipid",2665,"NAMED","ZOJBSSVHFSBHMP-JJJSWPRASA-N","CCCCC/C=C\C/C=C\C/C=C\C/C=C\CCCCCC(OC[C@H](COP([O-])(OCC[N+](C)(C)C)=O)O)=O","1-adrenoyl-GPC (22:4)*","1-adrenoyl-GPC (22:4)*","LPC 22:4","LPC 22:4","LPC 22:4/0:0",NA,NA,"HMDB0010401",NA,"52924039","Pos Late","1_adrenoyl_gpc_22_4",593,"LPC 22:4","MetLinkR"
"1031",100002871,402,52698,165471,"Lipid","Lysophospholipid",2665,"NAMED","ZOJBSSVHFSBHMP-JJJSWPRASA-N","CCCCC/C=C\C/C=C\C/C=C\C/C=C\CCCCCC(OC[C@H](COP([O-])(OCC[N+](C)(C)C)=O)O)=O","1-adrenoyl-GPC (22:4)*","1-adrenoyl-GPC (22:4)*","LPC 22:4","LPC 22:4","LPC 22:4/0:0",NA,NA,"HMDB0010401",NA,"52924039","Pos Late","1_adrenoyl_gpc_22_4",593,"LPC 22:4","MetLinkR"
"1032",100002874,402,55071,208194,"Lipid","Lysophospholipid",2675,"NAMED","GDXMCRNTFPQYOQ-RPUPUBLZSA-N","CCCCCCCC/C=C\CCCCCCCCCCCCCC(OC[C@H](COP([O-])(OCC[N+](C)(C)C)=O)O)=O","1-nervonoyl-GPC (24:1n9)*","1-nervonoyl-GPC (24:1n9)*","LPC 24:1","LPC 24:1(15)","LPC 24:1/0:0",NA,NA,"HMDB0010406",NA,"53480477","Pos Late","1_nervonoyl_gpc_24_1n9",595,"LPC 24:1","MetLinkR"
"1033",100002874,402,55071,208194,"Lipid","Lysophospholipid",2675,"NAMED","GDXMCRNTFPQYOQ-RPUPUBLZSA-N","CCCCCCCC/C=C\CCCCCCCCCCCCCC(OC[C@H](COP([O-])(OCC[N+](C)(C)C)=O)O)=O","1-nervonoyl-GPC (24:1n9)*","1-nervonoyl-GPC (24:1n9)*","LPC 24:1","LPC 24:1(15)","LPC 24:1/0:0",NA,NA,"HMDB0010406",NA,"53480477","Pos Late","1_nervonoyl_gpc_24_1n9",595,"LPC 24:1","MetLinkR"
"1034",100002874,402,55071,208194,"Lipid","Lysophospholipid",2675,"NAMED","GDXMCRNTFPQYOQ-RPUPUBLZSA-N","CCCCCCCC/C=C\CCCCCCCCCCCCCC(OC[C@H](COP([O-])(OCC[N+](C)(C)C)=O)O)=O","1-nervonoyl-GPC (24:1n9)*","1-nervonoyl-GPC (24:1n9)*","LPC 24:1","LPC 24:1(15)","LPC 24:1/0:0",NA,NA,"HMDB0010406",NA,"53480477","Pos Late","1_nervonoyl_gpc_24_1n9",595,"LPC 24:1","MetLinkR"
"1035",100002874,402,55071,208194,"Lipid","Lysophospholipid",2675,"NAMED","GDXMCRNTFPQYOQ-RPUPUBLZSA-N","CCCCCCCC/C=C\CCCCCCCCCCCCCC(OC[C@H](COP([O-])(OCC[N+](C)(C)C)=O)O)=O","1-nervonoyl-GPC (24:1n9)*","1-nervonoyl-GPC (24:1n9)*","LPC 24:1","LPC 24:1(15)","LPC 24:1/0:0",NA,NA,"HMDB0010406",NA,"53480477","Pos Late","1_nervonoyl_gpc_24_1n9",595,"LPC 24:1","MetLinkR"
"1036",100002910,400,62946,220814,"Amino Acid","Histidine Metabolism",95,"NAMED","UJCGYTCAMOHYCG-UHFFFAOYSA-N","O=C(O)CC1=CN=CN1C","1-methyl-5-imidazoleacetate","1-methyl-5-imidazoleacetate",NA,NA,NA,"4200-48-0","4954265","HMDB0004988",NA,"6451814","Pos Early","1_methyl_5_imidazoleacetate",599,"1-Methyl-5-imidazoleacetic acid","MetLinkR"
"1037",100002945,209,38768,143701,"Lipid","Fatty Acid, Branched",1665,"NAMED","IIUXHTGBZYEGHI-UHFFFAOYSA-N","CC(CCCCCCCCCCCCCC(O)=O)C","(14 or 15)-methylpalmitate (a17:0 or i17:0)","(14 or 15)-methylpalmitate (a17:0 or i17:0)",NA,NA,NA,NA,NA,"HMDB0061859","C16995","8181,17903417","Neg","14 or 15_methylpalmitate_a17_0 or i17_0",604,"Methyl hexadecanoate","MetLinkR"
"1038",100002945,209,38768,143701,"Lipid","Fatty Acid, Branched",1665,"NAMED","IIUXHTGBZYEGHI-UHFFFAOYSA-N","CC(CCCCCCCCCCCCCC(O)=O)C","(14 or 15)-methylpalmitate (a17:0 or i17:0)","(14 or 15)-methylpalmitate (a17:0 or i17:0)",NA,NA,NA,NA,NA,"HMDB0061859","C16995","8181,17903417","Neg","14 or 15_methylpalmitate_a17_0 or i17_0",604,"Methyl hexadecanoate","MetLinkR"
"1039",100002945,209,38768,143701,"Lipid","Fatty Acid, Branched",1665,"NAMED","IIUXHTGBZYEGHI-UHFFFAOYSA-N","CC(CCCCCCCCCCCCCC(O)=O)C","(14 or 15)-methylpalmitate (a17:0 or i17:0)","(14 or 15)-methylpalmitate (a17:0 or i17:0)",NA,NA,NA,NA,NA,"HMDB0061859","C16995","8181,17903417","Neg","14 or 15_methylpalmitate_a17_0 or i17_0",604,"Methyl hexadecanoate","MetLinkR"
"1040",100002951,209,39831,141952,"Lipid","Fatty Acid, Dicarboxylate",1725,"NAMED","JJOJFIHJIRWASH-UHFFFAOYSA-N","O=C(O)CCCCCCCCCCCCCCCCCCC(O)=O","eicosanedioate (C20-DC)","eicosanedioate (C20-DC)",NA,NA,NA,"2424-92-2","68030",NA,NA,"75502","Neg","eicosanedioate_c20_dc",605,"Eicosanedioic acid","MetLinkR"
"1041",100002952,209,39837,141956,"Lipid","Fatty Acid, Dicarboxylate",1727,"NAMED","DGXRZJSPDXZJFG-UHFFFAOYSA-N","O=C(O)CCCCCCCCCCCCCCCCCCCCC(O)=O","docosadioate (C22-DC)","docosadioate (C22-DC)",NA,NA,NA,"505-56-6","214170",NA,"C14240","7641","Neg","docosadioate_c22_dc",606,"Diethylhexyl adipate","MetLinkR"
"1042",100003001,402,39271,180976,"Lipid","Lysoplasmalogen",2864,"NAMED","KACDZDULGKPXHT-BIHRDVDLSA-N","O=P(OCC[NH3+])([O-])OC[C@H](O)CO/C=C/CCCCCCCCCCCCCCCC","1-(1-enyl-stearoyl)-GPE (P-18:0)*","1-(1-enyl-stearoyl)-GPE (P-18:0)*","LPE O-18:1","LPE P-18:0","LPE P-18:0/0:0",NA,NA,"HMDB0240598",NA,NA,"Pos Late","1_1_enyl_stearoyl_gpe_p_18_0",612,"LPE 18:1","MetLinkR"
"1043",100003001,402,39271,180976,"Lipid","Lysoplasmalogen",2864,"NAMED","KACDZDULGKPXHT-BIHRDVDLSA-N","O=P(OCC[NH3+])([O-])OC[C@H](O)CO/C=C/CCCCCCCCCCCCCCCC","1-(1-enyl-stearoyl)-GPE (P-18:0)*","1-(1-enyl-stearoyl)-GPE (P-18:0)*","LPE O-18:1","LPE P-18:0","LPE P-18:0/0:0",NA,NA,"HMDB0240598",NA,NA,"Pos Late","1_1_enyl_stearoyl_gpe_p_18_0",612,"LPE 18:1","MetLinkR"
"1044",100003001,402,39271,180976,"Lipid","Lysoplasmalogen",2864,"NAMED","KACDZDULGKPXHT-BIHRDVDLSA-N","O=P(OCC[NH3+])([O-])OC[C@H](O)CO/C=C/CCCCCCCCCCCCCCCC","1-(1-enyl-stearoyl)-GPE (P-18:0)*","1-(1-enyl-stearoyl)-GPE (P-18:0)*","LPE O-18:1","LPE P-18:0","LPE P-18:0/0:0",NA,NA,"HMDB0240598",NA,NA,"Pos Late","1_1_enyl_stearoyl_gpe_p_18_0",612,"LPE 18:1","MetLinkR"
"1045",100003001,402,39271,180976,"Lipid","Lysoplasmalogen",2864,"NAMED","KACDZDULGKPXHT-BIHRDVDLSA-N","O=P(OCC[NH3+])([O-])OC[C@H](O)CO/C=C/CCCCCCCCCCCCCCCC","1-(1-enyl-stearoyl)-GPE (P-18:0)*","1-(1-enyl-stearoyl)-GPE (P-18:0)*","LPE O-18:1","LPE P-18:0","LPE P-18:0/0:0",NA,NA,"HMDB0240598",NA,NA,"Pos Late","1_1_enyl_stearoyl_gpe_p_18_0",612,"LPE 18:1","MetLinkR"
"1046",100003001,402,39271,180976,"Lipid","Lysoplasmalogen",2864,"NAMED","KACDZDULGKPXHT-BIHRDVDLSA-N","O=P(OCC[NH3+])([O-])OC[C@H](O)CO/C=C/CCCCCCCCCCCCCCCC","1-(1-enyl-stearoyl)-GPE (P-18:0)*","1-(1-enyl-stearoyl)-GPE (P-18:0)*","LPE O-18:1","LPE P-18:0","LPE P-18:0/0:0",NA,NA,"HMDB0240598",NA,NA,"Pos Late","1_1_enyl_stearoyl_gpe_p_18_0",612,"LPE 18:1","MetLinkR"
"1047",100003008,209,39223,149867,"Lipid","Lysophospholipid",2746,"NAMED","GRWOGFDNIAYTPK-DTNGDMSLSA-N","[H]C(C(O)(C(O)([C@](O)1[H])[H])[H])([C@@](OP(O)(O[C@](COC(CCCCCCCCCCCCCCCCC)=O)(CO)[H])=O)([C@]1(O)[H])[H])O","2-stearoyl-GPI (18:0)*","2-stearoyl-GPI (18:0)*","LPI 18:0","LPI 18:0","LPI 0:0/18:0",NA,NA,"HMDB0061704",NA,"131770413","Neg","2_stearoyl_gpi_18_0",613,"LPI 0:0/18:0","MetLinkR"
"1048",100003008,209,39223,149867,"Lipid","Lysophospholipid",2746,"NAMED","GRWOGFDNIAYTPK-DTNGDMSLSA-N","[H]C(C(O)(C(O)([C@](O)1[H])[H])[H])([C@@](OP(O)(O[C@](COC(CCCCCCCCCCCCCCCCC)=O)(CO)[H])=O)([C@]1(O)[H])[H])O","2-stearoyl-GPI (18:0)*","2-stearoyl-GPI (18:0)*","LPI 18:0","LPI 18:0","LPI 0:0/18:0",NA,NA,"HMDB0061704",NA,"131770413","Neg","2_stearoyl_gpi_18_0",613,"LPI 0:0/18:0","MetLinkR"
"1049",100003064,209,57345,210847,"Lipid","Galactosyl Glycerolipids",2996,"NAMED","NHJUPBDCSOGIKX-NTXXKDEISA-N","O[C@H]1[C@@H](O)[C@@H](CO)O[C@@H](OC[C@H](O)CO)[C@@H]1O","galactosylglycerol","galactosylglycerol",NA,NA,NA,"16232-91-0","10263569","HMDB0006790","C05401","16048618","Neg","galactosylglycerol",614,"Epsilon-caprolactam","MetLinkR"
"1050",100003064,209,57345,210847,"Lipid","Galactosyl Glycerolipids",2996,"NAMED","NHJUPBDCSOGIKX-NTXXKDEISA-N","O[C@H]1[C@@H](O)[C@@H](CO)O[C@@H](OC[C@H](O)CO)[C@@H]1O","galactosylglycerol","galactosylglycerol",NA,NA,NA,"16232-91-0","10263569","HMDB0006790","C05401","16048618","Neg","galactosylglycerol",614,"Epsilon-caprolactam","MetLinkR"
"1051",100003101,209,39346,144302,"Cofactors and Vitamins","Tocopherol Metabolism",4406,"NAMED","MWDYOFPRWKTECC-UHFFFAOYSA-N","OC(C1C(O)C(O)C(O)C(OC2=C(C)C(C)=C(OC(C)(CCC(O)=O)CC3)C3=C2C)O1)=O","alpha-CEHC glucuronide*","alpha-CEHC glucuronide*",NA,NA,NA,"477200-36-5",NA,"HMDB0062445",NA,"134819285","Neg","alpha_cehc glucuronide",615,"alpha-CEHC glucuronide","MetLinkR"
"1052",100003119,209,39732,143757,"Lipid","Endocannabinoid",2195,"NAMED","KOGRJTUIKPMZEJ-KTKRTIGZSA-N","O=C(CCCCCCC/C=C\CCCCCCCC)NCCS(O)(=O)=O","N-oleoyltaurine","N-oleoyltaurine",NA,NA,NA,"52514-04-2","4941625",NA,NA,"6437033","Neg","n_oleoyltaurine",616,"NA-Taurine 18:1(9Z)","MetLinkR"
"1053",100003239,209,39835,141954,"Lipid","Endocannabinoid",2197,"NAMED","LPDJCYFKKSLKRO-UHFFFAOYSA-N","O=C(NCCS(=O)(O)=O)CCCCCCCCCCCCCCC","N-palmitoyltaurine","N-palmitoyltaurine",NA,NA,NA,"83982-06-3","14435932",NA,NA,"14504290","Neg","n_palmitoyltaurine",621,"NA-Taurine 16:0","MetLinkR"
"1054",100003240,209,39730,143759,"Lipid","Endocannabinoid",2196,"NAMED","LMIJIHJZVURGQK-UHFFFAOYSA-N","O=C(CCCCCCCCCCCCCCCCC)NCCS(=O)(O)=O","N-stearoyltaurine","N-stearoyltaurine",NA,NA,NA,"63155-80-6","147194",NA,NA,"168274","Neg","n_stearoyltaurine",622,"NA-Taurine 18:0","MetLinkR"
"1055",100003258,209,63990,232911,"Cofactors and Vitamins","Ascorbate and Aldarate Metabolism",4388,"NAMED","RMHBODZVODTFAH-UHFFFAOYSA-N","OC1=C(OC)C(C(C(CO)O)O1)=O","2-O-methylascorbic acid","2-O-methylascorbic acid",NA,NA,NA,"17860-87-6","90149","HMDB0240294",NA,"54726398","Neg","2_o_methylascorbic acid",623,"2-O-Methylascorbic acid","MetLinkR"
"1056",100003271,209,54923,208316,"Amino Acid","Glutamate Metabolism",58,"NAMED","GAQNUGISBQJMKO-UHFFFAOYSA-N","OC(CC(C(NC(CCC(O)=O)C(O)=O)=O)(CC(O)=O)O)=O","beta-citrylglutamate","beta-citrylglutamate",NA,NA,NA,"73590-26-8","19992713",NA,"C20775","189741","Neg","beta_citrylglutamate",624,"beta_citrylglutamate","sample_cohort"
"1057",100003432,209,40481,143017,"Xenobiotics","Food Component/Plant",4916,"NAMED","BOLQJTPHPSDZHR-UHFFFAOYSA-N","O=C(CCC1=CC=C(O)C(OC)=C1)O","dihydroferulate","dihydroferulate",NA,NA,NA,"1135-23-5","13701","HMDB0062121",NA,"14340","Neg","dihydroferulate",628,"Dihydroferulic acid","MetLinkR"
"1058",100003446,402,40492,221266,"Xenobiotics","Drug - Psychoactive",5927,"NAMED","GJJFMKBJSRMPLA-AFYYWNPRSA-N","O=C(C1([C@H](C1)CN)C2=CC=CC=C2)N(CC)CC","milnacipran","milnacipran",NA,NA,NA,"101152-94-7",NA,"HMDB0015602","DG00960,D08222","65833","Pos Late","milnacipran",632,"Levomilnacipran","MetLinkR"
"1059",100003446,402,40492,221266,"Xenobiotics","Drug - Psychoactive",5927,"NAMED","GJJFMKBJSRMPLA-AFYYWNPRSA-N","O=C(C1([C@H](C1)CN)C2=CC=CC=C2)N(CC)CC","milnacipran","milnacipran",NA,NA,NA,"101152-94-7",NA,"HMDB0015602","DG00960,D08222","65833","Pos Late","milnacipran",632,"Levomilnacipran","MetLinkR"
"1060",100003450,402,40437,221248,"Xenobiotics","Drug - Psychoactive",5930,"NAMED","RONZAEMNMFQXRA-UHFFFAOYSA-N","CN(CC1)CC(C2=C(C3)C=CC=C2)N1C4=C3C=CC=N4","mirtazapine","mirtazapine",NA,NA,NA,"61337-67-5","4060","HMDB0014514","C07570","4205","Pos Late","mirtazapine",633,"Mirtazapine","MetLinkR"
"1061",100003695,305,62864,220652,"Xenobiotics","Food Component/Plant",4996,"NAMED","RGHNJXZEOKUKBD-MBMOQRBOSA-N","O=C([C@H]([C@H]([C@@H]([C@@H](CO)O)O)O)O)O","mannonate*","mannonate*",NA,NA,NA,"642-99-9","2496757",NA,NA,"3246006","Polar","mannonate",639,"Mannonic acid","MetLinkR"
"1062",100003823,400,42561,156923,"Xenobiotics","Food Component/Plant",4829,"NAMED","SGZFJWQQBHYNNF-UHFFFAOYSA-N","O=C(N1)C(O)C2=C1C=CC=C2","3-hydroxyindolin-2-one","3-hydroxyindolin-2-one",NA,NA,NA,"61-71-2","5872",NA,"C11130","6097","Pos Early","3_hydroxyindolin_2_one",641,"3-Hydroxyindolin-2-one","MetLinkR"
"1063",100004084,209,42603,219576,"Lipid","Secondary Bile Acid Metabolism",3561,"NAMED","XSOLDPYUICCHJX-QZWOQUDZSA-N","O[C@H]1C(C2[C@](CC[C@H]3O)(C)C(C3)[C@H]1O)C4[C@@](CC2)(C)C([C@H](C)CCC(NCCS(O)(=O)=O)=O)CC4","taurohyocholate*","taurohyocholate*",NA,NA,NA,NA,NA,"HMDB0011637","C15516","11954195","Neg","taurohyocholate",653,"Tauro-alpha-muricholic acid","MetLinkR"
"1064",100004084,209,42603,219576,"Lipid","Secondary Bile Acid Metabolism",3561,"NAMED","XSOLDPYUICCHJX-QZWOQUDZSA-N","O[C@H]1C(C2[C@](CC[C@H]3O)(C)C(C3)[C@H]1O)C4[C@@](CC2)(C)C([C@H](C)CCC(NCCS(O)(=O)=O)=O)CC4","taurohyocholate*","taurohyocholate*",NA,NA,NA,NA,NA,"HMDB0011637","C15516","11954195","Neg","taurohyocholate",653,"Tauro-alpha-muricholic acid","MetLinkR"
"1065",100004084,209,42603,219576,"Lipid","Secondary Bile Acid Metabolism",3561,"NAMED","XSOLDPYUICCHJX-QZWOQUDZSA-N","O[C@H]1C(C2[C@](CC[C@H]3O)(C)C(C3)[C@H]1O)C4[C@@](CC2)(C)C([C@H](C)CCC(NCCS(O)(=O)=O)=O)CC4","taurohyocholate*","taurohyocholate*",NA,NA,NA,NA,NA,"HMDB0011637","C15516","11954195","Neg","taurohyocholate",653,"Tauro-alpha-muricholic acid","MetLinkR"
"1066",100004084,209,42603,219576,"Lipid","Secondary Bile Acid Metabolism",3561,"NAMED","XSOLDPYUICCHJX-QZWOQUDZSA-N","O[C@H]1C(C2[C@](CC[C@H]3O)(C)C(C3)[C@H]1O)C4[C@@](CC2)(C)C([C@H](C)CCC(NCCS(O)(=O)=O)=O)CC4","taurohyocholate*","taurohyocholate*",NA,NA,NA,NA,NA,"HMDB0011637","C15516","11954195","Neg","taurohyocholate",653,"Tauro-alpha-muricholic acid","MetLinkR"
"1067",100004110,209,46164,144277,"Xenobiotics","Benzoate Metabolism",4540,"NAMED","TZVUCGJSHGKWCJ-UHFFFAOYSA-N","OC1=C(OS(=O)(O)=O)C(C)=CC=C1","3-methyl catechol sulfate (2)","3-methyl catechol sulfate (2)",NA,NA,NA,NA,NA,NA,NA,NA,"Neg","3_methyl catechol sulfate",656,"3_methyl catechol sulfate","sample_cohort"
"1068",100004111,209,46146,144253,"Xenobiotics","Benzoate Metabolism",4542,"NAMED","NCOMUGOPQPRVSE-UHFFFAOYSA-N","OC1=CC(C)=CC=C1OS(O)(=O)=O","4-methylcatechol sulfate","4-methylcatechol sulfate",NA,NA,NA,NA,NA,"HMDB0240459",NA,"54104170","Neg","4_methylcatechol sulfate",657,"4-Methylcatechol 1-sulfate","MetLinkR"
"1069",100004112,209,46165,144278,"Xenobiotics","Benzoate Metabolism",4539,"NAMED","HFDKYCXWNHNKAF-UHFFFAOYSA-N","OC1=C(C)C=CC=C1OS(O)(=O)=O","3-methyl catechol sulfate (1)","3-methyl catechol sulfate (1)",NA,NA,NA,NA,NA,NA,NA,"118431379","Neg","3_methyl catechol sulfate",658,"3_methyl catechol sulfate","sample_cohort"
"1070",100004194,209,64097,235199,"Lipid","Secondary Bile Acid Metabolism",3520,"NAMED","KNVADAPHVNKTEP-KNKJOJGFSA-N","CC(C1CCC2C(C3CC[C@]12C)C(CC4CC(CC[C@@]43C)=O)O)CCC(O)=O","3-dehydrochenodeoxycholate","3-dehydrochenodeoxycholate",NA,NA,NA,"4185-00-6",NA,"HMDB0000503",NA,"5283932","Neg","3_dehydrochenodeoxycholate",663,"3-Ketochenodeoxycholic acid","MetLinkR"
"1071",100004243,209,42381,144301,"Cofactors and Vitamins","Tocopherol Metabolism",4405,"NAMED","NOZSTAZEOBPSBY-UHFFFAOYSA-N","OC(C1C(O)C(O)C(O)C(OC2=C(C)C(C)=C(OC(C)(CCC(O)=O)CC3)C3=C2)O1)=O","gamma-CEHC glucuronide*","gamma-CEHC glucuronide*",NA,NA,NA,NA,NA,NA,NA,"121596235","Neg","gamma_cehc glucuronide",666,"gamma-CEHC glucuronide","MetLinkR"
"1072",100004318,400,43374,157003,"Xenobiotics","Food Component/Plant",4975,"NAMED","JYGFTBXVXVMTGB-UHFFFAOYSA-N","O=C1CC2=C(N1)C=CC=C2","indolin-2-one","indolin-2-one",NA,NA,NA,"59-48-3","284794",NA,"C12312","321710","Pos Early","indolin_2_one",669,"Indolin-2-one","MetLinkR"
"1073",100004321,209,48691,207569,"Xenobiotics","Food Component/Plant",4814,"NAMED","ZLYUIVZAQHFCNP-UHFFFAOYSA-N","O=C1C=CC2=CC=CC(OS(=O)(O)=O)=C2N1","2,8-quinolinediol sulfate","2,8-quinolinediol sulfate",NA,NA,NA,NA,NA,"HMDB0240658",NA,NA,"Neg","2_8_quinolinediol sulfate",670,"2,8-Quinolinediol sulfate","MetLinkR"
"1074",100004327,209,45966,148646,"Lipid","Lysophospholipid",2726,"NAMED","ZPDQFUYPBVXUKS-KEKNWZKVSA-N","O=P(O)(OCC(O)COC(CCCCCCCCCCCCCCCCC)=O)OC[C@@H](C(O)=O)N","1-stearoyl-GPS (18:0)*","1-stearoyl-GPS (18:0)*","LPS 18:0","LPS 18:0","LPS 18:0/0:0",NA,"7826051","HMDB0061698",NA,"74819135","Neg","1_stearoyl_gps_18_0",673,"LPS 18:0","MetLinkR"
"1075",100004327,209,45966,148646,"Lipid","Lysophospholipid",2726,"NAMED","ZPDQFUYPBVXUKS-KEKNWZKVSA-N","O=P(O)(OCC(O)COC(CCCCCCCCCCCCCCCCC)=O)OC[C@@H](C(O)=O)N","1-stearoyl-GPS (18:0)*","1-stearoyl-GPS (18:0)*","LPS 18:0","LPS 18:0","LPS 18:0/0:0",NA,"7826051","HMDB0061698",NA,"74819135","Neg","1_stearoyl_gps_18_0",673,"LPS 18:0","MetLinkR"
"1076",100004329,402,42459,161023,"Lipid","Sphingomyelins",3146,"NAMED","IWHLTJGDYLJQSH-FLPFCPAFSA-N","CCCCC/C=C/CCCCCCCCC(N[C@@](COP([O-])(OCC[N+](C)(C)C)=O)([C@](O)(/C=C/CCCCCCCCCCCCC)[H])[H])=O","sphingomyelin (d18:2/16:0, d18:1/16:1)*","sphingomyelin (d18:2/16:0, d18:1/16:1)*","SM 34:2;O2","Unknown","Unknown",NA,NA,"HMDB0240638,HMDB0240613",NA,NA,"Pos Late","sphingomyelin_d18_2_16_0_d18_1_16_1",675,"sphingomyelin_d18_2_16_0_d18_1_16_1","sample_cohort"
"1077",100004414,209,61702,218007,"Lipid","Fatty Acid, Branched",1677,"NAMED","CGKMKXBKVBXUGK-UHFFFAOYSA-N","OC(C(O)=O)C(C)CCCC(C)CCCC(C)CCCC(C)C","2-hydroxyphytanate*","2-hydroxyphytanate*",NA,NA,NA,"14721-68-7","164249","HMDB0061666",NA,"189026","Neg","2_hydroxyphytanate",676,"2-Hydroxyphytanic acid","MetLinkR"
"1078",100004542,400,43761,157045,"Lipid","Fatty Acid, Amino",1773,"NAMED","RDFMDVXONNIGBC-UHFFFAOYSA-N","OC(C(CCCCC)N([H])[H])=O","2-aminoheptanoate","2-aminoheptanoate",NA,NA,NA,"1115-90-8","198338","HMDB0094649",NA,"227939","Pos Early","2_aminoheptanoate",682,"2-Aminoheptanoic acid","MetLinkR"
"1079",100004542,400,43761,157045,"Lipid","Fatty Acid, Amino",1773,"NAMED","RDFMDVXONNIGBC-UHFFFAOYSA-N","OC(C(CCCCC)N([H])[H])=O","2-aminoheptanoate","2-aminoheptanoate",NA,NA,NA,"1115-90-8","198338","HMDB0094649",NA,"227939","Pos Early","2_aminoheptanoate",682,"2-Aminoheptanoic acid","MetLinkR"
"1080",100004575,209,43591,153118,"Amino Acid","Urea cycle; Arginine and Proline Metabolism",518,"NAMED","XUYANFPPYJSBPU-UHFFFAOYSA-N","OC(C(CCCNC(C)=O)N([H])C(C)=O)=O","N2,N5-diacetylornithine","N2,N5-diacetylornithine",NA,NA,NA,"39825-23-5","8573834","HMDB0240345",NA,"65977","Neg","n2_n5_diacetylornithine",686,"N2,N5-Diacetylornithine","MetLinkR"
"1081",100004601,209,57783,213695,"Xenobiotics","Bacterial/Fungal",5366,"NAMED","KNSAWRXCIVESQC-UHFFFAOYSA-N","O=C(O)CC1=C2C(C=CN2)=CC=C1","1H-indole-7-acetic acid","1H-indole-7-acetic acid",NA,NA,NA,"39689-63-9","13535457",NA,NA,"18356439","Neg","1h_indole_7_acetic acid",687,"1H-Indole-7-acetic acid","MetLinkR"
"1082",100005352,402,44560,159608,"Lipid","Lysophospholipid",2651,"NAMED","YYSFWGQAKJTHRE-OUKQBFOZSA-N","C[N+](CCOP(OCC(O)COC(CCCCCCCCC/C=C/CCCCCCCC)=O)([O-])=O)(C)C","1-eicosenoyl-GPC (20:1)*","1-eicosenoyl-GPC (20:1)*","LPC 20:1","LPC 20:1","LPC 20:1/0:0",NA,NA,"HMDB0010391",NA,"52924051","Pos Late","1_eicosenoyl_gpc_20_1",692,"LPC 20:1","MetLinkR"
"1083",100005352,402,44560,159608,"Lipid","Lysophospholipid",2651,"NAMED","YYSFWGQAKJTHRE-OUKQBFOZSA-N","C[N+](CCOP(OCC(O)COC(CCCCCCCCC/C=C/CCCCCCCC)=O)([O-])=O)(C)C","1-eicosenoyl-GPC (20:1)*","1-eicosenoyl-GPC (20:1)*","LPC 20:1","LPC 20:1","LPC 20:1/0:0",NA,NA,"HMDB0010391",NA,"52924051","Pos Late","1_eicosenoyl_gpc_20_1",692,"LPC 20:1","MetLinkR"
"1084",100005352,402,44560,159608,"Lipid","Lysophospholipid",2651,"NAMED","YYSFWGQAKJTHRE-OUKQBFOZSA-N","C[N+](CCOP(OCC(O)COC(CCCCCCCCC/C=C/CCCCCCCC)=O)([O-])=O)(C)C","1-eicosenoyl-GPC (20:1)*","1-eicosenoyl-GPC (20:1)*","LPC 20:1","LPC 20:1","LPC 20:1/0:0",NA,NA,"HMDB0010391",NA,"52924051","Pos Late","1_eicosenoyl_gpc_20_1",692,"LPC 20:1","MetLinkR"
"1085",100005352,402,44560,159608,"Lipid","Lysophospholipid",2651,"NAMED","YYSFWGQAKJTHRE-OUKQBFOZSA-N","C[N+](CCOP(OCC(O)COC(CCCCCCCCC/C=C/CCCCCCCC)=O)([O-])=O)(C)C","1-eicosenoyl-GPC (20:1)*","1-eicosenoyl-GPC (20:1)*","LPC 20:1","LPC 20:1","LPC 20:1/0:0",NA,NA,"HMDB0010391",NA,"52924051","Pos Late","1_eicosenoyl_gpc_20_1",692,"LPC 20:1","MetLinkR"
"1086",100005353,402,47087,159895,"Lipid","Lysophospholipid",2645,"NAMED","WYIMORDZGCUBAA-UHFFFAOYSA-N","C[N+](CCOP(OCC(O)COC(CCCCCCCCCCCCCCCCCC)=O)([O-])=O)(C)C","1-nonadecanoyl-GPC (19:0)","1-nonadecanoyl-GPC (19:0)","LPC 19:0","LPC 19:0","LPC 19:0/0:0","108273-88-7","24823014",NA,NA,NA,"Pos Late","1_nonadecanoyl_gpc_19_0",693,"1_nonadecanoyl_gpc_19_0","sample_cohort"
"1087",100005367,209,45404,144585,"Xenobiotics","Food Component/Plant",4854,"NAMED","CCCNUHFRBBIFHO-CVSPRKDYSA-N","C=CCS(C[C@H](NC(C)=O)C(O)=O)=O","N-acetylalliin","N-acetylalliin",NA,NA,NA,NA,NA,NA,NA,NA,"Neg","n_acetylalliin",694,"n_acetylalliin","sample_cohort"
"1088",100005371,209,44630,142531,"Lipid","Lysophospholipid",2707,"NAMED","RNWSKZCVPICGIX-DQXFYRDTSA-N","O=C(CCCCCC/C=C\C/C=C\C/C=C\CCCCC)OC[C@@](O)([H])COP(OCCN)(O)=O","1-dihomo-linolenoyl-GPE (20:3n3 or 6)*","1-dihomo-linolenoyl-GPE (20:3n3 or 6)*","LPE 20:3","LPE 20:3","LPE 20:3/0:0",NA,NA,"HMDB0011514,HMDB0011516",NA,NA,"Neg","1_dihomo_linolenoyl_gpe_20_3n3 or 6",695,"1_dihomo_linolenoyl_gpe_20_3n3 or 6","sample_cohort"
"1089",100005372,402,44621,163990,"Lipid","Lysoplasmalogen",2862,"NAMED","URGVIWXYPWWBQO-ZCJATDNESA-N","O=P(OCC[NH3+])([O-])OC[C@H](O)CO/C=C/CCCCCC/C=C/CCCCCCCC","1-(1-enyl-oleoyl)-GPE (P-18:1)*","1-(1-enyl-oleoyl)-GPE (P-18:1)*","LPE O-18:2","LPE P-18:1","LPE P-18:1/0:0",NA,NA,NA,NA,NA,"Pos Late","1_1_enyl_oleoyl_gpe_p_18_1",696,"1_1_enyl_oleoyl_gpe_p_18_1","sample_cohort"
"1090",100005373,400,46227,221883,"Amino Acid","Lysine Metabolism",124,"NAMED","BFSYFTQDGRDJNV-QCNRFFRDSA-N","OC[C@@H](O)[C@@H](O)[C@H](O)C(CNCCCC[C@@H](N)C(O)=O)=O","fructosyllysine","fructosyllysine",NA,NA,NA,"21291-40-7","110281","HMDB0034879",NA,"9839580","Pos Early","fructosyllysine",697,"Fructosyllysine","MetLinkR"
"1091",100005376,209,62352,219482,"Lipid","Lysophospholipid",2704,"NAMED","JEAGLCKGAKACCE-MDZDMXLPSA-N","O=P(OCC(O)COC(CCCCCCCCC/C=C/CCCCCCCC)=O)(O)OCCN","1-eicosenoyl-GPE (20:1)*","1-eicosenoyl-GPE (20:1)*","LPE 20:1","LPE 20:1","LPE 20:1/0:0",NA,NA,"HMDB0011518",NA,"52925139","Neg","1_eicosenoyl_gpe_20_1",698,"LPE 20:4","MetLinkR"
"1092",100005376,209,62352,219482,"Lipid","Lysophospholipid",2704,"NAMED","JEAGLCKGAKACCE-MDZDMXLPSA-N","O=P(OCC(O)COC(CCCCCCCCC/C=C/CCCCCCCC)=O)(O)OCCN","1-eicosenoyl-GPE (20:1)*","1-eicosenoyl-GPE (20:1)*","LPE 20:1","LPE 20:1","LPE 20:1/0:0",NA,NA,"HMDB0011518",NA,"52925139","Neg","1_eicosenoyl_gpe_20_1",698,"LPE 20:4","MetLinkR"
"1093",100005376,209,62352,219482,"Lipid","Lysophospholipid",2704,"NAMED","JEAGLCKGAKACCE-MDZDMXLPSA-N","O=P(OCC(O)COC(CCCCCCCCC/C=C/CCCCCCCC)=O)(O)OCCN","1-eicosenoyl-GPE (20:1)*","1-eicosenoyl-GPE (20:1)*","LPE 20:1","LPE 20:1","LPE 20:1/0:0",NA,NA,"HMDB0011518",NA,"52925139","Neg","1_eicosenoyl_gpe_20_1",698,"LPE 20:4","MetLinkR"
"1094",100005384,209,45413,143779,"Xenobiotics","Chemical",6135,"NAMED","CIQHWLTYGMYQQR-QMMMGPOBSA-N","OS(OC1=CC=C(C[C@H](N)C(O)=O)C=C1)(=O)=O","O-sulfo-tyrosine","O-sulfo-tyrosine",NA,NA,NA,NA,"448617","HMDB0155722",NA,"514186","Neg","o_sulfo_tyrosine",700,"Sulfotyrosine","MetLinkR"
"1095",100005391,209,45415,153117,"Xenobiotics","Benzoate Metabolism",4605,"NAMED","IQWLPDPKVFZEOK-UHFFFAOYSA-N","OS(OC1=CC=CC(CCC(O)=O)=C1)(=O)=O","3-(3-hydroxyphenyl)propionate sulfate","3-(3-hydroxyphenyl)propionate sulfate",NA,NA,NA,"86321-32-6","162993","HMDB0094710",NA,"187488","Neg","3_3_hydroxyphenyl_propionate sulfate",702,"3-(3-Sulfooxyphenyl)propanoic acid","MetLinkR"
"1096",100005396,209,47132,149409,"Lipid","Androgenic Steroids",3414,"NAMED","ZJYZOWMDMWQJIV-UPDIMMRZSA-N","O[C@@H]1CC[C@]2(C)[C@]3([H])[C@](CCC2C1)([H])[C@@](CC4)([H])[C@@](CC3)(C)[C@H]4O[C@@H]([C@@H]([C@H]5O)O)O[C@H](C(O)=O)[C@H]5O","5alpha-androstan-3alpha,17beta-diol 17-glucuronide","5alpha-androstan-3alpha,17beta-diol 17-glucuronide",NA,NA,NA,NA,NA,NA,NA,NA,"Neg","5alpha_androstan_3alpha_17beta_diol 17_glucuronide",703,"5alpha_androstan_3alpha_17beta_diol 17_glucuronide","sample_cohort"
"1097",100005402,209,47135,149413,"Lipid","Androgenic Steroids",3369,"NAMED","QTXWOOLAHRQMGZ-NFZJBPARSA-N","O=C1C2[C@](CC[C@H]3OC4[C@H](O)[C@@H](O)[C@H](O)[C@@H](C(O)=O)O4)(C)[C@](C3)([H])CCC2C(CCC5=O)[C@]5(C)C1","11-ketoetiocholanolone glucuronide","11-ketoetiocholanolone glucuronide",NA,NA,NA,"17181-16-7",NA,NA,NA,NA,"Neg","11_ketoetiocholanolone glucuronide",704,"11_ketoetiocholanolone glucuronide","sample_cohort"
"1098",100005418,209,47403,149441,"Lipid","Pregnenolone Steroids",3281,"NAMED","IZDWMNZNEAXAFE-CQQKWVOPSA-N","O=C(C)[C@]1(O)[C@]2(C)C(CC1)C3C(CC2)[C@](CC[C@@H](OC4[C@H](O)[C@@H](O)[C@H](O)[C@@H]([C@@](O)=O)O4)C5)(C)[C@@]5([H])CC3","17alpha-hydroxypregnanolone glucuronide","17alpha-hydroxypregnanolone glucuronide",NA,NA,NA,NA,NA,NA,NA,NA,"Neg","17alpha_hydroxypregnanolone glucuronide",706,"17alpha_hydroxypregnanolone glucuronide","sample_cohort"
"1099",100005466,209,48187,153116,"Amino Acid","Methionine, Cysteine, SAM and Taurine Metabolism",480,"NAMED","CXJAAWRLVGAKDV-UHFFFAOYSA-N","O=S(CCNC(C)=O)(O)=O","N-acetyltaurine","N-acetyltaurine",NA,NA,NA,NA,"140553","HMDB0240253",NA,"159864","Neg","n_acetyltaurine",707,"N-Acetyltaurine","MetLinkR"
"1100",100005466,209,48187,153116,"Amino Acid","Methionine, Cysteine, SAM and Taurine Metabolism",480,"NAMED","CXJAAWRLVGAKDV-UHFFFAOYSA-N","O=S(CCNC(C)=O)(O)=O","N-acetyltaurine","N-acetyltaurine",NA,NA,NA,NA,"140553","HMDB0240253",NA,"159864","Neg","n_acetyltaurine",707,"N-Acetyltaurine","MetLinkR"
"1101",100005714,402,57509,211207,"Lipid","Lysophospholipid",2699,"NAMED","NTBBASCGALPTDC-IUQGRGSQSA-N","[NH3+]CCOP(OCC(O)COC(CCCCCCC/C=C/C/C=C/C/C=C/CC)=O)([O-])=O","1-linolenoyl-GPE (18:3)*","1-linolenoyl-GPE (18:3)*","LPE 18:3","LPE 18:3","LPE 18:3/0:0",NA,NA,"HMDB0011479,HMDB0011509",NA,"52925148","Pos Late","1_linolenoyl_gpe_18_3",708,"1_linolenoyl_gpe_18_3","sample_cohort"
"1102",100005716,209,45968,144192,"Lipid","Lysophospholipid",2737,"NAMED","FQQQKGAFQIIGLQ-VYFUBJQISA-N","O[C@H](COC(CCCCCCC/C=C\CCCCCCCC)=O)COP(OCC(O)CO)(O)=O","1-oleoyl-GPG (18:1)*","1-oleoyl-GPG (18:1)*","LPG 18:1","LPG 18:1","LPG 18:1/0:0",NA,"34999689","HMDB0240602",NA,NA,"Neg","1_oleoyl_gpg_18_1",709,"LPG 18:1","MetLinkR"
"1103",100005716,209,45968,144192,"Lipid","Lysophospholipid",2737,"NAMED","FQQQKGAFQIIGLQ-VYFUBJQISA-N","O[C@H](COC(CCCCCCC/C=C\CCCCCCCC)=O)COP(OCC(O)CO)(O)=O","1-oleoyl-GPG (18:1)*","1-oleoyl-GPG (18:1)*","LPG 18:1","LPG 18:1","LPG 18:1/0:0",NA,"34999689","HMDB0240602",NA,NA,"Neg","1_oleoyl_gpg_18_1",709,"LPG 18:1","MetLinkR"
"1104",100005716,209,45968,144192,"Lipid","Lysophospholipid",2737,"NAMED","FQQQKGAFQIIGLQ-VYFUBJQISA-N","O[C@H](COC(CCCCCCC/C=C\CCCCCCCC)=O)COP(OCC(O)CO)(O)=O","1-oleoyl-GPG (18:1)*","1-oleoyl-GPG (18:1)*","LPG 18:1","LPG 18:1","LPG 18:1/0:0",NA,"34999689","HMDB0240602",NA,NA,"Neg","1_oleoyl_gpg_18_1",709,"LPG 18:1","MetLinkR"
"1105",100005716,209,45968,144192,"Lipid","Lysophospholipid",2737,"NAMED","FQQQKGAFQIIGLQ-VYFUBJQISA-N","O[C@H](COC(CCCCCCC/C=C\CCCCCCCC)=O)COP(OCC(O)CO)(O)=O","1-oleoyl-GPG (18:1)*","1-oleoyl-GPG (18:1)*","LPG 18:1","LPG 18:1","LPG 18:1/0:0",NA,"34999689","HMDB0240602",NA,NA,"Neg","1_oleoyl_gpg_18_1",709,"LPG 18:1","MetLinkR"
"1106",100005717,209,45970,144193,"Lipid","Lysophospholipid",2732,"NAMED","BVJSKAUUFXBDOB-UHFFFAOYSA-N","O=P(OCC(O)CO)(O)OCC(O)COC(CCCCCCCCCCCCCCC)=O","1-palmitoyl-GPG (16:0)*","1-palmitoyl-GPG (16:0)*","LPG 16:0","LPG 16:0","LPG 16:0/0:0",NA,"2548639","HMDB0240601",NA,"3300276","Neg","1_palmitoyl_gpg_16_0",710,"LPG 16:0","MetLinkR"
"1107",100005717,209,45970,144193,"Lipid","Lysophospholipid",2732,"NAMED","BVJSKAUUFXBDOB-UHFFFAOYSA-N","O=P(OCC(O)CO)(O)OCC(O)COC(CCCCCCCCCCCCCCC)=O","1-palmitoyl-GPG (16:0)*","1-palmitoyl-GPG (16:0)*","LPG 16:0","LPG 16:0","LPG 16:0/0:0",NA,"2548639","HMDB0240601",NA,"3300276","Neg","1_palmitoyl_gpg_16_0",710,"LPG 16:0","MetLinkR"
"1108",100005818,209,47136,149415,"Xenobiotics","Food Component/Plant",5135,"NAMED","LKRAEHUDIUJBSF-ZETCQYMHSA-N","OC([C@H](CSCC=C)N([H])C(C)=O)=O","N-acetyl-S-allyl-cysteine","N-acetyl-S-allyl-cysteine",NA,NA,NA,"23127-41-5","134378","HMDB0240543",NA,"152467","Neg","n_acetyl_s_allyl_cysteine",711,"S-Allylmercapturic acid","MetLinkR"
"1109",100005864,209,46144,144231,"Xenobiotics","Food Component/Plant",5128,"NAMED","HOVAGTYPODGVJG-ZFYZTMLRSA-N","O[C@H]1[C@@H]([C@H]([C@H](O[C@@H]1CO)OC)O)O","methyl glucopyranoside (alpha + beta)","methyl glucopyranoside (alpha + beta)",NA,NA,NA,NA,NA,"HMDB0029965",NA,"445238,3036743,2108","Neg","methyl glucopyranoside_alpha + beta",714,"Methyl beta-glucoside","MetLinkR"
"1110",100005864,209,46144,144231,"Xenobiotics","Food Component/Plant",5128,"NAMED","HOVAGTYPODGVJG-ZFYZTMLRSA-N","O[C@H]1[C@@H]([C@H]([C@H](O[C@@H]1CO)OC)O)O","methyl glucopyranoside (alpha + beta)","methyl glucopyranoside (alpha + beta)",NA,NA,NA,NA,NA,"HMDB0029965",NA,"445238,3036743,2108","Neg","methyl glucopyranoside_alpha + beta",714,"Methyl beta-glucoside","MetLinkR"
"1111",100005972,209,47666,153114,"Cofactors and Vitamins","Tocopherol Metabolism",4407,"NAMED","ZQMMTPNJGWUHCB-UHFFFAOYSA-N","CC1=C(OS(O)(=O)=O)C(C)=C2C(OC(C)(CCC(O)=O)CC2)=C1C","alpha-CEHC sulfate","alpha-CEHC sulfate",NA,NA,NA,NA,NA,NA,NA,NA,"Neg","alpha_cehc sulfate",716,"alpha_cehc sulfate","sample_cohort"
"1112",100005977,209,63926,223841,"Cofactors and Vitamins","Tocopherol Metabolism",4395,"NAMED","DYOFESDCRUIQTB-UHFFFAOYSA-N","OC(C1C(O)C(O)C(O)C(OC2=C(C)C(C)=C(OC(C)(CCCC(C)C(O)=O)CC3)C3=C2C)O1)=O","alpha-CMBHC glucuronide","alpha-CMBHC glucuronide",NA,NA,NA,NA,NA,NA,NA,NA,"Neg","alpha_cmbhc glucuronide",717,"alpha_cmbhc glucuronide","sample_cohort"
"1113",100005985,402,47154,164532,"Lipid","Sphingomyelins",3143,"NAMED","SOWIKWJDPCEPOJ-IOBWIPHESA-N","CCCC/C=C/CCCCCCCC(N[C@@](COP([O-])(OCC[N+](C)(C)C)=O)([C@](O)(/C=C/CCCCCCCCCCCCC)[H])[H])=O","sphingomyelin (d18:2/14:0, d18:1/14:1)*","sphingomyelin (d18:2/14:0, d18:1/14:1)*","SM 32:2;O2","Unknown","Unknown",NA,NA,"HMDB0240637,HMDB0240612",NA,NA,"Pos Late","sphingomyelin_d18_2_14_0_d18_1_14_1",718,"sphingomyelin_d18_2_14_0_d18_1_14_1","sample_cohort"
"1114",100005996,402,61865,218582,"Lipid","Fatty Acid Metabolism (Acyl Carnitine, Dicarboxylate)",1941,"NAMED","CYPBWZKNUDFJJE-PLNGDYQASA-N","O=C(CCCCCCC/C=C\CCCCCCCC(O)=O)OC(CC([O-])=O)C[N+](C)(C)C","octadecenedioylcarnitine (C18:1-DC)*","octadecenedioylcarnitine (C18:1-DC)*",NA,NA,NA,"251981-06-3","28639201",NA,NA,NA,"Pos Late","octadecenedioylcarnitine_c18_1_dc",720,"octadecenedioylcarnitine_c18_1_dc","sample_cohort"
"1115",100005998,402,61867,218585,"Lipid","Fatty Acid Metabolism (Acyl Carnitine, Dicarboxylate)",1940,"NAMED","ULCCGBCYWCYNIC-UHFFFAOYSA-N","O=C(CCCCCCCCCCCCCCCCC(O)=O)OC(CC([O-])=O)C[N+](C)(C)C","octadecanedioylcarnitine (C18-DC)*","octadecanedioylcarnitine (C18-DC)*",NA,NA,NA,"123233-50-1","28639203",NA,NA,NA,"Pos Late","octadecanedioylcarnitine_c18_dc",721,"octadecanedioylcarnitine_c18_dc","sample_cohort"
"1116",100006005,209,37185,144272,"Lipid","Androgenic Steroids",3412,"NAMED","LERFMBCTNMFXCT-ILBJSTGGSA-N","C[C@@]12[C@](CCC3C2CC[C@@]4(C)C3CC[C@@H]4O)([H])C[C@H](OS(=O)(O)=O)CC1","5alpha-androstan-3alpha,17beta-diol monosulfate (2)","5alpha-androstan-3alpha,17beta-diol monosulfate (2)",NA,NA,NA,NA,NA,NA,NA,"121596225","Neg","5alpha_androstan_3alpha_17beta_diol monosulfate",723,"5alpha_androstan_3alpha_17beta_diol monosulfate","sample_cohort"
"1117",100006051,402,48182,160274,"Lipid","Fatty Acid Metabolism (Acyl Carnitine, Monounsaturated)",1907,"NAMED","ABVVZYXTZLEOHP-OLHLWXQYSA-N","O=C(CCCCCCC/C=C\CCCC)O[C@H](CC([O-])=O)C[N+](C)(C)C","myristoleoylcarnitine (C14:1)*","myristoleoylcarnitine (C14:1)*",NA,NA,NA,"889848-55-9","34999520","HMDB0240588",NA,"129691961","Pos Late","myristoleoylcarnitine_c14_1",724,"CAR 14:1","MetLinkR"
"1118",100006056,209,48433,155077,"Amino Acid","Tyrosine Metabolism",233,"NAMED","NSTPXGARCQOSAU-VIFPVBQESA-N","OC([C@@H](NC=O)CC1=CC=CC=C1)=O","N-formylphenylalanine","N-formylphenylalanine",NA,NA,NA,"13200-85-6","663938","HMDB0240317",NA,"759256,7064571","Neg","n_formylphenylalanine",725,"N-Formylphenylalanine","MetLinkR"
"1119",100006065,400,49795,161671,"Peptide","Dipeptide",800,"NAMED","XLUAWXQORJEMBD-UHFFFAOYSA-N","O=C(C(C(C)C)N([H])C1=O)N2C1CCC2","cyclo(pro-val)","cyclo(pro-val)",NA,NA,NA,"2854-40-2","89376",NA,NA,"98951","Pos Early","cyclo_pro_val",726,"cyclo_pro_val","sample_cohort"
"1120",100006104,209,48417,219296,"Amino Acid","Tyrosine Metabolism",177,"NAMED","VWUXKIFPPPVAAK-UHFFFAOYSA-N","[H]N([H])CCC1=CC(OS(=O)(O)=O)=CC=C1","m-tyramine sulfate","m-tyramine sulfate",NA,NA,NA,"175727-14-7",NA,NA,NA,NA,"Neg","m_tyramine sulfate",731,"m_tyramine sulfate","sample_cohort"
"1121",100006105,209,48418,219297,"Xenobiotics","Benzoate Metabolism",4537,"NAMED","LILXPJXZNJTPQZ-UHFFFAOYSA-N","CC1=CC=C(OS(=O)(O)=O)C(OC)=C1","4-methylguaiacol sulfate","4-methylguaiacol sulfate",NA,NA,NA,"756760-43-7",NA,NA,NA,NA,"Neg","4_methylguaiacol sulfate",732,"4_methylguaiacol sulfate","sample_cohort"
"1122",100006106,209,48696,222424,"Xenobiotics","Food Component/Plant",4666,"NAMED","PVWYGTJERKKPRW-UHFFFAOYSA-N","O=C1C=COC(C)=C1OS(=O)(O)=O","maltol sulfate","maltol sulfate",NA,NA,NA,NA,NA,NA,NA,NA,"Neg","maltol sulfate",733,"Maltol sulfate","MetLinkR"
"1123",100006116,209,48429,155073,"Xenobiotics","Benzoate Metabolism",4581,"NAMED","IBEAHXYYSZWGED-UHFFFAOYSA-N","O=C(OC)C1=CC=C(OS(=O)(O)=O)C=C1","methyl-4-hydroxybenzoate sulfate","methyl-4-hydroxybenzoate sulfate",NA,NA,NA,NA,NA,"HMDB0041646",NA,"10657183","Neg","methyl_4_hydroxybenzoate sulfate",736,"methyl_4_hydroxybenzoate sulfate","sample_cohort"
"1124",100006121,209,48341,153390,"Lipid","Monoacylglycerol",2889,"NAMED","LERKRWCYZNDWFH-QNEBEIHSSA-N","OCC(O)COC(CCCCCC/C=C\C/C=C\C/C=C\CCCCC)=O","1-dihomo-linolenylglycerol (20:3)","1-dihomo-linolenylglycerol (20:3)","MG 20:3","MG 20:3","Unknown",NA,NA,"HMDB0011577",NA,NA,"Neg","1_dihomo_linolenylglycerol_20_3",737,"MG 20:3","MetLinkR"
"1125",100006121,209,48341,153390,"Lipid","Monoacylglycerol",2889,"NAMED","LERKRWCYZNDWFH-QNEBEIHSSA-N","OCC(O)COC(CCCCCC/C=C\C/C=C\C/C=C\CCCCC)=O","1-dihomo-linolenylglycerol (20:3)","1-dihomo-linolenylglycerol (20:3)","MG 20:3","MG 20:3","Unknown",NA,NA,"HMDB0011577",NA,NA,"Neg","1_dihomo_linolenylglycerol_20_3",737,"MG 20:3","MetLinkR"
"1126",100006121,209,48341,153390,"Lipid","Monoacylglycerol",2889,"NAMED","LERKRWCYZNDWFH-QNEBEIHSSA-N","OCC(O)COC(CCCCCC/C=C\C/C=C\C/C=C\CCCCC)=O","1-dihomo-linolenylglycerol (20:3)","1-dihomo-linolenylglycerol (20:3)","MG 20:3","MG 20:3","Unknown",NA,NA,"HMDB0011577",NA,NA,"Neg","1_dihomo_linolenylglycerol_20_3",737,"MG 20:3","MetLinkR"
"1127",100006121,209,48341,153390,"Lipid","Monoacylglycerol",2889,"NAMED","LERKRWCYZNDWFH-QNEBEIHSSA-N","OCC(O)COC(CCCCCC/C=C\C/C=C\C/C=C\CCCCC)=O","1-dihomo-linolenylglycerol (20:3)","1-dihomo-linolenylglycerol (20:3)","MG 20:3","MG 20:3","Unknown",NA,NA,"HMDB0011577",NA,NA,"Neg","1_dihomo_linolenylglycerol_20_3",737,"MG 20:3","MetLinkR"
"1128",100006126,209,48442,155083,"Xenobiotics","Food Component/Plant",5154,"NAMED","FKCHAXAGQVCJPN-UHFFFAOYSA-N","COC1=C(OS(O)(=O)=O)C=CC(C=C)=C1","4-vinylguaiacol sulfate","4-vinylguaiacol sulfate",NA,NA,NA,NA,NA,"HMDB0127980",NA,"53803570","Neg","4_vinylguaiacol sulfate",739,"4_vinylguaiacol sulfate","sample_cohort"
"1129",100006173,209,48394,154288,"Lipid","Progestin Steroids",3321,"NAMED","MENQCIVHHONJLU-GQCBXAOTSA-N","C[C@]12C(C3CC[C@@]4(C[C@@H](CC[C@@]4(C3CC2)C)OS(=O)(O)=O)[H])CCC1C(C)=O","pregnanolone/allopregnanolone sulfate","pregnanolone/allopregnanolone sulfate",NA,NA,NA,NA,NA,"HMDB0240591,HMDB0062782","C05480","31402,129699967","Neg","pregnanolone_allopregnanolone sulfate",742,"Pregnanolone","MetLinkR"
"1130",100006184,209,48445,155085,"Xenobiotics","Chemical",6266,"NAMED","ARLAWMCEVZUXEY-UHFFFAOYSA-N","OC1=CC=CC(OS(=O)(O)=O)=C1OC","2-methoxyresorcinol sulfate","2-methoxyresorcinol sulfate",NA,NA,NA,"1446269-78-8",NA,NA,NA,NA,"Neg","2_methoxyresorcinol sulfate",743,"2_methoxyresorcinol sulfate","sample_cohort"
"1131",100006262,209,48457,219302,"Amino Acid","Tyrosine Metabolism",199,"NAMED","IGTMFIJOUADBDC-UHFFFAOYSA-N","COC1=CC=C(OS(=O)(O)=O)C=C1","4-methoxyphenol sulfate","4-methoxyphenol sulfate",NA,NA,NA,"3233-60-1",NA,NA,NA,NA,"Neg","4_methoxyphenol sulfate",748,"4_methoxyphenol sulfate","sample_cohort"
"1132",100006264,209,48460,155097,"Xenobiotics","Benzoate Metabolism",4583,"NAMED","WEKBGFBWJOHXKR-UHFFFAOYSA-N","CCCOC(C1=CC=C(OS(=O)(O)=O)C=C1)=O","propyl 4-hydroxybenzoate sulfate","propyl 4-hydroxybenzoate sulfate",NA,NA,NA,"162338-10-5","48063224","HMDB0135261",NA,"131838881","Neg","propyl 4_hydroxybenzoate sulfate",749,"propyl 4_hydroxybenzoate sulfate","sample_cohort"
"1133",100006271,209,48463,155101,"Xenobiotics","Chemical",6276,"NAMED","LJXYMXIWXRFOHR-UHFFFAOYSA-N","CCOC(C1=CC=C(OS(O)(=O)=O)C=C1)=O","ethylparaben sulfate","ethylparaben sulfate",NA,NA,NA,"162338-11-6",NA,NA,NA,"22908099","Neg","ethylparaben sulfate",750,"Ethylparaben sulfate","MetLinkR"
"1134",100006292,402,48491,164534,"Lipid","Sphingomyelins",3151,"NAMED","MDRFMTLYKHBJTF-YECRPIIFSA-N","CCCCCCCCCCCCC/C=C/[C@@H](O)[C@@H](NC(CCCCCCCCC/C=C/CCCCCCCC)=O)COP([O-])(OCC[N+](C)(C)C)=O","sphingomyelin (d18:1/20:1, d18:2/20:0)*","sphingomyelin (d18:1/20:1, d18:2/20:0)*","SM 38:2;O2","Unknown","Unknown","222403-67-0",NA,"HMDB0240610,HMDB0240632",NA,NA,"Pos Late","sphingomyelin_d18_1_20_1_d18_2_20_0",753,"sphingomyelin_d18_1_20_1_d18_2_20_0","sample_cohort"
"1135",100006293,402,57481,211144,"Lipid","Sphingomyelins",3152,"NAMED","YVTVVJRJLRHYSJ-COUPUTHFSA-N","CCCCCCCCCCCCC/C=C/[C@@H](O)[C@@H](NC(CCCCCCCCC/C=C/C/C=C/CCCCC)=O)COP([O-])(OCC[N+](C)(C)C)=O","sphingomyelin (d18:1/20:2, d18:2/20:1, d16:1/22:2)*","sphingomyelin (d18:1/20:2, d18:2/20:1, d16:1/22:2)*","SM 38:3;O2","Unknown","Unknown",NA,NA,NA,NA,NA,"Pos Late","sphingomyelin_d18_1_20_2_d18_2_20_1_d16_1_22_2",754,"sphingomyelin_d18_1_20_2_d18_2_20_1_d16_1_22_2","sample_cohort"
"1136",100006296,402,57477,211140,"Lipid","Sphingomyelins",3156,"NAMED","BBJBWENPFZYXKM-CUYAXJSGSA-N","CCCCCCCCCCCCC/C=C/[C@@H](O)[C@@H](NC(CCCCCCCCCCC/C=C/C/C=C/CCCCC)=O)COP([O-])(OCC[N+](C)(C)C)=O","sphingomyelin (d18:1/22:2, d18:2/22:1, d16:1/24:2)*","sphingomyelin (d18:1/22:2, d18:2/22:1, d16:1/24:2)*","SM 40:3;O2","Unknown","Unknown",NA,NA,"HMDB0240670,HMDB0240672,HMDB0240669",NA,NA,"Pos Late","sphingomyelin_d18_1_22_2_d18_2_22_1_d16_1_24_2",757,"sphingomyelin_d18_1_22_2_d18_2_22_1_d16_1_24_2","sample_cohort"
"1137",100006314,402,52433,164557,"Lipid","Sphingomyelins",3144,"NAMED","LQINJRUGTUOHGS-YPDYIYJKSA-N","CCCCCCCCCCCCC/C=C/[C@@H](O)[C@@H](NC(CCCCCCCCCCCCCC)=O)COP([O-])(OCC[N+](C)(C)C)=O","sphingomyelin (d17:1/16:0, d18:1/15:0, d16:1/17:0)*","sphingomyelin (d17:1/16:0, d18:1/15:0, d16:1/17:0)*","SM 33:1;O2","Unknown","Unknown","121999-58-4","28532779","HMDB0240617,HMDB0240608",NA,NA,"Pos Late","sphingomyelin_d17_1_16_0_d18_1_15_0_d16_1_17_0",759,"sphingomyelin_d17_1_16_0_d18_1_15_0_d16_1_17_0","sample_cohort"
"1138",100006367,209,53230,179135,"Lipid","Fatty Acid, Monohydroxy",2002,"NAMED","HPMGFDVTYHWBAG-UHFFFAOYSA-N","CCCC(O)CC(O)=O","3-hydroxyhexanoate","3-hydroxyhexanoate",NA,NA,NA,"10191-24-9","133518","HMDB0061652,HMDB0010718",NA,"151492","Neg","3_hydroxyhexanoate",763,"3-Hydroxycaproic acid","MetLinkR"
"1139",100006370,209,54805,207701,"Lipid","Sterol",3238,"NAMED","WVXOMPRLWLXFAP-AMQKJUDNSA-N","C[C@@H]([C@H]1CC[C@@H]2[C@]1(C)CC[C@H]3[C@H]2CC=C4[C@]3(C)CC[C@H](O)C4)CCCC(C(O)=O)C","3beta-hydroxy-5-cholestenoate","3beta-hydroxy-5-cholestenoate",NA,NA,NA,"6561-58-6",NA,"HMDB0012453","C17333","165511","Neg","3beta_hydroxy_5_cholestenoate",764,"Cholestenoic acid","MetLinkR"
"1140",100006372,209,48729,155113,"Xenobiotics","Chemical",6274,"NAMED","CBTFERBMQQAROP-BZNQNGANSA-N","O[C@H]([C@@H](O)[C@@H]1O)[C@@H](O[C@@H]1CO)OC2=CC(C(O)=O)=C(O)C=C2","gentisic acid-5-glucoside","gentisic acid-5-glucoside",NA,NA,NA,"1820-89-9","9089323",NA,NA,"101339724","Neg","gentisic acid_5_glucoside",765,"gentisic acid_5_glucoside","sample_cohort"
"1141",100006373,209,48761,155123,"Xenobiotics","Chemical",6272,"NAMED","NGVLEQPKHLWZLN-UHFFFAOYSA-N","OC1=C(O)C(OS(=O)(O)=O)=CC=C1","1,2,3-benzenetriol sulfate (1)","1,2,3-benzenetriol sulfate (1)",NA,NA,NA,NA,NA,NA,NA,NA,"Neg","1_2_3_benzenetriol sulfate",766,"1_2_3_benzenetriol sulfate","sample_cohort"
"1142",100006374,209,48762,155125,"Xenobiotics","Chemical",6264,"NAMED","NGVLEQPKHLWZLN-UHFFFAOYSA-N","OC1=C(O)C(OS(=O)(O)=O)=CC=C1","1,2,3-benzenetriol sulfate (2)","1,2,3-benzenetriol sulfate (2)",NA,NA,NA,NA,NA,"HMDB0060018,HMDB0060016",NA,"92013662,54110629","Neg","1_2_3_benzenetriol sulfate",767,"1_2_3_benzenetriol sulfate","sample_cohort"
"1143",100006375,209,48763,155127,"Xenobiotics","Benzoate Metabolism",4578,"NAMED","NTXOJWKIHIOUQN-UHFFFAOYSA-N","OC1=C(C=CC=C1OS(=O)(O)=O)OC","3-methoxycatechol sulfate (1)","3-methoxycatechol sulfate (1)",NA,NA,NA,NA,NA,NA,NA,"129892430","Neg","3_methoxycatechol sulfate",768,"3_methoxycatechol sulfate","sample_cohort"
"1144",100006376,209,48752,155119,"Xenobiotics","Benzoate Metabolism",4579,"NAMED","NTXOJWKIHIOUQN-UHFFFAOYSA-N","OC1=C(OC)C=CC=C1OS(=O)(O)=O","3-methoxycatechol sulfate (2)","3-methoxycatechol sulfate (2)",NA,NA,NA,NA,NA,NA,NA,NA,"Neg","3_methoxycatechol sulfate",769,"3_methoxycatechol sulfate","sample_cohort"
"1145",100006378,209,48757,155121,"Amino Acid","Tryptophan Metabolism",276,"NAMED","PPIMFXHQDQRWGJ-JTQLQIEISA-N","OC([C@@H](NC(C)=O)CC(C1=CC=CC=C1N)=O)=O","N-acetylkynurenine (2)","N-acetylkynurenine (2)",NA,NA,NA,NA,NA,"HMDB0240342",NA,"73817779","Neg","n_acetylkynurenine",770,"N-Acetylkynurenine","MetLinkR"
"1146",100006379,209,48782,155139,"Amino Acid","Tryptophan Metabolism",267,"NAMED","CPXSBHKDEPPWIX-RAYCSJGISA-N","N[C@H](C(O)=O)CC1=C([C@H]([C@H]([C@@H](O)[C@@H]2O)O)O[C@@H]2CO)NC3=CC=CC=C13","C-glycosyltryptophan","C-glycosyltryptophan",NA,NA,NA,"180509-18-6","9157171","HMDB0240296",NA,"10981970","Neg","c_glycosyltryptophan",771,"C-Glycosyltryptophan","MetLinkR"
"1147",100006379,209,48782,155139,"Amino Acid","Tryptophan Metabolism",267,"NAMED","CPXSBHKDEPPWIX-RAYCSJGISA-N","N[C@H](C(O)=O)CC1=C([C@H]([C@H]([C@@H](O)[C@@H]2O)O)O[C@@H]2CO)NC3=CC=CC=C13","C-glycosyltryptophan","C-glycosyltryptophan",NA,NA,NA,"180509-18-6","9157171","HMDB0240296",NA,"10981970","Neg","c_glycosyltryptophan",771,"C-Glycosyltryptophan","MetLinkR"
"1148",100006383,400,52357,164921,"Xenobiotics","Drug - Analgesics, Anesthetics",5482,"NAMED","DSBGQRZOJXSECT-VFUSOVNCSA-N","CN(CC1CCCCC1(O)c2cc(O[C@H]3[C@H](O)[C@@H](O)[C@H](O)[C@@H](C(O)=O)O3)ccc2)C","O-desmethyltramadol glucuronide","O-desmethyltramadol glucuronide",NA,NA,NA,"383891-39-2","28467711","HMDB0060856",NA,"29919005","Pos Early","o_desmethyltramadol glucuronide",774,"O-Desmethyltramadol glucuronide","MetLinkR"
"1149",100006619,400,52932,166188,"Amino Acid","Tyrosine Metabolism",186,"NAMED","RLMMGDAPWBGWEF-UHFFFAOYSA-N","[O-]C(CC(OC(CC1=CC=C(C=C1)O)=O)C[N+](C)(C)C)=O","4-hydroxyphenylacetoylcarnitine","4-hydroxyphenylacetoylcarnitine",NA,NA,NA,NA,NA,NA,NA,NA,"Pos Early","4_hydroxyphenylacetoylcarnitine",780,"4_hydroxyphenylacetoylcarnitine","sample_cohort"
"1150",100006641,209,52974,166124,"Lipid","Primary Bile Acid Metabolism",3507,"NAMED","DKXXSIJHWWVNMO-ISIKUUMTSA-N","OS(OC1C[C@]2([H])C(CC1)(C)[C@@H]3[C@@]([C@@](CC4)([H])[C@@](CC3)(C)[C@H]4[C@H](C)CCC(NCC(O)=O)=O)([H])[C@H](O)C2)(=O)=O","glycochenodeoxycholate 3-sulfate","glycochenodeoxycholate 3-sulfate",NA,NA,NA,NA,NA,"HMDB0002409,HMDB0002496,HMDB0002497",NA,"21116917,21125002,11954205","Neg","glycochenodeoxycholate 3_sulfate",782,"glycochenodeoxycholate 3_sulfate","sample_cohort"
"1151",100006642,209,52975,166126,"Lipid","Secondary Bile Acid Metabolism",3574,"NAMED","QJZCNFGUZPMYAX-WWZCPACMSA-N","OS(OC1CC[C@@]2(C)[C@@](CC[C@]3([H])[C@]2([H])C[C@H](O)[C@@]4(C)[C@]3(CC[C@@H]4[C@H](C)CCC(NCC(O)=O)=O)[H])([H])C1)(=O)=O","glycodeoxycholate 3-sulfate","glycodeoxycholate 3-sulfate",NA,NA,NA,NA,NA,NA,NA,"101602538","Neg","glycodeoxycholate 3_sulfate",783,"Glycodeoxycholic acid 3-sulfate","MetLinkR"
"1152",100006644,209,62889,220740,"Lipid","Secondary Bile Acid Metabolism",3524,"NAMED","UCVGCHGIKFWAGH-WQVRBXQRSA-N","C[C@@]12[C@@](CCC3C2C[C@H](O)[C@@]4(C)C3CC[C@@H]4[C@@H](CCC(NCCS(O)(=O)=O)=O)C)([H])C[C@H](OS(O)(=O)=O)CC1","taurodeoxycholic acid 3-sulfate","taurodeoxycholic acid 3-sulfate",NA,NA,NA,NA,NA,NA,NA,NA,"Neg","taurodeoxycholic acid 3_sulfate",784,"taurodeoxycholic acid 3_sulfate","sample_cohort"
"1153",100006651,209,53026,166148,"Xenobiotics","Food Component/Plant",5189,"NAMED","VFMNSFWBDMRNLJ-UHFFFAOYSA-N","OC(CC1C(CCC)C1)=O","trans-3,4-methyleneheptanoate","trans-3,4-methyleneheptanoate",NA,NA,NA,NA,NA,NA,NA,NA,"Neg","trans_3_4_methyleneheptanoate",785,"trans_3_4_methyleneheptanoate","sample_cohort"
"1154",100008918,402,52613,165345,"Lipid","Plasmalogen",2840,"NAMED","FHHVIBPVBBRLOR-IYACIECVSA-N","O=C(O[C@](COP([O-])(OCC[N+](C)(C)C)=O)([H])CO/C=C\CCCCCCCCCCCCCCCC)CCC/C=C\C/C=C\C/C=C\C/C=C\CCCCC","1-(1-enyl-stearoyl)-2-arachidonoyl-GPC (P-18:0/20:4)","1-(1-enyl-stearoyl)-2-arachidonoyl-GPC (P-18:0/20:4)","PC O-38:5","PC P-18:0_20:4","PC P-18:0/20:4","97802-56-7","24767528","HMDB0011253",NA,"24779390","Pos Late","1_1_enyl_stearoyl_2_arachidonoyl_gpc_p_18_0_20_4",794,"PC 18:0/20:4","MetLinkR"
"1155",100008918,402,52613,165345,"Lipid","Plasmalogen",2840,"NAMED","FHHVIBPVBBRLOR-IYACIECVSA-N","O=C(O[C@](COP([O-])(OCC[N+](C)(C)C)=O)([H])CO/C=C\CCCCCCCCCCCCCCCC)CCC/C=C\C/C=C\C/C=C\C/C=C\CCCCC","1-(1-enyl-stearoyl)-2-arachidonoyl-GPC (P-18:0/20:4)","1-(1-enyl-stearoyl)-2-arachidonoyl-GPC (P-18:0/20:4)","PC O-38:5","PC P-18:0_20:4","PC P-18:0/20:4","97802-56-7","24767528","HMDB0011253",NA,"24779390","Pos Late","1_1_enyl_stearoyl_2_arachidonoyl_gpc_p_18_0_20_4",794,"PC 18:0/20:4","MetLinkR"
"1156",100008918,402,52613,165345,"Lipid","Plasmalogen",2840,"NAMED","FHHVIBPVBBRLOR-IYACIECVSA-N","O=C(O[C@](COP([O-])(OCC[N+](C)(C)C)=O)([H])CO/C=C\CCCCCCCCCCCCCCCC)CCC/C=C\C/C=C\C/C=C\C/C=C\CCCCC","1-(1-enyl-stearoyl)-2-arachidonoyl-GPC (P-18:0/20:4)","1-(1-enyl-stearoyl)-2-arachidonoyl-GPC (P-18:0/20:4)","PC O-38:5","PC P-18:0_20:4","PC P-18:0/20:4","97802-56-7","24767528","HMDB0011253",NA,"24779390","Pos Late","1_1_enyl_stearoyl_2_arachidonoyl_gpc_p_18_0_20_4",794,"PC 18:0/20:4","MetLinkR"
"1157",100008918,402,52613,165345,"Lipid","Plasmalogen",2840,"NAMED","FHHVIBPVBBRLOR-IYACIECVSA-N","O=C(O[C@](COP([O-])(OCC[N+](C)(C)C)=O)([H])CO/C=C\CCCCCCCCCCCCCCCC)CCC/C=C\C/C=C\C/C=C\C/C=C\CCCCC","1-(1-enyl-stearoyl)-2-arachidonoyl-GPC (P-18:0/20:4)","1-(1-enyl-stearoyl)-2-arachidonoyl-GPC (P-18:0/20:4)","PC O-38:5","PC P-18:0_20:4","PC P-18:0/20:4","97802-56-7","24767528","HMDB0011253",NA,"24779390","Pos Late","1_1_enyl_stearoyl_2_arachidonoyl_gpc_p_18_0_20_4",794,"PC 18:0/20:4","MetLinkR"
"1158",100008918,402,52613,165345,"Lipid","Plasmalogen",2840,"NAMED","FHHVIBPVBBRLOR-IYACIECVSA-N","O=C(O[C@](COP([O-])(OCC[N+](C)(C)C)=O)([H])CO/C=C\CCCCCCCCCCCCCCCC)CCC/C=C\C/C=C\C/C=C\C/C=C\CCCCC","1-(1-enyl-stearoyl)-2-arachidonoyl-GPC (P-18:0/20:4)","1-(1-enyl-stearoyl)-2-arachidonoyl-GPC (P-18:0/20:4)","PC O-38:5","PC P-18:0_20:4","PC P-18:0/20:4","97802-56-7","24767528","HMDB0011253",NA,"24779390","Pos Late","1_1_enyl_stearoyl_2_arachidonoyl_gpc_p_18_0_20_4",794,"PC 18:0/20:4","MetLinkR"
"1159",100008918,402,52613,165345,"Lipid","Plasmalogen",2840,"NAMED","FHHVIBPVBBRLOR-IYACIECVSA-N","O=C(O[C@](COP([O-])(OCC[N+](C)(C)C)=O)([H])CO/C=C\CCCCCCCCCCCCCCCC)CCC/C=C\C/C=C\C/C=C\C/C=C\CCCCC","1-(1-enyl-stearoyl)-2-arachidonoyl-GPC (P-18:0/20:4)","1-(1-enyl-stearoyl)-2-arachidonoyl-GPC (P-18:0/20:4)","PC O-38:5","PC P-18:0_20:4","PC P-18:0/20:4","97802-56-7","24767528","HMDB0011253",NA,"24779390","Pos Late","1_1_enyl_stearoyl_2_arachidonoyl_gpc_p_18_0_20_4",794,"PC 18:0/20:4","MetLinkR"
"1160",100008918,402,52613,165345,"Lipid","Plasmalogen",2840,"NAMED","FHHVIBPVBBRLOR-IYACIECVSA-N","O=C(O[C@](COP([O-])(OCC[N+](C)(C)C)=O)([H])CO/C=C\CCCCCCCCCCCCCCCC)CCC/C=C\C/C=C\C/C=C\C/C=C\CCCCC","1-(1-enyl-stearoyl)-2-arachidonoyl-GPC (P-18:0/20:4)","1-(1-enyl-stearoyl)-2-arachidonoyl-GPC (P-18:0/20:4)","PC O-38:5","PC P-18:0_20:4","PC P-18:0/20:4","97802-56-7","24767528","HMDB0011253",NA,"24779390","Pos Late","1_1_enyl_stearoyl_2_arachidonoyl_gpc_p_18_0_20_4",794,"PC 18:0/20:4","MetLinkR"
"1161",100008918,402,52613,165345,"Lipid","Plasmalogen",2840,"NAMED","FHHVIBPVBBRLOR-IYACIECVSA-N","O=C(O[C@](COP([O-])(OCC[N+](C)(C)C)=O)([H])CO/C=C\CCCCCCCCCCCCCCCC)CCC/C=C\C/C=C\C/C=C\C/C=C\CCCCC","1-(1-enyl-stearoyl)-2-arachidonoyl-GPC (P-18:0/20:4)","1-(1-enyl-stearoyl)-2-arachidonoyl-GPC (P-18:0/20:4)","PC O-38:5","PC P-18:0_20:4","PC P-18:0/20:4","97802-56-7","24767528","HMDB0011253",NA,"24779390","Pos Late","1_1_enyl_stearoyl_2_arachidonoyl_gpc_p_18_0_20_4",794,"PC 18:0/20:4","MetLinkR"
"1162",100008918,402,52613,165345,"Lipid","Plasmalogen",2840,"NAMED","FHHVIBPVBBRLOR-IYACIECVSA-N","O=C(O[C@](COP([O-])(OCC[N+](C)(C)C)=O)([H])CO/C=C\CCCCCCCCCCCCCCCC)CCC/C=C\C/C=C\C/C=C\C/C=C\CCCCC","1-(1-enyl-stearoyl)-2-arachidonoyl-GPC (P-18:0/20:4)","1-(1-enyl-stearoyl)-2-arachidonoyl-GPC (P-18:0/20:4)","PC O-38:5","PC P-18:0_20:4","PC P-18:0/20:4","97802-56-7","24767528","HMDB0011253",NA,"24779390","Pos Late","1_1_enyl_stearoyl_2_arachidonoyl_gpc_p_18_0_20_4",794,"PC 18:0/20:4","MetLinkR"
"1163",100008918,402,52613,165345,"Lipid","Plasmalogen",2840,"NAMED","FHHVIBPVBBRLOR-IYACIECVSA-N","O=C(O[C@](COP([O-])(OCC[N+](C)(C)C)=O)([H])CO/C=C\CCCCCCCCCCCCCCCC)CCC/C=C\C/C=C\C/C=C\C/C=C\CCCCC","1-(1-enyl-stearoyl)-2-arachidonoyl-GPC (P-18:0/20:4)","1-(1-enyl-stearoyl)-2-arachidonoyl-GPC (P-18:0/20:4)","PC O-38:5","PC P-18:0_20:4","PC P-18:0/20:4","97802-56-7","24767528","HMDB0011253",NA,"24779390","Pos Late","1_1_enyl_stearoyl_2_arachidonoyl_gpc_p_18_0_20_4",794,"PC 18:0/20:4","MetLinkR"
"1164",100008920,402,52615,165347,"Lipid","Sphingomyelins",3147,"NAMED","YMQZQHIESOAPQH-JXGHDCMNSA-N","O=C(N[C@@]([C@]([H])(O)/C=C/CCCCCCCCCCCCC)([H])COP([O-])(OCC[N+](C)(C)C)=O)CCCCCCCCCCCCCCCC","sphingomyelin (d18:1/17:0, d17:1/18:0, d19:1/16:0)","sphingomyelin (d18:1/17:0, d17:1/18:0, d19:1/16:0)","SM 35:1;O2","Unknown","Unknown","121999-64-2",NA,"HMDB0240620,HMDB0240609,HMDB0240622",NA,"46891763","Pos Late","sphingomyelin_d18_1_17_0_d17_1_18_0_d19_1_16_0",796,"SM 18:1;O2/17:0","MetLinkR"
"1165",100008933,209,52938,166054,"Lipid","Fatty Acid, Monohydroxy",2012,"NAMED","POMQYTSPMKEQNB-UHFFFAOYSA-N","OC(CC(O)CCCCCCCCCCCCCCC)=O","3-hydroxystearate","3-hydroxystearate",NA,NA,NA,"45261-96-9","4446034","HMDB0010737",NA,"5282907","Neg","3_hydroxystearate",800,"3-Hydroxystearic acid","MetLinkR"
"1166",100008934,209,52916,166016,"Lipid","Fatty Acid, Monohydroxy",1989,"NAMED","YDZIJQXINJLRLL-UHFFFAOYSA-N","OC(C(O)CCCCCCCCCC)=O","2-hydroxylaurate","2-hydroxylaurate",NA,NA,NA,"2984-55-6","88259",NA,NA,"97783","Neg","2_hydroxylaurate",801,"2-Hydroxylauric acid","MetLinkR"
"1167",100008943,209,52913,166010,"Xenobiotics","Drug - Neurological",5891,"NAMED","AYXYPKUFHZROOJ-UHFFFAOYSA-N","CC(C)CC(CN)CC(O)=O","pregabalin","pregabalin",NA,NA,NA,"148553-50-8","3902475","HMDB0014375",NA,"5486971","Neg","pregabalin",802,"Pregabalin","MetLinkR"
"1168",100008954,402,52434,164558,"Lipid","Dihydrosphingomyelins",3128,"NAMED","QHZIGNLCLJPLCU-QPPIDDCLSA-N","[H][C@](NC(CCCCCCCCCCCCCCC)=O)(COP(OCC[N+](C)(C)C)([O-])=O)[C@@](O)([H])CCCCCCCCCCCCCCC","palmitoyl dihydrosphingomyelin (d18:0/16:0)*","palmitoyl dihydrosphingomyelin (d18:0/16:0)*","SM 34:0;O2","SM 18:0;O2_16:0","SM 18:0;O2/16:0",NA,"8115586","HMDB0010168",NA,"9939965","Pos Late","palmitoyl dihydrosphingomyelin_d18_0_16_0",804,"SM 18:0;O2/16:0","MetLinkR"
"1169",100008957,402,52437,164561,"Lipid","Sphingomyelins",3159,"NAMED","TXFLWJQVQCDUDZ-BRUGZULGSA-N","[H][C@](NC(CCCCCCCCCCCCC/C=C\CCCCCCCC)=O)(COP(OCC[N+](C)(C)C)([O-])=O)[C@@](O)([H])/C=C/CCCCCCCC/C=C\CCC","sphingomyelin (d18:2/24:1, d18:1/24:2)*","sphingomyelin (d18:2/24:1, d18:1/24:2)*","SM 42:3;O2","Unknown","Unknown",NA,NA,"HMDB0240636,HMDB0240615",NA,"85336023","Pos Late","sphingomyelin_d18_2_24_1_d18_1_24_2",807,"sphingomyelin_d18_2_24_1_d18_1_24_2","sample_cohort"
"1170",100008985,402,52454,165119,"Lipid","Phosphatidylcholine (PC)",2316,"NAMED","SRIGHEHXEGELQJ-YYQUKWHJSA-N","CCCCCCCCCCCCCCCC(OC[C@@H](OC(CCCCCC/C=C\C/C=C\C/C=C\CCCCC)=O)COP([O-])(OCC[N+](C)(C)C)=O)=O","1-palmitoyl-2-dihomo-linolenoyl-GPC (16:0/20:3n3 or 6)*","1-palmitoyl-2-dihomo-linolenoyl-GPC (16:0/20:3n3 or 6)*","PC 36:3","PC 16:0_20:3","Unknown",NA,NA,NA,NA,NA,"Pos Late","1_palmitoyl_2_dihomo_linolenoyl_gpc_16_0_20_3n3 or 6",812,"1_palmitoyl_2_dihomo_linolenoyl_gpc_16_0_20_3n3 or 6","sample_cohort"
"1171",100008989,402,52463,165130,"Lipid","Phosphatidylcholine (PC)",2321,"NAMED","KLTHQSWIRFFBRI-RWSHWRRPSA-N","CCCCCCCCCCCCCCCC(OCC(OC(CCC/C=C/C/C=C/C/C=C/C/C=C/C/C=C/CC)=O)COP([O-])(OCC[N+](C)(C)C)=O)=O","1-palmitoyl-2-eicosapentaenoyl-GPC (16:0/20:5)*","1-palmitoyl-2-eicosapentaenoyl-GPC (16:0/20:5)*","PC 36:5","PC 16:0_20:5","Unknown",NA,NA,"HMDB0007984",NA,"24778723","Pos Late","1_palmitoyl_2_eicosapentaenoyl_gpc_16_0_20_5",813,"PC 16:0/20:5","MetLinkR"
"1172",100008989,402,52463,165130,"Lipid","Phosphatidylcholine (PC)",2321,"NAMED","KLTHQSWIRFFBRI-RWSHWRRPSA-N","CCCCCCCCCCCCCCCC(OCC(OC(CCC/C=C/C/C=C/C/C=C/C/C=C/C/C=C/CC)=O)COP([O-])(OCC[N+](C)(C)C)=O)=O","1-palmitoyl-2-eicosapentaenoyl-GPC (16:0/20:5)*","1-palmitoyl-2-eicosapentaenoyl-GPC (16:0/20:5)*","PC 36:5","PC 16:0_20:5","Unknown",NA,NA,"HMDB0007984",NA,"24778723","Pos Late","1_palmitoyl_2_eicosapentaenoyl_gpc_16_0_20_5",813,"PC 16:0/20:5","MetLinkR"
"1173",100008989,402,52463,165130,"Lipid","Phosphatidylcholine (PC)",2321,"NAMED","KLTHQSWIRFFBRI-RWSHWRRPSA-N","CCCCCCCCCCCCCCCC(OCC(OC(CCC/C=C/C/C=C/C/C=C/C/C=C/C/C=C/CC)=O)COP([O-])(OCC[N+](C)(C)C)=O)=O","1-palmitoyl-2-eicosapentaenoyl-GPC (16:0/20:5)*","1-palmitoyl-2-eicosapentaenoyl-GPC (16:0/20:5)*","PC 36:5","PC 16:0_20:5","Unknown",NA,NA,"HMDB0007984",NA,"24778723","Pos Late","1_palmitoyl_2_eicosapentaenoyl_gpc_16_0_20_5",813,"PC 16:0/20:5","MetLinkR"
"1174",100008989,402,52463,165130,"Lipid","Phosphatidylcholine (PC)",2321,"NAMED","KLTHQSWIRFFBRI-RWSHWRRPSA-N","CCCCCCCCCCCCCCCC(OCC(OC(CCC/C=C/C/C=C/C/C=C/C/C=C/C/C=C/CC)=O)COP([O-])(OCC[N+](C)(C)C)=O)=O","1-palmitoyl-2-eicosapentaenoyl-GPC (16:0/20:5)*","1-palmitoyl-2-eicosapentaenoyl-GPC (16:0/20:5)*","PC 36:5","PC 16:0_20:5","Unknown",NA,NA,"HMDB0007984",NA,"24778723","Pos Late","1_palmitoyl_2_eicosapentaenoyl_gpc_16_0_20_5",813,"PC 16:0/20:5","MetLinkR"
"1175",100008996,402,52471,165147,"Lipid","Phosphatidylethanolamine (PE)",2428,"NAMED","CZOSTDZGCCEZTJ-WMHOIYFHSA-N","O=C(CCCCCCCCCCCCCCC)OC[C@]([H])(COP(OCCN)(O)=O)OC(CCCCCCC/C=C\CCCCCC)=O","1-palmitoyl-2-palmitoleoyl-GPE (16:0/16:1)*","1-palmitoyl-2-palmitoleoyl-GPE (16:0/16:1)*","PE 32:1","PE 16:0_16:1","Unknown",NA,"24768424","HMDB0008924",NA,"52924925","Pos Late","1_palmitoyl_2_palmitoleoyl_gpe_16_0_16_1",819,"PE 16:0/16:1","MetLinkR"
"1176",100008996,402,52471,165147,"Lipid","Phosphatidylethanolamine (PE)",2428,"NAMED","CZOSTDZGCCEZTJ-WMHOIYFHSA-N","O=C(CCCCCCCCCCCCCCC)OC[C@]([H])(COP(OCCN)(O)=O)OC(CCCCCCC/C=C\CCCCCC)=O","1-palmitoyl-2-palmitoleoyl-GPE (16:0/16:1)*","1-palmitoyl-2-palmitoleoyl-GPE (16:0/16:1)*","PE 32:1","PE 16:0_16:1","Unknown",NA,"24768424","HMDB0008924",NA,"52924925","Pos Late","1_palmitoyl_2_palmitoleoyl_gpe_16_0_16_1",819,"PE 16:0/16:1","MetLinkR"
"1177",100008996,402,52471,165147,"Lipid","Phosphatidylethanolamine (PE)",2428,"NAMED","CZOSTDZGCCEZTJ-WMHOIYFHSA-N","O=C(CCCCCCCCCCCCCCC)OC[C@]([H])(COP(OCCN)(O)=O)OC(CCCCCCC/C=C\CCCCCC)=O","1-palmitoyl-2-palmitoleoyl-GPE (16:0/16:1)*","1-palmitoyl-2-palmitoleoyl-GPE (16:0/16:1)*","PE 32:1","PE 16:0_16:1","Unknown",NA,"24768424","HMDB0008924",NA,"52924925","Pos Late","1_palmitoyl_2_palmitoleoyl_gpe_16_0_16_1",819,"PE 16:0/16:1","MetLinkR"
"1178",100008996,402,52471,165147,"Lipid","Phosphatidylethanolamine (PE)",2428,"NAMED","CZOSTDZGCCEZTJ-WMHOIYFHSA-N","O=C(CCCCCCCCCCCCCCC)OC[C@]([H])(COP(OCCN)(O)=O)OC(CCCCCCC/C=C\CCCCCC)=O","1-palmitoyl-2-palmitoleoyl-GPE (16:0/16:1)*","1-palmitoyl-2-palmitoleoyl-GPE (16:0/16:1)*","PE 32:1","PE 16:0_16:1","Unknown",NA,"24768424","HMDB0008924",NA,"52924925","Pos Late","1_palmitoyl_2_palmitoleoyl_gpe_16_0_16_1",819,"PE 16:0/16:1","MetLinkR"
"1179",100009007,402,52478,165160,"Lipid","Plasmalogen",2830,"NAMED","CRBBMHQTIAELIS-KQBBALDBSA-N","[H][C@](OC(CCCCCCC/C=C\CCCCCCCC)=O)(CO[P-](OCC[N+](C)(C)C)([O])=O)CO/C=C\CCCCCCCCCCCCCC","1-(1-enyl-palmitoyl)-2-oleoyl-GPC (P-16:0/18:1)*","1-(1-enyl-palmitoyl)-2-oleoyl-GPC (P-16:0/18:1)*","PC O-34:2","PC P-16:0_18:1","PC P-16:0/18:1",NA,NA,"HMDB0007996",NA,"34779384","Pos Late","1_1_enyl_palmitoyl_2_oleoyl_gpc_p_16_0_18_1",826,"PC 16:1","MetLinkR"
"1180",100009007,402,52478,165160,"Lipid","Plasmalogen",2830,"NAMED","CRBBMHQTIAELIS-KQBBALDBSA-N","[H][C@](OC(CCCCCCC/C=C\CCCCCCCC)=O)(CO[P-](OCC[N+](C)(C)C)([O])=O)CO/C=C\CCCCCCCCCCCCCC","1-(1-enyl-palmitoyl)-2-oleoyl-GPC (P-16:0/18:1)*","1-(1-enyl-palmitoyl)-2-oleoyl-GPC (P-16:0/18:1)*","PC O-34:2","PC P-16:0_18:1","PC P-16:0/18:1",NA,NA,"HMDB0007996",NA,"34779384","Pos Late","1_1_enyl_palmitoyl_2_oleoyl_gpc_p_16_0_18_1",826,"PC 16:1","MetLinkR"
"1181",100009019,402,57333,210831,"Lipid","Plasmalogen",2819,"NAMED","GBNPCIWXLWZJGA-ADTCAWDJSA-N","CCCCCCCCCCCCCCCCCCOCC(OC(CCC/C=C/C/C=C/C/C=C/C/C=C/CCCCC)=O)COP([O-])(OCC[N+](C)(C)C)=O","1-stearyl-2-arachidonoyl-GPC (O-18:0/20:4)*","1-stearyl-2-arachidonoyl-GPC (O-18:0/20:4)*","PC O-38:4","PC O-18:0_20:4","PC O-18:0/20:4",NA,NA,NA,NA,NA,"Pos Late","1_stearyl_2_arachidonoyl_gpc_o_18_0_20_4",831,"1_stearyl_2_arachidonoyl_gpc_o_18_0_20_4","sample_cohort"
"1182",100009025,402,52495,165187,"Lipid","Sphingomyelins",3153,"NAMED","YXSZOBWVQJIWNE-QVDCKBILSA-N","[H][C@](NC(CCCCCCCCCCCCCCCCCCCC)=O)(COP(OCC[N+](C)(C)C)([O-])=O)[C@@](O)([H])/C=C/CCCCCCCCCCCCC","sphingomyelin (d18:1/21:0, d17:1/22:0, d16:1/23:0)*","sphingomyelin (d18:1/21:0, d17:1/22:0, d16:1/23:0)*","SM 39;1;O2","Unknown","Unknown",NA,NA,"HMDB0240619,HMDB0240611,HMDB0240621",NA,NA,"Pos Late","sphingomyelin_d18_1_21_0_d17_1_22_0_d16_1_23_0",833,"sphingomyelin_d18_1_21_0_d17_1_22_0_d16_1_23_0","sample_cohort"
"1183",100009030,402,53010,166340,"Lipid","Lactosylceramides (LCER)",3116,"NAMED","HLIJNIKSBCIDGO-QKLMXXKVSA-N","O=C(CCCCCCCCCCCCCCC)N[C@@]([C@]([H])(O)/C=C/CCCCCCCCCCCCC)([H])CO[C@H](O1)[C@H](O)[C@@H](O)[C@@H]([C@H]1CO)O[C@H](O2)[C@H](O)[C@@H](O)[C@H]([C@H]2CO)O","lactosyl-N-palmitoyl-sphingosine (d18:1/16:0)","lactosyl-N-palmitoyl-sphingosine (d18:1/16:0)","LacCer 34:1;O2","LacCer 18:1;O2_16:0","LacCer 18:1;O2/16:0","4201-62-1",NA,"HMDB0006750",NA,"53477895","Pos Late","lactosyl_n_palmitoyl_sphingosine_d18_1_16_0",837,"LacCer 18:1;O2/16:0","MetLinkR"
"1184",100009036,402,52499,165191,"Lipid","Phosphatidylcholine (PC)",2339,"NAMED","SXNXGNVZTLZDHE-IYEJTHTFSA-N","O=C(CCCCCCCCCCCCCCCC)OC[C@]([H])(COP(OCC[N+](C)(C)C)([O-])=O)OC(CCCCCCC/C=C\CCCCCCCC)=O","1-margaroyl-2-oleoyl-GPC (17:0/18:1)*","1-margaroyl-2-oleoyl-GPC (17:0/18:1)*","PC 35:1","PC 17:0_18:1","Unknown",NA,"24822423",NA,NA,NA,"Pos Late","1_margaroyl_2_oleoyl_gpc_17_0_18_1",840,"1_margaroyl_2_oleoyl_gpc_17_0_18_1","sample_cohort"
"1185",100009037,402,52500,165192,"Lipid","Phosphatidylcholine (PC)",2340,"NAMED","ZSKWZJYUVZYDQU-WESJWMGVSA-N","O=C(CCCCCCCCCCCCCCCC)OC[C@]([H])(COP(OCC[N+](C)(C)C)([O-])=O)OC(CCCCCCC/C=C\C/C=C\CCCCC)=O","1-margaroyl-2-linoleoyl-GPC (17:0/18:2)*","1-margaroyl-2-linoleoyl-GPC (17:0/18:2)*","PC 35:2","PC 17:0_18:2","Unknown",NA,NA,NA,NA,"52922491","Pos Late","1_margaroyl_2_linoleoyl_gpc_17_0_18_2",841,"PC 17:0/18:2(9Z,12Z)","MetLinkR"
"1186",100009067,402,52668,208072,"Lipid","Phosphatidylinositol (PI)",2586,"NAMED","DJVOKHFQPGWUPK-SWXQTFNJSA-N","O=C(CCCCCCCCCCCCCCCCC)OC[C@@]([H])(OC(CC/C=C\C/C=C\C/C=C\C/C=C\C/C=C\C/C=C\CC)=O)COP(O[C@H]1[C@H](O)[C@@H](O)[C@H](O)[C@@H](O)[C@H]1O)(O)=O","1-stearoyl-2-docosahexaenoyl-GPI (18:0/22:6)*","1-stearoyl-2-docosahexaenoyl-GPI (18:0/22:6)*","PI 40:6","PI 18:0_22:6","Unknown",NA,"24767706","HMDB0009821",NA,"52927465","Pos Late","1_stearoyl_2_docosahexaenoyl_gpi_18_0_22_6",850,"PI 18:0/22:6","MetLinkR"
"1187",100009067,402,52668,208072,"Lipid","Phosphatidylinositol (PI)",2586,"NAMED","DJVOKHFQPGWUPK-SWXQTFNJSA-N","O=C(CCCCCCCCCCCCCCCCC)OC[C@@]([H])(OC(CC/C=C\C/C=C\C/C=C\C/C=C\C/C=C\C/C=C\CC)=O)COP(O[C@H]1[C@H](O)[C@@H](O)[C@H](O)[C@@H](O)[C@H]1O)(O)=O","1-stearoyl-2-docosahexaenoyl-GPI (18:0/22:6)*","1-stearoyl-2-docosahexaenoyl-GPI (18:0/22:6)*","PI 40:6","PI 18:0_22:6","Unknown",NA,"24767706","HMDB0009821",NA,"52927465","Pos Late","1_stearoyl_2_docosahexaenoyl_gpi_18_0_22_6",850,"PI 18:0/22:6","MetLinkR"
"1188",100009067,402,52668,208072,"Lipid","Phosphatidylinositol (PI)",2586,"NAMED","DJVOKHFQPGWUPK-SWXQTFNJSA-N","O=C(CCCCCCCCCCCCCCCCC)OC[C@@]([H])(OC(CC/C=C\C/C=C\C/C=C\C/C=C\C/C=C\C/C=C\CC)=O)COP(O[C@H]1[C@H](O)[C@@H](O)[C@H](O)[C@@H](O)[C@H]1O)(O)=O","1-stearoyl-2-docosahexaenoyl-GPI (18:0/22:6)*","1-stearoyl-2-docosahexaenoyl-GPI (18:0/22:6)*","PI 40:6","PI 18:0_22:6","Unknown",NA,"24767706","HMDB0009821",NA,"52927465","Pos Late","1_stearoyl_2_docosahexaenoyl_gpi_18_0_22_6",850,"PI 18:0/22:6","MetLinkR"
"1189",100009067,402,52668,208072,"Lipid","Phosphatidylinositol (PI)",2586,"NAMED","DJVOKHFQPGWUPK-SWXQTFNJSA-N","O=C(CCCCCCCCCCCCCCCCC)OC[C@@]([H])(OC(CC/C=C\C/C=C\C/C=C\C/C=C\C/C=C\C/C=C\CC)=O)COP(O[C@H]1[C@H](O)[C@@H](O)[C@H](O)[C@@H](O)[C@H]1O)(O)=O","1-stearoyl-2-docosahexaenoyl-GPI (18:0/22:6)*","1-stearoyl-2-docosahexaenoyl-GPI (18:0/22:6)*","PI 40:6","PI 18:0_22:6","Unknown",NA,"24767706","HMDB0009821",NA,"52927465","Pos Late","1_stearoyl_2_docosahexaenoyl_gpi_18_0_22_6",850,"PI 18:0/22:6","MetLinkR"
"1190",100009122,402,53194,166624,"Lipid","Phosphatidylcholine (PC)",2295,"NAMED","ZSWHHKKYMMYPPD-MSZSINMWSA-N","O=C(CCCCCCCCCCCCCC)OC[C@]([H])(COP(OCC[N+](C)(C)C)([O-])=O)OC(CCC/C=C\C/C=C\C/C=C\C/C=C\CCCCC)=O","1-pentadecanoyl-2-arachidonoyl-GPC (15:0/20:4)*","1-pentadecanoyl-2-arachidonoyl-GPC (15:0/20:4)*","PC 35:4","PC 15:0_20:4","Unknown",NA,"24766624","HMDB0007949",NA,"52922330","Pos Late","1_pentadecanoyl_2_arachidonoyl_gpc_15_0_20_4",854,"PC 15:0/20:4","MetLinkR"
"1191",100009122,402,53194,166624,"Lipid","Phosphatidylcholine (PC)",2295,"NAMED","ZSWHHKKYMMYPPD-MSZSINMWSA-N","O=C(CCCCCCCCCCCCCC)OC[C@]([H])(COP(OCC[N+](C)(C)C)([O-])=O)OC(CCC/C=C\C/C=C\C/C=C\C/C=C\CCCCC)=O","1-pentadecanoyl-2-arachidonoyl-GPC (15:0/20:4)*","1-pentadecanoyl-2-arachidonoyl-GPC (15:0/20:4)*","PC 35:4","PC 15:0_20:4","Unknown",NA,"24766624","HMDB0007949",NA,"52922330","Pos Late","1_pentadecanoyl_2_arachidonoyl_gpc_15_0_20_4",854,"PC 15:0/20:4","MetLinkR"
"1192",100009122,402,53194,166624,"Lipid","Phosphatidylcholine (PC)",2295,"NAMED","ZSWHHKKYMMYPPD-MSZSINMWSA-N","O=C(CCCCCCCCCCCCCC)OC[C@]([H])(COP(OCC[N+](C)(C)C)([O-])=O)OC(CCC/C=C\C/C=C\C/C=C\C/C=C\CCCCC)=O","1-pentadecanoyl-2-arachidonoyl-GPC (15:0/20:4)*","1-pentadecanoyl-2-arachidonoyl-GPC (15:0/20:4)*","PC 35:4","PC 15:0_20:4","Unknown",NA,"24766624","HMDB0007949",NA,"52922330","Pos Late","1_pentadecanoyl_2_arachidonoyl_gpc_15_0_20_4",854,"PC 15:0/20:4","MetLinkR"
"1193",100009122,402,53194,166624,"Lipid","Phosphatidylcholine (PC)",2295,"NAMED","ZSWHHKKYMMYPPD-MSZSINMWSA-N","O=C(CCCCCCCCCCCCCC)OC[C@]([H])(COP(OCC[N+](C)(C)C)([O-])=O)OC(CCC/C=C\C/C=C\C/C=C\C/C=C\CCCCC)=O","1-pentadecanoyl-2-arachidonoyl-GPC (15:0/20:4)*","1-pentadecanoyl-2-arachidonoyl-GPC (15:0/20:4)*","PC 35:4","PC 15:0_20:4","Unknown",NA,"24766624","HMDB0007949",NA,"52922330","Pos Late","1_pentadecanoyl_2_arachidonoyl_gpc_15_0_20_4",854,"PC 15:0/20:4","MetLinkR"
"1194",100009123,402,53197,166627,"Lipid","Phosphatidylcholine (PC)",2296,"NAMED","GEINPYKZLFHHIL-HEXXMCQTSA-N","O=C(CCCCCCCCCCCCCC)OC[C@]([H])(COP(OCC[N+](C)(C)C)([O-])=O)OC(CC/C=C\C/C=C\C/C=C\C/C=C\C/C=C\C/C=C\CC)=O","1-pentadecanoyl-2-docosahexaenoyl-GPC (15:0/22:6)*","1-pentadecanoyl-2-docosahexaenoyl-GPC (15:0/22:6)*","PC 37:6","PC 15:0_22:6","Unknown",NA,"24766633","HMDB0007958",NA,"52922342","Pos Late","1_pentadecanoyl_2_docosahexaenoyl_gpc_15_0_22_6",855,"PC 15:0/22:6","MetLinkR"
"1195",100009123,402,53197,166627,"Lipid","Phosphatidylcholine (PC)",2296,"NAMED","GEINPYKZLFHHIL-HEXXMCQTSA-N","O=C(CCCCCCCCCCCCCC)OC[C@]([H])(COP(OCC[N+](C)(C)C)([O-])=O)OC(CC/C=C\C/C=C\C/C=C\C/C=C\C/C=C\C/C=C\CC)=O","1-pentadecanoyl-2-docosahexaenoyl-GPC (15:0/22:6)*","1-pentadecanoyl-2-docosahexaenoyl-GPC (15:0/22:6)*","PC 37:6","PC 15:0_22:6","Unknown",NA,"24766633","HMDB0007958",NA,"52922342","Pos Late","1_pentadecanoyl_2_docosahexaenoyl_gpc_15_0_22_6",855,"PC 15:0/22:6","MetLinkR"
"1196",100009123,402,53197,166627,"Lipid","Phosphatidylcholine (PC)",2296,"NAMED","GEINPYKZLFHHIL-HEXXMCQTSA-N","O=C(CCCCCCCCCCCCCC)OC[C@]([H])(COP(OCC[N+](C)(C)C)([O-])=O)OC(CC/C=C\C/C=C\C/C=C\C/C=C\C/C=C\C/C=C\CC)=O","1-pentadecanoyl-2-docosahexaenoyl-GPC (15:0/22:6)*","1-pentadecanoyl-2-docosahexaenoyl-GPC (15:0/22:6)*","PC 37:6","PC 15:0_22:6","Unknown",NA,"24766633","HMDB0007958",NA,"52922342","Pos Late","1_pentadecanoyl_2_docosahexaenoyl_gpc_15_0_22_6",855,"PC 15:0/22:6","MetLinkR"
"1197",100009123,402,53197,166627,"Lipid","Phosphatidylcholine (PC)",2296,"NAMED","GEINPYKZLFHHIL-HEXXMCQTSA-N","O=C(CCCCCCCCCCCCCC)OC[C@]([H])(COP(OCC[N+](C)(C)C)([O-])=O)OC(CC/C=C\C/C=C\C/C=C\C/C=C\C/C=C\C/C=C\CC)=O","1-pentadecanoyl-2-docosahexaenoyl-GPC (15:0/22:6)*","1-pentadecanoyl-2-docosahexaenoyl-GPC (15:0/22:6)*","PC 37:6","PC 15:0_22:6","Unknown",NA,"24766633","HMDB0007958",NA,"52922342","Pos Late","1_pentadecanoyl_2_docosahexaenoyl_gpc_15_0_22_6",855,"PC 15:0/22:6","MetLinkR"
"1198",100009124,402,53193,166623,"Lipid","Phosphatidylcholine (PC)",2341,"NAMED","MHUZXLUKTLNHIX-GUNPMBPGSA-N","O=C(CCCCCCCCCCCCCCCC)OC[C@]([H])(COP(OCC[N+](C)(C)C)([O-])=O)OC(CCC/C=C\C/C=C\C/C=C\C/C=C\CCCCC)=O","1-margaroyl-2-arachidonoyl-GPC (17:0/20:4)*","1-margaroyl-2-arachidonoyl-GPC (17:0/20:4)*","PC 37:4","PC 17:0_20:4","Unknown",NA,"24822197",NA,NA,NA,"Pos Late","1_margaroyl_2_arachidonoyl_gpc_17_0_20_4",856,"1_margaroyl_2_arachidonoyl_gpc_17_0_20_4","sample_cohort"
"1199",100009126,402,55062,208176,"Lipid","Phosphatidylcholine (PC)",2397,"NAMED","UAVRPIXHIHJERN-CBTSKTMBSA-N","O=C(CCCCCCCCCCCCCCCCCCC)OC[C@]([H])(COP(OCC[N+](C)(C)C)([O-])=O)OC(CCC/C=C\C/C=C\C/C=C\C/C=C\CCCCC)=O","1-arachidoyl-2-arachidonoyl-GPC (20:0/20:4)*","1-arachidoyl-2-arachidonoyl-GPC (20:0/20:4)*","PC 40:4","PC 20:0_20:4","Unknown",NA,"24766940","HMDB0008279",NA,"24779048","Pos Late","1_arachidoyl_2_arachidonoyl_gpc_20_0_20_4",857,"PC 20:0/20:4","MetLinkR"
"1200",100009126,402,55062,208176,"Lipid","Phosphatidylcholine (PC)",2397,"NAMED","UAVRPIXHIHJERN-CBTSKTMBSA-N","O=C(CCCCCCCCCCCCCCCCCCC)OC[C@]([H])(COP(OCC[N+](C)(C)C)([O-])=O)OC(CCC/C=C\C/C=C\C/C=C\C/C=C\CCCCC)=O","1-arachidoyl-2-arachidonoyl-GPC (20:0/20:4)*","1-arachidoyl-2-arachidonoyl-GPC (20:0/20:4)*","PC 40:4","PC 20:0_20:4","Unknown",NA,"24766940","HMDB0008279",NA,"24779048","Pos Late","1_arachidoyl_2_arachidonoyl_gpc_20_0_20_4",857,"PC 20:0/20:4","MetLinkR"
"1201",100009126,402,55062,208176,"Lipid","Phosphatidylcholine (PC)",2397,"NAMED","UAVRPIXHIHJERN-CBTSKTMBSA-N","O=C(CCCCCCCCCCCCCCCCCCC)OC[C@]([H])(COP(OCC[N+](C)(C)C)([O-])=O)OC(CCC/C=C\C/C=C\C/C=C\C/C=C\CCCCC)=O","1-arachidoyl-2-arachidonoyl-GPC (20:0/20:4)*","1-arachidoyl-2-arachidonoyl-GPC (20:0/20:4)*","PC 40:4","PC 20:0_20:4","Unknown",NA,"24766940","HMDB0008279",NA,"24779048","Pos Late","1_arachidoyl_2_arachidonoyl_gpc_20_0_20_4",857,"PC 20:0/20:4","MetLinkR"
"1202",100009126,402,55062,208176,"Lipid","Phosphatidylcholine (PC)",2397,"NAMED","UAVRPIXHIHJERN-CBTSKTMBSA-N","O=C(CCCCCCCCCCCCCCCCCCC)OC[C@]([H])(COP(OCC[N+](C)(C)C)([O-])=O)OC(CCC/C=C\C/C=C\C/C=C\C/C=C\CCCCC)=O","1-arachidoyl-2-arachidonoyl-GPC (20:0/20:4)*","1-arachidoyl-2-arachidonoyl-GPC (20:0/20:4)*","PC 40:4","PC 20:0_20:4","Unknown",NA,"24766940","HMDB0008279",NA,"24779048","Pos Late","1_arachidoyl_2_arachidonoyl_gpc_20_0_20_4",857,"PC 20:0/20:4","MetLinkR"
"1203",100009132,402,53199,166629,"Lipid","Phosphatidylcholine (PC)",2392,"NAMED","FCTKCFNDGVBOBD-YZXVGOFNSA-N","O=C(CCCCCCC/C=C\C/C=C\CCCCC)OC[C@]([H])(COP(OCC[N+](C)(C)C)([O-])=O)OC(CC/C=C\C/C=C\C/C=C\C/C=C\C/C=C\C/C=C\CC)=O","1-linoleoyl-2-docosahexaenoyl-GPC (18:2/22:6)*","1-linoleoyl-2-docosahexaenoyl-GPC (18:2/22:6)*","PC 40:8","PC 18:2_22:6","Unknown",NA,"24766818","HMDB0008156",NA,"24778983","Pos Late","1_linoleoyl_2_docosahexaenoyl_gpc_18_2_22_6",860,"PC 18:2(9Z,12Z)/22:6(4Z,7Z,10Z,13Z,16Z,19Z)","MetLinkR"
"1204",100009132,402,53199,166629,"Lipid","Phosphatidylcholine (PC)",2392,"NAMED","FCTKCFNDGVBOBD-YZXVGOFNSA-N","O=C(CCCCCCC/C=C\C/C=C\CCCCC)OC[C@]([H])(COP(OCC[N+](C)(C)C)([O-])=O)OC(CC/C=C\C/C=C\C/C=C\C/C=C\C/C=C\C/C=C\CC)=O","1-linoleoyl-2-docosahexaenoyl-GPC (18:2/22:6)*","1-linoleoyl-2-docosahexaenoyl-GPC (18:2/22:6)*","PC 40:8","PC 18:2_22:6","Unknown",NA,"24766818","HMDB0008156",NA,"24778983","Pos Late","1_linoleoyl_2_docosahexaenoyl_gpc_18_2_22_6",860,"PC 18:2(9Z,12Z)/22:6(4Z,7Z,10Z,13Z,16Z,19Z)","MetLinkR"
"1205",100009132,402,53199,166629,"Lipid","Phosphatidylcholine (PC)",2392,"NAMED","FCTKCFNDGVBOBD-YZXVGOFNSA-N","O=C(CCCCCCC/C=C\C/C=C\CCCCC)OC[C@]([H])(COP(OCC[N+](C)(C)C)([O-])=O)OC(CC/C=C\C/C=C\C/C=C\C/C=C\C/C=C\C/C=C\CC)=O","1-linoleoyl-2-docosahexaenoyl-GPC (18:2/22:6)*","1-linoleoyl-2-docosahexaenoyl-GPC (18:2/22:6)*","PC 40:8","PC 18:2_22:6","Unknown",NA,"24766818","HMDB0008156",NA,"24778983","Pos Late","1_linoleoyl_2_docosahexaenoyl_gpc_18_2_22_6",860,"PC 18:2(9Z,12Z)/22:6(4Z,7Z,10Z,13Z,16Z,19Z)","MetLinkR"
"1206",100009132,402,53199,166629,"Lipid","Phosphatidylcholine (PC)",2392,"NAMED","FCTKCFNDGVBOBD-YZXVGOFNSA-N","O=C(CCCCCCC/C=C\C/C=C\CCCCC)OC[C@]([H])(COP(OCC[N+](C)(C)C)([O-])=O)OC(CC/C=C\C/C=C\C/C=C\C/C=C\C/C=C\C/C=C\CC)=O","1-linoleoyl-2-docosahexaenoyl-GPC (18:2/22:6)*","1-linoleoyl-2-docosahexaenoyl-GPC (18:2/22:6)*","PC 40:8","PC 18:2_22:6","Unknown",NA,"24766818","HMDB0008156",NA,"24778983","Pos Late","1_linoleoyl_2_docosahexaenoyl_gpc_18_2_22_6",860,"PC 18:2(9Z,12Z)/22:6(4Z,7Z,10Z,13Z,16Z,19Z)","MetLinkR"
"1207",100009141,402,52699,165472,"Lipid","Phosphatidylcholine (PC)",2360,"NAMED","MAAMGQXOTCBPFS-JPGWWKBXSA-N","O=C(CCCCCCCCCCCCCCCCC)OC[C@]([H])(COP(OCC[N+](C)(C)C)([O-])=O)OC(CCCCC/C=C\C/C=C\C/C=C\C/C=C\C/C=C\CC)=O","1-stearoyl-2-docosapentaenoyl-GPC (18:0/22:5n3)*","1-stearoyl-2-docosapentaenoyl-GPC (18:0/22:5n3)*","PC 40:5","PC 18:0_22:5(7,10,13,16,19)","Unknown",NA,"24766720","HMDB0008056",NA,"24778873","Pos Late","1_stearoyl_2_docosapentaenoyl_gpc_18_0_22_5n3",864,"PC 18:0/22:5","MetLinkR"
"1208",100009141,402,52699,165472,"Lipid","Phosphatidylcholine (PC)",2360,"NAMED","MAAMGQXOTCBPFS-JPGWWKBXSA-N","O=C(CCCCCCCCCCCCCCCCC)OC[C@]([H])(COP(OCC[N+](C)(C)C)([O-])=O)OC(CCCCC/C=C\C/C=C\C/C=C\C/C=C\C/C=C\CC)=O","1-stearoyl-2-docosapentaenoyl-GPC (18:0/22:5n3)*","1-stearoyl-2-docosapentaenoyl-GPC (18:0/22:5n3)*","PC 40:5","PC 18:0_22:5(7,10,13,16,19)","Unknown",NA,"24766720","HMDB0008056",NA,"24778873","Pos Late","1_stearoyl_2_docosapentaenoyl_gpc_18_0_22_5n3",864,"PC 18:0/22:5","MetLinkR"
"1209",100009141,402,52699,165472,"Lipid","Phosphatidylcholine (PC)",2360,"NAMED","MAAMGQXOTCBPFS-JPGWWKBXSA-N","O=C(CCCCCCCCCCCCCCCCC)OC[C@]([H])(COP(OCC[N+](C)(C)C)([O-])=O)OC(CCCCC/C=C\C/C=C\C/C=C\C/C=C\C/C=C\CC)=O","1-stearoyl-2-docosapentaenoyl-GPC (18:0/22:5n3)*","1-stearoyl-2-docosapentaenoyl-GPC (18:0/22:5n3)*","PC 40:5","PC 18:0_22:5(7,10,13,16,19)","Unknown",NA,"24766720","HMDB0008056",NA,"24778873","Pos Late","1_stearoyl_2_docosapentaenoyl_gpc_18_0_22_5n3",864,"PC 18:0/22:5","MetLinkR"
"1210",100009141,402,52699,165472,"Lipid","Phosphatidylcholine (PC)",2360,"NAMED","MAAMGQXOTCBPFS-JPGWWKBXSA-N","O=C(CCCCCCCCCCCCCCCCC)OC[C@]([H])(COP(OCC[N+](C)(C)C)([O-])=O)OC(CCCCC/C=C\C/C=C\C/C=C\C/C=C\C/C=C\CC)=O","1-stearoyl-2-docosapentaenoyl-GPC (18:0/22:5n3)*","1-stearoyl-2-docosapentaenoyl-GPC (18:0/22:5n3)*","PC 40:5","PC 18:0_22:5(7,10,13,16,19)","Unknown",NA,"24766720","HMDB0008056",NA,"24778873","Pos Late","1_stearoyl_2_docosapentaenoyl_gpc_18_0_22_5n3",864,"PC 18:0/22:5","MetLinkR"
"1211",100009147,402,52703,165476,"Lipid","Lysoplasmalogen",2857,"NAMED","XKBJVQHMEXMFDZ-AREMUKBSSA-N","[H][C@](O)(COP(OCC[N+](C)(C)C)([O-])=O)COCCCCCCCCCCCCCCCCCC","1-stearyl-GPC (O-18:0)*","1-stearyl-GPC (O-18:0)*","LPC O-18:0","LPC O-18:0","LPC O-18:0/0:0",NA,"2015318","HMDB0011149","C04317","2733532","Pos Late","1_stearyl_gpc_o_18_0",867,"LPC 18:0","MetLinkR"
"1212",100009147,402,52703,165476,"Lipid","Lysoplasmalogen",2857,"NAMED","XKBJVQHMEXMFDZ-AREMUKBSSA-N","[H][C@](O)(COP(OCC[N+](C)(C)C)([O-])=O)COCCCCCCCCCCCCCCCCCC","1-stearyl-GPC (O-18:0)*","1-stearyl-GPC (O-18:0)*","LPC O-18:0","LPC O-18:0","LPC O-18:0/0:0",NA,"2015318","HMDB0011149","C04317","2733532","Pos Late","1_stearyl_gpc_o_18_0",867,"LPC 18:0","MetLinkR"
"1213",100009147,402,52703,165476,"Lipid","Lysoplasmalogen",2857,"NAMED","XKBJVQHMEXMFDZ-AREMUKBSSA-N","[H][C@](O)(COP(OCC[N+](C)(C)C)([O-])=O)COCCCCCCCCCCCCCCCCCC","1-stearyl-GPC (O-18:0)*","1-stearyl-GPC (O-18:0)*","LPC O-18:0","LPC O-18:0","LPC O-18:0/0:0",NA,"2015318","HMDB0011149","C04317","2733532","Pos Late","1_stearyl_gpc_o_18_0",867,"LPC 18:0","MetLinkR"
"1214",100009147,402,52703,165476,"Lipid","Lysoplasmalogen",2857,"NAMED","XKBJVQHMEXMFDZ-AREMUKBSSA-N","[H][C@](O)(COP(OCC[N+](C)(C)C)([O-])=O)COCCCCCCCCCCCCCCCCCC","1-stearyl-GPC (O-18:0)*","1-stearyl-GPC (O-18:0)*","LPC O-18:0","LPC O-18:0","LPC O-18:0/0:0",NA,"2015318","HMDB0011149","C04317","2733532","Pos Late","1_stearyl_gpc_o_18_0",867,"LPC 18:0","MetLinkR"
"1215",100009153,402,52738,165519,"Lipid","Phosphatidylcholine (PC)",2353,"NAMED","QXDDDGCNWRUEFM-UMKMFDOBSA-N","O=C(CCCCCCCCCCCCCCCCC)OC[C@]([H])(COP(OCC[N+](C)(C)C)([O-])=O)OC(CCC/C=C\C/C=C\C/C=C\CCCCCCCC)=O","1-stearoyl-2-meadoyl-GPC (18:0/20:3n9)*","1-stearoyl-2-meadoyl-GPC (18:0/20:3n9)*","PC 38:3","PC 18:0_20:3(5,8,11)","Unknown",NA,"24766711","HMDB0008046",NA,"24778855","Pos Late","1_stearoyl_2_meadoyl_gpc_18_0_20_3n9",868,"PC 18:0/20:3","MetLinkR"
"1216",100009153,402,52738,165519,"Lipid","Phosphatidylcholine (PC)",2353,"NAMED","QXDDDGCNWRUEFM-UMKMFDOBSA-N","O=C(CCCCCCCCCCCCCCCCC)OC[C@]([H])(COP(OCC[N+](C)(C)C)([O-])=O)OC(CCC/C=C\C/C=C\C/C=C\CCCCCCCC)=O","1-stearoyl-2-meadoyl-GPC (18:0/20:3n9)*","1-stearoyl-2-meadoyl-GPC (18:0/20:3n9)*","PC 38:3","PC 18:0_20:3(5,8,11)","Unknown",NA,"24766711","HMDB0008046",NA,"24778855","Pos Late","1_stearoyl_2_meadoyl_gpc_18_0_20_3n9",868,"PC 18:0/20:3","MetLinkR"
"1217",100009153,402,52738,165519,"Lipid","Phosphatidylcholine (PC)",2353,"NAMED","QXDDDGCNWRUEFM-UMKMFDOBSA-N","O=C(CCCCCCCCCCCCCCCCC)OC[C@]([H])(COP(OCC[N+](C)(C)C)([O-])=O)OC(CCC/C=C\C/C=C\C/C=C\CCCCCCCC)=O","1-stearoyl-2-meadoyl-GPC (18:0/20:3n9)*","1-stearoyl-2-meadoyl-GPC (18:0/20:3n9)*","PC 38:3","PC 18:0_20:3(5,8,11)","Unknown",NA,"24766711","HMDB0008046",NA,"24778855","Pos Late","1_stearoyl_2_meadoyl_gpc_18_0_20_3n9",868,"PC 18:0/20:3","MetLinkR"
"1218",100009153,402,52738,165519,"Lipid","Phosphatidylcholine (PC)",2353,"NAMED","QXDDDGCNWRUEFM-UMKMFDOBSA-N","O=C(CCCCCCCCCCCCCCCCC)OC[C@]([H])(COP(OCC[N+](C)(C)C)([O-])=O)OC(CCC/C=C\C/C=C\C/C=C\CCCCCCCC)=O","1-stearoyl-2-meadoyl-GPC (18:0/20:3n9)*","1-stearoyl-2-meadoyl-GPC (18:0/20:3n9)*","PC 38:3","PC 18:0_20:3(5,8,11)","Unknown",NA,"24766711","HMDB0008046",NA,"24778855","Pos Late","1_stearoyl_2_meadoyl_gpc_18_0_20_3n9",868,"PC 18:0/20:3","MetLinkR"
"1219",100009181,402,52726,210892,"Lipid","Phosphatidylinositol (PI)",2566,"NAMED","YOBFISPJJWPPTK-BAAZTTAESA-N","O=C(CCCCCCCCCCCCCCCCC)OC[C@@]([H])(OC(CCCCCCC/C=C\CCCCCCCC)=O)COP(O[C@H]1[C@H](O)[C@@H](O)[C@H](O)[C@@H](O)[C@H]1O)(O)=O","1-stearoyl-2-oleoyl-GPI (18:0/18:1)*","1-stearoyl-2-oleoyl-GPI (18:0/18:1)*","PI 36:1","PI 18:0_18:1","Unknown",NA,NA,"HMDB0240667",NA,NA,"Pos Late","1_stearoyl_2_oleoyl_gpi_18_0_18_1",871,"PI 18:0/18:1","MetLinkR"
"1220",100009181,402,52726,210892,"Lipid","Phosphatidylinositol (PI)",2566,"NAMED","YOBFISPJJWPPTK-BAAZTTAESA-N","O=C(CCCCCCCCCCCCCCCCC)OC[C@@]([H])(OC(CCCCCCC/C=C\CCCCCCCC)=O)COP(O[C@H]1[C@H](O)[C@@H](O)[C@H](O)[C@@H](O)[C@H]1O)(O)=O","1-stearoyl-2-oleoyl-GPI (18:0/18:1)*","1-stearoyl-2-oleoyl-GPI (18:0/18:1)*","PI 36:1","PI 18:0_18:1","Unknown",NA,NA,"HMDB0240667",NA,NA,"Pos Late","1_stearoyl_2_oleoyl_gpi_18_0_18_1",871,"PI 18:0/18:1","MetLinkR"
"1221",100009181,402,52726,210892,"Lipid","Phosphatidylinositol (PI)",2566,"NAMED","YOBFISPJJWPPTK-BAAZTTAESA-N","O=C(CCCCCCCCCCCCCCCCC)OC[C@@]([H])(OC(CCCCCCC/C=C\CCCCCCCC)=O)COP(O[C@H]1[C@H](O)[C@@H](O)[C@H](O)[C@@H](O)[C@H]1O)(O)=O","1-stearoyl-2-oleoyl-GPI (18:0/18:1)*","1-stearoyl-2-oleoyl-GPI (18:0/18:1)*","PI 36:1","PI 18:0_18:1","Unknown",NA,NA,"HMDB0240667",NA,NA,"Pos Late","1_stearoyl_2_oleoyl_gpi_18_0_18_1",871,"PI 18:0/18:1","MetLinkR"
"1222",100009181,402,52726,210892,"Lipid","Phosphatidylinositol (PI)",2566,"NAMED","YOBFISPJJWPPTK-BAAZTTAESA-N","O=C(CCCCCCCCCCCCCCCCC)OC[C@@]([H])(OC(CCCCCCC/C=C\CCCCCCCC)=O)COP(O[C@H]1[C@H](O)[C@@H](O)[C@H](O)[C@@H](O)[C@H]1O)(O)=O","1-stearoyl-2-oleoyl-GPI (18:0/18:1)*","1-stearoyl-2-oleoyl-GPI (18:0/18:1)*","PI 36:1","PI 18:0_18:1","Unknown",NA,NA,"HMDB0240667",NA,NA,"Pos Late","1_stearoyl_2_oleoyl_gpi_18_0_18_1",871,"PI 18:0/18:1","MetLinkR"
"1223",100009184,402,54984,208073,"Lipid","Phosphatidylinositol (PI)",2582,"NAMED","ZUGLBBVIAIBIKG-KXPCXWIZSA-N","O=C(CCCCCCCCCCCCCCCCC)OC[C@@]([H])(OC(CCCCCC/C=C\C/C=C\C/C=C\CCCCC)=O)COP(O[C@H]1[C@H](O)[C@@H](O)[C@H](O)[C@@H](O)[C@H]1O)(O)=O","1-stearoyl-2-dihomo-linolenoyl-GPI (18:0/20:3n3 or 6)*","1-stearoyl-2-dihomo-linolenoyl-GPI (18:0/20:3n3 or 6)*","PI 38:3","PI 18:0_20:3","Unknown",NA,"24767699","HMDB0009814",NA,NA,"Pos Late","1_stearoyl_2_dihomo_linolenoyl_gpi_18_0_20_3n3 or 6",872,"PI 18:0/20:3","MetLinkR"
"1224",100009184,402,54984,208073,"Lipid","Phosphatidylinositol (PI)",2582,"NAMED","ZUGLBBVIAIBIKG-KXPCXWIZSA-N","O=C(CCCCCCCCCCCCCCCCC)OC[C@@]([H])(OC(CCCCCC/C=C\C/C=C\C/C=C\CCCCC)=O)COP(O[C@H]1[C@H](O)[C@@H](O)[C@H](O)[C@@H](O)[C@H]1O)(O)=O","1-stearoyl-2-dihomo-linolenoyl-GPI (18:0/20:3n3 or 6)*","1-stearoyl-2-dihomo-linolenoyl-GPI (18:0/20:3n3 or 6)*","PI 38:3","PI 18:0_20:3","Unknown",NA,"24767699","HMDB0009814",NA,NA,"Pos Late","1_stearoyl_2_dihomo_linolenoyl_gpi_18_0_20_3n3 or 6",872,"PI 18:0/20:3","MetLinkR"
"1225",100009184,402,54984,208073,"Lipid","Phosphatidylinositol (PI)",2582,"NAMED","ZUGLBBVIAIBIKG-KXPCXWIZSA-N","O=C(CCCCCCCCCCCCCCCCC)OC[C@@]([H])(OC(CCCCCC/C=C\C/C=C\C/C=C\CCCCC)=O)COP(O[C@H]1[C@H](O)[C@@H](O)[C@H](O)[C@@H](O)[C@H]1O)(O)=O","1-stearoyl-2-dihomo-linolenoyl-GPI (18:0/20:3n3 or 6)*","1-stearoyl-2-dihomo-linolenoyl-GPI (18:0/20:3n3 or 6)*","PI 38:3","PI 18:0_20:3","Unknown",NA,"24767699","HMDB0009814",NA,NA,"Pos Late","1_stearoyl_2_dihomo_linolenoyl_gpi_18_0_20_3n3 or 6",872,"PI 18:0/20:3","MetLinkR"
"1226",100009184,402,54984,208073,"Lipid","Phosphatidylinositol (PI)",2582,"NAMED","ZUGLBBVIAIBIKG-KXPCXWIZSA-N","O=C(CCCCCCCCCCCCCCCCC)OC[C@@]([H])(OC(CCCCCC/C=C\C/C=C\C/C=C\CCCCC)=O)COP(O[C@H]1[C@H](O)[C@@H](O)[C@H](O)[C@@H](O)[C@H]1O)(O)=O","1-stearoyl-2-dihomo-linolenoyl-GPI (18:0/20:3n3 or 6)*","1-stearoyl-2-dihomo-linolenoyl-GPI (18:0/20:3n3 or 6)*","PI 38:3","PI 18:0_20:3","Unknown",NA,"24767699","HMDB0009814",NA,NA,"Pos Late","1_stearoyl_2_dihomo_linolenoyl_gpi_18_0_20_3n3 or 6",872,"PI 18:0/20:3","MetLinkR"
"1227",100009198,209,61501,217717,"Lipid","Lysoplasmalogen",2858,"NAMED","JIJGULMDDZORPH-HSZRJFAPSA-N","[H][C@](O)(COP(OCCN)(O)=O)COCCCCCCCCCCCCCCCCCC","1-stearyl-GPE (O-18:0)*","1-stearyl-GPE (O-18:0)*","LPE O-18:0","LPE O-18:0","LPE O-18:0/0:0",NA,"24823081",NA,NA,"46891690","Neg","1_stearyl_gpe_o_18_0",873,"1_stearyl_gpe_o_18_0","sample_cohort"
"1228",100009209,402,53190,166620,"Lipid","Phosphatidylethanolamine (PE)",2440,"NAMED","KHLRCNXJXSYNCK-ZIEHFRHMSA-N","O=C(CCCCCCCCCCCCCCC)OC[C@]([H])(COP(OCCN)(O)=O)OC(CCC/C=C\C/C=C\C/C=C\C/C=C\C/C=C\CC)=O","1-palmitoyl-2-eicosapentaenoyl-GPE (16:0/20:5)*","1-palmitoyl-2-eicosapentaenoyl-GPE (16:0/20:5)*","PE 36:5","PE 16:0_20:5","Unknown",NA,"24768431","HMDB0008939",NA,"52924919","Pos Late","1_palmitoyl_2_eicosapentaenoyl_gpe_16_0_20_5",874,"PE 16:0/20:5","MetLinkR"
"1229",100009209,402,53190,166620,"Lipid","Phosphatidylethanolamine (PE)",2440,"NAMED","KHLRCNXJXSYNCK-ZIEHFRHMSA-N","O=C(CCCCCCCCCCCCCCC)OC[C@]([H])(COP(OCCN)(O)=O)OC(CCC/C=C\C/C=C\C/C=C\C/C=C\C/C=C\CC)=O","1-palmitoyl-2-eicosapentaenoyl-GPE (16:0/20:5)*","1-palmitoyl-2-eicosapentaenoyl-GPE (16:0/20:5)*","PE 36:5","PE 16:0_20:5","Unknown",NA,"24768431","HMDB0008939",NA,"52924919","Pos Late","1_palmitoyl_2_eicosapentaenoyl_gpe_16_0_20_5",874,"PE 16:0/20:5","MetLinkR"
"1230",100009209,402,53190,166620,"Lipid","Phosphatidylethanolamine (PE)",2440,"NAMED","KHLRCNXJXSYNCK-ZIEHFRHMSA-N","O=C(CCCCCCCCCCCCCCC)OC[C@]([H])(COP(OCCN)(O)=O)OC(CCC/C=C\C/C=C\C/C=C\C/C=C\C/C=C\CC)=O","1-palmitoyl-2-eicosapentaenoyl-GPE (16:0/20:5)*","1-palmitoyl-2-eicosapentaenoyl-GPE (16:0/20:5)*","PE 36:5","PE 16:0_20:5","Unknown",NA,"24768431","HMDB0008939",NA,"52924919","Pos Late","1_palmitoyl_2_eicosapentaenoyl_gpe_16_0_20_5",874,"PE 16:0/20:5","MetLinkR"
"1231",100009209,402,53190,166620,"Lipid","Phosphatidylethanolamine (PE)",2440,"NAMED","KHLRCNXJXSYNCK-ZIEHFRHMSA-N","O=C(CCCCCCCCCCCCCCC)OC[C@]([H])(COP(OCCN)(O)=O)OC(CCC/C=C\C/C=C\C/C=C\C/C=C\C/C=C\CC)=O","1-palmitoyl-2-eicosapentaenoyl-GPE (16:0/20:5)*","1-palmitoyl-2-eicosapentaenoyl-GPE (16:0/20:5)*","PE 36:5","PE 16:0_20:5","Unknown",NA,"24768431","HMDB0008939",NA,"52924919","Pos Late","1_palmitoyl_2_eicosapentaenoyl_gpe_16_0_20_5",874,"PE 16:0/20:5","MetLinkR"
"1232",100009215,402,57336,210835,"Lipid","Phosphatidylethanolamine (PE)",2457,"NAMED","XJPVAWWHABLYPE-KPRICRNFSA-N","O=C(CCCCCCCCCCCCCCCCC)OC[C@]([H])(COP(OCCN)(O)=O)OC(CCCCCC/C=C\C/C=C\C/C=C\CCCCC)=O","1-stearoyl-2-dihomo-linolenoyl-GPE (18:0/20:3n3 or 6)*","1-stearoyl-2-dihomo-linolenoyl-GPE (18:0/20:3n3 or 6)*","PE 38:3","PE 18:0_20:3","Unknown",NA,"24768480","HMDB0009002",NA,"52924903","Pos Late","1_stearoyl_2_dihomo_linolenoyl_gpe_18_0_20_3n3 or 6",875,"PE 18:0/20:3","MetLinkR"
"1233",100009215,402,57336,210835,"Lipid","Phosphatidylethanolamine (PE)",2457,"NAMED","XJPVAWWHABLYPE-KPRICRNFSA-N","O=C(CCCCCCCCCCCCCCCCC)OC[C@]([H])(COP(OCCN)(O)=O)OC(CCCCCC/C=C\C/C=C\C/C=C\CCCCC)=O","1-stearoyl-2-dihomo-linolenoyl-GPE (18:0/20:3n3 or 6)*","1-stearoyl-2-dihomo-linolenoyl-GPE (18:0/20:3n3 or 6)*","PE 38:3","PE 18:0_20:3","Unknown",NA,"24768480","HMDB0009002",NA,"52924903","Pos Late","1_stearoyl_2_dihomo_linolenoyl_gpe_18_0_20_3n3 or 6",875,"PE 18:0/20:3","MetLinkR"
"1234",100009215,402,57336,210835,"Lipid","Phosphatidylethanolamine (PE)",2457,"NAMED","XJPVAWWHABLYPE-KPRICRNFSA-N","O=C(CCCCCCCCCCCCCCCCC)OC[C@]([H])(COP(OCCN)(O)=O)OC(CCCCCC/C=C\C/C=C\C/C=C\CCCCC)=O","1-stearoyl-2-dihomo-linolenoyl-GPE (18:0/20:3n3 or 6)*","1-stearoyl-2-dihomo-linolenoyl-GPE (18:0/20:3n3 or 6)*","PE 38:3","PE 18:0_20:3","Unknown",NA,"24768480","HMDB0009002",NA,"52924903","Pos Late","1_stearoyl_2_dihomo_linolenoyl_gpe_18_0_20_3n3 or 6",875,"PE 18:0/20:3","MetLinkR"
"1235",100009215,402,57336,210835,"Lipid","Phosphatidylethanolamine (PE)",2457,"NAMED","XJPVAWWHABLYPE-KPRICRNFSA-N","O=C(CCCCCCCCCCCCCCCCC)OC[C@]([H])(COP(OCCN)(O)=O)OC(CCCCCC/C=C\C/C=C\C/C=C\CCCCC)=O","1-stearoyl-2-dihomo-linolenoyl-GPE (18:0/20:3n3 or 6)*","1-stearoyl-2-dihomo-linolenoyl-GPE (18:0/20:3n3 or 6)*","PE 38:3","PE 18:0_20:3","Unknown",NA,"24768480","HMDB0009002",NA,"52924903","Pos Late","1_stearoyl_2_dihomo_linolenoyl_gpe_18_0_20_3n3 or 6",875,"PE 18:0/20:3","MetLinkR"
"1236",100009220,402,53209,166647,"Lipid","Phosphatidylethanolamine (PE)",2474,"NAMED","JZSZAGWWWKKXLO-RMEBTJIYSA-N","O=C(CCCCCCC/C=C\CCCCCCCC)OC[C@]([H])(COP(OCCN)(O)=O)OC(CC/C=C\C/C=C\C/C=C\C/C=C\C/C=C\C/C=C\CC)=O","1-oleoyl-2-docosahexaenoyl-GPE (18:1/22:6)*","1-oleoyl-2-docosahexaenoyl-GPE (18:1/22:6)*","PE 40:7","PE 18:1_22:6","Unknown",NA,"24768542","HMDB0009078",NA,"52922113","Pos Late","1_oleoyl_2_docosahexaenoyl_gpe_18_1_22_6",878,"PE 18:1(9Z)/22:6(4Z,7Z,10Z,13Z,16Z,19Z)*","MetLinkR"
"1237",100009220,402,53209,166647,"Lipid","Phosphatidylethanolamine (PE)",2474,"NAMED","JZSZAGWWWKKXLO-RMEBTJIYSA-N","O=C(CCCCCCC/C=C\CCCCCCCC)OC[C@]([H])(COP(OCCN)(O)=O)OC(CC/C=C\C/C=C\C/C=C\C/C=C\C/C=C\C/C=C\CC)=O","1-oleoyl-2-docosahexaenoyl-GPE (18:1/22:6)*","1-oleoyl-2-docosahexaenoyl-GPE (18:1/22:6)*","PE 40:7","PE 18:1_22:6","Unknown",NA,"24768542","HMDB0009078",NA,"52922113","Pos Late","1_oleoyl_2_docosahexaenoyl_gpe_18_1_22_6",878,"PE 18:1(9Z)/22:6(4Z,7Z,10Z,13Z,16Z,19Z)*","MetLinkR"
"1238",100009220,402,53209,166647,"Lipid","Phosphatidylethanolamine (PE)",2474,"NAMED","JZSZAGWWWKKXLO-RMEBTJIYSA-N","O=C(CCCCCCC/C=C\CCCCCCCC)OC[C@]([H])(COP(OCCN)(O)=O)OC(CC/C=C\C/C=C\C/C=C\C/C=C\C/C=C\C/C=C\CC)=O","1-oleoyl-2-docosahexaenoyl-GPE (18:1/22:6)*","1-oleoyl-2-docosahexaenoyl-GPE (18:1/22:6)*","PE 40:7","PE 18:1_22:6","Unknown",NA,"24768542","HMDB0009078",NA,"52922113","Pos Late","1_oleoyl_2_docosahexaenoyl_gpe_18_1_22_6",878,"PE 18:1(9Z)/22:6(4Z,7Z,10Z,13Z,16Z,19Z)*","MetLinkR"
"1239",100009220,402,53209,166647,"Lipid","Phosphatidylethanolamine (PE)",2474,"NAMED","JZSZAGWWWKKXLO-RMEBTJIYSA-N","O=C(CCCCCCC/C=C\CCCCCCCC)OC[C@]([H])(COP(OCCN)(O)=O)OC(CC/C=C\C/C=C\C/C=C\C/C=C\C/C=C\C/C=C\CC)=O","1-oleoyl-2-docosahexaenoyl-GPE (18:1/22:6)*","1-oleoyl-2-docosahexaenoyl-GPE (18:1/22:6)*","PE 40:7","PE 18:1_22:6","Unknown",NA,"24768542","HMDB0009078",NA,"52922113","Pos Late","1_oleoyl_2_docosahexaenoyl_gpe_18_1_22_6",878,"PE 18:1(9Z)/22:6(4Z,7Z,10Z,13Z,16Z,19Z)*","MetLinkR"
"1240",100009227,209,54885,207774,"Lipid","Lysophospholipid",2739,"NAMED","VEEHTGYBVMTAAF-RFFZIGDUSA-N","[H][C@@](CO)(O)COP(OC[C@]([H])(O)COC(CCCCCCC/C=C\C/C=C\CCCCC)=O)(O)=O","1-linoleoyl-GPG (18:2)*","1-linoleoyl-GPG (18:2)*","LPG 18:2","LPG 18:2","LPG 18:2/0:0",NA,NA,"HMDB0240600",NA,NA,"Neg","1_linoleoyl_gpg_18_2",881,"LPG 18:2","MetLinkR"
"1241",100009227,209,54885,207774,"Lipid","Lysophospholipid",2739,"NAMED","VEEHTGYBVMTAAF-RFFZIGDUSA-N","[H][C@@](CO)(O)COP(OC[C@]([H])(O)COC(CCCCCCC/C=C\C/C=C\CCCCC)=O)(O)=O","1-linoleoyl-GPG (18:2)*","1-linoleoyl-GPG (18:2)*","LPG 18:2","LPG 18:2","LPG 18:2/0:0",NA,NA,"HMDB0240600",NA,NA,"Neg","1_linoleoyl_gpg_18_2",881,"LPG 18:2","MetLinkR"
"1242",100009227,209,54885,207774,"Lipid","Lysophospholipid",2739,"NAMED","VEEHTGYBVMTAAF-RFFZIGDUSA-N","[H][C@@](CO)(O)COP(OC[C@]([H])(O)COC(CCCCCCC/C=C\C/C=C\CCCCC)=O)(O)=O","1-linoleoyl-GPG (18:2)*","1-linoleoyl-GPG (18:2)*","LPG 18:2","LPG 18:2","LPG 18:2/0:0",NA,NA,"HMDB0240600",NA,NA,"Neg","1_linoleoyl_gpg_18_2",881,"LPG 18:2","MetLinkR"
"1243",100009272,402,53013,166346,"Lipid","Hexosylceramides (HCER)",3086,"NAMED","VJLLLMIZEJJZTE-NNTBDIJYSA-N","[H][C@](O)([C@@](NC(CCCCCCCCCCCCCCC)=O)(CO[C@@H]1O[C@H](CO)[C@@H](O)[C@H](O)[C@H]1O)[H])/C=C/CCCCCCCCCCCCC","glycosyl-N-palmitoyl-sphingosine (d18:1/16:0)","glycosyl-N-palmitoyl-sphingosine (d18:1/16:0)","HexCer 34:1;O2","HexCer 18:1;O2_16:0","HexCer 18:1;O2/16:0",NA,NA,NA,NA,NA,"Pos Late","glycosyl_n_palmitoyl_sphingosine_d18_1_16_0",888,"glycosyl_n_palmitoyl_sphingosine_d18_1_16_0","sample_cohort"
"1244",100009275,400,53031,166248,"Amino Acid","Leucine, Isoleucine and Valine Metabolism",417,"NAMED","GFWWWKVGRZVWDS-UHFFFAOYSA-N","[O-]C(CC(C[N+](C)(C)C)OC(CC(C(O)=O)C)=O)=O","methylsuccinoylcarnitine","methylsuccinoylcarnitine",NA,NA,NA,NA,NA,NA,NA,NA,"Pos Early","methylsuccinoylcarnitine",889,"methylsuccinoylcarnitine","sample_cohort"
"1245",100009329,305,63590,222872,"Cofactors and Vitamins","Ascorbate and Aldarate Metabolism",4384,"NAMED","SKKZOYBAANIUOV-ZAFYKAAXSA-N","O[C@@H](CO)[C@@](C1=O)([H])OC(O)=C1OS(O)(=O)=O","ascorbic acid 2-sulfate","ascorbic acid 2-sulfate",NA,NA,NA,"52174-99-9","77998","HMDB0060649",NA,"54676864","Polar","ascorbic acid 2_sulfate",893,"Ascorbic acid 2-sulfate","MetLinkR"
"1246",100009335,402,53262,179349,"Lipid","Fatty Acid Metabolism (Acyl Choline)",1970,"NAMED","FRBBZHFNTVMXIH-OKLKQMLOSA-N","O=C(CCCCCC/C=[C-]/C/C=C/C/C=C/CCCCC)OCC[N+](C)(C)C","dihomo-linolenoyl-choline","dihomo-linolenoyl-choline",NA,NA,NA,NA,NA,"HMDB0240646",NA,NA,"Pos Late","dihomo_linolenoyl_choline",897,"Dihomo-gamma-linolenoylcholine","MetLinkR"
"1247",100009360,402,53202,166632,"Lipid","Phosphatidylcholine (PC)",2379,"NAMED","LQILTFYUCKNMSR-AZWNZLRBSA-N","CCCCCCCC/C=C/CCCCCCCC(OCC(OC(CCCCC/C=C/C/C=C/C/C=C/C/C=C/C/C=C/CC)=O)COP([O-])(OCC[N+](C)(C)C)=O)=O","1-oleoyl-2-docosapentaenoyl-GPC (18:1/22:5n3)*","1-oleoyl-2-docosapentaenoyl-GPC (18:1/22:5n3)*","PC 40:6","PC 18:1_22:5(7,10,13,16,19)","Unknown",NA,NA,"HMDB0008122",NA,"53478773","Pos Late","1_oleoyl_2_docosapentaenoyl_gpc_18_1_22_5n3",900,"PC 18:1(9Z)/22:5(7Z,10Z,13Z,16Z,19Z)*","MetLinkR"
"1248",100009360,402,53202,166632,"Lipid","Phosphatidylcholine (PC)",2379,"NAMED","LQILTFYUCKNMSR-AZWNZLRBSA-N","CCCCCCCC/C=C/CCCCCCCC(OCC(OC(CCCCC/C=C/C/C=C/C/C=C/C/C=C/C/C=C/CC)=O)COP([O-])(OCC[N+](C)(C)C)=O)=O","1-oleoyl-2-docosapentaenoyl-GPC (18:1/22:5n3)*","1-oleoyl-2-docosapentaenoyl-GPC (18:1/22:5n3)*","PC 40:6","PC 18:1_22:5(7,10,13,16,19)","Unknown",NA,NA,"HMDB0008122",NA,"53478773","Pos Late","1_oleoyl_2_docosapentaenoyl_gpc_18_1_22_5n3",900,"PC 18:1(9Z)/22:5(7Z,10Z,13Z,16Z,19Z)*","MetLinkR"
"1249",100009360,402,53202,166632,"Lipid","Phosphatidylcholine (PC)",2379,"NAMED","LQILTFYUCKNMSR-AZWNZLRBSA-N","CCCCCCCC/C=C/CCCCCCCC(OCC(OC(CCCCC/C=C/C/C=C/C/C=C/C/C=C/C/C=C/CC)=O)COP([O-])(OCC[N+](C)(C)C)=O)=O","1-oleoyl-2-docosapentaenoyl-GPC (18:1/22:5n3)*","1-oleoyl-2-docosapentaenoyl-GPC (18:1/22:5n3)*","PC 40:6","PC 18:1_22:5(7,10,13,16,19)","Unknown",NA,NA,"HMDB0008122",NA,"53478773","Pos Late","1_oleoyl_2_docosapentaenoyl_gpc_18_1_22_5n3",900,"PC 18:1(9Z)/22:5(7Z,10Z,13Z,16Z,19Z)*","MetLinkR"
"1250",100009364,402,53192,166622,"Lipid","Phosphatidylcholine (PC)",2351,"NAMED","QLAPQVPZKNRKSF-FYBVJDQOSA-N","CCCCCCCCCCCCCCCCCC(OCC(OC(CC/C=C/C/C=C/CCCCCCCCCCCC)=O)COP([O-])(OCC[N+](C)(C)C)=O)=O","phosphatidylcholine (18:0/20:2, 20:0/18:2)*","phosphatidylcholine (18:0/20:2, 20:0/18:2)*","PC 38:2","Unknown","Unknown",NA,NA,"HMDB0008143,HMDB0008045",NA,NA,"Pos Late","phosphatidylcholine_18_0_20_2_20_0_18_2",901,"phosphatidylcholine_18_0_20_2_20_0_18_2","sample_cohort"
"1251",100009376,402,55037,208147,"Lipid","Plasmalogen",2821,"NAMED","UKPNUUDYLNCIOE-IZHHWLPXSA-N","[H][C@](OC(CC/C=C\C/C=C\C/C=C\C/C=C\C/C=C\C/C=C\CC)=O)(COP(OCCN)(O)=O)CO/C=C\CCCCCC/C=C\CCCCCCCC","1-(1-enyl-oleoyl)-2-docosahexaenoyl-GPE (P-18:1/22:6)*","1-(1-enyl-oleoyl)-2-docosahexaenoyl-GPE (P-18:1/22:6)*","PE O-40:8","PE P-18:1_22:6","PE P-18:1/22:6",NA,"24769344","HMDB0011460",NA,"52925039","Pos Late","1_1_enyl_oleoyl_2_docosahexaenoyl_gpe_p_18_1_22_6",902,"PE 18:2/22:6","MetLinkR"
"1252",100009376,402,55037,208147,"Lipid","Plasmalogen",2821,"NAMED","UKPNUUDYLNCIOE-IZHHWLPXSA-N","[H][C@](OC(CC/C=C\C/C=C\C/C=C\C/C=C\C/C=C\C/C=C\CC)=O)(COP(OCCN)(O)=O)CO/C=C\CCCCCC/C=C\CCCCCCCC","1-(1-enyl-oleoyl)-2-docosahexaenoyl-GPE (P-18:1/22:6)*","1-(1-enyl-oleoyl)-2-docosahexaenoyl-GPE (P-18:1/22:6)*","PE O-40:8","PE P-18:1_22:6","PE P-18:1/22:6",NA,"24769344","HMDB0011460",NA,"52925039","Pos Late","1_1_enyl_oleoyl_2_docosahexaenoyl_gpe_p_18_1_22_6",902,"PE 18:2/22:6","MetLinkR"
"1253",100009376,402,55037,208147,"Lipid","Plasmalogen",2821,"NAMED","UKPNUUDYLNCIOE-IZHHWLPXSA-N","[H][C@](OC(CC/C=C\C/C=C\C/C=C\C/C=C\C/C=C\C/C=C\CC)=O)(COP(OCCN)(O)=O)CO/C=C\CCCCCC/C=C\CCCCCCCC","1-(1-enyl-oleoyl)-2-docosahexaenoyl-GPE (P-18:1/22:6)*","1-(1-enyl-oleoyl)-2-docosahexaenoyl-GPE (P-18:1/22:6)*","PE O-40:8","PE P-18:1_22:6","PE P-18:1/22:6",NA,"24769344","HMDB0011460",NA,"52925039","Pos Late","1_1_enyl_oleoyl_2_docosahexaenoyl_gpe_p_18_1_22_6",902,"PE 18:2/22:6","MetLinkR"
"1254",100009376,402,55037,208147,"Lipid","Plasmalogen",2821,"NAMED","UKPNUUDYLNCIOE-IZHHWLPXSA-N","[H][C@](OC(CC/C=C\C/C=C\C/C=C\C/C=C\C/C=C\C/C=C\CC)=O)(COP(OCCN)(O)=O)CO/C=C\CCCCCC/C=C\CCCCCCCC","1-(1-enyl-oleoyl)-2-docosahexaenoyl-GPE (P-18:1/22:6)*","1-(1-enyl-oleoyl)-2-docosahexaenoyl-GPE (P-18:1/22:6)*","PE O-40:8","PE P-18:1_22:6","PE P-18:1/22:6",NA,"24769344","HMDB0011460",NA,"52925039","Pos Late","1_1_enyl_oleoyl_2_docosahexaenoyl_gpe_p_18_1_22_6",902,"PE 18:2/22:6","MetLinkR"
"1255",100009376,402,55037,208147,"Lipid","Plasmalogen",2821,"NAMED","UKPNUUDYLNCIOE-IZHHWLPXSA-N","[H][C@](OC(CC/C=C\C/C=C\C/C=C\C/C=C\C/C=C\C/C=C\CC)=O)(COP(OCCN)(O)=O)CO/C=C\CCCCCC/C=C\CCCCCCCC","1-(1-enyl-oleoyl)-2-docosahexaenoyl-GPE (P-18:1/22:6)*","1-(1-enyl-oleoyl)-2-docosahexaenoyl-GPE (P-18:1/22:6)*","PE O-40:8","PE P-18:1_22:6","PE P-18:1/22:6",NA,"24769344","HMDB0011460",NA,"52925039","Pos Late","1_1_enyl_oleoyl_2_docosahexaenoyl_gpe_p_18_1_22_6",902,"PE 18:2/22:6","MetLinkR"
"1256",100009376,402,55037,208147,"Lipid","Plasmalogen",2821,"NAMED","UKPNUUDYLNCIOE-IZHHWLPXSA-N","[H][C@](OC(CC/C=C\C/C=C\C/C=C\C/C=C\C/C=C\C/C=C\CC)=O)(COP(OCCN)(O)=O)CO/C=C\CCCCCC/C=C\CCCCCCCC","1-(1-enyl-oleoyl)-2-docosahexaenoyl-GPE (P-18:1/22:6)*","1-(1-enyl-oleoyl)-2-docosahexaenoyl-GPE (P-18:1/22:6)*","PE O-40:8","PE P-18:1_22:6","PE P-18:1/22:6",NA,"24769344","HMDB0011460",NA,"52925039","Pos Late","1_1_enyl_oleoyl_2_docosahexaenoyl_gpe_p_18_1_22_6",902,"PE 18:2/22:6","MetLinkR"
"1257",100009376,402,55037,208147,"Lipid","Plasmalogen",2821,"NAMED","UKPNUUDYLNCIOE-IZHHWLPXSA-N","[H][C@](OC(CC/C=C\C/C=C\C/C=C\C/C=C\C/C=C\C/C=C\CC)=O)(COP(OCCN)(O)=O)CO/C=C\CCCCCC/C=C\CCCCCCCC","1-(1-enyl-oleoyl)-2-docosahexaenoyl-GPE (P-18:1/22:6)*","1-(1-enyl-oleoyl)-2-docosahexaenoyl-GPE (P-18:1/22:6)*","PE O-40:8","PE P-18:1_22:6","PE P-18:1/22:6",NA,"24769344","HMDB0011460",NA,"52925039","Pos Late","1_1_enyl_oleoyl_2_docosahexaenoyl_gpe_p_18_1_22_6",902,"PE 18:2/22:6","MetLinkR"
"1258",100009407,400,53224,178792,"Lipid","Fatty Acid Metabolism (Acyl Carnitine, Dicarboxylate)",1937,"NAMED","NTBUXPPQHCFLOM-UHFFFAOYSA-N","[O-]C(CC(C[N+](C)(C)C)OC(CCCCCC(O)=O)=O)=O","pimeloylcarnitine/3-methyladipoylcarnitine (C7-DC)","pimeloylcarnitine/3-methyladipoylcarnitine (C7-DC)",NA,NA,NA,NA,NA,NA,NA,NA,"Pos Early","pimeloylcarnitine_3_methyladipoylcarnitine_c7_dc",906,"pimeloylcarnitine_3_methyladipoylcarnitine_c7_dc","sample_cohort"
"1259",100010895,400,57554,211532,"Nucleotide","Pyrimidine Metabolism, Cytidine containing",4299,"NAMED","RFCQJGFZUQFYRF-ZOQUXTDFSA-N","O=C1N(C=CC(N)=N1)[C@@H]([C@H](OC)[C@@H]2O)O[C@@H]2CO","2'-O-methylcytidine","2'-O-methylcytidine",NA,NA,NA,"2140-72-9","133067",NA,NA,"150971","Pos Early","2'_o_methylcytidine",911,"2'-O-Methylcytidine","MetLinkR"
"1260",100010896,209,57655,212709,"Nucleotide","Pyrimidine Metabolism, Uracil containing",4258,"NAMED","SXUXMRMBWZCMEN-ZOQUXTDFSA-N","CO[C@@H]1[C@@H]([C@H](O[C@H]1N2C=CC(NC2=O)=O)CO)O","2'-O-methyluridine","2'-O-methyluridine",NA,NA,NA,"2140-76-3","92343","HMDB0240328",NA,"102212","Neg","2'_o_methyluridine",912,"2'-O-Methyluridine","MetLinkR"
"1261",100010896,209,57655,212709,"Nucleotide","Pyrimidine Metabolism, Uracil containing",4258,"NAMED","SXUXMRMBWZCMEN-ZOQUXTDFSA-N","CO[C@@H]1[C@@H]([C@H](O[C@H]1N2C=CC(NC2=O)=O)CO)O","2'-O-methyluridine","2'-O-methyluridine",NA,NA,NA,"2140-76-3","92343","HMDB0240328",NA,"102212","Neg","2'_o_methyluridine",912,"2'-O-Methyluridine","MetLinkR"
"1262",100010898,209,54924,208318,"Xenobiotics","Food Component/Plant",5010,"NAMED","BDCRTIDKZGEVEN-UHFFFAOYSA-N","O=C1C2=C(O)C=C(OC3C(O)C(O)C(O)C(C(O)=O)O3)C=C2OC(C4=CC=C(O)C=C4)C1","naringenin 7-glucuronide","naringenin 7-glucuronide",NA,NA,NA,NA,NA,NA,NA,NA,"Neg","naringenin 7_glucuronide",913,"naringenin 7_glucuronide","sample_cohort"
"1263",100010926,402,54963,208048,"Lipid","Diacylglycerol",2961,"NAMED","ZDBLXLQFRZTIIU-ZPNZQGKLSA-N","OC[C@](OC(CCCC/C=C/C/C=C\C/C=C\CCCCC)=O)(COC(CCCCCCC/C=C\C/C=C\CCCCC)=O)[H]","linoleoyl-linolenoyl-glycerol (18:2/18:3) [1]*","linoleoyl-linolenoyl-glycerol (18:2/18:3) [1]*","DG 36:5","DG 18:2_18:3","Unknown",NA,NA,"HMDB0007249",NA,"14275409","Pos Late","linoleoyl_linolenoyl_glycerol_18_2_18_3__1",920,"DG 18:2(9Z,12Z)/18:3(6Z,9Z,12Z)/0:0","MetLinkR"
"1264",100010926,402,54963,208048,"Lipid","Diacylglycerol",2961,"NAMED","ZDBLXLQFRZTIIU-ZPNZQGKLSA-N","OC[C@](OC(CCCC/C=C/C/C=C\C/C=C\CCCCC)=O)(COC(CCCCCCC/C=C\C/C=C\CCCCC)=O)[H]","linoleoyl-linolenoyl-glycerol (18:2/18:3) [1]*","linoleoyl-linolenoyl-glycerol (18:2/18:3) [1]*","DG 36:5","DG 18:2_18:3","Unknown",NA,NA,"HMDB0007249",NA,"14275409","Pos Late","linoleoyl_linolenoyl_glycerol_18_2_18_3__1",920,"DG 18:2(9Z,12Z)/18:3(6Z,9Z,12Z)/0:0","MetLinkR"
"1265",100010926,402,54963,208048,"Lipid","Diacylglycerol",2961,"NAMED","ZDBLXLQFRZTIIU-ZPNZQGKLSA-N","OC[C@](OC(CCCC/C=C/C/C=C\C/C=C\CCCCC)=O)(COC(CCCCCCC/C=C\C/C=C\CCCCC)=O)[H]","linoleoyl-linolenoyl-glycerol (18:2/18:3) [1]*","linoleoyl-linolenoyl-glycerol (18:2/18:3) [1]*","DG 36:5","DG 18:2_18:3","Unknown",NA,NA,"HMDB0007249",NA,"14275409","Pos Late","linoleoyl_linolenoyl_glycerol_18_2_18_3__1",920,"DG 18:2(9Z,12Z)/18:3(6Z,9Z,12Z)/0:0","MetLinkR"
"1266",100010928,402,54949,208034,"Lipid","Diacylglycerol",2973,"NAMED","GPMAAGRGFWBOSO-KLJRXRINSA-N","CCCCC/C=C/C/C=C/CCCCCCCC(OCC(OC(CC/C=C/C/C=C/C/C=C/C/C=C/C/C=C/C/C=C/CC)=O)CO)=O","linoleoyl-docosahexaenoyl-glycerol (18:2/22:6) [1]*","linoleoyl-docosahexaenoyl-glycerol (18:2/22:6) [1]*","DG 40:8","DG 18:2_22:6","Unknown",NA,NA,"HMDB0007266",NA,"9543899","Pos Late","linoleoyl_docosahexaenoyl_glycerol_18_2_22_6__1",922,"DG 18:2(9Z,12Z)/22:6(4Z,7Z,10Z,13Z,16Z,19Z)/0:0*","MetLinkR"
"1267",100010928,402,54949,208034,"Lipid","Diacylglycerol",2973,"NAMED","GPMAAGRGFWBOSO-KLJRXRINSA-N","CCCCC/C=C/C/C=C/CCCCCCCC(OCC(OC(CC/C=C/C/C=C/C/C=C/C/C=C/C/C=C/C/C=C/CC)=O)CO)=O","linoleoyl-docosahexaenoyl-glycerol (18:2/22:6) [1]*","linoleoyl-docosahexaenoyl-glycerol (18:2/22:6) [1]*","DG 40:8","DG 18:2_22:6","Unknown",NA,NA,"HMDB0007266",NA,"9543899","Pos Late","linoleoyl_docosahexaenoyl_glycerol_18_2_22_6__1",922,"DG 18:2(9Z,12Z)/22:6(4Z,7Z,10Z,13Z,16Z,19Z)/0:0*","MetLinkR"
"1268",100010928,402,54949,208034,"Lipid","Diacylglycerol",2973,"NAMED","GPMAAGRGFWBOSO-KLJRXRINSA-N","CCCCC/C=C/C/C=C/CCCCCCCC(OCC(OC(CC/C=C/C/C=C/C/C=C/C/C=C/C/C=C/C/C=C/CC)=O)CO)=O","linoleoyl-docosahexaenoyl-glycerol (18:2/22:6) [1]*","linoleoyl-docosahexaenoyl-glycerol (18:2/22:6) [1]*","DG 40:8","DG 18:2_22:6","Unknown",NA,NA,"HMDB0007266",NA,"9543899","Pos Late","linoleoyl_docosahexaenoyl_glycerol_18_2_22_6__1",922,"DG 18:2(9Z,12Z)/22:6(4Z,7Z,10Z,13Z,16Z,19Z)/0:0*","MetLinkR"
"1269",100010928,402,54949,208034,"Lipid","Diacylglycerol",2973,"NAMED","GPMAAGRGFWBOSO-KLJRXRINSA-N","CCCCC/C=C/C/C=C/CCCCCCCC(OCC(OC(CC/C=C/C/C=C/C/C=C/C/C=C/C/C=C/C/C=C/CC)=O)CO)=O","linoleoyl-docosahexaenoyl-glycerol (18:2/22:6) [1]*","linoleoyl-docosahexaenoyl-glycerol (18:2/22:6) [1]*","DG 40:8","DG 18:2_22:6","Unknown",NA,NA,"HMDB0007266",NA,"9543899","Pos Late","linoleoyl_docosahexaenoyl_glycerol_18_2_22_6__1",922,"DG 18:2(9Z,12Z)/22:6(4Z,7Z,10Z,13Z,16Z,19Z)/0:0*","MetLinkR"
"1270",100010940,402,54966,208051,"Lipid","Diacylglycerol",2917,"NAMED","BHGPPCIWDXQOMA-HZFIRFLSSA-N","CCCCCC/C=C/CCCCCCCC(OCC(OC(CCCCCCC/C=C/C/C=C/CCCCC)=O)CO)=O","diacylglycerol (16:1/18:2 [2], 16:0/18:3 [1])*","diacylglycerol (16:1/18:2 [2], 16:0/18:3 [1])*","DG 34:3","Unknown","Unknown",NA,NA,NA,NA,NA,"Pos Late","diacylglycerol_16_1_18_2_2_16_0_18_3_1",926,"diacylglycerol_16_1_18_2_2_16_0_18_3_1","sample_cohort"
"1271",100010951,402,54994,208087,"Lipid","Phosphatidylinositol (PI)",2585,"NAMED","SHIZRFSRTKXRQL-XBUMEPTLSA-N","CCCCCCCC/C=C/CCCCCCCC(OCC(OC(CCC/C=C/C/C=C/C/C=C/C/C=C/CCCCC)=O)COP(O)(OC1C(O)C(O)C(O)C(O)C1O)=O)=O","1-oleoyl-2-arachidonoyl-GPI (18:1/20:4)*","1-oleoyl-2-arachidonoyl-GPI (18:1/20:4)*","PI 38:5","PI 18:1_20:4","Unknown",NA,NA,NA,NA,NA,"Pos Late","1_oleoyl_2_arachidonoyl_gpi_18_1_20_4",930,"1_oleoyl_2_arachidonoyl_gpi_18_1_20_4","sample_cohort"
"1272",100010962,402,55007,208108,"Lipid","Lysoplasmalogen",2855,"NAMED","OKXWJISJKQKUTN-OAQYLSRUSA-N","[H][C@](O)(COP(OCCN)(O)=O)COCCCCCCCCCCCCCCCC","1-palmityl-GPE (O-16:0)*","1-palmityl-GPE (O-16:0)*","LPE O-16:0","LPE O-16:0","LPE O-16:0/0:0",NA,"24823080",NA,NA,NA,"Pos Late","1_palmityl_gpe_o_16_0",932,"1_palmityl_gpe_o_16_0","sample_cohort"
"1273",100015586,402,57332,210830,"Lipid","Plasmalogen",2813,"NAMED","WOTHHEHCEYHCFE-LDLOPFEMSA-N","[H][C@](OC(CCCCCCCCCCCCCCC)=O)(COP(OCC[N+](C)(C)C)([O-])=O)COCCCCCCCCCCCCCCCC","1-palmityl-2-palmitoyl-GPC (O-16:0/16:0)*","1-palmityl-2-palmitoyl-GPC (O-16:0/16:0)*","PC O-32:0","PC O-16:0_16:0","PC O-16:0/16:0",NA,"128719",NA,NA,"145911","Pos Late","1_palmityl_2_palmitoyl_gpc_o_16_0_16_0",934,"PC O-16:0/16:0","MetLinkR"
"1274",100015587,402,57334,210832,"Lipid","Plasmalogen",2820,"NAMED","HJDYJUQFSIJNGA-BGDNETPNSA-N","[H][C@](OC(CCCCC/C=C\C/C=C\C/C=C\C/C=C\C/C=C\CC)=O)(COP(OCC[N+](C)(C)C)([O-])=O)COCCCCCCCCCCCCCCCCCC","1-stearyl-2-docosapentaenoyl-GPC (O-18:0/22:5n3)*","1-stearyl-2-docosapentaenoyl-GPC (O-18:0/22:5n3)*","PC O-40:5","PC O-18:0_22:5(7,10,13,16,19)","PC O-18:0/22:5",NA,"24822902,24822904",NA,NA,"24779340","Pos Late","1_stearyl_2_docosapentaenoyl_gpc_o_18_0_22_5n3",935,"1_stearyl_2_docosapentaenoyl_gpc_o_18_0_22_5n3","sample_cohort"
"1275",100015590,402,57721,213236,"Lipid","Plasmalogen",2851,"NAMED","LMGTVCKIUNTOEP-HJTCUGKVSA-N","[H][C@](OC(CCCCCCC/C=C\C/C=C\CCCCC)=O)(COP(OCC[N+](C)(C)C)([O-])=O)COCCCCCCCCCCCCCCCCCC","1-stearyl-2-linoleoyl-GPC (O-18:0/18:2)*","1-stearyl-2-linoleoyl-GPC (O-18:0/18:2)*","PC O-36:2","PC O-18:0_18:2","PC O-18:0/18:2",NA,"4947110","HMDB0013418",NA,"6443070","Pos Late","1_stearyl_2_linoleoyl_gpc_o_18_0_18_2",936,"PC 18:0/18:2","MetLinkR"
"1276",100015590,402,57721,213236,"Lipid","Plasmalogen",2851,"NAMED","LMGTVCKIUNTOEP-HJTCUGKVSA-N","[H][C@](OC(CCCCCCC/C=C\C/C=C\CCCCC)=O)(COP(OCC[N+](C)(C)C)([O-])=O)COCCCCCCCCCCCCCCCCCC","1-stearyl-2-linoleoyl-GPC (O-18:0/18:2)*","1-stearyl-2-linoleoyl-GPC (O-18:0/18:2)*","PC O-36:2","PC O-18:0_18:2","PC O-18:0/18:2",NA,"4947110","HMDB0013418",NA,"6443070","Pos Late","1_stearyl_2_linoleoyl_gpc_o_18_0_18_2",936,"PC 18:0/18:2","MetLinkR"
"1277",100015590,402,57721,213236,"Lipid","Plasmalogen",2851,"NAMED","LMGTVCKIUNTOEP-HJTCUGKVSA-N","[H][C@](OC(CCCCCCC/C=C\C/C=C\CCCCC)=O)(COP(OCC[N+](C)(C)C)([O-])=O)COCCCCCCCCCCCCCCCCCC","1-stearyl-2-linoleoyl-GPC (O-18:0/18:2)*","1-stearyl-2-linoleoyl-GPC (O-18:0/18:2)*","PC O-36:2","PC O-18:0_18:2","PC O-18:0/18:2",NA,"4947110","HMDB0013418",NA,"6443070","Pos Late","1_stearyl_2_linoleoyl_gpc_o_18_0_18_2",936,"PC 18:0/18:2","MetLinkR"
"1278",100015590,402,57721,213236,"Lipid","Plasmalogen",2851,"NAMED","LMGTVCKIUNTOEP-HJTCUGKVSA-N","[H][C@](OC(CCCCCCC/C=C\C/C=C\CCCCC)=O)(COP(OCC[N+](C)(C)C)([O-])=O)COCCCCCCCCCCCCCCCCCC","1-stearyl-2-linoleoyl-GPC (O-18:0/18:2)*","1-stearyl-2-linoleoyl-GPC (O-18:0/18:2)*","PC O-36:2","PC O-18:0_18:2","PC O-18:0/18:2",NA,"4947110","HMDB0013418",NA,"6443070","Pos Late","1_stearyl_2_linoleoyl_gpc_o_18_0_18_2",936,"PC 18:0/18:2","MetLinkR"
"1279",100015590,402,57721,213236,"Lipid","Plasmalogen",2851,"NAMED","LMGTVCKIUNTOEP-HJTCUGKVSA-N","[H][C@](OC(CCCCCCC/C=C\C/C=C\CCCCC)=O)(COP(OCC[N+](C)(C)C)([O-])=O)COCCCCCCCCCCCCCCCCCC","1-stearyl-2-linoleoyl-GPC (O-18:0/18:2)*","1-stearyl-2-linoleoyl-GPC (O-18:0/18:2)*","PC O-36:2","PC O-18:0_18:2","PC O-18:0/18:2",NA,"4947110","HMDB0013418",NA,"6443070","Pos Late","1_stearyl_2_linoleoyl_gpc_o_18_0_18_2",936,"PC 18:0/18:2","MetLinkR"
"1280",100015592,402,57337,210838,"Lipid","Phosphatidylethanolamine (PE)",2463,"NAMED","KYERVKWKQQBRQB-DHZXAVNCSA-N","CCCCCCCCCCCCCCCCCC(OC[C@H](COP(O)(OCCN)=O)OC(CCCCC/C=C\C/C=C\C/C=C\C/C=C\C/C=C/CC)=O)=O","1-stearoyl-2-docosapentaenoyl-GPE (18:0/22:5n3)*","1-stearoyl-2-docosapentaenoyl-GPE (18:0/22:5n3)*","PE 40:5","PE 18:0_22:5(7,10,13,16,19)","Unknown",NA,NA,"HMDB0009011",NA,"53479612","Pos Late","1_stearoyl_2_docosapentaenoyl_gpe_18_0_22_5n3",937,"PE 18:0/22:5","MetLinkR"
"1281",100015592,402,57337,210838,"Lipid","Phosphatidylethanolamine (PE)",2463,"NAMED","KYERVKWKQQBRQB-DHZXAVNCSA-N","CCCCCCCCCCCCCCCCCC(OC[C@H](COP(O)(OCCN)=O)OC(CCCCC/C=C\C/C=C\C/C=C\C/C=C\C/C=C/CC)=O)=O","1-stearoyl-2-docosapentaenoyl-GPE (18:0/22:5n3)*","1-stearoyl-2-docosapentaenoyl-GPE (18:0/22:5n3)*","PE 40:5","PE 18:0_22:5(7,10,13,16,19)","Unknown",NA,NA,"HMDB0009011",NA,"53479612","Pos Late","1_stearoyl_2_docosapentaenoyl_gpe_18_0_22_5n3",937,"PE 18:0/22:5","MetLinkR"
"1282",100015592,402,57337,210838,"Lipid","Phosphatidylethanolamine (PE)",2463,"NAMED","KYERVKWKQQBRQB-DHZXAVNCSA-N","CCCCCCCCCCCCCCCCCC(OC[C@H](COP(O)(OCCN)=O)OC(CCCCC/C=C\C/C=C\C/C=C\C/C=C\C/C=C/CC)=O)=O","1-stearoyl-2-docosapentaenoyl-GPE (18:0/22:5n3)*","1-stearoyl-2-docosapentaenoyl-GPE (18:0/22:5n3)*","PE 40:5","PE 18:0_22:5(7,10,13,16,19)","Unknown",NA,NA,"HMDB0009011",NA,"53479612","Pos Late","1_stearoyl_2_docosapentaenoyl_gpe_18_0_22_5n3",937,"PE 18:0/22:5","MetLinkR"
"1283",100015593,402,57338,210839,"Lipid","Phosphatidylethanolamine (PE)",2464,"NAMED","DPRXQVIZBLENFV-UFHXWEBOSA-N","CCCCCCCCCCCCCCCCCC(OCC(OC(CC/C=C/C/C=C/C/C=C/C/C=C/C/C=C/CCCCC)=O)COP(O)(OCCN)=O)=O","1-stearoyl-2-docosapentaenoyl-GPE (18:0/22:5n6)*","1-stearoyl-2-docosapentaenoyl-GPE (18:0/22:5n6)*","PE 40:5","PE 18:0_22:5(4,7,10,13,16)","Unknown",NA,NA,"HMDB0009010",NA,"53479611","Pos Late","1_stearoyl_2_docosapentaenoyl_gpe_18_0_22_5n6",938,"PE 18:0/22:5","MetLinkR"
"1284",100015593,402,57338,210839,"Lipid","Phosphatidylethanolamine (PE)",2464,"NAMED","DPRXQVIZBLENFV-UFHXWEBOSA-N","CCCCCCCCCCCCCCCCCC(OCC(OC(CC/C=C/C/C=C/C/C=C/C/C=C/C/C=C/CCCCC)=O)COP(O)(OCCN)=O)=O","1-stearoyl-2-docosapentaenoyl-GPE (18:0/22:5n6)*","1-stearoyl-2-docosapentaenoyl-GPE (18:0/22:5n6)*","PE 40:5","PE 18:0_22:5(4,7,10,13,16)","Unknown",NA,NA,"HMDB0009010",NA,"53479611","Pos Late","1_stearoyl_2_docosapentaenoyl_gpe_18_0_22_5n6",938,"PE 18:0/22:5","MetLinkR"
"1285",100015593,402,57338,210839,"Lipid","Phosphatidylethanolamine (PE)",2464,"NAMED","DPRXQVIZBLENFV-UFHXWEBOSA-N","CCCCCCCCCCCCCCCCCC(OCC(OC(CC/C=C/C/C=C/C/C=C/C/C=C/C/C=C/CCCCC)=O)COP(O)(OCCN)=O)=O","1-stearoyl-2-docosapentaenoyl-GPE (18:0/22:5n6)*","1-stearoyl-2-docosapentaenoyl-GPE (18:0/22:5n6)*","PE 40:5","PE 18:0_22:5(4,7,10,13,16)","Unknown",NA,NA,"HMDB0009010",NA,"53479611","Pos Late","1_stearoyl_2_docosapentaenoyl_gpe_18_0_22_5n6",938,"PE 18:0/22:5","MetLinkR"
"1286",100015594,402,57339,210840,"Lipid","Phosphatidylethanolamine (PE)",2462,"NAMED","HNFSZKRUPTYBOQ-ZDYOIFAYSA-N","O=C(CCCCCCCCCCCCCCCCC)OC[C@]([H])(COP(OCCN)(O)=O)OC(CCCCC/C=C\C/C=C\C/C=C\C/C=C\CCCCC)=O","1-stearoyl-2-adrenoyl-GPE (18:0/22:4)*","1-stearoyl-2-adrenoyl-GPE (18:0/22:4)*","PE 40:4","PE 18:0_22:4","Unknown","131350-53-3","24768484","HMDB0009009",NA,"52924901","Pos Late","1_stearoyl_2_adrenoyl_gpe_18_0_22_4",939,"PE 18:0/22:4","MetLinkR"
"1287",100015594,402,57339,210840,"Lipid","Phosphatidylethanolamine (PE)",2462,"NAMED","HNFSZKRUPTYBOQ-ZDYOIFAYSA-N","O=C(CCCCCCCCCCCCCCCCC)OC[C@]([H])(COP(OCCN)(O)=O)OC(CCCCC/C=C\C/C=C\C/C=C\C/C=C\CCCCC)=O","1-stearoyl-2-adrenoyl-GPE (18:0/22:4)*","1-stearoyl-2-adrenoyl-GPE (18:0/22:4)*","PE 40:4","PE 18:0_22:4","Unknown","131350-53-3","24768484","HMDB0009009",NA,"52924901","Pos Late","1_stearoyl_2_adrenoyl_gpe_18_0_22_4",939,"PE 18:0/22:4","MetLinkR"
"1288",100015594,402,57339,210840,"Lipid","Phosphatidylethanolamine (PE)",2462,"NAMED","HNFSZKRUPTYBOQ-ZDYOIFAYSA-N","O=C(CCCCCCCCCCCCCCCCC)OC[C@]([H])(COP(OCCN)(O)=O)OC(CCCCC/C=C\C/C=C\C/C=C\C/C=C\CCCCC)=O","1-stearoyl-2-adrenoyl-GPE (18:0/22:4)*","1-stearoyl-2-adrenoyl-GPE (18:0/22:4)*","PE 40:4","PE 18:0_22:4","Unknown","131350-53-3","24768484","HMDB0009009",NA,"52924901","Pos Late","1_stearoyl_2_adrenoyl_gpe_18_0_22_4",939,"PE 18:0/22:4","MetLinkR"
"1289",100015594,402,57339,210840,"Lipid","Phosphatidylethanolamine (PE)",2462,"NAMED","HNFSZKRUPTYBOQ-ZDYOIFAYSA-N","O=C(CCCCCCCCCCCCCCCCC)OC[C@]([H])(COP(OCCN)(O)=O)OC(CCCCC/C=C\C/C=C\C/C=C\C/C=C\CCCCC)=O","1-stearoyl-2-adrenoyl-GPE (18:0/22:4)*","1-stearoyl-2-adrenoyl-GPE (18:0/22:4)*","PE 40:4","PE 18:0_22:4","Unknown","131350-53-3","24768484","HMDB0009009",NA,"52924901","Pos Late","1_stearoyl_2_adrenoyl_gpe_18_0_22_4",939,"PE 18:0/22:4","MetLinkR"
"1290",100015596,402,57342,210843,"Lipid","Plasmalogen",2846,"NAMED","QIJJGYHBXLEBJV-MVCMTJSTSA-N","[H][C@](OC(CCCCC/C=C\C/C=C\C/C=C\C/C=C\C/C=C\CC)=O)(COP(OCCN)(O)=O)CO/C=C\CCCCCCCCCCCCCCCC","1-(1-enyl-stearoyl)-2-docosapentaenoyl-GPE (P-18:0/22:5n3)*","1-(1-enyl-stearoyl)-2-docosapentaenoyl-GPE (P-18:0/22:5n3)*","PE O-40:6","PE P-18:0_22:5(7,10,13,16,19)","PE P-18:0/22:5",NA,NA,"HMDB0011393",NA,"53480858","Pos Late","1_1_enyl_stearoyl_2_docosapentaenoyl_gpe_p_18_0_22_5n3",940,"PE (p-18:0/22:5(7Z,10Z,13Z,16Z,19Z))*","MetLinkR"
"1291",100015596,402,57342,210843,"Lipid","Plasmalogen",2846,"NAMED","QIJJGYHBXLEBJV-MVCMTJSTSA-N","[H][C@](OC(CCCCC/C=C\C/C=C\C/C=C\C/C=C\C/C=C\CC)=O)(COP(OCCN)(O)=O)CO/C=C\CCCCCCCCCCCCCCCC","1-(1-enyl-stearoyl)-2-docosapentaenoyl-GPE (P-18:0/22:5n3)*","1-(1-enyl-stearoyl)-2-docosapentaenoyl-GPE (P-18:0/22:5n3)*","PE O-40:6","PE P-18:0_22:5(7,10,13,16,19)","PE P-18:0/22:5",NA,NA,"HMDB0011393",NA,"53480858","Pos Late","1_1_enyl_stearoyl_2_docosapentaenoyl_gpe_p_18_0_22_5n3",940,"PE (p-18:0/22:5(7Z,10Z,13Z,16Z,19Z))*","MetLinkR"
"1292",100015596,402,57342,210843,"Lipid","Plasmalogen",2846,"NAMED","QIJJGYHBXLEBJV-MVCMTJSTSA-N","[H][C@](OC(CCCCC/C=C\C/C=C\C/C=C\C/C=C\C/C=C\CC)=O)(COP(OCCN)(O)=O)CO/C=C\CCCCCCCCCCCCCCCC","1-(1-enyl-stearoyl)-2-docosapentaenoyl-GPE (P-18:0/22:5n3)*","1-(1-enyl-stearoyl)-2-docosapentaenoyl-GPE (P-18:0/22:5n3)*","PE O-40:6","PE P-18:0_22:5(7,10,13,16,19)","PE P-18:0/22:5",NA,NA,"HMDB0011393",NA,"53480858","Pos Late","1_1_enyl_stearoyl_2_docosapentaenoyl_gpe_p_18_0_22_5n3",940,"PE (p-18:0/22:5(7Z,10Z,13Z,16Z,19Z))*","MetLinkR"
"1293",100015596,402,57342,210843,"Lipid","Plasmalogen",2846,"NAMED","QIJJGYHBXLEBJV-MVCMTJSTSA-N","[H][C@](OC(CCCCC/C=C\C/C=C\C/C=C\C/C=C\C/C=C\CC)=O)(COP(OCCN)(O)=O)CO/C=C\CCCCCCCCCCCCCCCC","1-(1-enyl-stearoyl)-2-docosapentaenoyl-GPE (P-18:0/22:5n3)*","1-(1-enyl-stearoyl)-2-docosapentaenoyl-GPE (P-18:0/22:5n3)*","PE O-40:6","PE P-18:0_22:5(7,10,13,16,19)","PE P-18:0/22:5",NA,NA,"HMDB0011393",NA,"53480858","Pos Late","1_1_enyl_stearoyl_2_docosapentaenoyl_gpe_p_18_0_22_5n3",940,"PE (p-18:0/22:5(7Z,10Z,13Z,16Z,19Z))*","MetLinkR"
"1294",100015596,402,57342,210843,"Lipid","Plasmalogen",2846,"NAMED","QIJJGYHBXLEBJV-MVCMTJSTSA-N","[H][C@](OC(CCCCC/C=C\C/C=C\C/C=C\C/C=C\C/C=C\CC)=O)(COP(OCCN)(O)=O)CO/C=C\CCCCCCCCCCCCCCCC","1-(1-enyl-stearoyl)-2-docosapentaenoyl-GPE (P-18:0/22:5n3)*","1-(1-enyl-stearoyl)-2-docosapentaenoyl-GPE (P-18:0/22:5n3)*","PE O-40:6","PE P-18:0_22:5(7,10,13,16,19)","PE P-18:0/22:5",NA,NA,"HMDB0011393",NA,"53480858","Pos Late","1_1_enyl_stearoyl_2_docosapentaenoyl_gpe_p_18_0_22_5n3",940,"PE (p-18:0/22:5(7Z,10Z,13Z,16Z,19Z))*","MetLinkR"
"1295",100015596,402,57342,210843,"Lipid","Plasmalogen",2846,"NAMED","QIJJGYHBXLEBJV-MVCMTJSTSA-N","[H][C@](OC(CCCCC/C=C\C/C=C\C/C=C\C/C=C\C/C=C\CC)=O)(COP(OCCN)(O)=O)CO/C=C\CCCCCCCCCCCCCCCC","1-(1-enyl-stearoyl)-2-docosapentaenoyl-GPE (P-18:0/22:5n3)*","1-(1-enyl-stearoyl)-2-docosapentaenoyl-GPE (P-18:0/22:5n3)*","PE O-40:6","PE P-18:0_22:5(7,10,13,16,19)","PE P-18:0/22:5",NA,NA,"HMDB0011393",NA,"53480858","Pos Late","1_1_enyl_stearoyl_2_docosapentaenoyl_gpe_p_18_0_22_5n3",940,"PE (p-18:0/22:5(7Z,10Z,13Z,16Z,19Z))*","MetLinkR"
"1296",100015609,402,57416,211068,"Lipid","Ceramides",3059,"NAMED","XXWRZIYYFPIQHE-XPAOSYCESA-N","[H][C@](NC(CCCCCCCCCCCCCCC)=O)(CO)[C@@](O)([H])/C=C/CCCCCCCC/C=C\CCC","N-palmitoyl-sphingadienine (d18:2/16:0)*","N-palmitoyl-sphingadienine (d18:2/16:0)*","CER 34:2;O2","CER 18:2; O2_16:0","CER 18:2; O2/16:0",NA,NA,"HMDB0240686",NA,NA,"Pos Late","n_palmitoyl_sphingadienine_d18_2_16_0",941,"Cer 18:2(4E,15Z);O2/16:0","MetLinkR"
"1297",100015609,402,57416,211068,"Lipid","Ceramides",3059,"NAMED","XXWRZIYYFPIQHE-XPAOSYCESA-N","[H][C@](NC(CCCCCCCCCCCCCCC)=O)(CO)[C@@](O)([H])/C=C/CCCCCCCC/C=C\CCC","N-palmitoyl-sphingadienine (d18:2/16:0)*","N-palmitoyl-sphingadienine (d18:2/16:0)*","CER 34:2;O2","CER 18:2; O2_16:0","CER 18:2; O2/16:0",NA,NA,"HMDB0240686",NA,NA,"Pos Late","n_palmitoyl_sphingadienine_d18_2_16_0",941,"Cer 18:2(4E,15Z);O2/16:0","MetLinkR"
"1298",100015609,402,57416,211068,"Lipid","Ceramides",3059,"NAMED","XXWRZIYYFPIQHE-XPAOSYCESA-N","[H][C@](NC(CCCCCCCCCCCCCCC)=O)(CO)[C@@](O)([H])/C=C/CCCCCCCC/C=C\CCC","N-palmitoyl-sphingadienine (d18:2/16:0)*","N-palmitoyl-sphingadienine (d18:2/16:0)*","CER 34:2;O2","CER 18:2; O2_16:0","CER 18:2; O2/16:0",NA,NA,"HMDB0240686",NA,NA,"Pos Late","n_palmitoyl_sphingadienine_d18_2_16_0",941,"Cer 18:2(4E,15Z);O2/16:0","MetLinkR"
"1299",100015620,402,57370,210897,"Lipid","Lactosylceramides (LCER)",3120,"NAMED","MKOKWBRPIBQYJJ-WZBOJYASSA-N","[H][C@](NC(CCCCCCCCCCCCC/C=C\CCCCCCCC)=O)(CO[C@H]1[C@H](O)[C@@H](O)[C@H](O[C@H]2[C@H](O)[C@@H](O)[C@@H](O)[C@H](O2)CO)[C@H](O1)CO)[C@@](O)([H])/C=C/CCCCCCCCCCCCC","lactosyl-N-nervonoyl-sphingosine (d18:1/24:1)*","lactosyl-N-nervonoyl-sphingosine (d18:1/24:1)*","LacCer 42:1;O2","LacCer 18:1;O2_24:1","LacCer 18:1;O2/24:1",NA,"24846896","HMDB0004872",NA,NA,"Pos Late","lactosyl_n_nervonoyl_sphingosine_d18_1_24_1",942,"LacCer 18:1;O2/24:1","MetLinkR"
"1300",100015623,402,57422,211075,"Lipid","Lactosylceramides (LCER)",3119,"NAMED","QYWVASPEUXEHSY-NNRNTGNWSA-N","[H][C@](NC(CCCCCCCCCCCCCCCCCCCCC)=O)(CO[C@H]1[C@H](O)[C@@H](O)[C@H](O[C@H]2[C@H](O)[C@@H](O)[C@@H](O)[C@H](O2)CO)[C@H](O1)CO)[C@@](O)([H])/C=C/CCCCCCCCCCCCC","lactosyl-N-behenoyl-sphingosine (d18:1/22:0)*","lactosyl-N-behenoyl-sphingosine (d18:1/22:0)*","LacCer 40:1;O2","LacCer 18:1;O2_22:0","LacCer 18:1;O2/22:0",NA,"24846893","HMDB0011594",NA,"44260143","Pos Late","lactosyl_n_behenoyl_sphingosine_d18_1_22_0",943,"LacCer 18:1;O2/22:0","MetLinkR"
"1301",100015624,402,57372,210899,"Lipid","Ceramides",3061,"NAMED","HILTUFAERVOALR-MQXYEJFFSA-N","[H][C@](NC(CCCCCCCCCCCCCCCCCCCCC)=O)(CO)[C@@](O)([H])/C=C/CCCCCCCC/C=C\CCC","N-behenoyl-sphingadienine (d18:2/22:0)*","N-behenoyl-sphingadienine (d18:2/22:0)*","CER 40:2;O2","CER 18:2; O2_22:0","CER 18:2; O2/22:0",NA,NA,NA,NA,NA,"Pos Late","n_behenoyl_sphingadienine_d18_2_22_0",944,"n_behenoyl_sphingadienine_d18_2_22_0","sample_cohort"
"1302",100015625,402,57421,211074,"Lipid","Hexosylceramides (HCER)",3097,"NAMED","BZVOAOVDSULRAB-NUBHLNQHSA-N","[H][C@](NC(CCCCCCCCCCCCCCCCCCCCC)=O)(CO[C@H]1[C@H](O)[C@@H](O)[C@@H](O)[C@@H](CO)O1)[C@@](O)([H])/C=C/CCCCCCCC/C=C\CCC","glycosyl-N-behenoyl-sphingadienine (d18:2/22:0)*","glycosyl-N-behenoyl-sphingadienine (d18:2/22:0)*","HexCer 40:2;O2","HexCer 18:2;O2_22:0","HexCer 18:2;O2/22:0",NA,NA,NA,NA,NA,"Pos Late","glycosyl_n_behenoyl_sphingadienine_d18_2_22_0",945,"glycosyl_n_behenoyl_sphingadienine_d18_2_22_0","sample_cohort"
"1303",100015632,402,57417,211069,"Lipid","Ceramides",3060,"NAMED","LBBFOWQGVUEADU-CKGMUTLASA-N","CCCCCCCCCCCCCCCCCC(NC(C(O)/C=C/CCCCCCCC/C=C/CCC)CO)=O","N-stearoyl-sphingadienine (d18:2/18:0)*","N-stearoyl-sphingadienine (d18:2/18:0)*","CER 36:2;O2","CER 18:2; O2_18:0","CER 18:2; O2/18:0",NA,NA,"HMDB0240362",NA,"132282053","Pos Late","n_stearoyl_sphingadienine_d18_2_18_0",946,"Cer 18:2;O2/18:0","MetLinkR"
"1304",100015637,209,57663,212725,"Lipid","Fatty Acid, Monohydroxy",1997,"NAMED","RPGJJWLCCOPDAZ-UHFFFAOYSA-N","CCCCCCCCCCCCCCCCCCCCC(O)C(O)=O","2-hydroxybehenate","2-hydroxybehenate",NA,NA,NA,NA,"167899","HMDB0061660",NA,"193484","Neg","2_hydroxybehenate",947,"2-Hydroxy behenic acid","MetLinkR"
"1305",100015640,209,57659,212717,"Lipid","Endocannabinoid",2221,"NAMED","BFVRFWIQTACAPT-KRWDZBQOSA-N","O=C(CCCCCCCCCCCCCCC)N([H])[C@H](C(O)=O)CO","N-palmitoylserine","N-palmitoylserine",NA,NA,NA,"58725-46-5,474943-14-1","4956046",NA,NA,"6453686","Neg","n_palmitoylserine",949,"NA-Ser 16:0","MetLinkR"
"1306",100015641,209,57664,212727,"Lipid","Endocannabinoid",2219,"NAMED","MBDKGXAMSZIDKF-KTKRTIGZSA-N","CCCCCCCC/C=C\CCCCCCCC(NC(C(O)=O)CO)=O","N-oleoylserine","N-oleoylserine",NA,NA,NA,NA,"21466990",NA,NA,"44190514","Neg","n_oleoylserine",950,"NA-Ser 18:1(9Z)","MetLinkR"
"1307",100015656,209,57392,210940,"Lipid","Fatty Acid, Monohydroxy",2048,"NAMED","RGRPPOXMMMSPAK-UHFFFAOYSA-N","OC(C(CCCCCCCCCCCCCCCC)OS(=O)(O)=O)=O","hydroxystearate sulfate","hydroxystearate sulfate",NA,NA,NA,NA,NA,NA,NA,NA,"Neg","hydroxystearate sulfate",952,"hydroxystearate sulfate","sample_cohort"
"1308",100015689,402,57415,211066,"Lipid","Phosphatidylcholine (PC)",2310,"NAMED","QAPGDFJIZLYEBT-DYMXKLMASA-N","O=C(CCCCCCCCCCCCCCC)OCC(COP(OCC[N+](C)(C)C)([O-])=O)OC(C(O)CCCCCC/C=C\C/C=C\CCCCC)=O","1-palmitoyl-2-(hydroxylinoleoyl)-GPC (16:0/18:2(OH))*","1-palmitoyl-2-(hydroxylinoleoyl)-GPC (16:0/18:2(OH))*","PC 34:2;O","PC 16:0_18:2;O","Unknown",NA,NA,NA,NA,NA,"Pos Late","1_palmitoyl_2_hydroxylinoleoyl_gpc_16_0_18_2_oh",953,"1_palmitoyl_2_hydroxylinoleoyl_gpc_16_0_18_2_oh","sample_cohort"
"1309",100015723,402,57428,211081,"Lipid","Sphingosines",3196,"NAMED","BTUSGZZCQZACPT-YYZTVXDQSA-N","OC[C@H](N)[C@H](O)/C=C/CCCCCCCCCCC","hexadecasphingosine (d16:1)*","hexadecasphingosine (d16:1)*",NA,NA,NA,"6982-09-8","28533427",NA,NA,"14767871","Pos Late","hexadecasphingosine_d16_1",954,"C16 Sphingosine","MetLinkR"
"1310",100015727,402,57437,211091,"Lipid","Ceramides",3079,"NAMED","ODRVSCJZSDNQBP-LMGPGFSZSA-N","OC(/C=C/CCCCCCCCCCC)C(CO)NC(CCCCCCCCCCCCC/C=C\CCCCCCCC)=O","ceramide (d16:1/24:1, d18:1/22:1)*","ceramide (d16:1/24:1, d18:1/22:1)*","CER 40:2;O2","Unknown","Unknown",NA,NA,NA,NA,NA,"Pos Late","ceramide_d16_1_24_1_d18_1_22_1",955,"ceramide_d16_1_24_1_d18_1_22_1","sample_cohort"
"1311",100015731,402,57430,211083,"Lipid","Ceramides",3071,"NAMED","KXVLPPCAUYSNGY-BYCLXTJYSA-N","OC(/C=C/CCCCCCCCCCCC)C(CO)NC(CCCCCCCCCCCCCCC)=O","N-palmitoyl-heptadecasphingosine (d17:1/16:0)*","N-palmitoyl-heptadecasphingosine (d17:1/16:0)*","CER 33:1;O2","CER 17:1; O2_16:0","CER 17:1; O2/16:0",NA,NA,"HMDB0240685",NA,NA,"Pos Late","n_palmitoyl_heptadecasphingosine_d17_1_16_0",956,"Cer 17:1;O2/16:0","MetLinkR"
"1312",100015735,402,57432,211086,"Lipid","Ceramides",3075,"NAMED","ZKRPGPZHULJLKJ-IMVLJIQESA-N","OC(/C=C/CCCCCCCCCCCCC)C(CO)NC(CCCCCCCCCCCCC)=O","ceramide (d18:1/14:0, d16:1/16:0)*","ceramide (d18:1/14:0, d16:1/16:0)*","CER 32:1;O2","Unknown","Unknown",NA,NA,"HMDB0240681,HMDB0011773",NA,NA,"Pos Late","ceramide_d18_1_14_0_d16_1_16_0",957,"ceramide_d18_1_14_0_d16_1_16_0","sample_cohort"
"1313",100015737,402,57434,211088,"Lipid","Ceramides",3076,"NAMED","ICWGMOFDULMCFL-SJCQXOIGSA-N","OC(/C=C/CCCCCCCCCCCCC)C(CO)NC(CCCCCCCCCCCCCCCC)=O","ceramide (d18:1/17:0, d17:1/18:0)*","ceramide (d18:1/17:0, d17:1/18:0)*","CER 35:1;O2","Unknown","Unknown",NA,NA,"HMDB0240683,HMDB0240678",NA,NA,"Pos Late","ceramide_d18_1_17_0_d17_1_18_0",958,"ceramide_d18_1_17_0_d17_1_18_0","sample_cohort"
"1314",100015744,402,57443,211097,"Lipid","Ceramides",3080,"NAMED","QMVWGDBKESWTON-OQKRWUNJSA-N","CCCCCCCCCCCCC/C=C/C(O)C(NC(CCC/C=C/CC/C=C/CCCCCCCCCCCCCC)=O)CO","ceramide (d18:2/24:1, d18:1/24:2)*","ceramide (d18:2/24:1, d18:1/24:2)*","CER 42:3;O2","Unknown","Unknown",NA,NA,"HMDB0240679,HMDB0240680",NA,NA,"Pos Late","ceramide_d18_2_24_1_d18_1_24_2",959,"ceramide_d18_2_24_1_d18_1_24_2","sample_cohort"
"1315",100015745,402,57453,211107,"Lipid","Hexosylceramides (HCER)",3111,"NAMED","WYTRSDHGWSSQLK-PCKKJQKNSA-N","OC(/C=C/CCCCCCCC/C=C\CCC)C(COC1C(O)C(O)C(O)C(CO)O1)NC(CCCCCCCCCCCCC/C=C\CCCCCCCC)=O","glycosyl ceramide (d18:2/24:1, d18:1/24:2)*","glycosyl ceramide (d18:2/24:1, d18:1/24:2)*","HexCer 42:3;O2","Unknown","Unknown",NA,NA,NA,NA,NA,"Pos Late","glycosyl ceramide_d18_2_24_1_d18_1_24_2",960,"glycosyl ceramide_d18_2_24_1_d18_1_24_2","sample_cohort"
"1316",100015755,402,57440,211094,"Lipid","Ceramides",3078,"NAMED","XWBWIAOWSABHFI-QOSDPKFLSA-N","OC(/C=C/CCCCCCCCCCCCC)C(CO)NC(CCCCCCCCCCCCCCCCCCC)=O","ceramide (d18:1/20:0, d16:1/22:0, d20:1/18:0)*","ceramide (d18:1/20:0, d16:1/22:0, d20:1/18:0)*","CER 38:1;O2","Unknown","Unknown",NA,NA,"HMDB0240684,HMDB0240682,HMDB0004951",NA,NA,"Pos Late","ceramide_d18_1_20_0_d16_1_22_0_d20_1_18_0",961,"ceramide_d18_1_20_0_d16_1_22_0_d20_1_18_0","sample_cohort"
"1317",100015762,209,57467,211123,"Lipid","Long Chain Polyunsaturated Fatty Acid (n3 and n6)",1597,"NAMED","RILVNGKQIULBOQ-YHTMAJSVSA-N","CCCCC/C=C/C/C=C/C/C=C/CCCCCCCCC(O)=O","docosatrienoate (22:3n6)*","docosatrienoate (22:3n6)*",NA,NA,NA,NA,NA,NA,NA,"75955220","Neg","docosatrienoate_22_3n6",964,"docosatrienoate_22_3n6","sample_cohort"
"1318",100015777,402,57695,213183,"Xenobiotics","Drug - Gastrointestinal",5779,"NAMED","PWWVAXIEGOYWEE-UHFFFAOYSA-N","CC(N(C)C)CN1c2c(Sc3ccccc31)cccc2","promethazine","promethazine",NA,NA,NA,"58-33-3","4758","HMDB0015202","C07404","4927","Pos Late","promethazine",965,"Pro-Met","MetLinkR"
"1319",100015777,402,57695,213183,"Xenobiotics","Drug - Gastrointestinal",5779,"NAMED","PWWVAXIEGOYWEE-UHFFFAOYSA-N","CC(N(C)C)CN1c2c(Sc3ccccc31)cccc2","promethazine","promethazine",NA,NA,NA,"58-33-3","4758","HMDB0015202","C07404","4927","Pos Late","promethazine",965,"Pro-Met","MetLinkR"
"1320",100015786,402,57476,211139,"Lipid","Dihydrosphingomyelins",3131,"NAMED","UGRZESKDAPEULH-ACEXITHZSA-N","CCCCCCCCCCCCCCC[C@@H](O)[C@@H](NC(CCCCCCCCCCCCCCCCCCC)=O)COP([O-])(OCC[N+](C)(C)C)=O","sphingomyelin (d18:0/20:0, d16:0/22:0)*","sphingomyelin (d18:0/20:0, d16:0/22:0)*","SM 38:0;O2","Unknown","Unknown",NA,NA,"HMDB0012090",NA,NA,"Pos Late","sphingomyelin_d18_0_20_0_d16_0_22_0",968,"SM 18:0;O2/20:0","MetLinkR"
"1321",100015787,402,57475,211138,"Lipid","Sphingomyelins",3149,"NAMED","HAFQHLHNPJDAGB-MAJDXUCPSA-N","CCCCCCCCCCCCCCCCCCC(N[C@H]([C@H](O)/C=C/CCCCCCCCCCCCC)COP([O-])(OCC[N+](C)(C)C)=O)=O","sphingomyelin (d18:1/19:0, d19:1/18:0)*","sphingomyelin (d18:1/19:0, d19:1/18:0)*","SM 37:1;O2","Unknown","Unknown",NA,NA,NA,NA,NA,"Pos Late","sphingomyelin_d18_1_19_0_d19_1_18_0",969,"sphingomyelin_d18_1_19_0_d19_1_18_0","sample_cohort"
"1322",100015789,402,57479,211142,"Lipid","Sphingomyelins",3140,"NAMED","ZLNGRWIWHFFRNK-UKCALJHFSA-N","CCC/C=C/CCCCCCCC/C=C/[C@@H](O)[C@@H](NC(CCCCCCCCCCCCCCCC/C=C/C/C=C/CC)=O)COP([O-])(OCC[N+](C)(C)C)=O","sphingomyelin (d18:2/24:2)*","sphingomyelin (d18:2/24:2)*","SM 42:4;O2","SM 18:2;O2_24:2","SM 18:2;O2/24:2",NA,NA,"HMDB0240644",NA,NA,"Pos Late","sphingomyelin_d18_2_24_2",971,"SM 18:2;O2(4E,14Z)/24:2(5Z,9Z)*","MetLinkR"
"1323",100015789,402,57479,211142,"Lipid","Sphingomyelins",3140,"NAMED","ZLNGRWIWHFFRNK-UKCALJHFSA-N","CCC/C=C/CCCCCCCC/C=C/[C@@H](O)[C@@H](NC(CCCCCCCCCCCCCCCC/C=C/C/C=C/CC)=O)COP([O-])(OCC[N+](C)(C)C)=O","sphingomyelin (d18:2/24:2)*","sphingomyelin (d18:2/24:2)*","SM 42:4;O2","SM 18:2;O2_24:2","SM 18:2;O2/24:2",NA,NA,"HMDB0240644",NA,NA,"Pos Late","sphingomyelin_d18_2_24_2",971,"SM 18:2;O2(4E,14Z)/24:2(5Z,9Z)*","MetLinkR"
"1324",100015789,402,57479,211142,"Lipid","Sphingomyelins",3140,"NAMED","ZLNGRWIWHFFRNK-UKCALJHFSA-N","CCC/C=C/CCCCCCCC/C=C/[C@@H](O)[C@@H](NC(CCCCCCCCCCCCCCCC/C=C/C/C=C/CC)=O)COP([O-])(OCC[N+](C)(C)C)=O","sphingomyelin (d18:2/24:2)*","sphingomyelin (d18:2/24:2)*","SM 42:4;O2","SM 18:2;O2_24:2","SM 18:2;O2/24:2",NA,NA,"HMDB0240644",NA,NA,"Pos Late","sphingomyelin_d18_2_24_2",971,"SM 18:2;O2(4E,14Z)/24:2(5Z,9Z)*","MetLinkR"
"1325",100015790,402,57480,211143,"Lipid","Sphingomyelins",3154,"NAMED","SDUGEKJCGFHJRC-GKPQAQNZSA-N","CCC/C=C/CCCCCCCC/C=C/[C@@H](O)[C@@H](NC(CCCCCCCCCCCCCCCCCCCC)=O)COP([O-])(OCC[N+](C)(C)C)=O","sphingomyelin (d18:2/21:0, d16:2/23:0)*","sphingomyelin (d18:2/21:0, d16:2/23:0)*","SM 39:2;O2","Unknown","Unknown",NA,NA,"HMDB0240676",NA,NA,"Pos Late","sphingomyelin_d18_2_21_0_d16_2_23_0",972,"SM 16:2;O2(4E,8Z)/23:0*","MetLinkR"
"1326",100015790,402,57480,211143,"Lipid","Sphingomyelins",3154,"NAMED","SDUGEKJCGFHJRC-GKPQAQNZSA-N","CCC/C=C/CCCCCCCC/C=C/[C@@H](O)[C@@H](NC(CCCCCCCCCCCCCCCCCCCC)=O)COP([O-])(OCC[N+](C)(C)C)=O","sphingomyelin (d18:2/21:0, d16:2/23:0)*","sphingomyelin (d18:2/21:0, d16:2/23:0)*","SM 39:2;O2","Unknown","Unknown",NA,NA,"HMDB0240676",NA,NA,"Pos Late","sphingomyelin_d18_2_21_0_d16_2_23_0",972,"SM 16:2;O2(4E,8Z)/23:0*","MetLinkR"
"1327",100015790,402,57480,211143,"Lipid","Sphingomyelins",3154,"NAMED","SDUGEKJCGFHJRC-GKPQAQNZSA-N","CCC/C=C/CCCCCCCC/C=C/[C@@H](O)[C@@H](NC(CCCCCCCCCCCCCCCCCCCC)=O)COP([O-])(OCC[N+](C)(C)C)=O","sphingomyelin (d18:2/21:0, d16:2/23:0)*","sphingomyelin (d18:2/21:0, d16:2/23:0)*","SM 39:2;O2","Unknown","Unknown",NA,NA,"HMDB0240676",NA,NA,"Pos Late","sphingomyelin_d18_2_21_0_d16_2_23_0",972,"SM 16:2;O2(4E,8Z)/23:0*","MetLinkR"
"1328",100015791,402,57482,211145,"Lipid","Sphingomyelins",3139,"NAMED","FEKSRDMVIULIDJ-SQPFVDNVSA-N","CCC/C=C/CCCCCCCC/C=C/[C@@H](O)[C@@H](NC(CCCCCCCCCCCCCCCCC/C=C/CCC)=O)COP([O-])(OCC[N+](C)(C)C)=O","sphingomyelin (d18:2/23:1)*","sphingomyelin (d18:2/23:1)*","SM 41:3;O2","SM 18:2;O2_23:1","SM 18:2;O2/23:1",NA,NA,"HMDB0240668",NA,NA,"Pos Late","sphingomyelin_d18_2_23_1",973,"SM 18:2;O2(4E,14Z)/23:1(9Z)*","MetLinkR"
"1329",100015791,402,57482,211145,"Lipid","Sphingomyelins",3139,"NAMED","FEKSRDMVIULIDJ-SQPFVDNVSA-N","CCC/C=C/CCCCCCCC/C=C/[C@@H](O)[C@@H](NC(CCCCCCCCCCCCCCCCC/C=C/CCC)=O)COP([O-])(OCC[N+](C)(C)C)=O","sphingomyelin (d18:2/23:1)*","sphingomyelin (d18:2/23:1)*","SM 41:3;O2","SM 18:2;O2_23:1","SM 18:2;O2/23:1",NA,NA,"HMDB0240668",NA,NA,"Pos Late","sphingomyelin_d18_2_23_1",973,"SM 18:2;O2(4E,14Z)/23:1(9Z)*","MetLinkR"
"1330",100015791,402,57482,211145,"Lipid","Sphingomyelins",3139,"NAMED","FEKSRDMVIULIDJ-SQPFVDNVSA-N","CCC/C=C/CCCCCCCC/C=C/[C@@H](O)[C@@H](NC(CCCCCCCCCCCCCCCCC/C=C/CCC)=O)COP([O-])(OCC[N+](C)(C)C)=O","sphingomyelin (d18:2/23:1)*","sphingomyelin (d18:2/23:1)*","SM 41:3;O2","SM 18:2;O2_23:1","SM 18:2;O2/23:1",NA,NA,"HMDB0240668",NA,NA,"Pos Late","sphingomyelin_d18_2_23_1",973,"SM 18:2;O2(4E,14Z)/23:1(9Z)*","MetLinkR"
"1331",100015792,402,57478,211141,"Lipid","Sphingomyelins",3160,"NAMED","JONXXLXMISNQNG-BXMSAMRLSA-N","[H][C@](NC(CCCCCCCCCCCCCCCCCCCCCCCC)=O)(COP(OCC[N+](C)(C)C)([O-])=O)[C@@](O)([H])/C=C/CCCCCCCCCCCCC","sphingomyelin (d18:1/25:0, d19:0/24:1, d20:1/23:0, d19:1/24:0)*","sphingomyelin (d18:1/25:0, d19:0/24:1, d20:1/23:0, d19:1/24:0)*","SM 43:1;O2","Unknown","Unknown",NA,"24846885","HMDB0240675,HMDB0240674,HMDB0240673,HMDB0240671",NA,NA,"Pos Late","sphingomyelin_d18_1_25_0_d19_0_24_1_d20_1_23_0_d19_1_24_0",974,"sphingomyelin_d18_1_25_0_d19_0_24_1_d20_1_23_0_d19_1_24_0","sample_cohort"
"1332",100015793,402,57483,211146,"Lipid","Sphingomyelins",3145,"NAMED","YHBBZTIPONDTRX-TVUHHANTSA-N","[H][C@](NC(CCCCCCCCCCCCCC)=O)(COP(OCC[N+](C)(C)C)([O-])=O)[C@@](O)([H])/C=C/CCCCCCCC/C=C\CCC","sphingomyelin (d17:2/16:0, d18:2/15:0)*","sphingomyelin (d17:2/16:0, d18:2/15:0)*","SM 33:2;O2","Unknown","Unknown",NA,NA,"HMDB0240677",NA,NA,"Pos Late","sphingomyelin_d17_2_16_0_d18_2_15_0",975,"SM 17:2;O2(4E,8Z)/16:0*","MetLinkR"
"1333",100015793,402,57483,211146,"Lipid","Sphingomyelins",3145,"NAMED","YHBBZTIPONDTRX-TVUHHANTSA-N","[H][C@](NC(CCCCCCCCCCCCCC)=O)(COP(OCC[N+](C)(C)C)([O-])=O)[C@@](O)([H])/C=C/CCCCCCCC/C=C\CCC","sphingomyelin (d17:2/16:0, d18:2/15:0)*","sphingomyelin (d17:2/16:0, d18:2/15:0)*","SM 33:2;O2","Unknown","Unknown",NA,NA,"HMDB0240677",NA,NA,"Pos Late","sphingomyelin_d17_2_16_0_d18_2_15_0",975,"SM 17:2;O2(4E,8Z)/16:0*","MetLinkR"
"1334",100015793,402,57483,211146,"Lipid","Sphingomyelins",3145,"NAMED","YHBBZTIPONDTRX-TVUHHANTSA-N","[H][C@](NC(CCCCCCCCCCCCCC)=O)(COP(OCC[N+](C)(C)C)([O-])=O)[C@@](O)([H])/C=C/CCCCCCCC/C=C\CCC","sphingomyelin (d17:2/16:0, d18:2/15:0)*","sphingomyelin (d17:2/16:0, d18:2/15:0)*","SM 33:2;O2","Unknown","Unknown",NA,NA,"HMDB0240677",NA,NA,"Pos Late","sphingomyelin_d17_2_16_0_d18_2_15_0",975,"SM 17:2;O2(4E,8Z)/16:0*","MetLinkR"
"1335",100015797,209,57658,212715,"Lipid","Long Chain Polyunsaturated Fatty Acid (n3 and n6)",1584,"NAMED","OQOCQFSPEWCSDO-JLNKQSITSA-N","OC(CCCC/C=C\C/C=C\C/C=C\C/C=C\C/C=C\CC)=O","heneicosapentaenoate (21:5n3)","heneicosapentaenoate (21:5n3)",NA,NA,NA,"24257-10-1","10171040",NA,NA,"11998573","Neg","heneicosapentaenoate_21_5n3",976,"6Z,9Z,12Z,15Z,18Z-Heneicosapentaenoic acid","MetLinkR"
"1336",100015832,402,57514,211215,"Lipid","Fatty Acid Metabolism (Acyl Carnitine, Long Chain Saturated)",1891,"NAMED","IUMXSSOVGPXXJL-UHFFFAOYSA-N","O=C(OC(C[N+](C)(C)C)CC([O-])=O)CCCCCCCCCCCCCCCCCCCCC","behenoylcarnitine (C22)*","behenoylcarnitine (C22)*",NA,NA,NA,NA,"28639204","HMDB0062468",NA,"71464577","Pos Late","behenoylcarnitine_c22",978,"CAR 22:0","MetLinkR"
"1337",100015834,402,57515,211216,"Lipid","Fatty Acid Metabolism (Acyl Carnitine, Long Chain Saturated)",1892,"NAMED","YDUFZFUYBBPVLJ-UHFFFAOYSA-N","O=C(CCCCCCCCCCCCCCCCCCCCCCC)OC(C[N+](C)(C)C)CC([O-])=O","lignoceroylcarnitine (C24)*","lignoceroylcarnitine (C24)*",NA,NA,NA,NA,NA,"HMDB0240665",NA,NA,"Pos Late","lignoceroylcarnitine_c24",980,"lignoceroylcarnitine_c24","sample_cohort"
"1338",100015836,402,57517,211218,"Lipid","Fatty Acid Metabolism (Acyl Carnitine, Monounsaturated)",1913,"NAMED","ONGUASHYQLGIFC-OCOZRVBESA-N","O=C(OC(C[N+](C)(C)C)CC([O-])=O)CCC/C=C/CCCCCCCCCCCCCCCCCCCC","ximenoylcarnitine (C26:1)*","ximenoylcarnitine (C26:1)*",NA,NA,NA,NA,NA,NA,NA,NA,"Pos Late","ximenoylcarnitine_c26_1",982,"ximenoylcarnitine_c26_1","sample_cohort"
"1339",100015838,402,57519,211220,"Lipid","Fatty Acid Metabolism (Acyl Carnitine, Monounsaturated)",1910,"NAMED","PVOQPLSKYNZHOT-OUKQBFOZSA-N","O=C(OC(CC([O-])=O)C[N+](C)(C)C)CCCCCCCCC/C=C/CCCCCCCC","eicosenoylcarnitine (C20:1)*","eicosenoylcarnitine (C20:1)*",NA,NA,NA,NA,NA,NA,NA,NA,"Pos Late","eicosenoylcarnitine_c20_1",984,"eicosenoylcarnitine_c20_1","sample_cohort"
"1340",100015839,402,57520,211221,"Lipid","Fatty Acid Metabolism (Acyl Carnitine, Polyunsaturated)",1916,"NAMED","OLZWDVKTOGTVLC-UTJQPWESSA-N","O=C(CCCCCCCCC/C=C\C/C=C\CCCCC)OC(C[N+](C)(C)C)CC([O-])=O","dihomo-linoleoylcarnitine (C20:2)*","dihomo-linoleoylcarnitine (C20:2)*",NA,NA,NA,NA,NA,NA,NA,NA,"Pos Late","dihomo_linoleoylcarnitine_c20_2",985,"dihomo_linoleoylcarnitine_c20_2","sample_cohort"
"1341",100015840,402,57521,211222,"Lipid","Fatty Acid Metabolism (Acyl Carnitine, Polyunsaturated)",1918,"NAMED","RDIZZXFTCZPSRY-WYTUUNCASA-N","O=C(CCCCCC/C=C/C/C=C/C/C=C/CCCCC)OC(CC([O-])=O)C[N+](C)(C)C","dihomo-linolenoylcarnitine (C20:3n3 or 6)*","dihomo-linolenoylcarnitine (C20:3n3 or 6)*",NA,NA,NA,NA,NA,NA,NA,NA,"Pos Late","dihomo_linolenoylcarnitine_c20_3n3 or 6",986,"dihomo_linolenoylcarnitine_c20_3n3 or 6","sample_cohort"
"1342",100015846,402,57531,211232,"Lipid","Fatty Acid Metabolism (Acyl Carnitine, Monounsaturated)",1912,"NAMED","QGIHQXKFCAACHN-SEYXRHQNSA-N","O=C(CCCCCCCCCCCCC/C=C\CCCCCCCC)OC(C[N+](C)(C)C)CC([O-])=O","nervonoylcarnitine (C24:1)*","nervonoylcarnitine (C24:1)*",NA,NA,NA,NA,NA,"HMDB0006509",NA,NA,"Pos Late","nervonoylcarnitine_c24_1",987,"nervonoylcarnitine_c24_1","sample_cohort"
"1343",100015850,402,57528,211229,"Lipid","Fatty Acid Metabolism (Acyl Carnitine, Polyunsaturated)",1922,"NAMED","OLORTLVEDIELGC-SNPVRQPZSA-N","O=C(OC(CC([O-])=O)C[N+](C)(C)C)CCCCC/C=C\C/C=C\C/C=C\C/C=C\CCCCC","adrenoylcarnitine (C22:4)*","adrenoylcarnitine (C22:4)*",NA,NA,NA,NA,NA,NA,NA,NA,"Pos Late","adrenoylcarnitine_c22_4",988,"adrenoylcarnitine_c22_4","sample_cohort"
"1344",100015873,209,57641,212681,"Xenobiotics","Drug - Neurological",5876,"NAMED","HPHUVLMMVZITSG-LURJTMIESA-N","CC[C@H](N1CCCC1=O)C(N)=O","levetiracetam","levetiracetam",NA,NA,NA,"102767-28-2","4447633","HMDB0015333","C07841","5284583","Neg","levetiracetam",989,"Levetiracetam","MetLinkR"
"1345",100015882,402,57595,212143,"Lipid","Hexosylceramides (HCER)",3107,"NAMED","FXNTXJCUSRJUFN-QOSDPKFLSA-N","OCC(NC(CCCCCCCCCCCCCCCCCCC)=O)C(OC1OC(CO)C(O)C(O)C1O)/C=C/CCCCCCCCCCCCC","glycosyl ceramide (d18:1/20:0, d16:1/22:0)*","glycosyl ceramide (d18:1/20:0, d16:1/22:0)*","HexCer 38:1;O2","Unknown","Unknown",NA,NA,NA,NA,NA,"Pos Late","glycosyl ceramide_d18_1_20_0_d16_1_22_0",990,"glycosyl ceramide_d18_1_20_0_d16_1_22_0","sample_cohort"
"1346",100015914,402,57602,212153,"Lipid","Phosphatidylcholine (PC)",2401,"NAMED","NXJAJKMUHFSWDW-LIOZOAIASA-N","O=C(CCCCCCCCCCCCCCCCCCCCCCC)OCC(COP(OCC[N+](C)(C)C)([O-])=O)OC(CCC/C=C\C/C=C\C/C=C\C/C=C\CCCCC)=O","1-lignoceroyl-2-arachidonoyl-GPC (24:0/20:4)*","1-lignoceroyl-2-arachidonoyl-GPC (24:0/20:4)*","PC 44:4","PC 20:4_24:0","Unknown",NA,NA,"HMDB0008772",NA,NA,"Pos Late","1_lignoceroyl_2_arachidonoyl_gpc_24_0_20_4",991,"PC 24:0/20:4(5Z,8Z,11Z,14Z)*","MetLinkR"
"1347",100015914,402,57602,212153,"Lipid","Phosphatidylcholine (PC)",2401,"NAMED","NXJAJKMUHFSWDW-LIOZOAIASA-N","O=C(CCCCCCCCCCCCCCCCCCCCCCC)OCC(COP(OCC[N+](C)(C)C)([O-])=O)OC(CCC/C=C\C/C=C\C/C=C\C/C=C\CCCCC)=O","1-lignoceroyl-2-arachidonoyl-GPC (24:0/20:4)*","1-lignoceroyl-2-arachidonoyl-GPC (24:0/20:4)*","PC 44:4","PC 20:4_24:0","Unknown",NA,NA,"HMDB0008772",NA,NA,"Pos Late","1_lignoceroyl_2_arachidonoyl_gpc_24_0_20_4",991,"PC 24:0/20:4(5Z,8Z,11Z,14Z)*","MetLinkR"
"1348",100015914,402,57602,212153,"Lipid","Phosphatidylcholine (PC)",2401,"NAMED","NXJAJKMUHFSWDW-LIOZOAIASA-N","O=C(CCCCCCCCCCCCCCCCCCCCCCC)OCC(COP(OCC[N+](C)(C)C)([O-])=O)OC(CCC/C=C\C/C=C\C/C=C\C/C=C\CCCCC)=O","1-lignoceroyl-2-arachidonoyl-GPC (24:0/20:4)*","1-lignoceroyl-2-arachidonoyl-GPC (24:0/20:4)*","PC 44:4","PC 20:4_24:0","Unknown",NA,NA,"HMDB0008772",NA,NA,"Pos Late","1_lignoceroyl_2_arachidonoyl_gpc_24_0_20_4",991,"PC 24:0/20:4(5Z,8Z,11Z,14Z)*","MetLinkR"
"1349",100015923,305,57776,213931,"Xenobiotics","Food Component/Plant",5007,"NAMED","BIMZLRFONYSTPT-UHFFFAOYSA-N","O=C(NCC(O)=O)C(O)=O","N-oxalyl glycine (NOG)","N-oxalyl glycine (NOG)",NA,NA,NA,NA,"2338366",NA,NA,"3080614","Polar","n_oxalyl glycine_nog",992,"N-Oxalylglycine","MetLinkR"
"1350",100015962,400,57687,213101,"Amino Acid","Lysine Metabolism",141,"NAMED","CDLVFVFTRQPQFU-UHFFFAOYSA-N","C[N+](C)(C)CCCCC([O-])=O","N,N,N-trimethyl-5-aminovalerate","N,N,N-trimethyl-5-aminovalerate",NA,NA,NA,NA,"34236878",NA,NA,"14274897","Pos Early","n_n_n_trimethyl_5_aminovalerate",993,"delta-Valerobetaine","MetLinkR"
"1351",100015965,400,63152,221889,"Xenobiotics","Food Component/Plant",5127,"NAMED","WYUFTYLVLQZQNH-UHFFFAOYSA-N","CCOC1C(O)C(O)C(O)C(CO)O1","ethyl alpha-glucopyranoside","ethyl alpha-glucopyranoside",NA,NA,NA,"34625-23-5","378664","HMDB0029968",NA,"11127487","Pos Early","ethyl alpha_glucopyranoside",994,"Ethyl glucoside","MetLinkR"
"1352",100015971,209,57699,212775,"Lipid","Corticosteroids",3359,"NAMED","INMJYSGZRBTEOR-RXCXIKFNSA-N","O[C@H]([C@]([C@]([C@]1([H])[C@@](CC2)([H])[C@@]3([H])[C@]([C@@]2([H])C[C@@H]4OC5C(O)C(O)C(O)C(C(O)=O)O5)(CC4)C)(CC3=O)C)(CC1)O)CO","cortolone glucuronide (1)","cortolone glucuronide (1)",NA,NA,NA,NA,NA,NA,NA,NA,"Neg","cortolone glucuronide",998,"Cortolone-3-glucuronide","MetLinkR"
"1353",100015982,209,57788,213705,"Xenobiotics","Drug - Neurological",5871,"NAMED","QQCFBZCATDIWTH-UHFFFAOYSA-N","O=C(N)N1C2=CC(O)=CC=C2C=CC3=CC=CC=C13","3-hydroxycarbamazepine","3-hydroxycarbamazepine",NA,NA,NA,"68011-67-6","119184","HMDB0060653","C16602","135290","Neg","3_hydroxycarbamazepine",1001,"3-Hydroxycarbamazepine","MetLinkR"
"1354",100016019,402,57757,213377,"Lipid","Phosphatidylcholine (PC)",2300,"NAMED","NPGWXTIWUUFYAB-DIPNUNPCSA-N","O=C(CCCCCCCCCCCCCCC)OC[C@]([H])(COP(OCC[N+](C)(C)C)([O-])=O)OC(CCCCCCCCCCCCCC)=O","1-palmitoyl-2-pentadecanoyl-GPC (16:0/15:0)*","1-palmitoyl-2-pentadecanoyl-GPC (16:0/15:0)*","PC 31:0","PC 15:0_16:0","Unknown",NA,"24766642","HMDB0007967",NA,"24778680","Pos Late","1_palmitoyl_2_pentadecanoyl_gpc_16_0_15_0",1003,"PC 15:0_16:0","MetLinkR"
"1355",100016019,402,57757,213377,"Lipid","Phosphatidylcholine (PC)",2300,"NAMED","NPGWXTIWUUFYAB-DIPNUNPCSA-N","O=C(CCCCCCCCCCCCCCC)OC[C@]([H])(COP(OCC[N+](C)(C)C)([O-])=O)OC(CCCCCCCCCCCCCC)=O","1-palmitoyl-2-pentadecanoyl-GPC (16:0/15:0)*","1-palmitoyl-2-pentadecanoyl-GPC (16:0/15:0)*","PC 31:0","PC 15:0_16:0","Unknown",NA,"24766642","HMDB0007967",NA,"24778680","Pos Late","1_palmitoyl_2_pentadecanoyl_gpc_16_0_15_0",1003,"PC 15:0_16:0","MetLinkR"
"1356",100016019,402,57757,213377,"Lipid","Phosphatidylcholine (PC)",2300,"NAMED","NPGWXTIWUUFYAB-DIPNUNPCSA-N","O=C(CCCCCCCCCCCCCCC)OC[C@]([H])(COP(OCC[N+](C)(C)C)([O-])=O)OC(CCCCCCCCCCCCCC)=O","1-palmitoyl-2-pentadecanoyl-GPC (16:0/15:0)*","1-palmitoyl-2-pentadecanoyl-GPC (16:0/15:0)*","PC 31:0","PC 15:0_16:0","Unknown",NA,"24766642","HMDB0007967",NA,"24778680","Pos Late","1_palmitoyl_2_pentadecanoyl_gpc_16_0_15_0",1003,"PC 15:0_16:0","MetLinkR"
"1357",100016048,209,61836,218439,"Xenobiotics","Drug - Psychoactive",5945,"NAMED","YOVRGSHRZRJTLZ-UHFFFAOYSA-N","CCCCCc1cc(OC(C)(C)C2C3C=C(C(O)=O)CC2)c3c(O)c1","THC carboxylic acid","THC carboxylic acid",NA,NA,NA,NA,"97019",NA,NA,"107885","Neg","thc carboxylic acid",1005,"11-Nor-delta9-THC-9-carboxylic acid","MetLinkR"
"1358",100016049,209,61848,218461,"Xenobiotics","Drug - Psychoactive",5946,"NAMED","UWXZAZRSQQLWKH-AREXMYMPSA-N","O=C(O[C@H]1[C@H](O)[C@@H](O)[C@H](O)[C@@H](C(O)=O)O1)C2=C[C@H](C3=C4C=C(CCCCC)C=C3O)[C@@H](C(C)(O4)C)CC2","THC carboxylic acid glucuronide","THC carboxylic acid glucuronide",NA,NA,NA,NA,NA,NA,NA,NA,"Neg","thc carboxylic acid glucuronide",1006,"thc carboxylic acid glucuronide","sample_cohort"
"1359",100019794,209,62277,219248,"Lipid","Fatty Acid, Dicarboxylate",1729,"NAMED","OZOJARPUDFLESM-UHFFFAOYSA-N","CCC(O)C1=C(C)C(C(O)=O)=C(CCC(O)=O)O1","hydroxy-CMPF*","hydroxy-CMPF*",NA,NA,NA,NA,NA,NA,NA,NA,"Neg","hydroxy_cmpf",1008,"hydroxy_cmpf","sample_cohort"
"1360",100019800,402,61839,218537,"Lipid","Fatty Acid Metabolism (Acyl Carnitine, Hydroxy)",1951,"NAMED","MHJOYNGEDDXLLU-UHFFFAOYSA-N","CCCCCCCCCCCCCC(O)CC(OC([N+](C)(C)C)CCC([O-])=O)=O","3-hydroxypalmitoylcarnitine","3-hydroxypalmitoylcarnitine",NA,NA,NA,NA,NA,"HMDB0013336",NA,"126456228","Pos Late","3_hydroxypalmitoylcarnitine",1009,"CAR 16:0;3OH","MetLinkR"
"1361",100019801,402,61840,218539,"Lipid","Fatty Acid Metabolism (Acyl Carnitine, Hydroxy)",1952,"NAMED","YBCVTTMMURGSEY-LMLDZDDJSA-N","CCCCCCCC/C=C\CCCCCC(O)CC(O[C@@H](C[N+](C)(C)C)CC([O-])=O)=O","3-hydroxyoleoylcarnitine","3-hydroxyoleoylcarnitine",NA,NA,NA,NA,"48061587",NA,NA,"129637446","Pos Late","3_hydroxyoleoylcarnitine",1010,"3_hydroxyoleoylcarnitine","sample_cohort"
"1362",100019884,209,61798,218189,"Lipid","Fatty Acid Metabolism (Acyl Glycine)",1834,"NAMED","AAPHATPOQGNLOZ-SNAWJCMRSA-N","CCC/C=C/C(NCC(O)=O)=O","trans-2-hexenoylglycine","trans-2-hexenoylglycine",NA,NA,NA,NA,"25033670",NA,NA,NA,"Neg","trans_2_hexenoylglycine",1011,"trans_2_hexenoylglycine","sample_cohort"
"1363",100019892,209,61700,218003,"Lipid","Fatty Acid, Monohydroxy",1996,"NAMED","CPLYLXYEVLGWFJ-UHFFFAOYSA-N","CCCCCCCCCCCCCCCCCCC(O)C(O)=O","2-hydroxyarachidate*","2-hydroxyarachidate*",NA,NA,NA,NA,"4395406",NA,NA,"5225199","Neg","2_hydroxyarachidate",1012,"2-Hydroxyeicosanoic acid","MetLinkR"
"1364",100019957,209,61822,218242,"Lipid","Endocannabinoid",2220,"NAMED","CLHUCXCVFSEJRR-UHFFFAOYSA-N","CCCCCCCCCCCCCCCCCC(NC(C(O)=O)CO)=O","N-stearoylserine*","N-stearoylserine*",NA,NA,NA,NA,"15545488",NA,NA,NA,"Neg","n_stearoylserine",1013,"n_stearoylserine","sample_cohort"
"1365",100019960,305,61827,218249,"Lipid","Fatty Acid, Monohydroxy",1982,"NAMED","RGMMREBHCYXQMA-UHFFFAOYSA-N","OC(C(O)CCCCC)=O","2-hydroxyheptanoate*","2-hydroxyheptanoate*",NA,NA,NA,NA,"2032206",NA,NA,"2750949","Polar","2_hydroxyheptanoate",1014,"2-Hydroxy enanthoic acid","MetLinkR"
"1366",100019966,209,61843,218451,"Lipid","Fatty Acid, Monohydroxy",2013,"NAMED","MFBDGGFIQVOLTJ-MDZDMXLPSA-N","CCCCCCCC/C=C/CCCCCC(O)CC(O)=O","3-hydroxyoleate*","3-hydroxyoleate*",NA,NA,NA,NA,NA,NA,NA,NA,"Neg","3_hydroxyoleate",1015,"3_hydroxyoleate","sample_cohort"
"1367",100019968,305,61858,218556,"Carbohydrate","Pentose Metabolism",1308,"NAMED","QXKAIJAYHKCRRA-PZGQECOJSA-N","OC[C@H](O)[C@@H](O)[C@@H](O)C(O)=O","lyxonate","lyxonate",NA,NA,NA,NA,NA,"HMDB0060255",NA,NA,"Polar","lyxonate",1016,"D-Lyxonic acid","MetLinkR"
"1368",100019968,305,61858,218556,"Carbohydrate","Pentose Metabolism",1308,"NAMED","QXKAIJAYHKCRRA-PZGQECOJSA-N","OC[C@H](O)[C@@H](O)[C@@H](O)C(O)=O","lyxonate","lyxonate",NA,NA,NA,NA,NA,"HMDB0060255",NA,NA,"Polar","lyxonate",1016,"D-Lyxonic acid","MetLinkR"
"1369",100019969,209,62869,220659,"Lipid","Fatty Acid, Dicarboxylate",1720,"NAMED","QCNWZROVPSVEJA-UHFFFAOYSA-N","OC(CCCCCCCCCCCCCCCC(O)=O)=O","heptadecanedioate (C17-DC)","heptadecanedioate (C17-DC)",NA,NA,NA,"2424-90-0","2340922",NA,NA,"3083765","Neg","heptadecanedioate_c17_dc",1017,"Heptadecanedioic acid","MetLinkR"
"1370",100019975,209,61862,218579,"Lipid","Fatty Acid, Dicarboxylate",1719,"NAMED","IWTMSCUHCJHPPR-ACCUITESSA-N","O=C(O)CCCCCCCCCCCC/C=C/C(O)=O","hexadecenedioate (C16:1-DC)*","hexadecenedioate (C16:1-DC)*",NA,NA,NA,NA,NA,NA,NA,NA,"Neg","hexadecenedioate_c16_1_dc",1019,"hexadecenedioate_c16_1_dc","sample_cohort"
"1371",100019978,209,61861,218578,"Lipid","Fatty Acid, Dicarboxylate",1722,"NAMED","YDPSQMGOAILWPE-FYWRMAATSA-N","O=C(O)CCCCCCCCCCCCCC/C=C/C(O)=O","octadecenedioate (C18:1-DC)","octadecenedioate (C18:1-DC)",NA,NA,NA,NA,NA,NA,NA,"9543674","Neg","octadecenedioate_c18_1_dc",1020,"octadecenedioate_c18_1_dc","sample_cohort"
"1372",100019981,305,61866,218583,"Lipid","Fatty Acid, Dicarboxylate",1697,"NAMED","OXQWBLJQOBXJPM-DUXPYHPUSA-N","OC(CCC/C=C/C(O)=O)=O","heptenedioate (C7:1-DC)*","heptenedioate (C7:1-DC)*",NA,NA,NA,NA,NA,NA,NA,NA,"Polar","heptenedioate_c7_1_dc",1021,"heptenedioate_c7_1_dc","sample_cohort"
"1373",100019982,209,61860,218580,"Lipid","Fatty Acid, Dicarboxylate",1723,"NAMED","ZKQNWTGXRAIVGG-PXELCPQFSA-N","O=C(O)CCCCCCCCCCCC/C=C/C=C/C(O)=O","octadecadienedioate (C18:2-DC)*","octadecadienedioate (C18:2-DC)*",NA,NA,NA,NA,NA,NA,NA,NA,"Neg","octadecadienedioate_c18_2_dc",1022,"octadecadienedioate_c18_2_dc","sample_cohort"
"1374",100019984,209,61874,218624,"Partially Characterized Molecules","Partially Characterized Molecules",6435,"NAMED",NA,NA,"glucuronide of C12H22O4 (1)*","glucuronide of C12H22O4 (1)*",NA,NA,NA,NA,NA,NA,NA,NA,"Neg","glucuronide of c12h22o4",1023,"glucuronide of c12h22o4","sample_cohort"
"1375",100019985,209,61875,218625,"Partially Characterized Molecules","Partially Characterized Molecules",6436,"NAMED",NA,NA,"glucuronide of C12H22O4 (2)*","glucuronide of C12H22O4 (2)*",NA,NA,NA,NA,NA,NA,NA,NA,"Neg","glucuronide of c12h22o4",1024,"glucuronide of c12h22o4","sample_cohort"
"1376",100019986,209,61876,218626,"Partially Characterized Molecules","Partially Characterized Molecules",6440,"NAMED",NA,NA,"glucuronide of C14H26O4 (1)*","glucuronide of C14H26O4 (1)*",NA,NA,NA,NA,NA,NA,NA,NA,"Neg","glucuronide of c14h26o4",1025,"glucuronide of c14h26o4","sample_cohort"
"1377",100019990,209,61881,218632,"Partially Characterized Molecules","Partially Characterized Molecules",6417,"NAMED",NA,NA,"glucuronide of C10H18O2 (1)*","glucuronide of C10H18O2 (1)*",NA,NA,NA,NA,NA,NA,NA,NA,"Neg","glucuronide of c10h18o2",1026,"glucuronide of c10h18o2","sample_cohort"
"1378",100020004,209,61871,218621,"Lipid","Fatty Acid, Dicarboxylate",1730,"NAMED","RIJDKRLRDVBUHJ-UHFFFAOYSA-N","OC(C1=C(CCC(O)=O)OC(CCCCC)=C1C)=O","3-carboxy-4-methyl-5-pentyl-2-furanpropionate (3-CMPFP)**","3-carboxy-4-methyl-5-pentyl-2-furanpropionate (3-CMPFP)**",NA,NA,NA,NA,"168762","HMDB0061643",NA,"194501","Neg","3_carboxy_4_methyl_5_pentyl_2_furanpropionate_3_cmpfp",1027,"3-Carboxy-4-methyl-5-pentyl-2-furanpropanoic acid","MetLinkR"
"1379",100020006,209,61873,218623,"Xenobiotics","Chemical",6219,"NAMED","SBYDEYGHJXSIDV-UHFFFAOYSA-N","CC1=C(OS(=O)(O)=O)C=CC2=CC=CC=C21","methylnaphthyl sulfate (2)*","methylnaphthyl sulfate (2)*",NA,NA,NA,NA,NA,NA,NA,NA,"Neg","methylnaphthyl sulfate",1028,"methylnaphthyl sulfate","sample_cohort"
"1380",100020014,209,61887,218638,"Partially Characterized Molecules","Partially Characterized Molecules",6423,"NAMED",NA,NA,"glucuronide of C10H18O2 (7)*","glucuronide of C10H18O2 (7)*",NA,NA,NA,NA,NA,NA,NA,NA,"Neg","glucuronide of c10h18o2",1029,"glucuronide of c10h18o2","sample_cohort"
"1381",100020015,209,61888,218639,"Partially Characterized Molecules","Partially Characterized Molecules",6424,"NAMED",NA,NA,"glucuronide of C10H18O2 (8)*","glucuronide of C10H18O2 (8)*",NA,NA,NA,NA,NA,NA,NA,NA,"Neg","glucuronide of c10h18o2",1030,"glucuronide of c10h18o2","sample_cohort"
"1382",100020206,209,62070,218879,"Xenobiotics","Food Component/Plant",4909,"NAMED","MMIBOZXVZLENRZ-ZFORQUDYSA-N","O=C1c2c(OC=C1c3ccc(O)cc3)cc(O[C@@H]4O[C@@H]([C@H]([C@@H]([C@H]4O)O)O)C(O)=O)cc2","daidzein 7-O-glucuronide","daidzein 7-O-glucuronide",NA,NA,NA,NA,"9491321","HMDB0041718",NA,"11316354","Neg","daidzein 7_o_glucuronide",1034,"Daidzein 7-glucuronide","MetLinkR"
"1383",100020207,209,62061,218865,"Xenobiotics","Food Component/Plant",4911,"NAMED","DKEIWIJUHWVGRC-UHFFFAOYSA-N","O=C1C(C(O)=C2)=C(C=C2OS(=O)(O)=O)OC=C1C(C=C3)=CC=C3O","genistein sulfate*","genistein sulfate*",NA,NA,NA,NA,NA,NA,NA,NA,"Neg","genistein sulfate",1035,"Genistein sulfate","MetLinkR"
"1384",100020211,400,62064,218870,"Lipid","Fatty Acid Metabolism (Acyl Glycine)",1854,"NAMED","VMIWHQCIHIUYCS-UHFFFAOYSA-N","O=C(CC(O)C)NCC(O)=O","3-hydroxybutyroylglycine**","3-hydroxybutyroylglycine**",NA,NA,NA,NA,NA,NA,NA,NA,"Pos Early","3_hydroxybutyroylglycine",1037,"3_hydroxybutyroylglycine","sample_cohort"
"1385",100020214,209,62066,218872,"Lipid","Primary Bile Acid Metabolism",3502,"NAMED","ZQYUKJFJPJDMMR-PRRFOZOMSA-N","CC(C1CCC2C3[C@H]([C@H]([C@@]4(C[C@@H](CC[C@@]4(C3CC[C@]12C)C)O)[H])O)O)CCC(NCC(O)=O)=O","glyco-beta-muricholate**","glyco-beta-muricholate**",NA,NA,NA,NA,NA,NA,NA,NA,"Neg","glyco_beta_muricholate",1038,"glyco_beta_muricholate","sample_cohort"
"1386",100020217,400,62947,220818,"Amino Acid","Urea cycle; Arginine and Proline Metabolism",527,"NAMED","KXONJPJIFNGMCN-UHFFFAOYSA-N","O=C(C([N+](C)(C)C)C)N1CCCC1C([O-])=O","N,N,N-trimethyl-alanylproline betaine (TMAP)","N,N,N-trimethyl-alanylproline betaine (TMAP)",NA,NA,NA,NA,NA,"HMDB0240365",NA,NA,"Pos Early","n_n_n_trimethyl_alanylproline betaine_tmap",1039,"N,N,N-Trimethyl-alanylproline betaine","MetLinkR"
"1387",100020225,402,62084,218904,"Lipid","Plasmalogen",2850,"NAMED","PWAHARWXEAMNGK-WOCLASLBSA-N","CC/C=C\C/C=C\C/C=C\C/C=C\C/C=C\C/C=C\CCC(OC(COP([O-])(OCC[N+](C)(C)C)=O)CO/C=C\CCCCCC/C=C\CCCCCCCC)=O","1-(1-enyl-oleoyl)-2-docosahexaenoyl-GPC (P-18:1/22:6)*","1-(1-enyl-oleoyl)-2-docosahexaenoyl-GPC (P-18:1/22:6)*","PC O-40:8","PC P-18:1_22:6","PC P-18:1/22:6",NA,NA,"HMDB0011295,HMDB0011328",NA,"53480839,53480781","Pos Late","1_1_enyl_oleoyl_2_docosahexaenoyl_gpc_p_18_1_22_6",1041,"1_1_enyl_oleoyl_2_docosahexaenoyl_gpc_p_18_1_22_6","sample_cohort"
"1388",100020227,209,62087,218912,"Peptide","Modified Peptides",1220,"NAMED","YIJVJUARZXCJJP-WHFBIAKZSA-N","O=C([C@H](CC1)N([H])C1=O)N([H])[C@H](C(O)=O)C","pyroglutamylalanine*","pyroglutamylalanine*",NA,NA,NA,NA,"140586",NA,NA,"159907","Neg","pyroglutamylalanine",1042,"Pyroglutamylalanine","MetLinkR"
"1389",100020241,400,62104,218950,"Peptide","Gamma-glutamyl Amino Acid",666,"NAMED","SCTJBDDLOROJJM-UHFFFAOYSA-N","NC(C(O)=O)CCC(NC(CCCNC(N)=O)C(O)=O)=O","gamma-glutamylcitrulline*","gamma-glutamylcitrulline*",NA,NA,NA,NA,NA,NA,NA,NA,"Pos Early","gamma_glutamylcitrulline",1043,"gamma_glutamylcitrulline","sample_cohort"
"1390",100020244,209,62107,218953,"Xenobiotics","Drug - Antibiotic",5539,"NAMED","YKWZTWOYFWCVKH-UHFFFAOYSA-N","O=S(C1=CC=C(NC(C)=O)C=C1)(NC2=NOC(CO)=C2)=O","N4-acetyl-5-hydroxysulfamethoxazole*","N4-acetyl-5-hydroxysulfamethoxazole*",NA,NA,NA,NA,NA,NA,NA,NA,"Neg","n4_acetyl_5_hydroxysulfamethoxazole",1045,"n4_acetyl_5_hydroxysulfamethoxazole","sample_cohort"
"1391",100020254,209,62146,219038,"Partially Characterized Molecules","Partially Characterized Molecules",6464,"NAMED",NA,NA,"glycine conjugate of C10H14O2 (1)*","glycine conjugate of C10H14O2 (1)*",NA,NA,NA,NA,NA,NA,NA,NA,"Neg","glycine conjugate of c10h14o2",1046,"glycine conjugate of c10h14o2","sample_cohort"
"1392",100020259,209,63658,223041,"Partially Characterized Molecules","Partially Characterized Molecules",6447,"NAMED",NA,NA,"glutamine conjugate of C7H12O2*","glutamine conjugate of C7H12O2*",NA,NA,NA,NA,NA,NA,NA,NA,"Neg","glutamine conjugate of c7h12o2",1047,"glutamine conjugate of c7h12o2","sample_cohort"
"1393",100020261,209,63657,223045,"Partially Characterized Molecules","Partially Characterized Molecules",6445,"NAMED",NA,NA,"glutamine conjugate of C6H10O2 (1)*","glutamine conjugate of C6H10O2 (1)*",NA,NA,NA,NA,NA,NA,NA,NA,"Neg","glutamine conjugate of c6h10o2",1048,"glutamine conjugate of c6h10o2","sample_cohort"
"1394",100020262,209,63660,223046,"Partially Characterized Molecules","Partially Characterized Molecules",6446,"NAMED",NA,NA,"glutamine conjugate of C6H10O2 (2)*","glutamine conjugate of C6H10O2 (2)*",NA,NA,NA,NA,NA,NA,NA,NA,"Neg","glutamine conjugate of c6h10o2",1049,"glutamine conjugate of c6h10o2","sample_cohort"
"1395",100020265,209,62140,219032,"Partially Characterized Molecules","Partially Characterized Molecules",6451,"NAMED",NA,NA,"glutamine conjugate of C8H12O4 (1)*","glutamine conjugate of C8H12O4 (1)*",NA,NA,NA,NA,NA,NA,NA,NA,"Neg","glutamine conjugate of c8h12o4",1050,"glutamine conjugate of c8h12o4","sample_cohort"
"1396",100020273,209,62883,220730,"Xenobiotics","Drug - Neurological",5861,"NAMED","XXKSYIHWRBBHIC-JVWRJRKNSA-N","CCCC(C(O[C@H]1[C@H](O)[C@@H](O)[C@H](O)[C@@H](C(O)=O)O1)=O)CCC","valproic acid glucuronide","valproic acid glucuronide",NA,NA,NA,NA,"79488","HMDB0000901",NA,"88111","Neg","valproic acid glucuronide",1052,"Valproic acid","MetLinkR"
"1397",100020273,209,62883,220730,"Xenobiotics","Drug - Neurological",5861,"NAMED","XXKSYIHWRBBHIC-JVWRJRKNSA-N","CCCC(C(O[C@H]1[C@H](O)[C@@H](O)[C@H](O)[C@@H](C(O)=O)O1)=O)CCC","valproic acid glucuronide","valproic acid glucuronide",NA,NA,NA,NA,"79488","HMDB0000901",NA,"88111","Neg","valproic acid glucuronide",1052,"Valproic acid","MetLinkR"
"1398",100020276,402,62152,219058,"Lipid","Sphingomyelins",3141,"NAMED","VDFACZRLDXDTEB-WSYRTZMQSA-N","CCCCCCCCCCC/C=C/[C@@H](O)[C@@H](NC(CCCCCCCCCCCCCC)=O)COP(OCC[N+](C)(C)C)([O-])=O","sphingomyelin (d17:1/14:0, d16:1/15:0)*","sphingomyelin (d17:1/14:0, d16:1/15:0)*","SM 31:1;O2","Unknown","Unknown",NA,NA,NA,NA,NA,"Pos Late","sphingomyelin_d17_1_14_0_d16_1_15_0",1053,"sphingomyelin_d17_1_14_0_d16_1_15_0","sample_cohort"
"1399",100020343,209,62850,220619,"Lipid","Long Chain Polyunsaturated Fatty Acid (n3 and n6)",1573,"NAMED","HXHZGHRLVRFQDR-HZJYTTRNSA-N","OC(CCC/C=C\C/C=C\CCCCC)=O","tetradecadienoate (14:2)*","tetradecadienoate (14:2)*",NA,NA,NA,"39039-37-7","4471834","HMDB0000560",NA,"5312409","Neg","tetradecadienoate_14_2",1054,"5,8-Tetradecadienoic acid","MetLinkR"
"1400",100020343,209,62850,220619,"Lipid","Long Chain Polyunsaturated Fatty Acid (n3 and n6)",1573,"NAMED","HXHZGHRLVRFQDR-HZJYTTRNSA-N","OC(CCC/C=C\C/C=C\CCCCC)=O","tetradecadienoate (14:2)*","tetradecadienoate (14:2)*",NA,NA,NA,"39039-37-7","4471834","HMDB0000560",NA,"5312409","Neg","tetradecadienoate_14_2",1054,"5,8-Tetradecadienoic acid","MetLinkR"
"1401",100020343,209,62850,220619,"Lipid","Long Chain Polyunsaturated Fatty Acid (n3 and n6)",1573,"NAMED","HXHZGHRLVRFQDR-HZJYTTRNSA-N","OC(CCC/C=C\C/C=C\CCCCC)=O","tetradecadienoate (14:2)*","tetradecadienoate (14:2)*",NA,NA,NA,"39039-37-7","4471834","HMDB0000560",NA,"5312409","Neg","tetradecadienoate_14_2",1054,"5,8-Tetradecadienoic acid","MetLinkR"
"1402",100020360,209,62955,220839,"Amino Acid","Tryptophan Metabolism",285,"NAMED","BXZSKDOPGDPDEG-UHFFFAOYSA-N","OC1=CC(C(O)=O)=NC(C1=CC=C2)=C2OC","8-methoxykynurenate","8-methoxykynurenate",NA,NA,NA,"2929-14-8","68710","HMDB0060426","C05830","76230","Neg","8_methoxykynurenate",1055,"8-Methoxykynurenic acid","MetLinkR"
"1403",100020371,400,63151,221884,"Amino Acid","Alanine and Aspartate Metabolism",33,"NAMED","QCYOIFVBYZNUNW-BYPYZUCNSA-N","C[C@@](C(O)=O)(N(C)C)[H]","N,N-dimethylalanine","N,N-dimethylalanine",NA,NA,NA,"2812-31-9","4589713",NA,NA,"5488191","Pos Early","n_n_dimethylalanine",1057,"N,N-Dimethylalanine","MetLinkR"
"1404",100020372,209,63583,222852,"Xenobiotics","Food Component/Plant",5252,"NAMED","DWLVFWDCSFTDOD-UHFFFAOYSA-N","OC(C(C1=CNC2=C1C=CC=C2)=O)=O","3-indoleglyoxylic acid","3-indoleglyoxylic acid",NA,NA,NA,"1477-49-2","66497",NA,NA,"73863","Neg","3_indoleglyoxylic acid",1058,"3-Indoleglyoxylic acid","MetLinkR"
"1405",100020373,305,62885,220735,"Xenobiotics","Chemical",6292,"NAMED","KGRVJHAUYBGFFP-UHFFFAOYSA-N","CC1=CC(C(C)(C)C)=C(C(CC2=C(C(C(C)(C)C)=CC(C)=C2)O)=C1)O","2,2'-methylenebis(6-tert-butyl-p-cresol)","2,2'-methylenebis(6-tert-butyl-p-cresol)",NA,NA,NA,"119-47-1","8092",NA,NA,"8398","Polar","2_2'_methylenebis_6_tert_butyl_p_cresol",1059,"2,2'-Methylenebis(6-tert-butyl-p-cresol)","MetLinkR"
"1406",100020377,209,64131,233912,"Xenobiotics","Food Component/Plant",5262,"NAMED","WYUFTYLVLQZQNH-JAJWTYFOSA-N","O[C@H]([C@H]1O)[C@@H]([C@@H](CO)O[C@H]1OCC)O","ethyl beta-glucopyranoside","ethyl beta-glucopyranoside",NA,NA,NA,NA,"108559","HMDB0029968",NA,"121667","Neg","ethyl beta_glucopyranoside",1060,"Ethyl glucoside","MetLinkR"
"1407",100020407,209,64041,233186,"Xenobiotics","Food Component/Plant",4925,"NAMED","CGSFDOCYHBJLFW-WMLDXEAASA-N","O=C([C@@]1(CC2=CC(OS(=O)(O)=O)=CC=C2)[H])OC[C@@]1(CC3=CC(O)=CC=C3)[H]","enterolactone sulfate","enterolactone sulfate",NA,NA,NA,NA,NA,"HMDB0240506,HMDB0240505",NA,NA,"Neg","enterolactone sulfate",1062,"Enterolactone sulfate","MetLinkR"
"1408",100020409,305,63687,223113,"Cofactors and Vitamins","Ascorbate and Aldarate Metabolism",4385,"NAMED","FBFZPSQPKNIVMT-ZAFYKAAXSA-N","O=C1O[C@@]([C@@H](O)CO)([H])C(OS(=O)(O)=O)=C1O","ascorbic acid 3-sulfate*","ascorbic acid 3-sulfate*",NA,NA,NA,NA,"9600241",NA,NA,"11425365","Polar","ascorbic acid 3_sulfate",1063,"Ascorbic acid 3-sulfate","MetLinkR"
"1409",100020410,209,62530,219863,"Xenobiotics","Benzoate Metabolism",4505,"NAMED","SBLCKJXUMHOIBU-UHFFFAOYSA-N","O=C(NCC(O)=O)C1=CC(OS(=O)(O)=O)=CC=C1","3-hydroxyhippurate sulfate","3-hydroxyhippurate sulfate",NA,NA,NA,NA,"161984",NA,NA,"186339","Neg","3_hydroxyhippurate sulfate",1064,"Hippuric acid 3'-sulfate","MetLinkR"
"1410",100020414,209,62503,219798,"Amino Acid","Tryptophan Metabolism",333,"NAMED","OAORYCZPERQARS-UHFFFAOYSA-N","Brc1ccc2c(CC(N)C(O)=O)c[nH]c2c1","6-bromotryptophan","6-bromotryptophan",NA,NA,NA,NA,NA,NA,NA,"9856996","Neg","6_bromotryptophan",1065,"Bromotryptophan","MetLinkR"
"1411",100020416,209,62287,219260,"Cofactors and Vitamins","Tocopherol Metabolism",4412,"NAMED","BNVXCCQXUZCRSR-UHFFFAOYSA-N","OC1=CC2=C(C(C)=C1)OC(CCC(O)=O)(C)CC2","delta-CEHC","delta-CEHC",NA,NA,NA,"84599-16-6","9710906",NA,NA,"35027084","Neg","delta_cehc",1066,"delta_cehc","sample_cohort"
"1412",100020478,209,62276,219247,"Lipid","Fatty Acid, Dicarboxylate",1712,"NAMED","QHRHXXRXWDTFLI-HZJYTTRNSA-N","CCCCC/C=C\C/C=C\CC(O)=O","dodecadienoate (12:2)*","dodecadienoate (12:2)*",NA,NA,NA,NA,NA,NA,NA,"25480","Neg","dodecadienoate_12_2",1068,"dodecadienoate_12_2","sample_cohort"
"1413",100020479,400,62279,219252,"Amino Acid","Tryptophan Metabolism",325,"NAMED","PBMNAYVZYLZVKC-UHFFFAOYSA-N","O=C(OC(C[N+](C)(C)C)CC([O-])=O)CC1=CNC2=CC=CC=C12","indoleacetoylcarnitine*","indoleacetoylcarnitine*",NA,NA,NA,NA,NA,NA,NA,NA,"Pos Early","indoleacetoylcarnitine",1069,"indoleacetoylcarnitine","sample_cohort"
"1414",100020487,400,62309,219289,"Amino Acid","Polyamine Metabolism",553,"NAMED","YGIAGXACEXFIDU-UHFFFAOYSA-N","O=C(C)NCCCNCCCC(O)=O","N-acetyl-isoputreanine","N-acetyl-isoputreanine",NA,NA,NA,NA,NA,NA,NA,"131802901","Pos Early","n_acetyl_isoputreanine",1070,"N-Acetylisoputreanine","MetLinkR"
"1415",100020491,209,62290,219263,"Xenobiotics","Food Component/Plant",5046,"NAMED",NA,NA,"glucuronide of piperine metabolite C17H21NO3 (3)*","glucuronide of piperine metabolite C17H21NO3 (3)*",NA,NA,NA,NA,NA,NA,NA,NA,"Neg","glucuronide of piperine metabolite c17h21no3",1071,"glucuronide of piperine metabolite c17h21no3","sample_cohort"
"1416",100020492,209,62291,219264,"Xenobiotics","Food Component/Plant",5047,"NAMED",NA,NA,"glucuronide of piperine metabolite C17H21NO3 (4)*","glucuronide of piperine metabolite C17H21NO3 (4)*",NA,NA,NA,NA,NA,NA,NA,NA,"Neg","glucuronide of piperine metabolite c17h21no3",1072,"glucuronide of piperine metabolite c17h21no3","sample_cohort"
"1417",100020493,209,62292,219265,"Xenobiotics","Food Component/Plant",5048,"NAMED",NA,NA,"glucuronide of piperine metabolite C17H21NO3 (5)*","glucuronide of piperine metabolite C17H21NO3 (5)*",NA,NA,NA,NA,NA,NA,NA,NA,"Neg","glucuronide of piperine metabolite c17h21no3",1073,"glucuronide of piperine metabolite c17h21no3","sample_cohort"
"1418",100020496,209,62295,219274,"Xenobiotics","Food Component/Plant",5055,"NAMED",NA,NA,"sulfate of piperine metabolite C16H19NO3 (2)*","sulfate of piperine metabolite C16H19NO3 (2)*",NA,NA,NA,NA,NA,NA,NA,NA,"Neg","sulfate of piperine metabolite c16h19no3",1074,"sulfate of piperine metabolite c16h19no3","sample_cohort"
"1419",100020497,209,62296,219275,"Xenobiotics","Food Component/Plant",5056,"NAMED",NA,NA,"sulfate of piperine metabolite C16H19NO3 (3)*","sulfate of piperine metabolite C16H19NO3 (3)*",NA,NA,NA,NA,NA,NA,NA,NA,"Neg","sulfate of piperine metabolite c16h19no3",1075,"sulfate of piperine metabolite c16h19no3","sample_cohort"
"1420",100020502,209,62297,219276,"Xenobiotics","Food Component/Plant",5061,"NAMED",NA,NA,"sulfate of piperine metabolite C18H21NO3 (1)*","sulfate of piperine metabolite C18H21NO3 (1)*",NA,NA,NA,NA,NA,NA,NA,NA,"Neg","sulfate of piperine metabolite c18h21no3",1076,"sulfate of piperine metabolite c18h21no3","sample_cohort"
"1421",100020504,209,62299,219278,"Xenobiotics","Food Component/Plant",5063,"NAMED",NA,NA,"sulfate of piperine metabolite C18H21NO3 (3)*","sulfate of piperine metabolite C18H21NO3 (3)*",NA,NA,NA,NA,NA,NA,NA,NA,"Neg","sulfate of piperine metabolite c18h21no3",1077,"sulfate of piperine metabolite c18h21no3","sample_cohort"
"1422",100020511,209,63253,222128,"Amino Acid","Tryptophan Metabolism",330,"NAMED","XVOLHSHNRIWYEW-UHFFFAOYSA-N","OC(C1OC(OC2=CC=C3C(C=CN3)=C2)C(O)C(O)C1O)=O","5-hydroxyindole glucuronide","5-hydroxyindole glucuronide",NA,NA,NA,NA,NA,NA,NA,NA,"Neg","5_hydroxyindole glucuronide",1078,"5_hydroxyindole glucuronide","sample_cohort"
"1423",100020514,400,62711,220227,"Xenobiotics","Food Component/Plant",5113,"NAMED","STZOUWQDQRPMBI-ZETCQYMHSA-N","O=C(NCC)CC[C@@H](C(O)=O)NC(C)=O","N-acetyltheanine","N-acetyltheanine",NA,NA,NA,NA,NA,NA,NA,NA,"Pos Early","n_acetyltheanine",1079,"n_acetyltheanine","sample_cohort"
"1424",100020515,209,62520,219835,"Xenobiotics","Chemical",6221,"NAMED","HXEZIDSFDHEIIQ-UHFFFAOYSA-N","O=S(OC1=CC=C(C=CC=C2)C2=C1)(O)=O","2-naphthol sulfate","2-naphthol sulfate",NA,NA,NA,NA,"67020",NA,NA,"74428","Neg","2_naphthol sulfate",1080,"2-Naphthyl sulfate","MetLinkR"
"1425",100020519,209,62533,219867,"Xenobiotics","Food Component/Plant",5240,"NAMED","CLCCTVXAPVYLKM-UHFFFAOYSA-N","CC1=CC=C(C)C(OS(=O)(O)=O)=C1","(2,4 or 2,5)-dimethylphenol sulfate","(2,4 or 2,5)-dimethylphenol sulfate",NA,NA,NA,NA,NA,NA,NA,NA,"Neg","2_4 or 2_5_dimethylphenol sulfate",1081,"2_4 or 2_5_dimethylphenol sulfate","sample_cohort"
"1426",100020536,209,63072,221702,"Xenobiotics","Benzoate Metabolism",4541,"NAMED","KHZCNGJFSKSSIJ-UHFFFAOYSA-N","OC1=CC=C(CC)C=C1OS(=O)(O)=O","4-ethylcatechol sulfate","4-ethylcatechol sulfate",NA,NA,NA,NA,NA,NA,NA,NA,"Neg","4_ethylcatechol sulfate",1082,"4_ethylcatechol sulfate","sample_cohort"
"1427",100020541,209,63251,222126,"Lipid","Androgenic Steroids",3434,"NAMED","BRPLOVMHAFXVOQ-HXVIYJDASA-N","C[C@]12CC[C@@H](OC3C(O)C(O)C(O)C(C(O)=O)O3)C[C@]1([H])CC[C@]4([H])[C@]2([H])[C@@H](O)C[C@@]5(C)[C@@]4([H])CCC5=O","11beta-hydroxyandrosterone glucuronide","11beta-hydroxyandrosterone glucuronide",NA,NA,NA,NA,NA,"HMDB0010351",NA,NA,"Neg","11beta_hydroxyandrosterone glucuronide",1083,"11beta-Hydroxyandrosterone-3-glucuronide","MetLinkR"
"1428",100020542,209,64418,237607,"Lipid","Androgenic Steroids",3390,"NAMED","BRPLOVMHAFXVOQ-KXVRARTKSA-N","O[C@@H]1[C@@]2([H])[C@](CCC3[C@]2(C)CC[C@H](O[C@@H]4O[C@H](C(O)=O)[C@@H](O)[C@H](O)[C@H]4O)C3)([H])[C@@]5([H])[C@](C(CC5)=O)(C)C1","11beta-hydroxyetiocholanolone glucuronide*","11beta-hydroxyetiocholanolone glucuronide*",NA,NA,NA,"17181-15-6",NA,NA,NA,NA,"Neg","11beta_hydroxyetiocholanolone glucuronide",1084,"11beta_hydroxyetiocholanolone glucuronide","sample_cohort"
"1429",100020545,400,63254,222161,"Amino Acid","Lysine Metabolism",113,"NAMED","UNPVIYLDJYPILW-VIFPVBQESA-N","OC([C@@H](NC(C)=O)CCCCN(C)C)=O","N2-acetyl,N6,N6-dimethyllysine","N2-acetyl,N6,N6-dimethyllysine",NA,NA,NA,NA,NA,NA,NA,NA,"Pos Early","n2_acetyl_n6_n6_dimethyllysine",1085,"n2_acetyl_n6_n6_dimethyllysine","sample_cohort"
"1430",100020546,400,62954,220835,"Amino Acid","Lysine Metabolism",112,"NAMED","MKWKYAGEJHBUOX-QMMMGPOBSA-N","OC([C@@H](NC(C)=O)CCCCNC)=O","N2-acetyl,N6-methyllysine","N2-acetyl,N6-methyllysine",NA,NA,NA,NA,NA,NA,NA,NA,"Pos Early","n2_acetyl_n6_methyllysine",1086,"n2_acetyl_n6_methyllysine","sample_cohort"
"1431",100020549,209,62571,219957,"Lipid","Primary Bile Acid Metabolism",3504,"NAMED","RBLDVEUUCHVWMW-LFKDYQRZSA-N","O[C@H]1[C@@]2([H])[C@]3([H])CC[C@H]([C@H](C)CCC(O)=O)[C@@]3(C)[C@@H](O)C[C@]2([H])[C@@]4(C)CC[C@@H](OC5C(O)C(O)C(O)C(C(O)=O)O5)CC4C1","cholic acid glucuronide","cholic acid glucuronide",NA,NA,NA,NA,NA,"HMDB0002577",NA,"21252309","Neg","cholic acid glucuronide",1087,"Cholic acid glucuronide","MetLinkR"
"1432",100020549,209,62571,219957,"Lipid","Primary Bile Acid Metabolism",3504,"NAMED","RBLDVEUUCHVWMW-LFKDYQRZSA-N","O[C@H]1[C@@]2([H])[C@]3([H])CC[C@H]([C@H](C)CCC(O)=O)[C@@]3(C)[C@@H](O)C[C@]2([H])[C@@]4(C)CC[C@@H](OC5C(O)C(O)C(O)C(C(O)=O)O5)CC4C1","cholic acid glucuronide","cholic acid glucuronide",NA,NA,NA,NA,NA,"HMDB0002577",NA,"21252309","Neg","cholic acid glucuronide",1087,"Cholic acid glucuronide","MetLinkR"
"1433",100020549,209,62571,219957,"Lipid","Primary Bile Acid Metabolism",3504,"NAMED","RBLDVEUUCHVWMW-LFKDYQRZSA-N","O[C@H]1[C@@]2([H])[C@]3([H])CC[C@H]([C@H](C)CCC(O)=O)[C@@]3(C)[C@@H](O)C[C@]2([H])[C@@]4(C)CC[C@@H](OC5C(O)C(O)C(O)C(C(O)=O)O5)CC4C1","cholic acid glucuronide","cholic acid glucuronide",NA,NA,NA,NA,NA,"HMDB0002577",NA,"21252309","Neg","cholic acid glucuronide",1087,"Cholic acid glucuronide","MetLinkR"
"1434",100020550,209,63610,222934,"Lipid","Secondary Bile Acid Metabolism",3518,"NAMED","NNEIBJNHWVDJBA-WOSXBVGSSA-N","O[C@H]1C[C@]2([H])[C@@]3(C)CC[C@@H](OC4C(O)C(O)C(O)C(C(O)=O)O4)CC3CC[C@@]2([H])[C@]5([H])CC[C@H]([C@H](C)CCC(O)=O)[C@@]15C","deoxycholic acid glucuronide","deoxycholic acid glucuronide",NA,NA,NA,NA,NA,NA,NA,NA,"Neg","deoxycholic acid glucuronide",1088,"deoxycholic acid glucuronide","sample_cohort"
"1435",100020578,209,63597,222898,"Xenobiotics","Benzoate Metabolism",4543,"NAMED","USWXDXYEVISELK-UHFFFAOYSA-N","OS(OC1=CC=C(CC=C)C=C1O)(=O)=O","4-allylcatechol sulfate","4-allylcatechol sulfate",NA,NA,NA,NA,NA,NA,NA,NA,"Neg","4_allylcatechol sulfate",1089,"4_allylcatechol sulfate","sample_cohort"
"1436",100020585,209,62528,219861,"Xenobiotics","Tobacco Metabolite",4661,"NAMED","ZAEQSKSORYMOAE-UHFFFAOYSA-N","O=S(OC1=CC=C2C(CC3=C2C=CC=C3)=C1)(O)=O","2-hydroxyfluorene sulfate","2-hydroxyfluorene sulfate",NA,NA,NA,NA,NA,NA,NA,NA,"Neg","2_hydroxyfluorene sulfate",1090,"2_hydroxyfluorene sulfate","sample_cohort"
"1437",100020622,209,63857,223472,"Xenobiotics","Food Component/Plant",5254,"NAMED","IWRNHPTWPBSQSA-UHFFFAOYSA-N","OS(OC1=CC=C(C(OC)=O)C=C1OC)(=O)=O","methyl vanillate sulfate","methyl vanillate sulfate",NA,NA,NA,NA,NA,NA,NA,NA,"Neg","methyl vanillate sulfate",1091,"methyl vanillate sulfate","sample_cohort"
"1438",100020631,209,62735,220261,"Lipid","Fatty Acid Metabolism (Acyl Glutamine)",1807,"NAMED","VCZLDSLBUPQMCV-UHFFFAOYSA-N","CCC(C)CCC(NC(CCC(N)=O)C(O)=O)=O","4-methylhexanoylglutamine","4-methylhexanoylglutamine",NA,NA,NA,NA,NA,NA,NA,NA,"Neg","4_methylhexanoylglutamine",1092,"4_methylhexanoylglutamine","sample_cohort"
"1439",100020743,402,62429,219596,"Lipid","Lysophospholipid",2646,"NAMED","UEORCJDSHVBFKT-HTOVTZSWSA-N","O=C(CCCCCCCC/C=C\CCCCCCCC)OC[C@]([H])(COP(OCC[N+](C)(C)C)([O-])=O)O","1-nonadecenoyl-GPC (19:1)*","1-nonadecenoyl-GPC (19:1)*","LPC 19:1","LPC 19:1","LPC 19:1/0:0",NA,NA,NA,NA,NA,"Pos Late","1_nonadecenoyl_gpc_19_1",1093,"1_nonadecenoyl_gpc_19_1","sample_cohort"
"1440",100020781,402,62463,219704,"Lipid","Lysophospholipid",2680,"NAMED","WBGVYVOIMVQBOT-WSDBEMKQSA-N","OC(COP(OCC[N+](C)(C)C)([O-])=O)COC(CCCC/C=C\C/C=C\C/C=C\C/C=C\C/C=C\C/C=C\CC)=O","1-nisinoyl-GPC (24:6)*","1-nisinoyl-GPC (24:6)*","LPC 24:6","LPC 24:6","LPC 24:6/0:0",NA,NA,NA,NA,NA,"Pos Late","1_nisinoyl_gpc_24_6",1094,"1_nisinoyl_gpc_24_6","sample_cohort"
"1441",100020787,209,62474,219736,"Xenobiotics","Drug - Antibiotic",5530,"NAMED","SDLYZOYQWKDWJG-UHFFFAOYSA-N","FC1=C(C=C(C2=C1)N(C=C(C(O)=O)C2=O)C3CC3)N(CC4)CCN4S(O)(=O)=O","sulfociprofloxacin*","sulfociprofloxacin*",NA,NA,NA,NA,"114121",NA,NA,"128781","Neg","sulfociprofloxacin",1095,"Sulfociprofloxacin","MetLinkR"
"1442",100020790,402,62477,219743,"Xenobiotics","Drug - Psychoactive",5916,"NAMED","PTJADDMMFYXMMG-UHFFFAOYSA-N","FC1=CC=C(C=C1)C2(CCCNC)OCC3=C2C=CC(C#N)=C3","desmethylcitalopram*","desmethylcitalopram*",NA,NA,NA,NA,"142424","HMDB0014021","C16608","162180","Pos Late","desmethylcitalopram",1096,"N-Desmethylcitalopram","MetLinkR"
"1443",100020791,402,62478,219744,"Xenobiotics","Drug - Psychoactive",5917,"NAMED","RKUKMUWCRLRPEJ-SFHVURJKSA-N","FC1=CC=C(C=C1)[C@@]2(CCCN)C3=CC=C(C#N)C=C3CO2","didesmethylcitalopram*","didesmethylcitalopram*",NA,NA,NA,NA,"23935928","HMDB0060472","C16609","162976","Pos Late","didesmethylcitalopram",1097,"Didesmethylcitalopram","MetLinkR"
"1444",100020792,402,62476,219742,"Xenobiotics","Drug - Psychoactive",5914,"NAMED","DIOGFDCEWUUSBQ-UHFFFAOYSA-N","FC1=CC=C(C=C1)C2(CCC[N+](C)(C)[O-])OCC3=C2C=CC(C#N)=C3","citalopram N-oxide*","citalopram N-oxide*",NA,NA,NA,NA,"8243682","HMDB0060654","C16607","10068142","Pos Late","citalopram n_oxide",1098,"Citalopram N-oxide","MetLinkR"
"1445",100020805,402,62484,219752,"Xenobiotics","Drug - Psychoactive",5937,"NAMED","JLOAJISUHPIQOX-UHFFFAOYSA-N","N1(C2=NC3=C(SC4=C2C=CC=C4)C=CC=C3)CCNCC1","N-desalkylquetiapine*","N-desalkylquetiapine*",NA,NA,NA,NA,"9544835",NA,NA,"11369918","Pos Late","n_desalkylquetiapine",1099,"n_desalkylquetiapine","sample_cohort"
"1446",100020819,209,63731,223256,"Lipid","Secondary Bile Acid Metabolism",3551,"NAMED","DKXXSIJHWWVNMO-XROMFQGDSA-N","[H][C@@]12[C@@]3(C)CC[C@@H](OS(=O)(O)=O)C[C@@]3([H])C[C@H](O)[C@@]1([H])[C@]4([H])CC[C@]([H])([C@H](C)CCC(NCC(O)=O)=O)[C@@]4(C)CC2","glycoursodeoxycholic acid sulfate (1)","glycoursodeoxycholic acid sulfate (1)",NA,NA,NA,NA,NA,NA,NA,NA,"Neg","glycoursodeoxycholic acid sulfate",1100,"glycoursodeoxycholic acid sulfate","sample_cohort"
"1447",100020820,209,63732,223258,"Lipid","Secondary Bile Acid Metabolism",3583,"NAMED","DKXXSIJHWWVNMO-XROMFQGDSA-N","[H][C@@]12[C@@]3(C)CC[C@@H](OS(=O)(O)=O)C[C@@]3([H])C[C@H](O)[C@@]1([H])[C@]4([H])CC[C@]([H])([C@H](C)CCC(NCC(O)=O)=O)[C@@]4(C)CC2","glycoursodeoxycholic acid sulfate (2)","glycoursodeoxycholic acid sulfate (2)",NA,NA,NA,NA,NA,NA,NA,NA,"Neg","glycoursodeoxycholic acid sulfate",1101,"glycoursodeoxycholic acid sulfate","sample_cohort"
"1448",100020822,305,62524,219858,"Xenobiotics","Food Component/Plant",4871,"NAMED","WEPNMLSXEATIJK-UHFFFAOYSA-N","OC1=CC(CCC(O)=O)=CC=C1OS(O)(=O)=O","dihydrocaffeate sulfate (2)","dihydrocaffeate sulfate (2)",NA,NA,NA,NA,NA,NA,NA,NA,"Polar","dihydrocaffeate sulfate",1102,"Dihydrocaffeic acid 3-sulfate","MetLinkR"
"1449",100020823,209,62526,219859,"Lipid","Secondary Bile Acid Metabolism",3531,"NAMED","AXDXVEYHEODSPN-HVATVPOCSA-N","[H][C@@]12[C@@]3(C)CC[C@@H](OS(=O)(O)=O)C[C@@]3([H])CC[C@@]1([H])[C@]4([H])CC[C@]([H])([C@H](C)CCC(O)=O)[C@@]4(C)CC2","lithocholate sulfate (1)","lithocholate sulfate (1)",NA,NA,NA,NA,NA,NA,NA,"451489","Neg","lithocholate sulfate",1103,"Lithocholic acid 3-sulfate","MetLinkR"
"1450",100020825,400,62557,219908,"Lipid","Fatty Acid Metabolism (Acyl Carnitine, Hydroxy)",1944,"NAMED","VYEONLJQPYRKAN-UHFFFAOYSA-N","C[N+](C)(C)CC(OC(CC(O)CCC)=O)CC([O-])=O","3-hydroxyhexanoylcarnitine (1)","3-hydroxyhexanoylcarnitine (1)",NA,NA,NA,NA,NA,NA,NA,NA,"Pos Early","3_hydroxyhexanoylcarnitine",1104,"CAR 6:0;OH","MetLinkR"
"1451",100020827,209,62567,219930,"Xenobiotics","Drug - Analgesics, Anesthetics",5431,"NAMED","VOXWKXZBPMQUJH-UHFFFAOYSA-N","CSC1=CC(NC(C)=O)=CC=C1OS(O)(=O)=O","3-(methylthio)acetaminophen sulfate*","3-(methylthio)acetaminophen sulfate*",NA,NA,NA,NA,NA,NA,NA,NA,"Neg","3_methylthio_acetaminophen sulfate",1105,"3_methylthio_acetaminophen sulfate","sample_cohort"
"1452",100020833,209,63120,221782,"Amino Acid","Leucine, Isoleucine and Valine Metabolism",354,"NAMED","GPPUPQFYDYLTIY-UHFFFAOYSA-N","CCCCCCC(C(O)=O)=O","2-ketocaprylate","2-ketocaprylate",NA,NA,NA,"328-51-8","60921","HMDB0013211",NA,"67600","Neg","2_ketocaprylate",1106,"2-Keto-octanoic acid","MetLinkR"
"1453",100020837,209,63042,221621,"Xenobiotics","Drug - Topical Agents",6006,"NAMED","AKEUNCKRJATALU-UHFFFAOYSA-N","OC(C1=C(O)C=CC=C1O)=O","2,6-dihydroxybenzoic acid","2,6-dihydroxybenzoic acid",NA,NA,NA,"303-07-1","8974","HMDB0013676",NA,"9338","Neg","2_6_dihydroxybenzoic acid",1107,"2,6-Dihydroxybenzoic acid","MetLinkR"
"1454",100020837,209,63042,221621,"Xenobiotics","Drug - Topical Agents",6006,"NAMED","AKEUNCKRJATALU-UHFFFAOYSA-N","OC(C1=C(O)C=CC=C1O)=O","2,6-dihydroxybenzoic acid","2,6-dihydroxybenzoic acid",NA,NA,NA,"303-07-1","8974","HMDB0013676",NA,"9338","Neg","2_6_dihydroxybenzoic acid",1107,"2,6-Dihydroxybenzoic acid","MetLinkR"
"1455",100020842,400,62819,220461,"Amino Acid","Lysine Metabolism",140,"NAMED","UYZSNVLEDLCWGU-UHFFFAOYSA-N","CN(C)CCCCC(O)=O","N,N-dimethyl-5-aminovalerate","N,N-dimethyl-5-aminovalerate",NA,NA,NA,NA,NA,NA,NA,NA,"Pos Early","n_n_dimethyl_5_aminovalerate",1108,"n_n_dimethyl_5_aminovalerate","sample_cohort"
"1456",100020844,209,62784,220399,"Lipid","Secondary Bile Acid Metabolism",3553,"NAMED","GLVWZDCWCRWVFM-LBSADWJPSA-N","[H][C@@]12[C@@]3(C)CC[C@@H](OS(=O)(O)=O)C[C@@]3([H])C[C@H](O)[C@@]1([H])[C@]4([H])CC[C@]([H])([C@H](C)CCC(NCCS(=O)(O)=O)=O)[C@@]4(C)CC2","tauroursodeoxycholic acid sulfate (1)","tauroursodeoxycholic acid sulfate (1)",NA,NA,NA,NA,NA,NA,NA,NA,"Neg","tauroursodeoxycholic acid sulfate",1109,"tauroursodeoxycholic acid sulfate","sample_cohort"
"1457",100020851,209,62796,220411,"Xenobiotics","Food Component/Plant",4934,"NAMED","NUPWKYZXNXCOHY-UHFFFAOYSA-N","CCC1=C(OS(=O)(O)=O)C(O)=CC=C1","3-ethylcatechol sulfate (1)","3-ethylcatechol sulfate (1)",NA,NA,NA,NA,NA,NA,NA,NA,"Neg","3_ethylcatechol sulfate",1110,"3_ethylcatechol sulfate","sample_cohort"
"1458",100020852,209,62797,220412,"Xenobiotics","Food Component/Plant",4935,"NAMED","NUPWKYZXNXCOHY-UHFFFAOYSA-N","CCC1=C(OS(=O)(O)=O)C(O)=CC=C1","3-ethylcatechol sulfate (2)","3-ethylcatechol sulfate (2)",NA,NA,NA,NA,NA,NA,NA,NA,"Neg","3_ethylcatechol sulfate",1111,"3_ethylcatechol sulfate","sample_cohort"
"1459",100020853,209,62798,220413,"Xenobiotics","Food Component/Plant",4849,"NAMED","RRWBOGSYNDIRNR-UHFFFAOYSA-N","OC1=CC=C(C(C)=O)C=C1OS(=O)(O)=O","4-acetylcatechol sulfate (1)","4-acetylcatechol sulfate (1)",NA,NA,NA,NA,NA,NA,NA,NA,"Neg","4_acetylcatechol sulfate",1112,"4_acetylcatechol sulfate","sample_cohort"
"1460",100020854,209,62799,220414,"Xenobiotics","Food Component/Plant",4850,"NAMED","RRWBOGSYNDIRNR-UHFFFAOYSA-N","OC1=CC=C(C(C)=O)C=C1OS(=O)(O)=O","4-acetylcatechol sulfate (2)","4-acetylcatechol sulfate (2)",NA,NA,NA,NA,NA,NA,NA,NA,"Neg","4_acetylcatechol sulfate",1113,"4_acetylcatechol sulfate","sample_cohort"
"1461",100020859,209,63118,221780,"Lipid","Secondary Bile Acid Metabolism",3530,"NAMED","CVNYHSDFZXHMMJ-VPUMZWJWSA-N","O=C1[C@@]([C@]([C@H](C)CCC(O)=O)([H])CC2)(C)[C@]2([H])[C@@]3([H])[C@@](C1)([H])[C@](CC[C@H]4O)(C)[C@](C4)([H])CC3","12-ketolithocholate","12-ketolithocholate",NA,NA,NA,"5130-29-0","2338365","HMDB0000328",NA,"3080612","Neg","12_ketolithocholate",1114,"12-Ketolithocholic acid","MetLinkR"
"1462",100020867,209,64072,235151,"Xenobiotics","Drug - Antibiotic",5587,"NAMED","NXFQHRVNIOXGAQ-YCRREMRBSA-N","O=C(NC1=O)CN1/N=C/c2ccc([N+]([O-])=O)o2","nitrofurantoin","nitrofurantoin",NA,NA,NA,"67-20-9","5036498","HMDB0014836","C07268,D00439","6604200","Neg","nitrofurantoin",1115,"Nitrofurantoin","MetLinkR"
"1463",100020868,209,64075,235157,"Xenobiotics","Drug - Antibiotic",5574,"NAMED","IEDVJHCEMCRBQM-UHFFFAOYSA-N","COc1c(OC)c(OC)cc(Cc2c(N)nc(N)nc2)c1","trimethoprim","trimethoprim",NA,NA,NA,"738-70-5","5376","HMDB0014583","C01965,D00145","5578","Neg","trimethoprim",1116,"Trimethoprim","MetLinkR"
"1464",100020873,402,64117,234999,"Xenobiotics","Drug - Antibiotic",5520,"NAMED","AGOYDEPGAOXOCK-KCBOHYOISA-N","CC[C@@H]1[C@@](C)(O)[C@H](O)[C@@H](C)C([C@H](C)C[C@@](C)(OC)[C@H](O[C@H]2[C@H](O)[C@@H](N(C)C)C[C@@H](C)O2)[C@@H](C)[C@H](O[C@H]3C[C@@](C)(OC)[C@@H](O)[C@H](C)O3)[C@@H](C)C(O1)=O)=O","clarithromycin","clarithromycin",NA,NA,NA,"81103-11-9","10342604","HMDB0015342","C06912,D00276","84029","Pos Late","clarithromycin",1117,"Clarithromycin","MetLinkR"
"1465",100020892,402,64124,235003,"Xenobiotics","Drug - Respiratory",5988,"NAMED","UCHDWCPVSPXUMX-TZIWLTJVSA-N","CC(c1c(CC[C@@H](SCC2(CC(O)=O)CC2)c3cc(/C=C/c(cc4)nc5c4ccc(Cl)c5)ccc3)cccc1)(O)C","montelukast","montelukast",NA,NA,NA,"158966-92-8","4444507","HMDB0014614","C07482","5281040","Pos Late","montelukast",1118,"montelukast","sample_cohort"
"1466",100020893,209,62805,220431,"Amino Acid","Methionine, Cysteine, SAM and Taurine Metabolism",455,"NAMED","XMZBEAXQGSBWLG-NSCUHMNNSA-N","OC(C(O)=O)C(O)/C=C/SC","2,3-dihydroxy-5-methylthio-4-pentenoate (DMTPA)*","2,3-dihydroxy-5-methylthio-4-pentenoate (DMTPA)*",NA,NA,NA,NA,NA,"HMDB0240388",NA,NA,"Neg","2_3_dihydroxy_5_methylthio_4_pentenoate_dmtpa",1119,"2,3-Dihydroxy-5-methylthio-4-pentenoic acid","MetLinkR"
"1467",100020903,209,62811,220439,"Peptide","Fibrinogen Cleavage Peptide",1179,"NAMED","RTIAWGDTSQOGQP-UHFFFAOYSA-N","NC(CO)C(NCC(NC(CCC(O)=O)C(NCC(NC(CC(O)=O)C(NC(CC1=CC=CC=C1)C(NC(CC(C)C)C(NC(C)C(NC(CCC(O)=O)C(NCC(NCC(NCC(NC(C(C)C)C(NC(CCCNC(N)=N)C(O)=O)=O)=O)=O)=O)=O)=O)=O)=O)=O)=O)=O)=O)=O","fibrinopeptide A (3-16)**","fibrinopeptide A (3-16)**",NA,NA,NA,NA,NA,NA,NA,"25078015","Neg","fibrinopeptide a_3_16",1120,"fibrinopeptide a_3_16","sample_cohort"
"1468",100020908,209,62813,220443,"Peptide","Fibrinogen Cleavage Peptide",1198,"NAMED","CCYANGYMJWBLQM-UHFFFAOYSA-N","OC(C(C)NC(C(CO)NC(C(CC1=CC=CC=C1)NC(C(CC2=CC=CC=C2)NC(CNC(C(CCC(O)=O)NC(C(CCC(O)=O)NC(C(CC(N)=O)NC(C(CC(O)=O)NC(C(CC(N)=O)NC(C(C(C)C)NC(CNC(C(CC3)NC3=O)=O)=O)=O)=O)=O)=O)=O)=O)=O)=O)=O)=O)=O","fibrinopeptide B (1-13)**","fibrinopeptide B (1-13)**",NA,NA,NA,NA,NA,NA,NA,NA,"Neg","fibrinopeptide b_1_13",1121,"fibrinopeptide b_1_13","sample_cohort"
"1469",100020917,400,63285,222267,"Xenobiotics","Drug - Antiviral",5622,"NAMED","XQSPYNMVSIKCOC-NTSWFWBYSA-N","O=c1n([C@@H]2CS[C@H](CO)O2)cc(F)c(N)n1","emtricitabine","emtricitabine",NA,NA,NA,"143491-57-0","54859","HMDB0015017","C12599,D01199","60877","Pos Early","emtricitabine",1122,"Emtricitabine","MetLinkR"
"1470",100020920,209,63283,222263,"Xenobiotics","Drug - Antiviral",5619,"NAMED","SGOIRFVFHAKUTI-ZCFIWIBFSA-N","C[C@@H](OCP(O)(O)=O)Cn1c2ncnc(N)c2nc1","tenofovir","tenofovir",NA,NA,NA,"147127-20-6","408154","HMDB0014445","C17407","464205","Neg","tenofovir",1123,"Tenofovir","MetLinkR"
"1471",100020950,402,64137,235019,"Xenobiotics","Drug - Contraceptive",5768,"NAMED","METQSPRSQINEEU-HXCATZOESA-N","C[C@]12CCC(C=C1[C@@H]3C[C@@H]3[C@@H]4[C@@H]2CC[C@@]5(C)[C@H]4[C@@H]6C[C@@H]6[C@@]57CCC(O7)=O)=O","drospirenone","drospirenone",NA,NA,NA,"67392-87-4","62105","HMDB0015467","D03917","68873","Pos Late","drospirenone",1124,"Drospirenone","MetLinkR"
"1472",100020973,209,63230,222087,"Xenobiotics","Chemical",6298,"NAMED","UAQAOMYUJQVGMD-UHFFFAOYSA-N","CC1=NC=C(OS(=O)(O)=O)C=C1","5-hydroxy-2-methylpyridine sulfate","5-hydroxy-2-methylpyridine sulfate",NA,NA,NA,NA,NA,NA,NA,NA,"Neg","5_hydroxy_2_methylpyridine sulfate",1125,"5_hydroxy_2_methylpyridine sulfate","sample_cohort"
"1473",100020975,209,63227,222084,"Xenobiotics","Chemical",6300,"NAMED","GOXQGRHDLROYBT-UHFFFAOYSA-N","CC1=NC=CC=C1OS(=O)(O)=O","3-hydroxy-2-methylpyridine sulfate","3-hydroxy-2-methylpyridine sulfate",NA,NA,NA,NA,NA,NA,NA,NA,"Neg","3_hydroxy_2_methylpyridine sulfate",1126,"3_hydroxy_2_methylpyridine sulfate","sample_cohort"
"1474",100020992,209,62840,220604,"Peptide","Dipeptide",799,"NAMED","PCMCCGUMENQJAT-UHFFFAOYSA-N","O=C1C(CC2=CC=C(OS(O)(=O)=O)C=C2)NC(C3N1CCC3)=O","cyclo(pro-sulfo-tyr)*","cyclo(pro-sulfo-tyr)*",NA,NA,NA,NA,NA,NA,NA,NA,"Neg","cyclo_pro_sulfo_tyr",1127,"cyclo_pro_sulfo_tyr","sample_cohort"
"1475",100021000,402,62851,220620,"Lipid","Sphingomyelins",3133,"NAMED","FAVAZPKFPKOYCT-VTAPXIELSA-N","CCCCCCCCCCCCCCC(O)C(N[C@@H](COP([O-])(OCC[N+](C)(C)C)=O)[C@@H](/C=C/CCCCCCCCCCCCC)O)=O","hydroxypalmitoyl sphingomyelin (d18:1/16:0(OH))**","hydroxypalmitoyl sphingomyelin (d18:1/16:0(OH))**","SM 34:1;O3","SM 18:1;O2_16:0;O","SM 18:1;O2/16:0;O",NA,NA,NA,NA,NA,"Pos Late","hydroxypalmitoyl sphingomyelin_d18_1_16_0_oh",1128,"hydroxypalmitoyl sphingomyelin_d18_1_16_0_oh","sample_cohort"
"1476",100021012,400,62871,220663,"Xenobiotics","Food Component/Plant",4841,"NAMED","PKECGHXYZFBIDX-UHFFFAOYSA-N","OCC1=CC=C(C(OC(CC([O-])=O)C[N+](C)(C)C)=O)O1","5-hydroxymethyl-2-furoylcarnitine*","5-hydroxymethyl-2-furoylcarnitine*",NA,NA,NA,NA,NA,NA,NA,NA,"Pos Early","5_hydroxymethyl_2_furoylcarnitine",1129,"5_hydroxymethyl_2_furoylcarnitine","sample_cohort"
"1477",100021015,209,62874,220668,"Lipid","Fatty Acid, Branched",1670,"NAMED","ZIFGCGZZIZETEZ-UHFFFAOYSA-N","CCCCCC(CCCCC)CCCCCCC(O)=O","branched-chain fatty acid 18:0 (2)**","branched-chain fatty acid 18:0 (2)**",NA,NA,NA,NA,NA,NA,NA,NA,"Neg","branched_chain fatty acid 18_0",1130,"branched_chain fatty acid 18_0","sample_cohort"
"1478",100021093,209,62890,220741,"Lipid","Secondary Bile Acid Metabolism",3575,"NAMED","IJHJZQKOSUFQCX-WZJRQFJBSA-N","[H][C@@](CCC(NCCS(O)(=O)=O)=O)([C@]1(CC[C@]2([C@@]3([C@@H](C[C@@]4(C[C@H](S(O)(=O)=O)CC[C@@]4([C@]3(C[C@H]([C@]12C)O)[H])C)[H])O)[H])[H])[H])C","taurochenodeoxycholic acid 3-sulfate","taurochenodeoxycholic acid 3-sulfate",NA,NA,NA,NA,"24850141","HMDB0002486",NA,"52931550","Neg","taurochenodeoxycholic acid 3_sulfate",1131,"Cholic acid glucuronide","MetLinkR"
"1479",100021093,209,62890,220741,"Lipid","Secondary Bile Acid Metabolism",3575,"NAMED","IJHJZQKOSUFQCX-WZJRQFJBSA-N","[H][C@@](CCC(NCCS(O)(=O)=O)=O)([C@]1(CC[C@]2([C@@]3([C@@H](C[C@@]4(C[C@H](S(O)(=O)=O)CC[C@@]4([C@]3(C[C@H]([C@]12C)O)[H])C)[H])O)[H])[H])[H])C","taurochenodeoxycholic acid 3-sulfate","taurochenodeoxycholic acid 3-sulfate",NA,NA,NA,NA,"24850141","HMDB0002486",NA,"52931550","Neg","taurochenodeoxycholic acid 3_sulfate",1131,"Cholic acid glucuronide","MetLinkR"
"1480",100021093,209,62890,220741,"Lipid","Secondary Bile Acid Metabolism",3575,"NAMED","IJHJZQKOSUFQCX-WZJRQFJBSA-N","[H][C@@](CCC(NCCS(O)(=O)=O)=O)([C@]1(CC[C@]2([C@@]3([C@@H](C[C@@]4(C[C@H](S(O)(=O)=O)CC[C@@]4([C@]3(C[C@H]([C@]12C)O)[H])C)[H])O)[H])[H])[H])C","taurochenodeoxycholic acid 3-sulfate","taurochenodeoxycholic acid 3-sulfate",NA,NA,NA,NA,"24850141","HMDB0002486",NA,"52931550","Neg","taurochenodeoxycholic acid 3_sulfate",1131,"Cholic acid glucuronide","MetLinkR"
"1481",100021100,209,62918,220774,"Lipid","Fatty Acid, Dicarboxylate",1717,"NAMED","MUFSRLVOUKHPIZ-OVYZBVKCSA-N","O=C(O)CCC/C=C\C/C=C\CCCCC(O)=O","tetradecadienedioate (C14:2-DC)*","tetradecadienedioate (C14:2-DC)*",NA,NA,NA,NA,NA,NA,NA,"86018718","Neg","tetradecadienedioate_c14_2_dc",1132,"tetradecadienedioate_c14_2_dc","sample_cohort"
"1482",100021103,209,62922,220778,"Lipid","Pregnenolone Steroids",3294,"NAMED","HIYOTPJZDPVBTL-HXOPQMAFSA-N","O[C@H]1C2=C[C@@H](OS(=O)(O)=O)CC[C@]2(C)C3CC[C@@]4(C)C(CCC4[C@H](O)C)C3C1","pregnenetriol sulfate*","pregnenetriol sulfate*",NA,NA,NA,NA,NA,NA,NA,"129671303","Neg","pregnenetriol sulfate",1133,"pregnenetriol sulfate","sample_cohort"
"1483",100021104,209,62921,220777,"Lipid","Pregnenolone Steroids",3295,"NAMED","KANYWSIUKWPEOE-HXOPQMAFSA-N","C[C@]12CC[C@H](OS(=O)(O)=O)C=C1[C@H](OS(=O)(O)=O)CC3C2CC[C@@]4(C)C3CCC4[C@H](O)C","pregnenetriol disulfate*","pregnenetriol disulfate*",NA,NA,NA,NA,NA,NA,NA,NA,"Neg","pregnenetriol disulfate",1134,"pregnenetriol disulfate","sample_cohort"
"1484",100021105,209,62923,220779,"Lipid","Fatty Acid, Dicarboxylate",1726,"NAMED","NZLFRLCYQVOISV-IWQZZHSRSA-N","OC(CCCCCCCCC/C=C\CCCCCCCC(O)=O)=O","eicosenedioate (C20:1-DC)*","eicosenedioate (C20:1-DC)*",NA,NA,NA,NA,NA,NA,NA,NA,"Neg","eicosenedioate_c20_1_dc",1135,"eicosenedioate_c20_1_dc","sample_cohort"
"1485",100021123,400,62959,220848,"Amino Acid","Lysine Metabolism",120,"NAMED","ZRJHLGYVUCPZNH-MQWKRIRWSA-N","[O-]C([C@@H](N)C(O)CCC[N+](C)(C)C)=O","hydroxy-N6,N6,N6-trimethyllysine*","hydroxy-N6,N6,N6-trimethyllysine*",NA,NA,NA,NA,NA,NA,NA,NA,"Pos Early","hydroxy_n6_n6_n6_trimethyllysine",1136,"hydroxy_n6_n6_n6_trimethyllysine","sample_cohort"
"1486",100021131,402,63613,222938,"Lipid","Fatty Acid Metabolism (Acyl Carnitine, Monounsaturated)",1904,"NAMED","FVOVZEONZTWNTC-OUKQBFOZSA-N","CCCCCCCC/C=C/C(OC(CC([O-])=O)C[N+](C)(C)C)=O","undecenoylcarnitine (C11:1)","undecenoylcarnitine (C11:1)",NA,NA,NA,NA,NA,NA,NA,NA,"Pos Late","undecenoylcarnitine_c11_1",1137,"undecenoylcarnitine_c11_1","sample_cohort"
"1487",100021141,402,63358,222426,"Lipid","Fatty Acid Metabolism (Acyl Carnitine, Hydroxy)",1950,"NAMED","VCRSQDIROUELAR-UHFFFAOYSA-N","OC(CCCCCCC)CC(OC(CC([O-])=O)C[N+](C)(C)C)=O","3-hydroxydecanoylcarnitine","3-hydroxydecanoylcarnitine",NA,NA,NA,NA,"59664325","HMDB0061636",NA,"121454166","Pos Late","3_hydroxydecanoylcarnitine",1139,"CAR 10:0;3OH","MetLinkR"
"1488",100021162,402,62984,221101,"Lipid","Ceramide PEs",3163,"NAMED","JTVNQMOIYKXJKF-WSYRTZMQSA-N","CCCCCCCCCCCCC/C=C/[C@@]([H])(O)[C@@]([H])(NC(CCCCCCCCCCCCCCC)=O)COP(O)(OCCN)=O","palmitoyl-sphingosine-phosphoethanolamine (d18:1/16:0)","palmitoyl-sphingosine-phosphoethanolamine (d18:1/16:0)","CerPE 34:1;O2","CerPE 18:1;O2_16:0","CerPE 18:1;O2/16:0",NA,NA,NA,NA,NA,"Pos Late","palmitoyl_sphingosine_phosphoethanolamine_d18_1_16_0",1140,"palmitoyl_sphingosine_phosphoethanolamine_d18_1_16_0","sample_cohort"
"1489",100021198,209,63057,221668,"Lipid","Fatty Acid Metabolism (Acyl Glycine)",1860,"NAMED","MNYZGNSHBPLAFN-UHFFFAOYSA-N","O=C(C1=CC=CC=N1)N([H])CC(O)=O","picolinoylglycine","picolinoylglycine",NA,NA,NA,"5616-29-5","9963296","HMDB0059766",NA,"11788622","Neg","picolinoylglycine",1141,"Picolinoylglycine","MetLinkR"
"1490",100021208,209,64579,238261,"Xenobiotics","Benzoate Metabolism",4567,"NAMED","ILVXQMHYFMBCMJ-UHFFFAOYSA-N","C=CC(C=C1O)=CC=C1OS(=O)(O)=O","4-vinylcatechol sulfate","4-vinylcatechol sulfate",NA,NA,NA,NA,NA,NA,NA,NA,"Neg","4_vinylcatechol sulfate",1142,"4_vinylcatechol sulfate","sample_cohort"
"1491",100021220,305,63678,223092,"Amino Acid","Methionine, Cysteine, SAM and Taurine Metabolism",483,"NAMED","SBQWITJAJITAMM-UHFFFAOYSA-N","OC(CCC(NCCS(=O)(O)=O)=O)=O","succinoyltaurine","succinoyltaurine",NA,NA,NA,NA,"20509456",NA,NA,NA,"Polar","succinoyltaurine",1143,"Succinoyltaurine","MetLinkR"
"1492",100021238,209,63039,221212,"Peptide","Dipeptide",950,"NAMED","WJSNJMXOBDSZDL-UHFFFAOYSA-N","NC(CC1=CC=CC=C1)C(N2C(C(O)=O)CC(O)C2)=O","phenylalanylhydroxyproline*","phenylalanylhydroxyproline*",NA,NA,NA,NA,"35032073","HMDB0011176",NA,"53480675","Neg","phenylalanylhydroxyproline",1144,"Phe-Hyp","MetLinkR"
"1493",100021261,400,63052,221645,"Peptide","Dipeptide Derivative",670,"NAMED","JCCZCUUYYHWRGX-UHFFFAOYSA-N","NC(CC(C)C)C(N1C(C(O)=O)CC(O)C1)=O","leucylhydroxyproline*","leucylhydroxyproline*",NA,NA,NA,NA,"20170035","HMDB0028930",NA,"20847829","Pos Early","leucylhydroxyproline",1145,"Leucyl-hydroxyproline","MetLinkR"
"1494",100021262,400,63051,221644,"Peptide","Dipeptide Derivative",669,"NAMED","IFZSZULHIWFRSB-UHFFFAOYSA-N","NC(C(C)CC)C(N1C(C(O)=O)CC(O)C1)=O","isoleucylhydroxyproline*","isoleucylhydroxyproline*",NA,NA,NA,NA,"35032815","HMDB0028908",NA,"61158802","Pos Early","isoleucylhydroxyproline",1146,"Isoleucylhydroxyproline","MetLinkR"
"1495",100021324,305,63589,222870,"Xenobiotics","Chemical",6305,"NAMED","KLXACYSQYFWVLM-UHFFFAOYSA-N","ClC1=C(O)C(C(O)=O)=C(O)C(Cl)=C1","3,5-dichloro-2,6-dihydroxybenzoic acid","3,5-dichloro-2,6-dihydroxybenzoic acid",NA,NA,NA,NA,"24339141",NA,NA,"24721632","Polar","3_5_dichloro_2_6_dihydroxybenzoic acid",1147,"3,5-Dichloro-2,6-dihydroxybenzoic acid","MetLinkR"
"1496",100021329,400,63339,222374,"Xenobiotics","Food Component/Plant",5248,"NAMED","BOWUOGIPSRVRSJ-RXMQYKEDSA-N","O=C1NCCCC[C@H]1N","(S)-a-amino-omega-caprolactam","(S)-a-amino-omega-caprolactam",NA,NA,NA,"21568-87-6","388871",NA,"C02837","439823,440599","Pos Early","s_a_amino_omega_caprolactam",1148,"s_a_amino_omega_caprolactam","sample_cohort"
"1497",100021331,209,63153,221892,"Partially Characterized Molecules","Partially Characterized Molecules",6468,"NAMED","IJIWKJRHDDIJKI-MVCMDAJNSA-N","CC1(C)C(OS(O)(=O)=O)CCC2(C)C1CC[C@]3(C)[C@H]2CC[C@@H]3C4(C)OC(CC4)=O","metabolonic lactone sulfate","metabolonic lactone sulfate",NA,NA,NA,NA,NA,NA,NA,NA,"Neg","metabolonic lactone sulfate",1149,"metabolonic lactone sulfate","sample_cohort"
"1498",100021363,209,63853,223434,"Xenobiotics","Food Component/Plant",5256,"NAMED","LOODYTDRRBLQNH-UHFFFAOYSA-N","OC1=CC=C(C=C1OC)C(NCC(O)=O)=O","vanilloylglycine","vanilloylglycine",NA,NA,NA,NA,"2340857","HMDB0060026",NA,"3083688","Neg","vanilloylglycine",1150,"Vanilloylglycine","MetLinkR"
"1499",100021372,305,63739,223275,"Amino Acid","Methionine, Cysteine, SAM and Taurine Metabolism",456,"NAMED","ONFOSYPQQXJWGS-UHFFFAOYSA-N","CSCCC(O)C(O)=O","2-hydroxy-4-(methylthio)butanoic acid","2-hydroxy-4-(methylthio)butanoic acid",NA,NA,NA,"583-91-5",NA,"HMDB0037115",NA,"11427","Polar","2_hydroxy_4_methylthio_butanoic acid",1151,"2-Hydroxy-4-(methylthio)butanoic acid","MetLinkR"
"1500",100021372,305,63739,223275,"Amino Acid","Methionine, Cysteine, SAM and Taurine Metabolism",456,"NAMED","ONFOSYPQQXJWGS-UHFFFAOYSA-N","CSCCC(O)C(O)=O","2-hydroxy-4-(methylthio)butanoic acid","2-hydroxy-4-(methylthio)butanoic acid",NA,NA,NA,"583-91-5",NA,"HMDB0037115",NA,"11427","Polar","2_hydroxy_4_methylthio_butanoic acid",1151,"2-Hydroxy-4-(methylthio)butanoic acid","MetLinkR"
"1501",100021374,209,63191,221986,"Lipid","Fatty Acid, Dicarboxylate",1716,"NAMED","JUODHHFNSQAXKF-UHFFFAOYSA-N","CCCCCC(CCCC(O)=O)CCCC(O)=O","branched chain 14:0 dicarboxylic acid**","branched chain 14:0 dicarboxylic acid**",NA,NA,NA,NA,NA,NA,NA,NA,"Neg","branched chain 14_0 dicarboxylic acid",1152,"branched chain 14_0 dicarboxylic acid","sample_cohort"
"1502",100021457,400,63380,222465,"Xenobiotics","Chemical",6302,"NAMED","MCORDGVZLPBVJB-UHFFFAOYSA-N","CCCCOCCOCC(O)=O","(2-butoxyethoxy)acetic acid","(2-butoxyethoxy)acetic acid",NA,NA,NA,NA,"95739",NA,NA,"106312","Pos Early","2_butoxyethoxy_acetic acid",1153,"(2-Butoxyethoxy)acetic acid","MetLinkR"
"1503",100021472,209,63855,223466,"Amino Acid","Phenylalanine Metabolism",148,"NAMED","CWAGPBPLOYGROC-UHFFFAOYSA-N","OC(CCC(NC(CC1=CC=CC=C1)C(O)=O)=O)=O","N-succinyl-phenylalanine","N-succinyl-phenylalanine",NA,NA,NA,NA,"2384788",NA,NA,"3131586","Neg","n_succinyl_phenylalanine",1155,"n_succinyl_phenylalanine","sample_cohort"
"1504",100021478,209,64596,238814,"Amino Acid","Histidine Metabolism",96,"NAMED","MXETUSMIYKMMAT-UHFFFAOYSA-N","CN1C=NC=C1CC(O)C(O)=O","1-methyl-5-imidazolelactate","1-methyl-5-imidazolelactate",NA,NA,NA,"2022510-60-5","65563369",NA,NA,NA,"Neg","1_methyl_5_imidazolelactate",1156,"1_methyl_5_imidazolelactate","sample_cohort"
"1505",100021502,209,63436,222605,"Lipid","Medium Chain Fatty Acid",1521,"NAMED","WXBXVVIUZANZAU-CMDGGOBGSA-N","CCCCCCC/C=C/C(O)=O","(2 or 3)-decenoate (10:1n7 or n8)","(2 or 3)-decenoate (10:1n7 or n8)",NA,NA,NA,NA,NA,NA,NA,NA,"Neg","2 or 3_decenoate_10_1n7 or n8",1157,"2 or 3_decenoate_10_1n7 or n8","sample_cohort"
"1506",100021528,305,64211,236654,"Xenobiotics","Chemical",6326,"NAMED","KWMXBFIAGYXCCC-UHFFFAOYSA-N","COCCOCCC(O)=O","3-(2-methoxyethoxy)propanoic acid","3-(2-methoxyethoxy)propanoic acid",NA,NA,NA,"149577-05-9","10317720",NA,NA,"16718874","Polar","3_2_methoxyethoxy_propanoic acid",1158,"3-(2-Methoxyethoxy)propanoic acid","MetLinkR"
"1507",100021530,400,64177,236998,"Amino Acid","Methionine, Cysteine, SAM and Taurine Metabolism",467,"NAMED","CAMXXPUSAROUCX-BYPYZUCNSA-N","SC[C@@H](C(O)=O)NCCC(O)=O","S-carboxyethylcysteine","S-carboxyethylcysteine",NA,NA,NA,"4033-46-9","19955529",NA,NA,NA,"Pos Early","s_carboxyethylcysteine",1159,"s_carboxyethylcysteine","sample_cohort"
"1508",100021666,209,63615,222957,"Partially Characterized Molecules","Partially Characterized Molecules",6476,"NAMED","NIFITBVFNGQSNA-SOFGYWHQSA-N","CC(C)CCCC/C=C/C(O)=O","branched-chain, straight-chain, or cyclopropyl 10:1 fatty acid (1)*","branched-chain, straight-chain, or cyclopropyl 10:1 fatty acid (1)*",NA,NA,NA,NA,NA,NA,NA,NA,"Neg","branched_chain_straight_chain_or cyclopropyl 10_1 fatty acid",1160,"branched_chain_straight_chain_or cyclopropyl 10_1 fatty acid","sample_cohort"
"1509",100021667,209,63616,222958,"Partially Characterized Molecules","Partially Characterized Molecules",6477,"NAMED","NIFITBVFNGQSNA-SOFGYWHQSA-N","CC(C)CCCC/C=C/C(O)=O","branched-chain, straight-chain, or cyclopropyl 10:1 fatty acid (2)*","branched-chain, straight-chain, or cyclopropyl 10:1 fatty acid (2)*",NA,NA,NA,NA,NA,NA,NA,NA,"Neg","branched_chain_straight_chain_or cyclopropyl 10_1 fatty acid",1161,"branched_chain_straight_chain_or cyclopropyl 10_1 fatty acid","sample_cohort"
"1510",100021673,209,64173,236716,"Lipid","Fatty Acid, Branched",1653,"NAMED","GJWSUKYXUMVMGX-UHFFFAOYSA-N","O=C(CC(C)CC/C=C(C)/C)O","citronellic acid","citronellic acid",NA,NA,NA,"502-47-6","9973","HMDB0035837","C16462","10402","Neg","citronellic acid",1162,"Citronellic acid","MetLinkR"
"1511",100021673,209,64173,236716,"Lipid","Fatty Acid, Branched",1653,"NAMED","GJWSUKYXUMVMGX-UHFFFAOYSA-N","O=C(CC(C)CC/C=C(C)/C)O","citronellic acid","citronellic acid",NA,NA,NA,"502-47-6","9973","HMDB0035837","C16462","10402","Neg","citronellic acid",1162,"Citronellic acid","MetLinkR"
"1512",100021686,209,64042,233187,"Xenobiotics","Food Component/Plant",5260,"NAMED","MKBJQFWSHNXYFZ-UHFFFAOYSA-N","CCC1=CC(OC)=C(OS(=O)(O)=O)C=C1","4-ethyl-2-methoxyphenol sulfate","4-ethyl-2-methoxyphenol sulfate",NA,NA,NA,NA,NA,NA,NA,NA,"Neg","4_ethyl_2_methoxyphenol sulfate",1163,"4_ethyl_2_methoxyphenol sulfate","sample_cohort"
"1513",100021707,209,63681,223106,"Xenobiotics","Chemical",6306,"NAMED","AJSVSHDVMDXRFN-UHFFFAOYSA-N","OC(C1=C(O)C(Cl)=CC(Br)=C1O)=O","3-bromo-5-chloro-2,6-dihydroxybenzoic acid*","3-bromo-5-chloro-2,6-dihydroxybenzoic acid*",NA,NA,NA,NA,NA,NA,NA,"134581543","Neg","3_bromo_5_chloro_2_6_dihydroxybenzoic acid",1164,"3-Bromo-5-chloro-2,6-dihydroxybenzoic acid","MetLinkR"
"1514",100021709,209,63683,223108,"Partially Characterized Molecules","Partially Characterized Molecules",6479,"NAMED","FQSFPMAZIOPKLO-JXMROGBWSA-N","OC(/C=C/CCCC(C)CCCC)=O","branched-chain, straight-chain, or cyclopropyl 12:1 fatty acid*","branched-chain, straight-chain, or cyclopropyl 12:1 fatty acid*",NA,NA,NA,NA,NA,NA,NA,NA,"Neg","branched_chain_straight_chain_or cyclopropyl 12_1 fatty acid",1165,"branched_chain_straight_chain_or cyclopropyl 12_1 fatty acid","sample_cohort"
"1515",100021711,305,63685,223111,"Lipid","Fatty Acid, Dicarboxylate",1705,"NAMED","FRWVXIATCBRYHA-KPMZXABDSA-N","OC(/C=C/C=C/CCCCC(O)=O)=O","decadienedioic acid (C10:2-DC)**","decadienedioic acid (C10:2-DC)**",NA,NA,NA,NA,NA,NA,NA,"17789717","Polar","decadienedioic acid_c10_2_dc",1166,"decadienedioic acid_c10_2_dc","sample_cohort"
"1516",100021712,209,63688,223114,"Lipid","Secondary Bile Acid Metabolism",3516,"NAMED","GMRIQHBJNVMHJA-LLQZFEROSA-N","O[C@H]1C[C@]2([H])[C@]([C@@]3([H])C[C@H](OS(O)(=O)=O)[C@@]4(C)[C@](CC[C@@]4([C@H](C)CCC(O)=O)[H])([H])[C@]3([H])CC2)(C)CC1","deoxycholic acid 12-sulfate*","deoxycholic acid 12-sulfate*",NA,NA,NA,NA,NA,NA,NA,NA,"Neg","deoxycholic acid 12_sulfate",1167,"deoxycholic acid 12_sulfate","sample_cohort"
"1517",100021726,209,63699,223153,"Partially Characterized Molecules","Partially Characterized Molecules",6481,"NAMED",NA,NA,"GlcNAc sulfate conjugate of C21H34O2 steroid**","GlcNAc sulfate conjugate of C21H34O2 steroid**",NA,NA,NA,NA,NA,NA,NA,NA,"Neg","glcnac sulfate conjugate of c21h34o2 steroid",1168,"glcnac sulfate conjugate of c21h34o2 steroid","sample_cohort"
"1518",100021727,209,64390,237469,"Lipid","Fatty Acid, Branched",1666,"NAMED","VFMNSFWBDMRNLJ-BQBZGAKWSA-N","O=C(C[C@@]1([H])[C@@](C1)([H])CCC)O","cis-3,4-methyleneheptanoate","cis-3,4-methyleneheptanoate",NA,NA,NA,NA,NA,NA,NA,NA,"Neg","cis_3_4_methyleneheptanoate",1169,"cis_3_4_methyleneheptanoate","sample_cohort"
"1519",100021728,402,64389,237480,"Lipid","Fatty Acid Metabolism (Acyl Carnitine, Medium Chain)",1879,"NAMED","LNGSHJPPGDBEPT-VYAYZGMFSA-N","O=C(C[C@@]1([H])[C@@](C1)([H])CCC)OC(CC([O-])=O)C[N+](C)(C)C","cis-3,4-methyleneheptanoylcarnitine","cis-3,4-methyleneheptanoylcarnitine",NA,NA,NA,NA,NA,NA,NA,NA,"Pos Late","cis_3_4_methyleneheptanoylcarnitine",1170,"cis_3_4_methyleneheptanoylcarnitine","sample_cohort"
"1520",100021760,400,63920,223830,"Amino Acid","Lysine Metabolism",142,"NAMED","FTTGAAZKBNZDCZ-LURJTMIESA-N","CC(N[C@@](CCCC(O)=O)(C(O)=O)[H])=O","N-acetyl-2-aminoadipate","N-acetyl-2-aminoadipate",NA,NA,NA,NA,"392027",NA,"C12986","443992","Pos Early","n_acetyl_2_aminoadipate",1171,"N-Acetyl-2-aminoadipic acid","MetLinkR"
"1521",100021781,209,64191,236752,"Xenobiotics","Drug - Antibiotic",5562,"NAMED","SYNGDIBHUPXIQA-UHFFFAOYSA-N","CC1CC(C=C(OC)C12C(C3=C(C(Cl)=C(O)C=C3OC)O2)=O)=O","6-O-demethylgriseofulvin","6-O-demethylgriseofulvin",NA,NA,NA,"20168-88-1",NA,NA,NA,NA,"Neg","6_o_demethylgriseofulvin",1172,"6_o_demethylgriseofulvin","sample_cohort"
"1522",100021782,402,64199,237116,"Xenobiotics","Drug - Respiratory",5980,"NAMED","NBQBQRKLQXVPIS-LJQANCHMSA-N","ClC1=CC=C([C@@H](C2=CC=CC=C2)N3CCN(CC(O)=O)CC3)C=C1","De(carboxymethoxy) cetirizine acetic acid","De(carboxymethoxy) cetirizine acetic acid",NA,NA,NA,"942193-17-1",NA,NA,NA,NA,"Pos Late","de_carboxymethoxy_cetirizine acetic acid",1173,"de_carboxymethoxy_cetirizine acetic acid","sample_cohort"
"1523",100021784,209,63988,232906,"Xenobiotics","Chemical",6312,"NAMED","XRHGYUZYPHTUJZ-UHFFFAOYSA-N","O=C(O)C1=CC=C(Cl)C=C1","4-chlorobenzoic acid","4-chlorobenzoic acid",NA,NA,NA,"74-11-3",NA,NA,"C02370","6318","Neg","4_chlorobenzoic acid",1174,"Chlorobenzoic acid","MetLinkR"
"1524",100021839,209,64049,233195,"Xenobiotics","Benzoate Metabolism",4621,"NAMED","LEJCLCZOTCOTQE-UHFFFAOYSA-N","OC1=CC=C(OS(=O)(O)=O)C=C1OC","2-methoxyhydroquinone sulfate (1)","2-methoxyhydroquinone sulfate (1)",NA,NA,NA,NA,NA,NA,NA,NA,"Neg","2_methoxyhydroquinone sulfate",1175,"2_methoxyhydroquinone sulfate","sample_cohort"
"1525",100021840,209,64050,233196,"Xenobiotics","Benzoate Metabolism",4622,"NAMED","DQJWAJBJWZYKLK-UHFFFAOYSA-N","OC1=CC=C(OS(=O)(O)=O)C(OC)=C1","2-methoxyhydroquinone sulfate (2)","2-methoxyhydroquinone sulfate (2)",NA,NA,NA,NA,NA,NA,NA,NA,"Neg","2_methoxyhydroquinone sulfate",1176,"2_methoxyhydroquinone sulfate","sample_cohort"
"1526",100021881,209,64564,238595,"Xenobiotics","Drug - Contraceptive",5763,"NAMED","WLGIWVFFGMPRLM-UHFFFAOYSA-N","CC12CCC3C(CCC4=C3C=CC(OS(=O)(O)=O)=C4)C1CCC2(O)C#C","ethynyl estradiol 3-sulfate","ethynyl estradiol 3-sulfate",NA,NA,NA,"24560-70-1",NA,NA,NA,"68575","Neg","ethynyl estradiol 3_sulfate",1177,"ethynyl estradiol 3_sulfate","sample_cohort"
"1527",100021884,209,64565,238597,"Xenobiotics","Drug - Contraceptive",5774,"NAMED","GCUIJBFFHDSMDP-UHFFFAOYSA-N","CC12CCC3C(CCC4=CC(CCC34)=O)C1CCC2(OS(=O)(O)=O)C#C","norethindrone sulfate","norethindrone sulfate",NA,NA,NA,"19778-24-6",NA,NA,NA,"74603543","Neg","norethindrone sulfate",1178,"norethindrone sulfate","sample_cohort"
"1528",100021885,209,64593,238599,"Xenobiotics","Drug - Contraceptive",5769,"NAMED","KQESAGAIEQFHRL-UHFFFAOYSA-N","CC12CCC(OS(=O)(O)=O)CC1C3CC3C4C2CCC5(C)C4C6CC6C57CCC(O7)=O","4,5-dihydro drospirenine 3-sulfate","4,5-dihydro drospirenine 3-sulfate",NA,NA,NA,NA,NA,"HMDB0061126",NA,"131770037","Neg","4_5_dihydro drospirenine 3_sulfate",1179,"4_5_dihydro drospirenine 3_sulfate","sample_cohort"
"1529",100021902,402,64527,238637,"Xenobiotics","Drug - Psychoactive",5958,"NAMED","AAOVKJBEBIDNHE-UHFFFAOYSA-N","CN1c2c(C(c3ccccc3)=NCC1=O)cc(Cl)cc2","diazepam","diazepam",NA,NA,NA,NA,NA,"HMDB0014967","D00293","3016","Pos Late","diazepam",1180,"Diazepam","MetLinkR"
"1530",100021918,209,64328,237314,"Xenobiotics","Chemical",6223,"NAMED","ICKWICRCANNIBI-UHFFFAOYSA-N","CC(C)(c1cc(C(C)(C)C)c(O)cc1)C","2,4-di-tert-butylphenol","2,4-di-tert-butylphenol",NA,NA,NA,"96-76-4",NA,NA,NA,NA,"Neg","2_4_di_tert_butylphenol",1181,"2_4_di_tert_butylphenol","sample_cohort"
"1531",100021921,305,64301,236351,"Xenobiotics","Chemical",6246,"NAMED","JDVPQXZIJDEHAN-UHFFFAOYSA-N","O=C(O)CCC(N)=O","succinamic acid","succinamic acid",NA,NA,NA,"638-32-4",NA,NA,NA,NA,"Polar","succinamic acid",1182,"succinamic acid","sample_cohort"
"1532",100021990,400,64393,237477,"Lipid","Fatty Acid Metabolism (Acyl Carnitine, Hydroxy)",1947,"NAMED","RCXSFDNDEVSQNG-UHFFFAOYSA-N","[O-]C(CC(OC(C(O)CCCCCC)=O)C[N+](C)(C)C)=O","3-hydroxyoctanoylcarnitine (1)","3-hydroxyoctanoylcarnitine (1)",NA,NA,NA,NA,NA,NA,NA,NA,"Pos Early","3_hydroxyoctanoylcarnitine",1183,"CAR 8:0;OH","MetLinkR"
"1533",100021991,400,64394,237478,"Lipid","Fatty Acid Metabolism (Acyl Carnitine, Hydroxy)",1948,"NAMED","RCXSFDNDEVSQNG-UHFFFAOYSA-N","[O-]C(CC(OC(C(O)CCCCCC)=O)C[N+](C)(C)C)=O","3-hydroxyoctanoylcarnitine (2)","3-hydroxyoctanoylcarnitine (2)",NA,NA,NA,NA,NA,NA,NA,NA,"Pos Early","3_hydroxyoctanoylcarnitine",1184,"CAR 8:0;OH","MetLinkR"
"1534",100021992,209,64386,237461,"Lipid","Fatty Acid Metabolism (Acyl Glycine)",1837,"NAMED","FFFQOVJTIDIKQJ-YUMQZZPRSA-N","O=C(NCC(O)=O)C[C@@H]1C[C@@H]1CCC","cis-3,4-methyleneheptanoylglycine","cis-3,4-methyleneheptanoylglycine",NA,NA,NA,NA,NA,NA,NA,NA,"Neg","cis_3_4_methyleneheptanoylglycine",1185,"cis_3_4_methyleneheptanoylglycine","sample_cohort"
"1535",100022003,209,64403,237531,"Partially Characterized Molecules","Partially Characterized Molecules",6489,"NAMED",NA,NA,"bilirubin degradation product, C16H18N2O5 (1)**","bilirubin degradation product, C16H18N2O5 (1)**",NA,NA,NA,NA,NA,NA,NA,NA,"Neg","bilirubin degradation product_c16h18n2o5",1186,"bilirubin degradation product_c16h18n2o5","sample_cohort"
"1536",100022004,209,64404,237533,"Partially Characterized Molecules","Partially Characterized Molecules",6490,"NAMED",NA,NA,"bilirubin degradation product, C16H18N2O5 (2)**","bilirubin degradation product, C16H18N2O5 (2)**",NA,NA,NA,NA,NA,NA,NA,NA,"Neg","bilirubin degradation product_c16h18n2o5",1187,"bilirubin degradation product_c16h18n2o5","sample_cohort"
"1537",100022005,209,64409,237542,"Partially Characterized Molecules","Partially Characterized Molecules",6491,"NAMED",NA,NA,"bilirubin degradation product, C17H18N2O4 (1)**","bilirubin degradation product, C17H18N2O4 (1)**",NA,NA,NA,NA,NA,NA,NA,NA,"Neg","bilirubin degradation product_c17h18n2o4",1188,"bilirubin degradation product_c17h18n2o4","sample_cohort"
"1538",100022006,209,64407,237539,"Partially Characterized Molecules","Partially Characterized Molecules",6492,"NAMED",NA,NA,"bilirubin degradation product, C17H18N2O4 (2)**","bilirubin degradation product, C17H18N2O4 (2)**",NA,NA,NA,NA,NA,NA,NA,NA,"Neg","bilirubin degradation product_c17h18n2o4",1189,"bilirubin degradation product_c17h18n2o4","sample_cohort"
"1539",100022007,209,64408,237541,"Partially Characterized Molecules","Partially Characterized Molecules",6493,"NAMED",NA,NA,"bilirubin degradation product, C17H18N2O4 (3)**","bilirubin degradation product, C17H18N2O4 (3)**",NA,NA,NA,NA,NA,NA,NA,NA,"Neg","bilirubin degradation product_c17h18n2o4",1190,"bilirubin degradation product_c17h18n2o4","sample_cohort"
"1540",100022008,209,64405,237535,"Partially Characterized Molecules","Partially Characterized Molecules",6494,"NAMED",NA,NA,"bilirubin degradation product, C17H20N2O5 (1)**","bilirubin degradation product, C17H20N2O5 (1)**",NA,NA,NA,NA,NA,NA,NA,NA,"Neg","bilirubin degradation product_c17h20n2o5",1191,"bilirubin degradation product_c17h20n2o5","sample_cohort"
"1541",100022009,209,64406,237537,"Partially Characterized Molecules","Partially Characterized Molecules",6495,"NAMED",NA,NA,"bilirubin degradation product, C17H20N2O5 (2)**","bilirubin degradation product, C17H20N2O5 (2)**",NA,NA,NA,NA,NA,NA,NA,NA,"Neg","bilirubin degradation product_c17h20n2o5",1192,"bilirubin degradation product_c17h20n2o5","sample_cohort"
"1542",100022013,209,64411,237545,"Lipid","Corticosteroids",3343,"NAMED","OZINUFSVVJAFHD-LUPKFNMHSA-N","[H][C@@]12[C@@]3(C)CC[C@@H](OC4OC(C(O)=O)C(O)C(O)C4O)C[C@@]3([H])CC[C@@]1([H])[C@]5([H])CC[C@@](C(CO)=O)(O)[C@@]5(C)C[C@@H]2O","tetrahydrocortisol glucuronide","tetrahydrocortisol glucuronide",NA,NA,NA,NA,NA,NA,NA,NA,"Neg","tetrahydrocortisol glucuronide",1193,"tetrahydrocortisol glucuronide","sample_cohort"
"1543",100022014,209,64414,237567,"Partially Characterized Molecules","Partially Characterized Molecules",6496,"NAMED",NA,NA,"bilirubin degradation product, C16H18N2O5 (3)**","bilirubin degradation product, C16H18N2O5 (3)**",NA,NA,NA,NA,NA,NA,NA,NA,"Neg","bilirubin degradation product_c16h18n2o5",1194,"bilirubin degradation product_c16h18n2o5","sample_cohort"
"1544",100022015,209,64415,237569,"Partially Characterized Molecules","Partially Characterized Molecules",6497,"NAMED",NA,NA,"bilirubin degradation product, C16H18N2O5 (4)**","bilirubin degradation product, C16H18N2O5 (4)**",NA,NA,NA,NA,NA,NA,NA,NA,"Neg","bilirubin degradation product_c16h18n2o5",1195,"bilirubin degradation product_c16h18n2o5","sample_cohort"
"1545",100022120,400,64568,238235,"Amino Acid","Tryptophan Metabolism",269,"NAMED","YLEQTOAIAOPFBY-UHFFFAOYSA-N","OC(C(N)(C)N(C1=C(C2)C=CC=C1)C2=O)=O","oxindolylalanine","oxindolylalanine",NA,NA,NA,NA,NA,NA,NA,"20977764","Pos Early","oxindolylalanine",1196,"Oxyindolylalanine","MetLinkR"
"1546",100022127,209,64591,238327,"Lipid","Corticosteroids",3356,"NAMED","QUOCEDQXFGCYTL-QMELEVSMSA-N","[H][C@@]12C[C@H](OC3C(O)C(O)C(O)C(C(O)=O)O3)CC[C@]1(C)[C@@]([C@@]4([H])CC2)([H])C(C[C@@]5(C)[C@@]4([H])CC[C@]5(O)C(CO)=O)=O","tetrahydrocortisone glucuronide (5)","tetrahydrocortisone glucuronide (5)",NA,NA,NA,NA,NA,NA,NA,NA,"Neg","tetrahydrocortisone glucuronide",1197,"tetrahydrocortisone glucuronide","sample_cohort"
"1547",100022172,305,64623,239195,"Xenobiotics","Chemical",6394,"NAMED","QZHDEAJFRJCDMF-UHFFFAOYSA-N","FC(F)(F)C(F)(F)C(F)(F)C(F)(F)C(F)(F)C(F)(F)S(=O)(O)=O","perfluorohexanesulfonate (PFHxS)","perfluorohexanesulfonate (PFHxS)",NA,NA,NA,"355-46-4",NA,"HMDB0094700",NA,NA,"Polar","perfluorohexanesulfonate_pfhxs",1198,"Perfluorohexane-1-sulphonic acid","MetLinkR"
"1548",100022475,209,64873,240049,"Xenobiotics","Food Component/Plant",5000,"NAMED","CLJGMBYGTHRUNF-PJQJKGEDSA-N","C[C@@H]1CC[C@@H](C(C)C)[C@H](O[C@H]2[C@H](O)[C@@H](O)[C@H](O)[C@@H](C(O)=O)O2)C1","menthol glucuronide","menthol glucuronide",NA,NA,NA,"79466-08-3",NA,NA,NA,NA,"Neg","menthol glucuronide",1199,"Menthol glucuronide","MetLinkR"
"1549",100022479,209,64879,240090,"Amino Acid","Lactoyl Amino Acid",642,"NAMED",NA,"OC([C@@H](NC([C@H](C)O)=O)[C@H](CC)C)=O","N-lactoyl isoleucine","N-lactoyl isoleucine",NA,NA,NA,"210769-85-0",NA,NA,NA,NA,"Neg","n_lactoyl isoleucine",1200,"n_lactoyl isoleucine","sample_cohort"
"1550",100022480,209,64880,240091,"Amino Acid","Lactoyl Amino Acid",643,"NAMED",NA,"OC([C@@H](NC([C@H](C)O)=O)CC(C)C)=O","N-lactoyl leucine","N-lactoyl leucine",NA,NA,NA,"210769-82-7",NA,NA,NA,NA,"Neg","n_lactoyl leucine",1201,"n_lactoyl leucine","sample_cohort"
"1551",100022482,209,64881,240092,"Amino Acid","Lactoyl Amino Acid",645,"NAMED",NA,"OC([C@@H](NC([C@H](C)O)=O)CC1=CC=CC=C1)=O","N-lactoyl phenylalanine","N-lactoyl phenylalanine",NA,NA,NA,"183241-73-8",NA,NA,NA,NA,"Neg","n_lactoyl phenylalanine",1202,"n_lactoyl phenylalanine","sample_cohort"
"1552",100022484,209,64882,240093,"Amino Acid","Lactoyl Amino Acid",646,"NAMED",NA,"OC([C@@H](NC([C@H](C)O)=O)CC1=CC=C(C=C1)O)=O","N-lactoyl tyrosine","N-lactoyl tyrosine",NA,NA,NA,"1373771-50-6",NA,NA,NA,NA,"Neg","n_lactoyl tyrosine",1203,"n_lactoyl tyrosine","sample_cohort"
"1553",100022485,209,64883,240094,"Amino Acid","Lactoyl Amino Acid",647,"NAMED",NA,"OC([C@@H](NC([C@H](C)O)=O)C(C)C)=O","N-lactoyl valine","N-lactoyl valine",NA,NA,NA,"21753-44-6",NA,NA,NA,NA,"Neg","n_lactoyl valine",1204,"n_lactoyl valine","sample_cohort"
"1554",100022517,402,64896,240146,"Lipid","Lysoplasmalogen",2854,"NAMED",NA,"[H][C@](O)(COP(OCC[N+](C)(C)C)([O-])=O)COCCCCCCCC/C=C\CCCCCCCC","1-oleyl-GPC (O-18:1)*","1-oleyl-GPC (O-18:1)*","LPC O-18:1","LPC O-18:1","LPC O-18:1/0:0",NA,NA,NA,NA,NA,"Pos Late","1_oleyl_gpc_o_18_1",1205,"1_oleyl_gpc_o_18_1","sample_cohort"
